-- =============================================================================
-- Tainted Grail Companion — database schema and initial data
-- Generated from display_ru.json (campaign Kings of Ruin, id=26)
-- =============================================================================

-- ---------------------------------------------------------------------------
-- Schema
-- ---------------------------------------------------------------------------

CREATE TABLE campaigns (
    id SERIAL PRIMARY KEY,
    source_id INTEGER UNIQUE NOT NULL,
    name TEXT NOT NULL
);

CREATE TABLE locations (
    id SERIAL PRIMARY KEY,
    campaign_id INTEGER NOT NULL REFERENCES campaigns(id) ON DELETE CASCADE,
    display_number INTEGER NOT NULL,
    name TEXT NOT NULL DEFAULT '',
    UNIQUE(campaign_id, display_number)
);

CREATE TABLE verses (
    id SERIAL PRIMARY KEY,
    location_id INTEGER NOT NULL REFERENCES locations(id) ON DELETE CASCADE,
    display_number INTEGER NOT NULL,
    UNIQUE(location_id, display_number)
);

CREATE TABLE options (
    id SERIAL PRIMARY KEY,
    verse_id INTEGER NOT NULL REFERENCES verses(id) ON DELETE CASCADE,
    position INTEGER NOT NULL,
    type TEXT NOT NULL CHECK (type IN ('choice', 'condition')),
    text TEXT NOT NULL DEFAULT '',
    target_type TEXT CHECK (target_type IN ('verse', 'cross_location', 'end')),
    target_verse_dn INTEGER,
    target_location_dn INTEGER,
    requirement TEXT,
    result TEXT,
    hidden TEXT CHECK (hidden IN ('red_filter', 'blue_filter', 'both_filters', 'filter')),
    once BOOLEAN NOT NULL DEFAULT FALSE,
    condition_group TEXT,
    conditional_targets JSONB,
    children JSONB,
    UNIQUE(verse_id, position)
);

CREATE TABLE progress (
    id SERIAL PRIMARY KEY,
    option_id INTEGER NOT NULL REFERENCES options(id) ON DELETE CASCADE,
    visited_at TIMESTAMPTZ NOT NULL DEFAULT NOW(),
    visited_by BIGINT,
    UNIQUE(option_id)
);

CREATE TABLE users (
    telegram_id BIGINT PRIMARY KEY,
    username TEXT,
    role TEXT NOT NULL DEFAULT 'player' CHECK (role IN ('admin', 'player')),
    created_at TIMESTAMPTZ NOT NULL DEFAULT NOW()
);

-- Indexes
CREATE INDEX idx_locations_campaign ON locations(campaign_id);
CREATE INDEX idx_verses_location ON verses(location_id);
CREATE INDEX idx_options_verse ON options(verse_id);
CREATE INDEX idx_progress_option ON progress(option_id);

-- ---------------------------------------------------------------------------
-- Data
-- ---------------------------------------------------------------------------


INSERT INTO campaigns (source_id, name) VALUES (26, 'Короли краха');

INSERT INTO locations (id, campaign_id, display_number, name) VALUES (1, 1, 101, 'Запустелые земли');
INSERT INTO verses (id, location_id, display_number) VALUES (1, 1, 0);
INSERT INTO options (id, verse_id, position, type, text, target_type, target_verse_dn, target_location_dn, requirement, result, hidden, once, condition_group, conditional_targets, children) VALUES (1, 1, 0, 'condition', 'Если у вас нет части 1 достижения «Подсказки».', 'verse', 19, NULL, NULL, NULL, NULL, FALSE, NULL, NULL, NULL);
INSERT INTO options (id, verse_id, position, type, text, target_type, target_verse_dn, target_location_dn, requirement, result, hidden, once, condition_group, conditional_targets, children) VALUES (2, 1, 1, 'choice', '1 @Energy@ Подойти к мельницам.', 'verse', 3, NULL, NULL, NULL, NULL, FALSE, NULL, NULL, NULL);
INSERT INTO options (id, verse_id, position, type, text, target_type, target_verse_dn, target_location_dn, requirement, result, hidden, once, condition_group, conditional_targets, children) VALUES (3, 1, 2, 'choice', '1 @Energy@ Последовать за загадочной тенью.', 'verse', 1, NULL, 'Нужно хотя бы 1 очко @Courage@.', NULL, NULL, FALSE, NULL, NULL, NULL);
INSERT INTO options (id, verse_id, position, type, text, target_type, target_verse_dn, target_location_dn, requirement, result, hidden, once, condition_group, conditional_targets, children) VALUES (4, 1, 3, 'choice', 'Вернуться в Четыре Девы.', 'verse', 6, NULL, NULL, NULL, NULL, FALSE, NULL, NULL, NULL);
INSERT INTO options (id, verse_id, position, type, text, target_type, target_verse_dn, target_location_dn, requirement, result, hidden, once, condition_group, conditional_targets, children) VALUES (5, 1, 4, 'choice', 'Уйти.', 'end', NULL, NULL, NULL, 'Исследование окончено.', NULL, FALSE, NULL, NULL, NULL);
INSERT INTO verses (id, location_id, display_number) VALUES (2, 1, 1);
INSERT INTO options (id, verse_id, position, type, text, target_type, target_verse_dn, target_location_dn, requirement, result, hidden, once, condition_group, conditional_targets, children) VALUES (6, 2, 0, 'condition', 'Если у вас есть часть 1 достижения «Диковинки».', 'end', NULL, NULL, NULL, 'Здесь больше ничего не удастся найти.  Исследование окончено.', NULL, FALSE, NULL, NULL, NULL);
INSERT INTO options (id, verse_id, position, type, text, target_type, target_verse_dn, target_location_dn, requirement, result, hidden, once, condition_group, conditional_targets, children) VALUES (7, 2, 1, 'choice', 'Продолжить.', 'end', NULL, NULL, NULL, 'Получите 1 золото и часть 1 достижения «Диковинки».  Исследование окончено.', NULL, FALSE, NULL, NULL, NULL);
INSERT INTO verses (id, location_id, display_number) VALUES (3, 1, 2);
INSERT INTO options (id, verse_id, position, type, text, target_type, target_verse_dn, target_location_dn, requirement, result, hidden, once, condition_group, conditional_targets, children) VALUES (8, 3, 0, 'choice', 'Продолжить.', 'end', NULL, NULL, NULL, 'Исследование окончено.', NULL, FALSE, NULL, NULL, NULL);
INSERT INTO verses (id, location_id, display_number) VALUES (4, 1, 3);
INSERT INTO options (id, verse_id, position, type, text, target_type, target_verse_dn, target_location_dn, requirement, result, hidden, once, condition_group, conditional_targets, children) VALUES (9, 4, 0, 'condition', 'Если у вас есть часть 1 достижения «Горькая правда».', 'verse', 13, NULL, NULL, NULL, NULL, FALSE, NULL, NULL, NULL);
INSERT INTO options (id, verse_id, position, type, text, target_type, target_verse_dn, target_location_dn, requirement, result, hidden, once, condition_group, conditional_targets, children) VALUES (10, 4, 1, 'condition', 'Если у вас есть часть 1 достижения «Песни Авалона».', 'verse', 14, NULL, NULL, NULL, NULL, FALSE, NULL, NULL, NULL);
INSERT INTO options (id, verse_id, position, type, text, target_type, target_verse_dn, target_location_dn, requirement, result, hidden, once, condition_group, conditional_targets, children) VALUES (11, 4, 2, 'condition', 'Если у вас есть часть 1 достижения «Дипломат».', 'verse', 10, NULL, NULL, NULL, NULL, FALSE, NULL, NULL, NULL);
INSERT INTO options (id, verse_id, position, type, text, target_type, target_verse_dn, target_location_dn, requirement, result, hidden, once, condition_group, conditional_targets, children) VALUES (12, 4, 3, 'condition', 'Если в этой локации есть @DarkTT@.', 'verse', 4, NULL, NULL, NULL, NULL, FALSE, NULL, NULL, NULL);
INSERT INTO options (id, verse_id, position, type, text, target_type, target_verse_dn, target_location_dn, requirement, result, hidden, once, condition_group, conditional_targets, children) VALUES (13, 4, 4, 'condition', 'В противном случае.', 'verse', 5, NULL, NULL, NULL, NULL, FALSE, NULL, NULL, NULL);
INSERT INTO verses (id, location_id, display_number) VALUES (5, 1, 4);
INSERT INTO options (id, verse_id, position, type, text, target_type, target_verse_dn, target_location_dn, requirement, result, hidden, once, condition_group, conditional_targets, children) VALUES (14, 5, 0, 'choice', 'Продолжить.', 'verse', 7, NULL, 'Если у вас есть хотя бы 2 очка @Empathy@.', NULL, NULL, FALSE, NULL, NULL, NULL);
INSERT INTO options (id, verse_id, position, type, text, target_type, target_verse_dn, target_location_dn, requirement, result, hidden, once, condition_group, conditional_targets, children) VALUES (15, 5, 1, 'choice', 'Продолжить.', 'end', NULL, NULL, NULL, 'Исследование окончено.', NULL, FALSE, NULL, NULL, NULL);
INSERT INTO verses (id, location_id, display_number) VALUES (6, 1, 5);
INSERT INTO options (id, verse_id, position, type, text, target_type, target_verse_dn, target_location_dn, requirement, result, hidden, once, condition_group, conditional_targets, children) VALUES (16, 6, 0, 'choice', 'Продолжить.', 'verse', 9, NULL, NULL, NULL, NULL, FALSE, NULL, NULL, NULL);
INSERT INTO verses (id, location_id, display_number) VALUES (7, 1, 6);
INSERT INTO options (id, verse_id, position, type, text, target_type, target_verse_dn, target_location_dn, requirement, result, hidden, once, condition_group, conditional_targets, children) VALUES (17, 7, 0, 'condition', 'Если у вас есть карта секрета 8.', 'verse', 8, NULL, NULL, NULL, NULL, FALSE, NULL, NULL, NULL);
INSERT INTO options (id, verse_id, position, type, text, target_type, target_verse_dn, target_location_dn, requirement, result, hidden, once, condition_group, conditional_targets, children) VALUES (18, 7, 1, 'condition', 'В противном случае.', 'verse', 2, NULL, NULL, NULL, NULL, FALSE, NULL, NULL, NULL);
INSERT INTO verses (id, location_id, display_number) VALUES (8, 1, 7);
INSERT INTO options (id, verse_id, position, type, text, target_type, target_verse_dn, target_location_dn, requirement, result, hidden, once, condition_group, conditional_targets, children) VALUES (19, 8, 0, 'choice', 'Продолжить.', 'verse', 9, NULL, NULL, NULL, NULL, FALSE, NULL, NULL, NULL);
INSERT INTO verses (id, location_id, display_number) VALUES (9, 1, 8);
INSERT INTO options (id, verse_id, position, type, text, target_type, target_verse_dn, target_location_dn, requirement, result, hidden, once, condition_group, conditional_targets, children) VALUES (20, 9, 0, 'choice', 'Продолжить.', 'end', NULL, NULL, NULL, 'Каждый член команды получает 1 @Terror@.  Исследование окончено.', NULL, FALSE, NULL, NULL, NULL);
INSERT INTO verses (id, location_id, display_number) VALUES (10, 1, 9);
INSERT INTO options (id, verse_id, position, type, text, target_type, target_verse_dn, target_location_dn, requirement, result, hidden, once, condition_group, conditional_targets, children) VALUES (21, 10, 0, 'choice', 'Попытаться добиться их доверия.', 'verse', 18, NULL, 'Это станет испытанием ваших дипломатических навыков.', NULL, NULL, FALSE, NULL, NULL, NULL);
INSERT INTO options (id, verse_id, position, type, text, target_type, target_verse_dn, target_location_dn, requirement, result, hidden, once, condition_group, conditional_targets, children) VALUES (22, 10, 1, 'choice', 'Уйти.', 'end', NULL, NULL, NULL, 'Исследование окончено.', NULL, FALSE, NULL, NULL, NULL);
INSERT INTO verses (id, location_id, display_number) VALUES (11, 1, 10);
INSERT INTO options (id, verse_id, position, type, text, target_type, target_verse_dn, target_location_dn, requirement, result, hidden, once, condition_group, conditional_targets, children) VALUES (23, 11, 0, 'condition', 'Если вы играете за Элгана и у вас нет части 10 достижения «Диковинки».', 'verse', 12, NULL, NULL, NULL, NULL, FALSE, NULL, NULL, NULL);
INSERT INTO options (id, verse_id, position, type, text, target_type, target_verse_dn, target_location_dn, requirement, result, hidden, once, condition_group, conditional_targets, children) VALUES (24, 11, 1, 'condition', 'В противном случае.', 'verse', 11, NULL, NULL, NULL, NULL, FALSE, NULL, NULL, NULL);
INSERT INTO verses (id, location_id, display_number) VALUES (12, 1, 11);
INSERT INTO options (id, verse_id, position, type, text, target_type, target_verse_dn, target_location_dn, requirement, result, hidden, once, condition_group, conditional_targets, children) VALUES (25, 12, 0, 'choice', 'Продолжить.', 'end', NULL, NULL, NULL, 'Исследование окончено.', NULL, FALSE, NULL, NULL, NULL);
INSERT INTO verses (id, location_id, display_number) VALUES (13, 1, 12);
INSERT INTO options (id, verse_id, position, type, text, target_type, target_verse_dn, target_location_dn, requirement, result, hidden, once, condition_group, conditional_targets, children) VALUES (26, 13, 0, 'choice', '2 @Energy@ Сделать ей новую свечу.', 'verse', 16, NULL, 'Потратьте 1 еду.', NULL, NULL, FALSE, NULL, NULL, NULL);
INSERT INTO options (id, verse_id, position, type, text, target_type, target_verse_dn, target_location_dn, requirement, result, hidden, once, condition_group, conditional_targets, children) VALUES (27, 13, 1, 'choice', 'Сказать женщине, что её свеча не работает.', 'verse', 15, NULL, NULL, NULL, NULL, FALSE, NULL, NULL, NULL);
INSERT INTO options (id, verse_id, position, type, text, target_type, target_verse_dn, target_location_dn, requirement, result, hidden, once, condition_group, conditional_targets, children) VALUES (28, 13, 2, 'choice', 'Дать женщине новую свечу.', 'verse', 16, NULL, 'Нужен одноразовый предмет «Дивосвеча».', 'Сбросьте одноразовый предмет «Дивосвеча».', NULL, FALSE, NULL, NULL, NULL);
INSERT INTO options (id, verse_id, position, type, text, target_type, target_verse_dn, target_location_dn, requirement, result, hidden, once, condition_group, conditional_targets, children) VALUES (29, 13, 3, 'choice', 'Уйти пока что.', 'end', NULL, NULL, NULL, 'Исследование окончено.', NULL, FALSE, NULL, NULL, NULL);
INSERT INTO verses (id, location_id, display_number) VALUES (14, 1, 13);
INSERT INTO options (id, verse_id, position, type, text, target_type, target_verse_dn, target_location_dn, requirement, result, hidden, once, condition_group, conditional_targets, children) VALUES (30, 14, 0, 'condition', 'Если у вас нет части 1 достижения «Песни Авалона».', 'end', NULL, NULL, NULL, 'Получите карту секрета 4 и часть 10 достижения «Диковинки».  Каждый член команды получает 1 @Terror@.  Исследование окончено.', NULL, FALSE, NULL, NULL, NULL);
INSERT INTO options (id, verse_id, position, type, text, target_type, target_verse_dn, target_location_dn, requirement, result, hidden, once, condition_group, conditional_targets, children) VALUES (31, 14, 1, 'choice', 'Продолжить.', 'end', NULL, NULL, NULL, 'Исследование окончено.', NULL, FALSE, 'В противном случае.', NULL, NULL);
INSERT INTO verses (id, location_id, display_number) VALUES (15, 1, 14);
INSERT INTO options (id, verse_id, position, type, text, target_type, target_verse_dn, target_location_dn, requirement, result, hidden, once, condition_group, conditional_targets, children) VALUES (32, 15, 0, 'condition', 'Если у вас есть часть 4 достижения «Диковинки».', 'end', NULL, NULL, NULL, 'Здесь больше ничего нет.  Исследование окончено.', NULL, FALSE, NULL, NULL, NULL);
INSERT INTO options (id, verse_id, position, type, text, target_type, target_verse_dn, target_location_dn, requirement, result, hidden, once, condition_group, conditional_targets, children) VALUES (33, 15, 1, 'condition', 'Если у вас есть часть 10 достижения «Диковинки».', 'end', NULL, NULL, NULL, 'Получите 1 золото за персонажа и 1 одноразовый предмет.  Каждый персонаж теряет 2 @Terror@.  Получите часть 4 достижения «Диковинки».  Исследование окончено.', NULL, FALSE, NULL, NULL, NULL);
INSERT INTO options (id, verse_id, position, type, text, target_type, target_verse_dn, target_location_dn, requirement, result, hidden, once, condition_group, conditional_targets, children) VALUES (34, 15, 2, 'choice', 'Продолжить.', 'end', NULL, NULL, NULL, 'Получите карту секрета 4 и часть 10 достижения «Диковинки».  Исследование окончено.', NULL, FALSE, 'В противном случае.', NULL, NULL);
INSERT INTO verses (id, location_id, display_number) VALUES (16, 1, 15);
INSERT INTO options (id, verse_id, position, type, text, target_type, target_verse_dn, target_location_dn, requirement, result, hidden, once, condition_group, conditional_targets, children) VALUES (35, 16, 0, 'choice', 'Продолжить.', 'end', NULL, NULL, NULL, 'Исследование окончено.', NULL, FALSE, NULL, NULL, NULL);
INSERT INTO verses (id, location_id, display_number) VALUES (17, 1, 16);
INSERT INTO options (id, verse_id, position, type, text, target_type, target_verse_dn, target_location_dn, requirement, result, hidden, once, condition_group, conditional_targets, children) VALUES (36, 17, 0, 'choice', 'Продолжить.', 'end', NULL, NULL, NULL, 'Получите карту секрета 4 и часть 10 достижения «Диковинки».  Каждый член команды теряет 1 @Terror@.  Исследование окончено.', NULL, FALSE, NULL, NULL, NULL);
INSERT INTO verses (id, location_id, display_number) VALUES (18, 1, 17);
INSERT INTO options (id, verse_id, position, type, text, target_type, target_verse_dn, target_location_dn, requirement, result, hidden, once, condition_group, conditional_targets, children) VALUES (37, 18, 0, 'choice', 'Продолжить.', 'end', NULL, NULL, NULL, 'Получите часть 1 достижения «Подсказки».  Откройте и прочитайте новую карту события.  Затем исследование окончено.', NULL, FALSE, NULL, NULL, NULL);
INSERT INTO verses (id, location_id, display_number) VALUES (19, 1, 18);
INSERT INTO options (id, verse_id, position, type, text, target_type, target_verse_dn, target_location_dn, requirement, result, hidden, once, condition_group, conditional_targets, children) VALUES (38, 19, 0, 'choice', 'Продолжить.', 'verse', 10, NULL, 'Если развязка @GreenOutcome@ или @GrayOutcome@.', 'Получите часть 1 достижения «Дипломат».', NULL, FALSE, NULL, NULL, NULL);
INSERT INTO options (id, verse_id, position, type, text, target_type, target_verse_dn, target_location_dn, requirement, result, hidden, once, condition_group, conditional_targets, children) VALUES (39, 19, 1, 'choice', 'Продолжить.', 'end', NULL, NULL, NULL, 'Исследование окончено.', NULL, FALSE, NULL, NULL, NULL);
INSERT INTO verses (id, location_id, display_number) VALUES (20, 1, 19);
INSERT INTO options (id, verse_id, position, type, text, target_type, target_verse_dn, target_location_dn, requirement, result, hidden, once, condition_group, conditional_targets, children) VALUES (40, 20, 0, 'condition', 'Если в игре только 1 персонаж.', 'verse', 20, NULL, NULL, NULL, NULL, FALSE, NULL, NULL, NULL);
INSERT INTO options (id, verse_id, position, type, text, target_type, target_verse_dn, target_location_dn, requirement, result, hidden, once, condition_group, conditional_targets, children) VALUES (41, 20, 1, 'condition', 'Если в игре 4 персонажа.', 'verse', 21, NULL, NULL, NULL, NULL, FALSE, NULL, NULL, NULL);
INSERT INTO options (id, verse_id, position, type, text, target_type, target_verse_dn, target_location_dn, requirement, result, hidden, once, condition_group, conditional_targets, children) VALUES (42, 20, 2, 'condition', 'В противном случае.', 'verse', 17, NULL, NULL, NULL, NULL, FALSE, NULL, NULL, NULL);
INSERT INTO verses (id, location_id, display_number) VALUES (21, 1, 20);
INSERT INTO options (id, verse_id, position, type, text, target_type, target_verse_dn, target_location_dn, requirement, result, hidden, once, condition_group, conditional_targets, children) VALUES (43, 21, 0, 'choice', 'Продолжить.', 'verse', 17, NULL, NULL, 'Получите карту секрета 11.', NULL, FALSE, NULL, NULL, NULL);
INSERT INTO verses (id, location_id, display_number) VALUES (22, 1, 21);
INSERT INTO options (id, verse_id, position, type, text, target_type, target_verse_dn, target_location_dn, requirement, result, hidden, once, condition_group, conditional_targets, children) VALUES (44, 22, 0, 'choice', 'Продолжить.', 'verse', 17, NULL, NULL, NULL, NULL, FALSE, NULL, NULL, NULL);

INSERT INTO locations (id, campaign_id, display_number, name) VALUES (2, 1, 102, 'Покосившийся стражник');
INSERT INTO verses (id, location_id, display_number) VALUES (23, 2, 0);
INSERT INTO options (id, verse_id, position, type, text, target_type, target_verse_dn, target_location_dn, requirement, result, hidden, once, condition_group, conditional_targets, children) VALUES (45, 23, 0, 'condition', 'Если у вас нет части 2 достижения «Подсказки».', 'verse', 10, NULL, NULL, NULL, NULL, FALSE, NULL, NULL, NULL);
INSERT INTO options (id, verse_id, position, type, text, target_type, target_verse_dn, target_location_dn, requirement, result, hidden, once, condition_group, conditional_targets, children) VALUES (46, 23, 1, 'choice', '2 @Energy@ Снести статую. Хватит этой мерзкой штуковине пугать путников!', 'verse', 5, NULL, 'Нужно хотя бы 2 очка @Aggression@.', NULL, NULL, FALSE, NULL, NULL, NULL);
INSERT INTO options (id, verse_id, position, type, text, target_type, target_verse_dn, target_location_dn, requirement, result, hidden, once, condition_group, conditional_targets, children) VALUES (47, 23, 2, 'choice', '1 @Energy@ Войти в статую.', 'verse', 1, NULL, NULL, NULL, NULL, FALSE, NULL, NULL, NULL);
INSERT INTO options (id, verse_id, position, type, text, target_type, target_verse_dn, target_location_dn, requirement, result, hidden, once, condition_group, conditional_targets, children) VALUES (48, 23, 3, 'choice', '1 @Energy@ Изучить магическую ауру статуи.', 'verse', 4, NULL, 'Нужны хотя бы 2 очка @Spirituality@ и часть 1 достижения «Смутная догадка».', NULL, NULL, FALSE, NULL, NULL, NULL);
INSERT INTO options (id, verse_id, position, type, text, target_type, target_verse_dn, target_location_dn, requirement, result, hidden, once, condition_group, conditional_targets, children) VALUES (49, 23, 4, 'choice', 'Обыскать курганы за статуей.', 'verse', 6, NULL, NULL, NULL, NULL, FALSE, NULL, NULL, NULL);
INSERT INTO options (id, verse_id, position, type, text, target_type, target_verse_dn, target_location_dn, requirement, result, hidden, once, condition_group, conditional_targets, children) VALUES (50, 23, 5, 'choice', 'Подойти к сломанной рунной повозке.', 'verse', 7, NULL, NULL, NULL, NULL, FALSE, NULL, NULL, NULL);
INSERT INTO options (id, verse_id, position, type, text, target_type, target_verse_dn, target_location_dn, requirement, result, hidden, once, condition_group, conditional_targets, children) VALUES (51, 23, 6, 'choice', 'Уйти.', 'end', NULL, NULL, NULL, 'Исследование окончено.', NULL, FALSE, NULL, NULL, NULL);
INSERT INTO verses (id, location_id, display_number) VALUES (24, 2, 1);
INSERT INTO options (id, verse_id, position, type, text, target_type, target_verse_dn, target_location_dn, requirement, result, hidden, once, condition_group, conditional_targets, children) VALUES (52, 24, 0, 'condition', 'Если у вас хотя бы 1 очко @Caution@.', 'verse', 3, NULL, NULL, NULL, NULL, FALSE, NULL, NULL, NULL);
INSERT INTO options (id, verse_id, position, type, text, target_type, target_verse_dn, target_location_dn, requirement, result, hidden, once, condition_group, conditional_targets, children) VALUES (53, 24, 1, 'condition', 'В противном случае.', 'end', NULL, NULL, NULL, 'Исследование окончено.', NULL, FALSE, NULL, NULL, NULL);
INSERT INTO verses (id, location_id, display_number) VALUES (25, 2, 2);
INSERT INTO options (id, verse_id, position, type, text, target_type, target_verse_dn, target_location_dn, requirement, result, hidden, once, condition_group, conditional_targets, children) VALUES (54, 25, 0, 'choice', 'Продолжить.', 'end', NULL, NULL, NULL, 'Исследование окончено.', NULL, FALSE, NULL, NULL, NULL);
INSERT INTO verses (id, location_id, display_number) VALUES (26, 2, 3);
INSERT INTO options (id, verse_id, position, type, text, target_type, target_verse_dn, target_location_dn, requirement, result, hidden, once, condition_group, conditional_targets, children) VALUES (55, 26, 0, 'choice', 'Продолжить.', 'end', NULL, NULL, NULL, 'Получите часть 1 достижения «Тайные послания».  Исследование окончено.', NULL, FALSE, NULL, NULL, NULL);
INSERT INTO verses (id, location_id, display_number) VALUES (27, 2, 4);
INSERT INTO options (id, verse_id, position, type, text, target_type, target_verse_dn, target_location_dn, requirement, result, hidden, once, condition_group, conditional_targets, children) VALUES (56, 27, 0, 'choice', 'Продолжить.', 'end', NULL, NULL, NULL, 'Если у вас нет части 1 достижения «Странные уроки», получите 1 магию, каждый персонаж получает 1 опыт.  Получите часть 1 достижения «Странные уроки».  Исследование окончено.', NULL, FALSE, NULL, NULL, NULL);
INSERT INTO verses (id, location_id, display_number) VALUES (28, 2, 5);
INSERT INTO options (id, verse_id, position, type, text, target_type, target_verse_dn, target_location_dn, requirement, result, hidden, once, condition_group, conditional_targets, children) VALUES (57, 28, 0, 'condition', 'Если у вас есть часть 3 достижения «Кто не рискует».', 'verse', 13, NULL, NULL, NULL, NULL, FALSE, NULL, NULL, NULL);
INSERT INTO options (id, verse_id, position, type, text, target_type, target_verse_dn, target_location_dn, requirement, result, hidden, once, condition_group, conditional_targets, children) VALUES (58, 28, 1, 'choice', 'Продолжить.', 'end', NULL, NULL, NULL, 'Получите 2 магии и часть 3 достижения «Кто не рискует».  Найдите секретную карту встречи 198 «Дух предтечи» (фиолетовая).  Подсказка: вы встретили существо, которое, возможно, сильно превосходит ваши нынешние боевые возможности. Если вы считаете, что сражаться бесполезно, не бойтесь отступить из боя.  Теперь проведите эту встречу. Вне зависимости от её итога исследование окончено.', NULL, FALSE, NULL, NULL, NULL);
INSERT INTO verses (id, location_id, display_number) VALUES (29, 2, 6);
INSERT INTO options (id, verse_id, position, type, text, target_type, target_verse_dn, target_location_dn, requirement, result, hidden, once, condition_group, conditional_targets, children) VALUES (59, 29, 0, 'choice', 'Продолжить.', 'end', NULL, NULL, NULL, 'Исследование окончено.', NULL, FALSE, NULL, NULL, NULL);
INSERT INTO verses (id, location_id, display_number) VALUES (30, 2, 7);
INSERT INTO options (id, verse_id, position, type, text, target_type, target_verse_dn, target_location_dn, requirement, result, hidden, once, condition_group, conditional_targets, children) VALUES (60, 30, 0, 'condition', 'Если вы проходите главу 5—10.', 'verse', 14, NULL, NULL, NULL, NULL, FALSE, NULL, NULL, NULL);
INSERT INTO options (id, verse_id, position, type, text, target_type, target_verse_dn, target_location_dn, requirement, result, hidden, once, condition_group, conditional_targets, children) VALUES (61, 30, 1, 'condition', 'Если у вас есть часть 1 достижения «Дружба со знатью».', 'verse', 12, NULL, NULL, NULL, NULL, FALSE, NULL, NULL, NULL);
INSERT INTO options (id, verse_id, position, type, text, target_type, target_verse_dn, target_location_dn, requirement, result, hidden, once, condition_group, conditional_targets, children) VALUES (62, 30, 2, 'choice', '2 @Energy@ Помочь им починить ось.', 'verse', 9, NULL, 'Нужно хотя бы 1 очко @Practicality@.', NULL, NULL, FALSE, NULL, NULL, NULL);
INSERT INTO options (id, verse_id, position, type, text, target_type, target_verse_dn, target_location_dn, requirement, result, hidden, once, condition_group, conditional_targets, children) VALUES (63, 30, 3, 'choice', '1 @Energy@ Силой вломиться в повозку. Сопровождение было занято починкой повозки, а дверь выглядела незапертой. Если подгадать момент…', 'verse', 11, NULL, 'Нужно хотя бы 1 очко @Aggression@.', NULL, NULL, FALSE, NULL, NULL, NULL);
INSERT INTO options (id, verse_id, position, type, text, target_type, target_verse_dn, target_location_dn, requirement, result, hidden, once, condition_group, conditional_targets, children) VALUES (64, 30, 4, 'choice', 'Спросить их, куда они едут и что внутри.', 'verse', 2, NULL, NULL, NULL, NULL, FALSE, NULL, NULL, NULL);
INSERT INTO options (id, verse_id, position, type, text, target_type, target_verse_dn, target_location_dn, requirement, result, hidden, once, condition_group, conditional_targets, children) VALUES (65, 30, 5, 'choice', 'Спросить их, почему они под флагом потерянного королевства.', 'verse', 8, NULL, 'Нужна Гердвин.', NULL, NULL, FALSE, NULL, NULL, NULL);
INSERT INTO options (id, verse_id, position, type, text, target_type, target_verse_dn, target_location_dn, requirement, result, hidden, once, condition_group, conditional_targets, children) VALUES (66, 30, 6, 'choice', 'Уйти.', 'end', NULL, NULL, NULL, 'Исследование окончено.', NULL, FALSE, NULL, NULL, NULL);
INSERT INTO verses (id, location_id, display_number) VALUES (31, 2, 8);
INSERT INTO options (id, verse_id, position, type, text, target_type, target_verse_dn, target_location_dn, requirement, result, hidden, once, condition_group, conditional_targets, children) VALUES (67, 31, 0, 'condition', 'Если у вас нет части 1 достижения «Слухи и сплетни».', 'end', NULL, NULL, NULL, 'Гердвин теряет 1 @Terror@ и получает 1 @Energy@.  Получите часть 1 достижения «Слухи и сплетни».  Исследование окончено.', NULL, FALSE, NULL, NULL, NULL);
INSERT INTO options (id, verse_id, position, type, text, target_type, target_verse_dn, target_location_dn, requirement, result, hidden, once, condition_group, conditional_targets, children) VALUES (68, 31, 1, 'condition', 'В противном случае.', 'end', NULL, NULL, NULL, 'Исследование окончено.', NULL, FALSE, NULL, NULL, NULL);
INSERT INTO verses (id, location_id, display_number) VALUES (32, 2, 9);
INSERT INTO options (id, verse_id, position, type, text, target_type, target_verse_dn, target_location_dn, requirement, result, hidden, once, condition_group, conditional_targets, children) VALUES (69, 32, 0, 'choice', 'Продолжить.', 'end', NULL, NULL, NULL, 'Получите часть 1 достижения «Дружба со знатью», 1 еду за персонажа и одноразовый предмет «Дивосвеча».  Напоминание: если все копии какого-либо предмета уже у игроков, нельзя получить ещё одну. Если у вас уже есть 2 дивосвечи, просто продолжайте играть.  Исследование окончено.', NULL, FALSE, NULL, NULL, NULL);
INSERT INTO verses (id, location_id, display_number) VALUES (33, 2, 10);
INSERT INTO options (id, verse_id, position, type, text, target_type, target_verse_dn, target_location_dn, requirement, result, hidden, once, condition_group, conditional_targets, children) VALUES (70, 33, 0, 'choice', 'Продолжить.', 'end', NULL, NULL, NULL, 'Получите часть 2 достижения «Подсказки».  Исследование окончено.', NULL, FALSE, NULL, NULL, NULL);
INSERT INTO verses (id, location_id, display_number) VALUES (34, 2, 11);
INSERT INTO options (id, verse_id, position, type, text, target_type, target_verse_dn, target_location_dn, requirement, result, hidden, once, condition_group, conditional_targets, children) VALUES (71, 34, 0, 'choice', 'Продолжить.', 'end', NULL, NULL, NULL, 'Получите часть 1 достижения «Наглость».  Каждый член команды получает 1 @Terror@.  Исследование окончено.', NULL, FALSE, NULL, NULL, NULL);
INSERT INTO verses (id, location_id, display_number) VALUES (35, 2, 12);
INSERT INTO options (id, verse_id, position, type, text, target_type, target_verse_dn, target_location_dn, requirement, result, hidden, once, condition_group, conditional_targets, children) VALUES (72, 35, 0, 'choice', '1 @Energy@ Силой вломиться в повозку. Сопровождение было занято, а дверь выглядела незапертой. Если подгадать момент…', 'verse', 11, NULL, 'Нужно хотя бы 1 очко @Aggression@.', NULL, NULL, FALSE, NULL, NULL, NULL);
INSERT INTO options (id, verse_id, position, type, text, target_type, target_verse_dn, target_location_dn, requirement, result, hidden, once, condition_group, conditional_targets, children) VALUES (73, 35, 1, 'choice', 'Спросить, куда они едут и что внутри.', 'verse', 2, NULL, NULL, NULL, NULL, FALSE, NULL, NULL, NULL);
INSERT INTO options (id, verse_id, position, type, text, target_type, target_verse_dn, target_location_dn, requirement, result, hidden, once, condition_group, conditional_targets, children) VALUES (74, 35, 2, 'condition', 'Спросить их, почему они под флагом потерянного королевства.', 'verse', 8, NULL, 'Нужна Гердвин.', NULL, NULL, FALSE, NULL, NULL, NULL);
INSERT INTO options (id, verse_id, position, type, text, target_type, target_verse_dn, target_location_dn, requirement, result, hidden, once, condition_group, conditional_targets, children) VALUES (75, 35, 3, 'choice', 'Уйти.', 'end', NULL, NULL, NULL, 'Исследование окончено.', NULL, FALSE, NULL, NULL, NULL);
INSERT INTO verses (id, location_id, display_number) VALUES (36, 2, 13);
INSERT INTO options (id, verse_id, position, type, text, target_type, target_verse_dn, target_location_dn, requirement, result, hidden, once, condition_group, conditional_targets, children) VALUES (76, 36, 0, 'choice', 'Продолжить.', 'end', NULL, NULL, NULL, 'Получите 1 магию.  Исследование окончено.', NULL, FALSE, NULL, NULL, NULL);
INSERT INTO verses (id, location_id, display_number) VALUES (37, 2, 14);
INSERT INTO options (id, verse_id, position, type, text, target_type, target_verse_dn, target_location_dn, requirement, result, hidden, once, condition_group, conditional_targets, children) VALUES (77, 37, 0, 'choice', 'Продолжить.', 'end', NULL, NULL, NULL, 'Исследование окончено.', NULL, FALSE, NULL, NULL, NULL);

INSERT INTO locations (id, campaign_id, display_number, name) VALUES (3, 1, 103, 'Каменный хор');
INSERT INTO verses (id, location_id, display_number) VALUES (38, 3, 0);
INSERT INTO options (id, verse_id, position, type, text, target_type, target_verse_dn, target_location_dn, requirement, result, hidden, once, condition_group, conditional_targets, children) VALUES (78, 38, 0, 'choice', '2 @Energy@ Сделать подношение Хору. Перед фигурами стояли маленькие жертвенные чаши. Интересно почему?', 'verse', 5, NULL, 'Потратьте 1 еду или 1 золото.', NULL, NULL, FALSE, NULL, NULL, NULL);
INSERT INTO options (id, verse_id, position, type, text, target_type, target_verse_dn, target_location_dn, requirement, result, hidden, once, condition_group, conditional_targets, children) VALUES (79, 38, 1, 'choice', '1 @Energy@ Обыскать лес под Хором.', 'verse', 2, NULL, NULL, NULL, NULL, FALSE, NULL, NULL, NULL);
INSERT INTO options (id, verse_id, position, type, text, target_type, target_verse_dn, target_location_dn, requirement, result, hidden, once, condition_group, conditional_targets, children) VALUES (80, 38, 2, 'choice', '1 @Energy@ Послушать песни Хора.', 'verse', 3, NULL, 'Только если в этой локации нет @LightTT@.', NULL, NULL, FALSE, NULL, NULL, NULL);
INSERT INTO options (id, verse_id, position, type, text, target_type, target_verse_dn, target_location_dn, requirement, result, hidden, once, condition_group, conditional_targets, children) VALUES (81, 38, 3, 'choice', '1 @Energy@ Спеть вместе с ними.', 'verse', 1, NULL, NULL, NULL, NULL, FALSE, NULL, NULL, NULL);
INSERT INTO options (id, verse_id, position, type, text, target_type, target_verse_dn, target_location_dn, requirement, result, hidden, once, condition_group, conditional_targets, children) VALUES (82, 38, 4, 'choice', '1 @Energy@ Нырнуть в море.', 'cross_location', 397, 999, 'Нужна Юнис.', NULL, 'red_filter', FALSE, NULL, NULL, NULL);
INSERT INTO options (id, verse_id, position, type, text, target_type, target_verse_dn, target_location_dn, requirement, result, hidden, once, condition_group, conditional_targets, children) VALUES (83, 38, 5, 'choice', 'Уйти.', 'end', NULL, NULL, NULL, 'Исследование окончено.', NULL, FALSE, NULL, NULL, NULL);
INSERT INTO verses (id, location_id, display_number) VALUES (39, 3, 1);
INSERT INTO options (id, verse_id, position, type, text, target_type, target_verse_dn, target_location_dn, requirement, result, hidden, once, condition_group, conditional_targets, children) VALUES (84, 39, 0, 'condition', 'Если у вас есть синий светофильтр.', 'verse', 6, NULL, 'Если у вас есть часть 2 достижения «Песни Авалона».', NULL, NULL, FALSE, NULL, NULL, NULL);
INSERT INTO options (id, verse_id, position, type, text, target_type, target_verse_dn, target_location_dn, requirement, result, hidden, once, condition_group, conditional_targets, children) VALUES (85, 39, 1, 'condition', 'Если у вас есть часть 1 достижения «Песни Авалона».', 'verse', 4, NULL, NULL, NULL, NULL, FALSE, NULL, NULL, NULL);
INSERT INTO options (id, verse_id, position, type, text, target_type, target_verse_dn, target_location_dn, requirement, result, hidden, once, condition_group, conditional_targets, children) VALUES (86, 39, 2, 'choice', 'Продолжить.', 'end', NULL, NULL, NULL, 'Каждый член команды получает 1 @Terror@.  Исследование окончено.', NULL, FALSE, NULL, NULL, NULL);
INSERT INTO verses (id, location_id, display_number) VALUES (40, 3, 2);
INSERT INTO options (id, verse_id, position, type, text, target_type, target_verse_dn, target_location_dn, requirement, result, hidden, once, condition_group, conditional_targets, children) VALUES (87, 40, 0, 'condition', 'Если у вас есть часть 3 достижения «Что плохо лежит».', 'end', NULL, NULL, NULL, 'Здесь больше ничего не удастся найти.  Исследование окончено.', NULL, FALSE, NULL, NULL, NULL);
INSERT INTO options (id, verse_id, position, type, text, target_type, target_verse_dn, target_location_dn, requirement, result, hidden, once, condition_group, conditional_targets, children) VALUES (88, 40, 1, 'choice', 'Забрать мешки.', 'end', NULL, NULL, NULL, 'Получите 2 золота, 1 еду и часть 3 достижения «Что плохо лежит».  Исследование окончено.', NULL, FALSE, NULL, NULL, NULL);
INSERT INTO options (id, verse_id, position, type, text, target_type, target_verse_dn, target_location_dn, requirement, result, hidden, once, condition_group, conditional_targets, children) VALUES (89, 40, 2, 'choice', 'Оставить мешки. Может быть, кому-то они нужнее, чем вам.', 'end', NULL, NULL, NULL, 'Исследование окончено.', NULL, FALSE, NULL, NULL, NULL);
INSERT INTO verses (id, location_id, display_number) VALUES (41, 3, 3);
INSERT INTO options (id, verse_id, position, type, text, target_type, target_verse_dn, target_location_dn, requirement, result, hidden, once, condition_group, conditional_targets, children) VALUES (90, 41, 0, 'choice', 'Проверить итоговый результат.', 'end', NULL, NULL, NULL, '1: они жутко кряхтели и выли, отчего ваше тело болезненно изгибалось. Потеряйте 1 @Health@.  2: они пели о руках, что поднимаются из алого озера, и о чувстве утопления. Получите 1 @Terror@.  3: они пели грустную песню, что вытягивала из вас волю к жизни. Потеряйте 1 @Energy@.  4: они пели успокаивающую песню, которая дарила вам покой. Потеряйте 1 @Terror@.  5: они пели бодрящую песню о далёких землях. Получите 1 @Energy@.  6: они пели странную, нескладную песню о сказочном городе Туатане, и их слова были полны дремлющей энергии. Эта песня их вымотала. Получите 1 магию.  Исследование окончено.', NULL, FALSE, NULL, NULL, NULL);
INSERT INTO verses (id, location_id, display_number) VALUES (42, 3, 4);
INSERT INTO options (id, verse_id, position, type, text, target_type, target_verse_dn, target_location_dn, requirement, result, hidden, once, condition_group, conditional_targets, children) VALUES (91, 42, 0, 'condition', 'Если сверху к этой локации приложена локация 105-Б.', 'end', NULL, NULL, NULL, 'Исследование окончено.', NULL, FALSE, NULL, NULL, NULL);
INSERT INTO options (id, verse_id, position, type, text, target_type, target_verse_dn, target_location_dn, requirement, result, hidden, once, condition_group, conditional_targets, children) VALUES (92, 42, 1, 'condition', 'Если у вас есть красный светофильтр.', 'cross_location', 164, 999, NULL, NULL, NULL, FALSE, 'В противном случае.', NULL, NULL);
INSERT INTO options (id, verse_id, position, type, text, target_type, target_verse_dn, target_location_dn, requirement, result, hidden, once, condition_group, conditional_targets, children) VALUES (93, 42, 2, 'condition', 'В противном случае.', 'end', NULL, NULL, NULL, 'Исследование окончено.', NULL, FALSE, 'В противном случае.', NULL, NULL);
INSERT INTO verses (id, location_id, display_number) VALUES (43, 3, 5);
INSERT INTO options (id, verse_id, position, type, text, target_type, target_verse_dn, target_location_dn, requirement, result, hidden, once, condition_group, conditional_targets, children) VALUES (94, 43, 0, 'choice', 'Продолжить.', 'end', NULL, NULL, NULL, 'Исследование окончено.', NULL, FALSE, NULL, NULL, NULL);
INSERT INTO verses (id, location_id, display_number) VALUES (44, 3, 6);
INSERT INTO options (id, verse_id, position, type, text, target_type, target_verse_dn, target_location_dn, requirement, result, hidden, once, condition_group, conditional_targets, children) VALUES (95, 44, 0, 'choice', 'Продолжить.', 'end', NULL, NULL, NULL, 'Каждый персонаж в этой и всех связанных локациях теряет 1 @Health@ и получает 1 @Terror@ и 2 магии.  Замените локацию 103 на 103-Б (@Clear@ стороной вверх) и уберите из игры локацию 103.  Исследование окончено.', NULL, FALSE, NULL, NULL, NULL);

INSERT INTO locations (id, campaign_id, display_number, name) VALUES (4, 1, 104, 'Ходячий лес');
INSERT INTO verses (id, location_id, display_number) VALUES (45, 4, 0);
INSERT INTO options (id, verse_id, position, type, text, target_type, target_verse_dn, target_location_dn, requirement, result, hidden, once, condition_group, conditional_targets, children) VALUES (96, 45, 0, 'choice', '1 @Energy@ Рассмотреть блестящие обнажённые корни. Вы кое-что знали про драгоценные камни.', 'verse', 2, NULL, 'Нужен Осберт.', NULL, NULL, FALSE, NULL, NULL, NULL);
INSERT INTO options (id, verse_id, position, type, text, target_type, target_verse_dn, target_location_dn, requirement, result, hidden, once, condition_group, conditional_targets, children) VALUES (97, 45, 1, 'choice', 'Обыскать повозку.', 'verse', 1, NULL, NULL, NULL, NULL, FALSE, NULL, NULL, NULL);
INSERT INTO options (id, verse_id, position, type, text, target_type, target_verse_dn, target_location_dn, requirement, result, hidden, once, condition_group, conditional_targets, children) VALUES (98, 45, 2, 'choice', 'Использовать синее искажень-стекло.', 'verse', 3, NULL, NULL, NULL, 'blue_filter', FALSE, NULL, NULL, NULL);
INSERT INTO options (id, verse_id, position, type, text, target_type, target_verse_dn, target_location_dn, requirement, result, hidden, once, condition_group, conditional_targets, children) VALUES (99, 45, 3, 'choice', 'Уйти.', 'end', NULL, NULL, NULL, 'Исследование окончено.', NULL, FALSE, NULL, NULL, NULL);
INSERT INTO verses (id, location_id, display_number) VALUES (46, 4, 1);
INSERT INTO options (id, verse_id, position, type, text, target_type, target_verse_dn, target_location_dn, requirement, result, hidden, once, condition_group, conditional_targets, children) VALUES (100, 46, 0, 'condition', 'Если у вас есть часть 2 достижения «Что плохо лежит».', 'end', NULL, NULL, NULL, 'Здесь больше ничего не удастся найти.  Исследование окончено.', NULL, FALSE, NULL, NULL, NULL);
INSERT INTO options (id, verse_id, position, type, text, target_type, target_verse_dn, target_location_dn, requirement, result, hidden, once, condition_group, conditional_targets, children) VALUES (101, 46, 1, 'choice', 'Продолжить.', 'end', NULL, NULL, NULL, 'Получите 2 еды, 1 золото, 1 магию и 1 предмет А.  Получите часть 2 достижения «Что плохо лежит».  Исследование окончено.', NULL, FALSE, NULL, NULL, NULL);
INSERT INTO verses (id, location_id, display_number) VALUES (47, 4, 2);
INSERT INTO options (id, verse_id, position, type, text, target_type, target_verse_dn, target_location_dn, requirement, result, hidden, once, condition_group, conditional_targets, children) VALUES (102, 47, 0, 'condition', 'Если у вас есть часть 1 достижения «Трофеи искаженья».', 'end', NULL, NULL, NULL, 'Здесь больше ничего не удастся найти.  Исследование окончено.', NULL, FALSE, NULL, NULL, NULL);
INSERT INTO options (id, verse_id, position, type, text, target_type, target_verse_dn, target_location_dn, requirement, result, hidden, once, condition_group, conditional_targets, children) VALUES (103, 47, 1, 'choice', 'Отправить Кливара за парой камней. Он был необычайно умён для животного, хотя и недостаточно, чтобы отличить самоцвет от цветного стекла или золото от пирита.', 'cross_location', 219, 999, NULL, NULL, NULL, FALSE, NULL, NULL, NULL);
INSERT INTO options (id, verse_id, position, type, text, target_type, target_verse_dn, target_location_dn, requirement, result, hidden, once, condition_group, conditional_targets, children) VALUES (104, 47, 2, 'choice', 'Пролезть под корни. Ваш рост был достаточно мал, чтобы пролезть между скрюченными деревьями и самостоятельно поискать камни, но что-то в глубине вашего сознания кричало, что это не лучшая идея.', 'cross_location', 231, 999, NULL, NULL, NULL, FALSE, NULL, NULL, NULL);
INSERT INTO options (id, verse_id, position, type, text, target_type, target_verse_dn, target_location_dn, requirement, result, hidden, once, condition_group, conditional_targets, children) VALUES (105, 47, 3, 'choice', 'Уйти.', 'end', NULL, NULL, NULL, 'Исследование окончено.', NULL, FALSE, NULL, NULL, NULL);
INSERT INTO verses (id, location_id, display_number) VALUES (48, 4, 3);
INSERT INTO options (id, verse_id, position, type, text, target_type, target_verse_dn, target_location_dn, requirement, result, hidden, once, condition_group, conditional_targets, children) VALUES (106, 48, 0, 'condition', 'Если у вас есть часть 4 достижения «Сквозь искажень-стекло».', 'end', NULL, NULL, NULL, 'Здесь больше ничего не удастся найти.  Исследование окончено.', NULL, FALSE, NULL, NULL, NULL);
INSERT INTO options (id, verse_id, position, type, text, target_type, target_verse_dn, target_location_dn, requirement, result, hidden, once, condition_group, conditional_targets, children) VALUES (107, 48, 1, 'choice', 'Продолжить.', 'end', NULL, NULL, NULL, 'Получите 2 золота.  Получите часть 4 достижения «Сквозь искажень-стекло».  Исследование окончено.', NULL, FALSE, NULL, NULL, NULL);

INSERT INTO locations (id, campaign_id, display_number, name) VALUES (5, 1, 105, 'Вагенбург');
INSERT INTO verses (id, location_id, display_number) VALUES (49, 5, 0);
INSERT INTO options (id, verse_id, position, type, text, target_type, target_verse_dn, target_location_dn, requirement, result, hidden, once, condition_group, conditional_targets, children) VALUES (108, 49, 0, 'condition', 'Если у вас нет части 1 достижения «Препятствия».', 'verse', 1, NULL, NULL, NULL, NULL, FALSE, NULL, NULL, NULL);
INSERT INTO options (id, verse_id, position, type, text, target_type, target_verse_dn, target_location_dn, requirement, result, hidden, once, condition_group, conditional_targets, children) VALUES (109, 49, 1, 'condition', 'Если у вас есть часть 1 или 3 достижения «Заготовки».', 'verse', 9, NULL, NULL, NULL, NULL, FALSE, NULL, NULL, NULL);
INSERT INTO options (id, verse_id, position, type, text, target_type, target_verse_dn, target_location_dn, requirement, result, hidden, once, condition_group, conditional_targets, children) VALUES (110, 49, 2, 'choice', '1 @Energy@ Попытаться найти обходной путь.', 'verse', 6, NULL, NULL, NULL, NULL, FALSE, NULL, NULL, NULL);
INSERT INTO options (id, verse_id, position, type, text, target_type, target_verse_dn, target_location_dn, requirement, result, hidden, once, condition_group, conditional_targets, children) VALUES (111, 49, 3, 'choice', 'Подойти к лагерю. Тропа к Вагенбургу была узкой. Встречи с другими путешественниками, поднимающимися или спускающимися по ней, не избежать.', NULL, NULL, NULL, NULL, NULL, NULL, FALSE, NULL, '[{"condition": "Если в этой локации нет @LightTT@.", "verse": 10}, {"condition": "В противном случае.", "verse": 11}]'::jsonb, NULL);
INSERT INTO options (id, verse_id, position, type, text, target_type, target_verse_dn, target_location_dn, requirement, result, hidden, once, condition_group, conditional_targets, children) VALUES (112, 49, 4, 'choice', 'Поискать безопасное место для прыжка в море.', 'verse', 14, NULL, 'Нужна Юнис и часть 2 достижения «Препятствия».', NULL, 'red_filter', FALSE, NULL, NULL, NULL);
INSERT INTO options (id, verse_id, position, type, text, target_type, target_verse_dn, target_location_dn, requirement, result, hidden, once, condition_group, conditional_targets, children) VALUES (113, 49, 5, 'choice', 'Уйти.', 'end', NULL, NULL, NULL, 'Исследование окончено.', NULL, FALSE, NULL, NULL, NULL);
INSERT INTO verses (id, location_id, display_number) VALUES (50, 5, 1);
INSERT INTO options (id, verse_id, position, type, text, target_type, target_verse_dn, target_location_dn, requirement, result, hidden, once, condition_group, conditional_targets, children) VALUES (114, 50, 0, 'choice', 'Продолжить.', 'verse', 11, NULL, NULL, NULL, NULL, FALSE, NULL, NULL, NULL);
INSERT INTO verses (id, location_id, display_number) VALUES (51, 5, 2);
INSERT INTO options (id, verse_id, position, type, text, target_type, target_verse_dn, target_location_dn, requirement, result, hidden, once, condition_group, conditional_targets, children) VALUES (115, 51, 0, 'choice', 'Продолжить.', 'end', NULL, NULL, NULL, 'Исследование окончено.', NULL, FALSE, NULL, NULL, NULL);
INSERT INTO verses (id, location_id, display_number) VALUES (52, 5, 3);
INSERT INTO options (id, verse_id, position, type, text, target_type, target_verse_dn, target_location_dn, requirement, result, hidden, once, condition_group, conditional_targets, children) VALUES (116, 52, 0, 'choice', 'Продолжить.', 'verse', 11, NULL, NULL, NULL, NULL, FALSE, NULL, NULL, NULL);
INSERT INTO verses (id, location_id, display_number) VALUES (53, 5, 4);
INSERT INTO options (id, verse_id, position, type, text, target_type, target_verse_dn, target_location_dn, requirement, result, hidden, once, condition_group, conditional_targets, children) VALUES (117, 53, 0, 'choice', 'Поискать любые другие слабости.', 'verse', 6, NULL, NULL, 'Получите часть 1 достижения «Топография».', NULL, FALSE, NULL, NULL, NULL);
INSERT INTO options (id, verse_id, position, type, text, target_type, target_verse_dn, target_location_dn, requirement, result, hidden, once, condition_group, conditional_targets, children) VALUES (118, 53, 1, 'choice', 'Уйти.', 'end', NULL, NULL, NULL, 'Получите часть 1 достижения «Топография».  Исследование окончено.', NULL, FALSE, NULL, NULL, NULL);
INSERT INTO verses (id, location_id, display_number) VALUES (54, 5, 5);
INSERT INTO options (id, verse_id, position, type, text, target_type, target_verse_dn, target_location_dn, requirement, result, hidden, once, condition_group, conditional_targets, children) VALUES (119, 54, 0, 'choice', 'Продолжить.', 'end', NULL, NULL, NULL, 'Каждый член команды теряет 4 @Health@ (–1 за каждое очко своей @Caution@) и получает 1 @Terror@.   Исследование окончено.', NULL, FALSE, NULL, NULL, NULL);
INSERT INTO verses (id, location_id, display_number) VALUES (55, 5, 6);
INSERT INTO options (id, verse_id, position, type, text, target_type, target_verse_dn, target_location_dn, requirement, result, hidden, once, condition_group, conditional_targets, children) VALUES (120, 55, 0, 'choice', 'Поискать слабости лагеря (нужна Гердвин).', 'verse', 4, NULL, NULL, NULL, NULL, FALSE, NULL, NULL, NULL);
INSERT INTO options (id, verse_id, position, type, text, target_type, target_verse_dn, target_location_dn, requirement, result, hidden, once, condition_group, conditional_targets, children) VALUES (121, 55, 1, 'choice', 'Поискать слабости лагеря (нужен Элган).', 'verse', 8, NULL, NULL, NULL, NULL, FALSE, NULL, NULL, NULL);
INSERT INTO options (id, verse_id, position, type, text, target_type, target_verse_dn, target_location_dn, requirement, result, hidden, once, condition_group, conditional_targets, children) VALUES (122, 55, 2, 'choice', 'Поискать слабости лагеря (нужна Юнис).', 'verse', 12, NULL, NULL, NULL, NULL, FALSE, NULL, NULL, NULL);
INSERT INTO options (id, verse_id, position, type, text, target_type, target_verse_dn, target_location_dn, requirement, result, hidden, once, condition_group, conditional_targets, children) VALUES (123, 55, 3, 'choice', 'Уйти.', 'end', NULL, NULL, NULL, 'Исследование окончено.', NULL, FALSE, NULL, NULL, NULL);
INSERT INTO verses (id, location_id, display_number) VALUES (56, 5, 7);
INSERT INTO options (id, verse_id, position, type, text, target_type, target_verse_dn, target_location_dn, requirement, result, hidden, once, condition_group, conditional_targets, children) VALUES (124, 56, 0, 'choice', 'Купить еду.', 'verse', 7, NULL, 'Потратьте 2 золота.', 'Получите 1 еду.  Сделайте новый выбор.', NULL, FALSE, NULL, NULL, NULL);
INSERT INTO options (id, verse_id, position, type, text, target_type, target_verse_dn, target_location_dn, requirement, result, hidden, once, condition_group, conditional_targets, children) VALUES (125, 56, 1, 'choice', 'Продать еду.', 'verse', 7, NULL, 'Потратьте 1 еду.', 'Получите 1 золото.  Сделайте новый выбор.', NULL, FALSE, NULL, NULL, NULL);
INSERT INTO options (id, verse_id, position, type, text, target_type, target_verse_dn, target_location_dn, requirement, result, hidden, once, condition_group, conditional_targets, children) VALUES (126, 56, 2, 'choice', 'Продать снаряжение.', 'verse', 7, NULL, 'Сбросьте 1 предмет.', 'Получите 1 золото.  Сделайте новый выбор.', NULL, FALSE, NULL, NULL, NULL);
INSERT INTO options (id, verse_id, position, type, text, target_type, target_verse_dn, target_location_dn, requirement, result, hidden, once, condition_group, conditional_targets, children) VALUES (127, 56, 3, 'choice', 'Купить снаряжение.', 'verse', 7, NULL, NULL, 'Возьмите 3 предмета A. Можете купить любые из них, потратив 2 золота за каждый. Замешайте некупленное обратно в колоду предметов А.  Сделайте новый выбор (в этом исследовании выбрать этот вариант больше нельзя).', NULL, TRUE, NULL, NULL, NULL);
INSERT INTO options (id, verse_id, position, type, text, target_type, target_verse_dn, target_location_dn, requirement, result, hidden, once, condition_group, conditional_targets, children) VALUES (128, 56, 4, 'choice', 'Купить одноразовые предметы.', 'verse', 7, NULL, NULL, 'Возьмите 3 одноразовых предмета. Можете купить любые из них, потратив 1 золото за каждый. Замешайте некупленное обратно в колоду одноразовых предметов.   Сделайте новый выбор (в этом исследовании выбрать этот вариант больше нельзя).', NULL, TRUE, NULL, NULL, NULL);
INSERT INTO options (id, verse_id, position, type, text, target_type, target_verse_dn, target_location_dn, requirement, result, hidden, once, condition_group, conditional_targets, children) VALUES (129, 56, 5, 'choice', 'Уйти из повозочного лагеря.', 'end', NULL, NULL, NULL, 'Исследование окончено.', NULL, FALSE, NULL, NULL, NULL);
INSERT INTO verses (id, location_id, display_number) VALUES (57, 5, 8);
INSERT INTO options (id, verse_id, position, type, text, target_type, target_verse_dn, target_location_dn, requirement, result, hidden, once, condition_group, conditional_targets, children) VALUES (130, 57, 0, 'choice', 'Найти другую слабость.', 'verse', 6, NULL, NULL, NULL, NULL, FALSE, NULL, NULL, NULL);
INSERT INTO options (id, verse_id, position, type, text, target_type, target_verse_dn, target_location_dn, requirement, result, hidden, once, condition_group, conditional_targets, children) VALUES (131, 57, 1, 'choice', 'Уйти.', 'end', NULL, NULL, NULL, 'Исследование окончено.', NULL, FALSE, NULL, NULL, NULL);
INSERT INTO verses (id, location_id, display_number) VALUES (58, 5, 9);
INSERT INTO options (id, verse_id, position, type, text, target_type, target_verse_dn, target_location_dn, requirement, result, hidden, once, condition_group, conditional_targets, children) VALUES (132, 58, 0, 'choice', '2 @Energy@ Зажечь свечу, внушающую страх. С ингредиентами в мешках и рецептом в памяти вы были готовы сделать и зажечь свечу, которая проложит вам путь…', 'cross_location', 24, 999, 'Нужен Элган и часть 1 достижения «Заготовки». Потратьте 1 магию.', NULL, NULL, FALSE, NULL, NULL, NULL);
INSERT INTO options (id, verse_id, position, type, text, target_type, target_verse_dn, target_location_dn, requirement, result, hidden, once, condition_group, conditional_targets, children) VALUES (133, 58, 1, 'choice', '2 @Energy@ Создать иллюзию, которая посеет панику в Вагенбурге. Вы вооружились знанием об их единственном страхе, новыми инструментами и невероятной идеей…', 'cross_location', 35, 999, 'Нужен Осберт и часть 3 достижения «Заготовки». Потратьте 1 магию.', NULL, NULL, FALSE, NULL, NULL, NULL);
INSERT INTO options (id, verse_id, position, type, text, target_type, target_verse_dn, target_location_dn, requirement, result, hidden, once, condition_group, conditional_targets, children) VALUES (134, 58, 2, 'choice', '1 @Energy@ Попытаться найди обходной путь вокруг лагеря.', 'verse', 6, NULL, NULL, NULL, NULL, FALSE, NULL, NULL, NULL);
INSERT INTO options (id, verse_id, position, type, text, target_type, target_verse_dn, target_location_dn, requirement, result, hidden, once, condition_group, conditional_targets, children) VALUES (135, 58, 3, 'choice', 'Подойти к лагерю.', 'verse', 11, NULL, NULL, NULL, NULL, FALSE, NULL, NULL, NULL);
INSERT INTO options (id, verse_id, position, type, text, target_type, target_verse_dn, target_location_dn, requirement, result, hidden, once, condition_group, conditional_targets, children) VALUES (136, 58, 4, 'choice', 'Уйти.', 'end', NULL, NULL, NULL, 'Исследование окончено.', NULL, FALSE, NULL, NULL, NULL);
INSERT INTO verses (id, location_id, display_number) VALUES (59, 5, 10);
INSERT INTO options (id, verse_id, position, type, text, target_type, target_verse_dn, target_location_dn, requirement, result, hidden, once, condition_group, conditional_targets, children) VALUES (137, 59, 0, 'choice', 'Продолжить.', 'verse', 11, NULL, NULL, 'Возьмите синюю карту встречи и проведите её.  Продолжите вне зависимости от её итога.', NULL, FALSE, NULL, NULL, NULL);
INSERT INTO verses (id, location_id, display_number) VALUES (60, 5, 11);
INSERT INTO options (id, verse_id, position, type, text, target_type, target_verse_dn, target_location_dn, requirement, result, hidden, once, condition_group, conditional_targets, children) VALUES (138, 60, 0, 'choice', '1 @Energy@ Убедить его пустить вас в лагерь поторговать.', 'verse', 7, NULL, 'Нужно хотя бы 1 очко @Empathy@.', NULL, NULL, FALSE, NULL, NULL, NULL);
INSERT INTO options (id, verse_id, position, type, text, target_type, target_verse_dn, target_location_dn, requirement, result, hidden, once, condition_group, conditional_targets, children) VALUES (139, 60, 1, 'choice', '1 @Energy@ Убедить его позволить вам развлечь людей в лагере.', 'verse', 13, NULL, 'Нужен Осберт.', NULL, NULL, FALSE, NULL, NULL, NULL);
INSERT INTO options (id, verse_id, position, type, text, target_type, target_verse_dn, target_location_dn, requirement, result, hidden, once, condition_group, conditional_targets, children) VALUES (140, 60, 2, 'choice', 'Спросить, почему плата такая высокая.', 'verse', 3, NULL, NULL, NULL, NULL, FALSE, NULL, NULL, NULL);
INSERT INTO options (id, verse_id, position, type, text, target_type, target_verse_dn, target_location_dn, requirement, result, hidden, once, condition_group, conditional_targets, children) VALUES (141, 60, 3, 'choice', 'Попытаться пробиться силой.', 'verse', 5, NULL, NULL, NULL, NULL, FALSE, NULL, NULL, NULL);
INSERT INTO options (id, verse_id, position, type, text, target_type, target_verse_dn, target_location_dn, requirement, result, hidden, once, condition_group, conditional_targets, children) VALUES (142, 60, 4, 'choice', 'Заплатить за проход.', 'verse', 2, NULL, 'Нужны все персонажи. Потратьте 10 золота за персонажа.', NULL, NULL, FALSE, NULL, NULL, NULL);
INSERT INTO options (id, verse_id, position, type, text, target_type, target_verse_dn, target_location_dn, requirement, result, hidden, once, condition_group, conditional_targets, children) VALUES (143, 60, 5, 'choice', 'Уйти.', 'end', NULL, NULL, NULL, 'Исследование окончено.', NULL, FALSE, NULL, NULL, NULL);
INSERT INTO verses (id, location_id, display_number) VALUES (61, 5, 12);
INSERT INTO options (id, verse_id, position, type, text, target_type, target_verse_dn, target_location_dn, requirement, result, hidden, once, condition_group, conditional_targets, children) VALUES (144, 61, 0, 'choice', 'Поискать безопасное место для прыжка в море.', 'verse', 14, NULL, 'Нужна Юнис и часть 2 достижения «Препятствия».', NULL, 'red_filter', FALSE, NULL, NULL, NULL);
INSERT INTO options (id, verse_id, position, type, text, target_type, target_verse_dn, target_location_dn, requirement, result, hidden, once, condition_group, conditional_targets, children) VALUES (145, 61, 1, 'choice', 'Поискать другие слабости Вагенбурга.', 'verse', 6, NULL, NULL, 'Получите часть 2 достижения «Препятствия».', NULL, FALSE, NULL, NULL, NULL);
INSERT INTO options (id, verse_id, position, type, text, target_type, target_verse_dn, target_location_dn, requirement, result, hidden, once, condition_group, conditional_targets, children) VALUES (146, 61, 2, 'choice', 'Уйти.', 'end', NULL, NULL, NULL, 'Получите часть 2 достижения «Препятствия».  Исследование окончено.', NULL, FALSE, NULL, NULL, NULL);
INSERT INTO verses (id, location_id, display_number) VALUES (62, 5, 13);
INSERT INTO options (id, verse_id, position, type, text, target_type, target_verse_dn, target_location_dn, requirement, result, hidden, once, condition_group, conditional_targets, children) VALUES (147, 62, 0, 'condition', 'Если у вас есть часть 1 достижения «Выступления».', 'end', NULL, NULL, NULL, 'Атаман не позволит выступить снова.  Исследование окончено.', NULL, FALSE, NULL, NULL, NULL);
INSERT INTO options (id, verse_id, position, type, text, target_type, target_verse_dn, target_location_dn, requirement, result, hidden, once, condition_group, conditional_targets, children) VALUES (148, 62, 1, 'choice', 'Продолжить.', 'end', NULL, NULL, NULL, 'Получите 2 золота и часть 1 достижения «Выступления».  Исследование окончено.', NULL, FALSE, NULL, NULL, NULL);
INSERT INTO verses (id, location_id, display_number) VALUES (63, 5, 14);
INSERT INTO options (id, verse_id, position, type, text, target_type, target_verse_dn, target_location_dn, requirement, result, hidden, once, condition_group, conditional_targets, children) VALUES (149, 63, 0, 'choice', 'Продолжить.', 'end', NULL, NULL, NULL, 'Исследование окончено.', NULL, FALSE, NULL, NULL, NULL);

INSERT INTO locations (id, campaign_id, display_number, name) VALUES (6, 1, 106, 'Отражённый город');
INSERT INTO verses (id, location_id, display_number) VALUES (64, 6, 0);
INSERT INTO options (id, verse_id, position, type, text, target_type, target_verse_dn, target_location_dn, requirement, result, hidden, once, condition_group, conditional_targets, children) VALUES (150, 64, 0, 'condition', 'Если у вас нет части 1 достижения «Дипломат».', 'verse', 19, NULL, NULL, NULL, NULL, FALSE, NULL, NULL, NULL);
INSERT INTO options (id, verse_id, position, type, text, target_type, target_verse_dn, target_location_dn, requirement, result, hidden, once, condition_group, conditional_targets, children) VALUES (151, 64, 1, 'choice', '2 @Energy@ Попытаться дойти до утёса над тропой.', 'verse', 17, NULL, 'Нужна Гердвин и часть 1 достижения «Топография».', NULL, NULL, FALSE, NULL, NULL, NULL);
INSERT INTO options (id, verse_id, position, type, text, target_type, target_verse_dn, target_location_dn, requirement, result, hidden, once, condition_group, conditional_targets, children) VALUES (152, 64, 2, 'choice', '1 @Energy@ Обыскать развалины города.', 'verse', 11, NULL, NULL, NULL, NULL, FALSE, NULL, NULL, NULL);
INSERT INTO options (id, verse_id, position, type, text, target_type, target_verse_dn, target_location_dn, requirement, result, hidden, once, condition_group, conditional_targets, children) VALUES (153, 64, 3, 'choice', '1 @Energy@ Искупаться в озере. Вода выглядела кристально чистой и манила вас.', 'verse', 4, NULL, NULL, NULL, NULL, FALSE, NULL, NULL, NULL);
INSERT INTO options (id, verse_id, position, type, text, target_type, target_verse_dn, target_location_dn, requirement, result, hidden, once, condition_group, conditional_targets, children) VALUES (154, 64, 4, 'choice', 'Взглянуть на отражение в озере. Вам не терпелось узнать, правду ли говорили легенды.', 'verse', 1, NULL, NULL, NULL, NULL, FALSE, NULL, NULL, NULL);
INSERT INTO options (id, verse_id, position, type, text, target_type, target_verse_dn, target_location_dn, requirement, result, hidden, once, condition_group, conditional_targets, children) VALUES (155, 64, 5, 'choice', 'Зайти в каменную лачугу. Вы не ожидали встретить жилой дом так близко к перевалу Короля.', 'verse', 2, NULL, NULL, NULL, NULL, FALSE, NULL, NULL, NULL);
INSERT INTO options (id, verse_id, position, type, text, target_type, target_verse_dn, target_location_dn, requirement, result, hidden, once, condition_group, conditional_targets, children) VALUES (156, 64, 6, 'choice', 'Осмотреть расколотый путеводный камень.', 'verse', 6, NULL, NULL, NULL, NULL, FALSE, NULL, NULL, NULL);
INSERT INTO options (id, verse_id, position, type, text, target_type, target_verse_dn, target_location_dn, requirement, result, hidden, once, condition_group, conditional_targets, children) VALUES (157, 64, 7, 'choice', 'Уйти.', 'end', NULL, NULL, NULL, 'Исследование окончено.', NULL, FALSE, NULL, NULL, NULL);
INSERT INTO verses (id, location_id, display_number) VALUES (65, 6, 1);
INSERT INTO options (id, verse_id, position, type, text, target_type, target_verse_dn, target_location_dn, requirement, result, hidden, once, condition_group, conditional_targets, children) VALUES (158, 65, 0, 'condition', 'Если у вас есть красный светофильтр.', 'cross_location', 385, 999, NULL, NULL, NULL, FALSE, NULL, NULL, NULL);
INSERT INTO options (id, verse_id, position, type, text, target_type, target_verse_dn, target_location_dn, requirement, result, hidden, once, condition_group, conditional_targets, children) VALUES (159, 65, 1, 'choice', 'Продолжить.', 'end', NULL, NULL, NULL, 'Исследование окончено.', NULL, FALSE, NULL, NULL, NULL);
INSERT INTO verses (id, location_id, display_number) VALUES (66, 6, 2);
INSERT INTO options (id, verse_id, position, type, text, target_type, target_verse_dn, target_location_dn, requirement, result, hidden, once, condition_group, conditional_targets, children) VALUES (160, 66, 0, 'condition', 'Если в этой локации есть @LightTT@.', 'end', NULL, NULL, NULL, 'Отшельник не станет с вами сейчас разговаривать.  Исследование окончено.', NULL, FALSE, NULL, NULL, NULL);
INSERT INTO options (id, verse_id, position, type, text, target_type, target_verse_dn, target_location_dn, requirement, result, hidden, once, condition_group, conditional_targets, children) VALUES (161, 66, 1, 'choice', 'Сказать, что вы ищете приключений.', 'verse', 10, NULL, NULL, NULL, NULL, FALSE, NULL, NULL, NULL);
INSERT INTO options (id, verse_id, position, type, text, target_type, target_verse_dn, target_location_dn, requirement, result, hidden, once, condition_group, conditional_targets, children) VALUES (162, 66, 2, 'choice', 'Сказать, что вы ищете ночлег.', 'verse', 13, NULL, NULL, NULL, NULL, FALSE, NULL, NULL, NULL);
INSERT INTO options (id, verse_id, position, type, text, target_type, target_verse_dn, target_location_dn, requirement, result, hidden, once, condition_group, conditional_targets, children) VALUES (163, 66, 3, 'choice', 'Сказать, что вы путник, пытающийся вернуться домой.', 'verse', 8, NULL, NULL, NULL, NULL, FALSE, NULL, NULL, NULL);
INSERT INTO options (id, verse_id, position, type, text, target_type, target_verse_dn, target_location_dn, requirement, result, hidden, once, condition_group, conditional_targets, children) VALUES (164, 66, 4, 'choice', 'Уйти.', 'end', NULL, NULL, NULL, 'Исследование окончено.', NULL, FALSE, NULL, NULL, NULL);
INSERT INTO options (id, verse_id, position, type, text, target_type, target_verse_dn, target_location_dn, requirement, result, hidden, once, condition_group, conditional_targets, children) VALUES (165, 66, 5, 'condition', 'Если у вас есть часть 1 достижения «Великие деяния».', 'verse', 16, NULL, NULL, NULL, NULL, FALSE, NULL, NULL, NULL);
INSERT INTO options (id, verse_id, position, type, text, target_type, target_verse_dn, target_location_dn, requirement, result, hidden, once, condition_group, conditional_targets, children) VALUES (166, 66, 6, 'condition', 'Если у вас есть красный светофильтр.', 'verse', 18, NULL, NULL, NULL, NULL, FALSE, NULL, NULL, NULL);
INSERT INTO verses (id, location_id, display_number) VALUES (67, 6, 3);
INSERT INTO options (id, verse_id, position, type, text, target_type, target_verse_dn, target_location_dn, requirement, result, hidden, once, condition_group, conditional_targets, children) VALUES (167, 67, 0, 'choice', 'Продолжить.', 'end', NULL, NULL, NULL, 'Исследование окончено.', NULL, FALSE, NULL, NULL, NULL);
INSERT INTO verses (id, location_id, display_number) VALUES (68, 6, 4);
INSERT INTO options (id, verse_id, position, type, text, target_type, target_verse_dn, target_location_dn, requirement, result, hidden, once, condition_group, conditional_targets, children) VALUES (168, 68, 0, 'condition', 'Если у вас есть красный светофильтр, нажмите сюда, чтобы увидеть подсказку.', 'verse', 4, NULL, NULL, 'Подсказка: увидев @Wyrdness@ сторону локации и прочитав художественное описание на ней, иногда вы сможете обнаружить дополнительные подсказки или интересные моменты.', NULL, FALSE, NULL, NULL, NULL);
INSERT INTO options (id, verse_id, position, type, text, target_type, target_verse_dn, target_location_dn, requirement, result, hidden, once, condition_group, conditional_targets, children) VALUES (169, 68, 1, 'choice', '1 @Energy@ Побывать на северо-восточной стороне озера.', 'verse', 3, NULL, NULL, NULL, NULL, FALSE, NULL, NULL, NULL);
INSERT INTO options (id, verse_id, position, type, text, target_type, target_verse_dn, target_location_dn, requirement, result, hidden, once, condition_group, conditional_targets, children) VALUES (170, 68, 2, 'choice', '1 @Energy@ Побывать на северо-западной стороне озера.', 'verse', 5, NULL, NULL, NULL, NULL, FALSE, NULL, NULL, NULL);
INSERT INTO options (id, verse_id, position, type, text, target_type, target_verse_dn, target_location_dn, requirement, result, hidden, once, condition_group, conditional_targets, children) VALUES (171, 68, 3, 'choice', '1 @Energy@ Побывать на юго-восточной стороне озера.', 'verse', 7, NULL, NULL, NULL, NULL, FALSE, NULL, NULL, NULL);
INSERT INTO options (id, verse_id, position, type, text, target_type, target_verse_dn, target_location_dn, requirement, result, hidden, once, condition_group, conditional_targets, children) VALUES (172, 68, 4, 'choice', '1 @Energy@ Побывать на юго-западной стороне озера.', 'verse', 9, NULL, NULL, NULL, NULL, FALSE, NULL, NULL, NULL);
INSERT INTO options (id, verse_id, position, type, text, target_type, target_verse_dn, target_location_dn, requirement, result, hidden, once, condition_group, conditional_targets, children) VALUES (173, 68, 5, 'choice', '1 @Energy@ Заплыть на середину озера.', 'verse', 12, NULL, NULL, NULL, NULL, FALSE, NULL, NULL, NULL);
INSERT INTO options (id, verse_id, position, type, text, target_type, target_verse_dn, target_location_dn, requirement, result, hidden, once, condition_group, conditional_targets, children) VALUES (174, 68, 6, 'choice', 'Выйти из воды.', 'end', NULL, NULL, NULL, 'Исследование окончено.', NULL, FALSE, NULL, NULL, NULL);
INSERT INTO verses (id, location_id, display_number) VALUES (69, 6, 5);
INSERT INTO options (id, verse_id, position, type, text, target_type, target_verse_dn, target_location_dn, requirement, result, hidden, once, condition_group, conditional_targets, children) VALUES (175, 69, 0, 'choice', 'Продолжить.', 'end', NULL, NULL, NULL, 'Исследование окончено.', NULL, FALSE, NULL, NULL, NULL);
INSERT INTO verses (id, location_id, display_number) VALUES (70, 6, 6);
INSERT INTO options (id, verse_id, position, type, text, target_type, target_verse_dn, target_location_dn, requirement, result, hidden, once, condition_group, conditional_targets, children) VALUES (176, 70, 0, 'choice', 'Продолжить.', 'end', NULL, NULL, NULL, 'Исследование окончено.', NULL, FALSE, NULL, NULL, NULL);
INSERT INTO verses (id, location_id, display_number) VALUES (71, 6, 7);
INSERT INTO options (id, verse_id, position, type, text, target_type, target_verse_dn, target_location_dn, requirement, result, hidden, once, condition_group, conditional_targets, children) VALUES (177, 71, 0, 'condition', 'Если у вас есть часть 2 достижения «Диковинки».', 'end', NULL, NULL, NULL, 'Здесь больше ничего не удастся найти.  Исследование окончено.', NULL, FALSE, NULL, NULL, NULL);
INSERT INTO options (id, verse_id, position, type, text, target_type, target_verse_dn, target_location_dn, requirement, result, hidden, once, condition_group, conditional_targets, children) VALUES (178, 71, 1, 'choice', 'Продолжить.', 'end', NULL, NULL, NULL, 'Получите 1 золото, 2 магии и часть 2 достижения «Диковинки».  Исследование окончено.', NULL, FALSE, NULL, NULL, NULL);
INSERT INTO verses (id, location_id, display_number) VALUES (72, 6, 8);
INSERT INTO options (id, verse_id, position, type, text, target_type, target_verse_dn, target_location_dn, requirement, result, hidden, once, condition_group, conditional_targets, children) VALUES (179, 72, 0, 'choice', 'Купить его «сокровище».', 'verse', 14, NULL, 'Потратьте 1 золото или 1 еду либо сбросьте 1 предмет А.', NULL, NULL, FALSE, NULL, NULL, NULL);
INSERT INTO options (id, verse_id, position, type, text, target_type, target_verse_dn, target_location_dn, requirement, result, hidden, once, condition_group, conditional_targets, children) VALUES (180, 72, 1, 'choice', 'Уйти.', 'end', NULL, NULL, NULL, 'Исследование окончено.', NULL, FALSE, NULL, NULL, NULL);
INSERT INTO verses (id, location_id, display_number) VALUES (73, 6, 9);
INSERT INTO options (id, verse_id, position, type, text, target_type, target_verse_dn, target_location_dn, requirement, result, hidden, once, condition_group, conditional_targets, children) VALUES (181, 73, 0, 'condition', 'Если у вас есть красный светофильтр.', 'cross_location', 82, 999, NULL, NULL, NULL, FALSE, NULL, NULL, NULL);
INSERT INTO options (id, verse_id, position, type, text, target_type, target_verse_dn, target_location_dn, requirement, result, hidden, once, condition_group, conditional_targets, children) VALUES (182, 73, 1, 'condition', 'Если у вас хотя бы 1 очко @Caution@.', 'verse', 11, NULL, NULL, NULL, NULL, FALSE, NULL, NULL, NULL);
INSERT INTO options (id, verse_id, position, type, text, target_type, target_verse_dn, target_location_dn, requirement, result, hidden, once, condition_group, conditional_targets, children) VALUES (183, 73, 2, 'condition', 'В противном случае.', 'end', NULL, NULL, NULL, 'Исследование окончено.', NULL, FALSE, NULL, NULL, NULL);
INSERT INTO verses (id, location_id, display_number) VALUES (74, 6, 10);
INSERT INTO options (id, verse_id, position, type, text, target_type, target_verse_dn, target_location_dn, requirement, result, hidden, once, condition_group, conditional_targets, children) VALUES (184, 74, 0, 'choice', 'Продолжить.', 'end', NULL, NULL, NULL, 'Поместите 1 @LightTT@ в эту локацию.   Исследование окончено.', NULL, FALSE, NULL, NULL, NULL);
INSERT INTO verses (id, location_id, display_number) VALUES (75, 6, 11);
INSERT INTO options (id, verse_id, position, type, text, target_type, target_verse_dn, target_location_dn, requirement, result, hidden, once, condition_group, conditional_targets, children) VALUES (185, 75, 0, 'condition', 'Если у вас нет части 2 достижения «Песни Авалона».', 'verse', 20, NULL, NULL, NULL, 'blue_filter', FALSE, NULL, NULL, NULL);
INSERT INTO options (id, verse_id, position, type, text, target_type, target_verse_dn, target_location_dn, requirement, result, hidden, once, condition_group, conditional_targets, children) VALUES (186, 75, 1, 'condition', 'Если у вас есть часть 1 достижения «Добытчик» или 0 очков @Caution@.', 'end', NULL, NULL, NULL, 'Здесь больше ничего не удастся найти.  Исследование окончено.', NULL, FALSE, NULL, NULL, NULL);
INSERT INTO options (id, verse_id, position, type, text, target_type, target_verse_dn, target_location_dn, requirement, result, hidden, once, condition_group, conditional_targets, children) VALUES (187, 75, 2, 'choice', 'Продолжить.', 'end', NULL, NULL, NULL, 'Получите 1 еду и часть 1 достижения «Добытчик».  Исследование окончено.', NULL, FALSE, NULL, NULL, NULL);
INSERT INTO verses (id, location_id, display_number) VALUES (76, 6, 12);
INSERT INTO options (id, verse_id, position, type, text, target_type, target_verse_dn, target_location_dn, requirement, result, hidden, once, condition_group, conditional_targets, children) VALUES (188, 76, 0, 'choice', 'Продолжить.', 'end', NULL, NULL, NULL, 'Потеряйте 1 @Terror@.  Исследование окончено.', NULL, FALSE, NULL, NULL, NULL);
INSERT INTO verses (id, location_id, display_number) VALUES (77, 6, 13);
INSERT INTO options (id, verse_id, position, type, text, target_type, target_verse_dn, target_location_dn, requirement, result, hidden, once, condition_group, conditional_targets, children) VALUES (189, 77, 0, 'choice', 'Продолжить.', 'end', NULL, NULL, NULL, 'Поместите 1 @LightTT@ в эту локацию.  Исследование окончено.', NULL, FALSE, NULL, NULL, NULL);
INSERT INTO verses (id, location_id, display_number) VALUES (78, 6, 14);
INSERT INTO options (id, verse_id, position, type, text, target_type, target_verse_dn, target_location_dn, requirement, result, hidden, once, condition_group, conditional_targets, children) VALUES (190, 78, 0, 'choice', 'Продолжить.', 'cross_location', 18, 999, NULL, NULL, NULL, FALSE, NULL, NULL, NULL);
INSERT INTO verses (id, location_id, display_number) VALUES (79, 6, 15);
INSERT INTO options (id, verse_id, position, type, text, target_type, target_verse_dn, target_location_dn, requirement, result, hidden, once, condition_group, conditional_targets, children) VALUES (191, 79, 0, 'condition', 'Если у вас есть красный светофильтр.', 'cross_location', 17, 999, NULL, NULL, NULL, FALSE, NULL, NULL, NULL);
INSERT INTO options (id, verse_id, position, type, text, target_type, target_verse_dn, target_location_dn, requirement, result, hidden, once, condition_group, conditional_targets, children) VALUES (192, 79, 1, 'condition', 'В противном случае.', 'end', NULL, NULL, NULL, 'Исследование окончено.', NULL, FALSE, NULL, NULL, NULL);
INSERT INTO verses (id, location_id, display_number) VALUES (80, 6, 16);
INSERT INTO options (id, verse_id, position, type, text, target_type, target_verse_dn, target_location_dn, requirement, result, hidden, once, condition_group, conditional_targets, children) VALUES (193, 80, 0, 'choice', 'Продолжить.', 'cross_location', 138, 999, NULL, NULL, NULL, FALSE, NULL, NULL, NULL);
INSERT INTO verses (id, location_id, display_number) VALUES (81, 6, 17);
INSERT INTO options (id, verse_id, position, type, text, target_type, target_verse_dn, target_location_dn, requirement, result, hidden, once, condition_group, conditional_targets, children) VALUES (194, 81, 0, 'choice', 'Продолжить.', 'cross_location', 204, 999, NULL, NULL, NULL, FALSE, NULL, NULL, NULL);
INSERT INTO verses (id, location_id, display_number) VALUES (82, 6, 18);
INSERT INTO options (id, verse_id, position, type, text, target_type, target_verse_dn, target_location_dn, requirement, result, hidden, once, condition_group, conditional_targets, children) VALUES (195, 82, 0, 'choice', 'Сказать ему, что вы уже встречали его в далёком месте и времени.', 'verse', 15, NULL, 'Нужна часть 2 достижения «Смутная догадка».', NULL, NULL, FALSE, NULL, NULL, NULL);
INSERT INTO options (id, verse_id, position, type, text, target_type, target_verse_dn, target_location_dn, requirement, result, hidden, once, condition_group, conditional_targets, children) VALUES (196, 82, 1, 'choice', 'Уйти.', 'end', NULL, NULL, NULL, 'Исследование окончено.', NULL, FALSE, NULL, NULL, NULL);
INSERT INTO verses (id, location_id, display_number) VALUES (83, 6, 19);
INSERT INTO options (id, verse_id, position, type, text, target_type, target_verse_dn, target_location_dn, requirement, result, hidden, once, condition_group, conditional_targets, children) VALUES (197, 83, 0, 'choice', 'Продолжить.', 'end', NULL, NULL, NULL, 'Получите часть 1 достижения «Дипломат».  Исследование окончено.', NULL, FALSE, NULL, NULL, NULL);
INSERT INTO verses (id, location_id, display_number) VALUES (84, 6, 20);
INSERT INTO options (id, verse_id, position, type, text, target_type, target_verse_dn, target_location_dn, requirement, result, hidden, once, condition_group, conditional_targets, children) VALUES (198, 84, 0, 'condition', 'Если открыта локация 103.', 'verse', 21, NULL, NULL, 'Получите часть 2 достижения «Песни Авалона» и 1 магию.', NULL, FALSE, NULL, NULL, NULL);
INSERT INTO options (id, verse_id, position, type, text, target_type, target_verse_dn, target_location_dn, requirement, result, hidden, once, condition_group, conditional_targets, children) VALUES (199, 84, 1, 'condition', 'В противном случае.', 'end', NULL, NULL, NULL, 'Получите часть 2 достижения «Песни Авалона» и 1 магию.  Исследование окончено.', NULL, FALSE, NULL, NULL, NULL);
INSERT INTO verses (id, location_id, display_number) VALUES (85, 6, 21);
INSERT INTO options (id, verse_id, position, type, text, target_type, target_verse_dn, target_location_dn, requirement, result, hidden, once, condition_group, conditional_targets, children) VALUES (200, 85, 0, 'choice', 'Продолжить.', 'end', NULL, NULL, NULL, 'Исследование окончено.', NULL, FALSE, NULL, NULL, NULL);

INSERT INTO locations (id, campaign_id, display_number, name) VALUES (7, 1, 107, 'Развороченное поле битвы');
INSERT INTO verses (id, location_id, display_number) VALUES (86, 7, 0);
INSERT INTO options (id, verse_id, position, type, text, target_type, target_verse_dn, target_location_dn, requirement, result, hidden, once, condition_group, conditional_targets, children) VALUES (201, 86, 0, 'condition', 'Если у вас есть хотя бы одна часть достижения «Время идёт (глава 1)».', 'verse', 11, NULL, NULL, NULL, NULL, FALSE, NULL, NULL, NULL);
INSERT INTO options (id, verse_id, position, type, text, target_type, target_verse_dn, target_location_dn, requirement, result, hidden, once, condition_group, conditional_targets, children) VALUES (202, 86, 1, 'choice', '1 @Energy@ Подойти к срезанному холму. Половина этого каменистого холма выглядит так, будто бы её срезали.', 'verse', 1, NULL, NULL, NULL, NULL, FALSE, NULL, NULL, NULL);
INSERT INTO options (id, verse_id, position, type, text, target_type, target_verse_dn, target_location_dn, requirement, result, hidden, once, condition_group, conditional_targets, children) VALUES (203, 86, 2, 'choice', '1 @Energy@ Подойти к золотому собору. Металлическая постройка блестит вдали среди пепла.', 'verse', 3, NULL, NULL, NULL, NULL, FALSE, NULL, NULL, NULL);
INSERT INTO options (id, verse_id, position, type, text, target_type, target_verse_dn, target_location_dn, requirement, result, hidden, once, condition_group, conditional_targets, children) VALUES (204, 86, 3, 'choice', '1 @Energy@ Подойти к пузырящемуся озеру. Странная бурлящая субстанция наполняла один из кратеров.', 'verse', 4, NULL, NULL, NULL, NULL, FALSE, NULL, NULL, NULL);
INSERT INTO options (id, verse_id, position, type, text, target_type, target_verse_dn, target_location_dn, requirement, result, hidden, once, condition_group, conditional_targets, children) VALUES (205, 86, 4, 'choice', '1 @Energy@ Подойти к исполинскому шлему. Узорчатый купол диковинного вида покоился в углу поля боя.', 'verse', 6, NULL, 'Нужна глава 5—10.', NULL, NULL, FALSE, NULL, NULL, NULL);
INSERT INTO options (id, verse_id, position, type, text, target_type, target_verse_dn, target_location_dn, requirement, result, hidden, once, condition_group, conditional_targets, children) VALUES (206, 86, 5, 'choice', '1 @Energy@ Дотянуться до растрескавшейся сферы. Оранжевая сфера размером с вашу голову парила над землёй, отражая солнечный свет.', 'verse', 5, NULL, 'Нужна глава 5—10.', NULL, NULL, FALSE, NULL, NULL, NULL);
INSERT INTO options (id, verse_id, position, type, text, target_type, target_verse_dn, target_location_dn, requirement, result, hidden, once, condition_group, conditional_targets, children) VALUES (207, 86, 6, 'choice', 'Уйти.', 'end', NULL, NULL, NULL, 'Исследование окончено.', NULL, FALSE, NULL, NULL, NULL);
INSERT INTO verses (id, location_id, display_number) VALUES (87, 7, 1);
INSERT INTO options (id, verse_id, position, type, text, target_type, target_verse_dn, target_location_dn, requirement, result, hidden, once, condition_group, conditional_targets, children) VALUES (208, 87, 0, 'condition', 'Если у вас хотя бы 2 очка @Caution@.', 'verse', 7, NULL, NULL, NULL, NULL, FALSE, NULL, NULL, NULL);
INSERT INTO options (id, verse_id, position, type, text, target_type, target_verse_dn, target_location_dn, requirement, result, hidden, once, condition_group, conditional_targets, children) VALUES (209, 87, 1, 'condition', 'В противном случае.', 'verse', 10, NULL, NULL, 'Поместите 1 @LightTT@ в эту локацию.', NULL, FALSE, NULL, NULL, NULL);
INSERT INTO verses (id, location_id, display_number) VALUES (88, 7, 2);
INSERT INTO options (id, verse_id, position, type, text, target_type, target_verse_dn, target_location_dn, requirement, result, hidden, once, condition_group, conditional_targets, children) VALUES (210, 88, 0, 'condition', 'Если у любого персонажа есть карта секрета 14 или 32.', 'end', NULL, NULL, NULL, 'Здесь больше ничего не удастся найти.  Исследование окончено.', NULL, FALSE, NULL, NULL, NULL);
INSERT INTO options (id, verse_id, position, type, text, target_type, target_verse_dn, target_location_dn, requirement, result, hidden, once, condition_group, conditional_targets, children) VALUES (211, 88, 1, 'choice', 'Продолжить.', 'verse', 10, NULL, NULL, 'Получите карту секрета 14.  Поместите 2 @LightTT@ в эту локацию.', NULL, FALSE, NULL, NULL, NULL);
INSERT INTO verses (id, location_id, display_number) VALUES (89, 7, 3);
INSERT INTO options (id, verse_id, position, type, text, target_type, target_verse_dn, target_location_dn, requirement, result, hidden, once, condition_group, conditional_targets, children) VALUES (212, 89, 0, 'condition', 'Если у вас хотя бы 2 очка @Aggression@.', 'verse', 9, NULL, NULL, NULL, NULL, FALSE, NULL, NULL, NULL);
INSERT INTO options (id, verse_id, position, type, text, target_type, target_verse_dn, target_location_dn, requirement, result, hidden, once, condition_group, conditional_targets, children) VALUES (213, 89, 1, 'condition', 'В противном случае.', 'verse', 10, NULL, NULL, 'Поместите 1 @LightTT@ в эту локацию.', NULL, FALSE, NULL, NULL, NULL);
INSERT INTO verses (id, location_id, display_number) VALUES (90, 7, 4);
INSERT INTO options (id, verse_id, position, type, text, target_type, target_verse_dn, target_location_dn, requirement, result, hidden, once, condition_group, conditional_targets, children) VALUES (214, 90, 0, 'choice', 'Продолжить.', 'verse', 10, NULL, NULL, 'Поместите 1 @LightTT@ в эту локацию', NULL, FALSE, NULL, NULL, NULL);
INSERT INTO verses (id, location_id, display_number) VALUES (91, 7, 5);
INSERT INTO options (id, verse_id, position, type, text, target_type, target_verse_dn, target_location_dn, requirement, result, hidden, once, condition_group, conditional_targets, children) VALUES (215, 91, 0, 'condition', 'Если у вас хотя бы 3 очка @Empathy@.', 'verse', 8, NULL, NULL, NULL, NULL, FALSE, NULL, NULL, NULL);
INSERT INTO options (id, verse_id, position, type, text, target_type, target_verse_dn, target_location_dn, requirement, result, hidden, once, condition_group, conditional_targets, children) VALUES (216, 91, 1, 'condition', 'В противном случае.', 'verse', 10, NULL, NULL, 'Поместите 1 @LightTT@ в эту локацию.', NULL, FALSE, NULL, NULL, NULL);
INSERT INTO verses (id, location_id, display_number) VALUES (92, 7, 6);
INSERT INTO options (id, verse_id, position, type, text, target_type, target_verse_dn, target_location_dn, requirement, result, hidden, once, condition_group, conditional_targets, children) VALUES (217, 92, 0, 'condition', 'Если вы играете за Юнис и у вас есть красный светофильтр.', 'cross_location', 269, 999, NULL, NULL, NULL, FALSE, NULL, NULL, NULL);
INSERT INTO options (id, verse_id, position, type, text, target_type, target_verse_dn, target_location_dn, requirement, result, hidden, once, condition_group, conditional_targets, children) VALUES (218, 92, 1, 'choice', 'Забраться на трон на вершине доспеха. Выглядело опасно. Оттуда вы сможете отлично рассмотреть местность, но существа, рыскающие неподалёку, с лёгкостью вас увидят.', 'verse', 2, NULL, 'Нужно хотя бы 3 очка @Courage@.', NULL, NULL, FALSE, 'В противном случае.', NULL, NULL);
INSERT INTO options (id, verse_id, position, type, text, target_type, target_verse_dn, target_location_dn, requirement, result, hidden, once, condition_group, conditional_targets, children) VALUES (219, 92, 2, 'choice', 'Уйти.', 'verse', 10, NULL, NULL, 'Поместите 1 @LightTT@ в эту локацию.', NULL, FALSE, 'В противном случае.', NULL, NULL);
INSERT INTO verses (id, location_id, display_number) VALUES (93, 7, 7);
INSERT INTO options (id, verse_id, position, type, text, target_type, target_verse_dn, target_location_dn, requirement, result, hidden, once, condition_group, conditional_targets, children) VALUES (220, 93, 0, 'condition', 'Если у вас есть часть 4 достижения «Добытчик».', 'verse', 10, NULL, NULL, 'Здесь больше ничего не удастся найти.  Поместите 1 @LightTT@ в эту локацию.', NULL, FALSE, NULL, NULL, NULL);
INSERT INTO options (id, verse_id, position, type, text, target_type, target_verse_dn, target_location_dn, requirement, result, hidden, once, condition_group, conditional_targets, children) VALUES (221, 93, 1, 'choice', 'Продолжить.', 'verse', 10, NULL, NULL, 'Получите часть 4 достижения «Добытчик».  Каждый член команды получает 1 золото.  Поместите 1 @LightTT@ в эту локацию.', NULL, FALSE, NULL, NULL, NULL);
INSERT INTO verses (id, location_id, display_number) VALUES (94, 7, 8);
INSERT INTO options (id, verse_id, position, type, text, target_type, target_verse_dn, target_location_dn, requirement, result, hidden, once, condition_group, conditional_targets, children) VALUES (222, 94, 0, 'condition', 'Если у любого из персонажей есть карта секрета 7 или 31.', 'end', NULL, NULL, NULL, 'Здесь больше ничего не удастся найти.  Исследование окончено.', NULL, FALSE, NULL, NULL, NULL);
INSERT INTO options (id, verse_id, position, type, text, target_type, target_verse_dn, target_location_dn, requirement, result, hidden, once, condition_group, conditional_targets, children) VALUES (223, 94, 1, 'choice', 'Продолжить.', 'verse', 10, NULL, NULL, 'Каждый член команды получает 1 @Terror@.  Получите карту секрета 7.  Поместите 1 @LightTT@ в эту локацию.', NULL, FALSE, NULL, NULL, NULL);
INSERT INTO verses (id, location_id, display_number) VALUES (95, 7, 9);
INSERT INTO options (id, verse_id, position, type, text, target_type, target_verse_dn, target_location_dn, requirement, result, hidden, once, condition_group, conditional_targets, children) VALUES (224, 95, 0, 'condition', 'Если у вас есть часть 5 достижения «Добытчик».', 'verse', 10, NULL, NULL, 'Здесь больше ничего не удастся найти.  Поместите 1 @LightTT@ в эту локацию.', NULL, FALSE, NULL, NULL, NULL);
INSERT INTO options (id, verse_id, position, type, text, target_type, target_verse_dn, target_location_dn, requirement, result, hidden, once, condition_group, conditional_targets, children) VALUES (225, 95, 1, 'choice', 'Продолжить.', 'verse', 10, NULL, NULL, 'Получите часть 5 достижения «Добытчик».   Каждый член команды получает 1 магию.  Поместите 1 @LightTT@ в эту локацию.', NULL, FALSE, NULL, NULL, NULL);
INSERT INTO verses (id, location_id, display_number) VALUES (96, 7, 10);
INSERT INTO options (id, verse_id, position, type, text, target_type, target_verse_dn, target_location_dn, requirement, result, hidden, once, condition_group, conditional_targets, children) VALUES (226, 96, 0, 'choice', '1—6.', 'end', NULL, NULL, NULL, 'Ничего не произошло.  Исследование окончено.', NULL, FALSE, NULL, NULL, NULL);
INSERT INTO options (id, verse_id, position, type, text, target_type, target_verse_dn, target_location_dn, requirement, result, hidden, once, condition_group, conditional_targets, children) VALUES (227, 96, 1, 'choice', '7—8.', 'end', NULL, NULL, NULL, 'Одно из существ обратило на вас внимание. Вам едва удалось разминуться.  Каждый член команды получает 1 @Terror@.  Исследование окончено.', NULL, FALSE, NULL, NULL, NULL);
INSERT INTO options (id, verse_id, position, type, text, target_type, target_verse_dn, target_location_dn, requirement, result, hidden, once, condition_group, conditional_targets, children) VALUES (228, 96, 2, 'choice', '≥9.', 'end', NULL, NULL, NULL, 'На вас напали!  Сбросьте все @LightTT@ из этой локации.  Возьмите фиолетовую карту боевой встречи и проведите её. Вне зависимости от её итога исследование окончено.', NULL, FALSE, NULL, NULL, NULL);
INSERT INTO verses (id, location_id, display_number) VALUES (97, 7, 11);
INSERT INTO options (id, verse_id, position, type, text, target_type, target_verse_dn, target_location_dn, requirement, result, hidden, once, condition_group, conditional_targets, children) VALUES (229, 97, 0, 'choice', '1 @Energy@ Подойти к пузырящемуся озеру. Странная бурлящая субстанция наполняла один из кратеров.', 'verse', 4, NULL, NULL, NULL, NULL, FALSE, NULL, NULL, NULL);
INSERT INTO options (id, verse_id, position, type, text, target_type, target_verse_dn, target_location_dn, requirement, result, hidden, once, condition_group, conditional_targets, children) VALUES (230, 97, 1, 'choice', '1 @Energy@ Подойти к исполинскому шлему. Узорчатый купол диковинного вида покоился в углу поля боя.', 'verse', 6, NULL, NULL, NULL, NULL, FALSE, NULL, NULL, NULL);
INSERT INTO options (id, verse_id, position, type, text, target_type, target_verse_dn, target_location_dn, requirement, result, hidden, once, condition_group, conditional_targets, children) VALUES (231, 97, 2, 'choice', '1 @Energy@ Дотянуться до растрескавшейся сферы. Оранжевая сфера размером с вашу голову парила над землёй, отражая солнечный свет.', 'verse', 5, NULL, NULL, NULL, NULL, FALSE, NULL, NULL, NULL);
INSERT INTO options (id, verse_id, position, type, text, target_type, target_verse_dn, target_location_dn, requirement, result, hidden, once, condition_group, conditional_targets, children) VALUES (232, 97, 3, 'choice', 'Уйти.', 'end', NULL, NULL, NULL, 'Исследование окончено.', NULL, FALSE, NULL, NULL, NULL);

INSERT INTO locations (id, campaign_id, display_number, name) VALUES (8, 1, 108, 'Фьельды железных клеток');
INSERT INTO verses (id, location_id, display_number) VALUES (98, 8, 0);
INSERT INTO options (id, verse_id, position, type, text, target_type, target_verse_dn, target_location_dn, requirement, result, hidden, once, condition_group, conditional_targets, children) VALUES (233, 98, 0, 'condition', 'Если вы проходите главу 5, часть 3, и у вас есть карта секрета 10.', 'verse', 7, NULL, NULL, NULL, NULL, FALSE, NULL, NULL, NULL);
INSERT INTO options (id, verse_id, position, type, text, target_type, target_verse_dn, target_location_dn, requirement, result, hidden, once, condition_group, conditional_targets, children) VALUES (234, 98, 1, 'choice', '2 @Energy@ Обыскать клетки. Их было так много!', 'verse', 1, NULL, NULL, NULL, NULL, FALSE, NULL, NULL, NULL);
INSERT INTO options (id, verse_id, position, type, text, target_type, target_verse_dn, target_location_dn, requirement, result, hidden, once, condition_group, conditional_targets, children) VALUES (235, 98, 2, 'choice', 'Подойти к оврагу.', 'verse', 2, NULL, NULL, NULL, NULL, FALSE, NULL, NULL, NULL);
INSERT INTO options (id, verse_id, position, type, text, target_type, target_verse_dn, target_location_dn, requirement, result, hidden, once, condition_group, conditional_targets, children) VALUES (236, 98, 3, 'choice', 'Уйти.', 'end', NULL, NULL, NULL, 'Исследование окончено.', NULL, FALSE, NULL, NULL, NULL);
INSERT INTO verses (id, location_id, display_number) VALUES (99, 8, 1);
INSERT INTO options (id, verse_id, position, type, text, target_type, target_verse_dn, target_location_dn, requirement, result, hidden, once, condition_group, conditional_targets, children) VALUES (237, 99, 0, 'condition', 'Если у вас есть часть 3 достижения «Добытчик».', 'verse', 3, NULL, NULL, NULL, NULL, FALSE, NULL, NULL, NULL);
INSERT INTO options (id, verse_id, position, type, text, target_type, target_verse_dn, target_location_dn, requirement, result, hidden, once, condition_group, conditional_targets, children) VALUES (238, 99, 1, 'choice', 'Продолжить.', 'verse', 3, NULL, NULL, 'Получите 1 золото, 1 предмет А и часть 3 достижения «Добытчик».', NULL, FALSE, 'В противном случае.', NULL, NULL);
INSERT INTO verses (id, location_id, display_number) VALUES (100, 8, 2);
INSERT INTO options (id, verse_id, position, type, text, target_type, target_verse_dn, target_location_dn, requirement, result, hidden, once, condition_group, conditional_targets, children) VALUES (239, 100, 0, 'condition', 'Если у вас есть часть 2 достижения «Топография».', 'end', NULL, NULL, NULL, 'Исследование окончено.', NULL, FALSE, NULL, NULL, NULL);
INSERT INTO options (id, verse_id, position, type, text, target_type, target_verse_dn, target_location_dn, requirement, result, hidden, once, condition_group, conditional_targets, children) VALUES (240, 100, 1, 'choice', 'Продолжить.', 'end', NULL, NULL, NULL, 'Получите часть 2 достижения «Топография».  Возьмите синюю карту встречи и проведите её. Вне зависимости от её итога исследование окончено.', NULL, FALSE, 'В противном случае.', NULL, NULL);
INSERT INTO verses (id, location_id, display_number) VALUES (101, 8, 3);
INSERT INTO options (id, verse_id, position, type, text, target_type, target_verse_dn, target_location_dn, requirement, result, hidden, once, condition_group, conditional_targets, children) VALUES (241, 101, 0, 'condition', 'Если у вас есть часть 1 достижения «Кто не рискует».', 'verse', 5, NULL, NULL, NULL, NULL, FALSE, NULL, NULL, NULL);
INSERT INTO options (id, verse_id, position, type, text, target_type, target_verse_dn, target_location_dn, requirement, result, hidden, once, condition_group, conditional_targets, children) VALUES (242, 101, 1, 'choice', 'Попытаться стащить кошелёк. Достаточно ли вы сообразительны, чтобы при этом не привлечь внимания?', 'verse', 6, NULL, NULL, NULL, NULL, FALSE, 'В противном случае.', NULL, NULL);
INSERT INTO options (id, verse_id, position, type, text, target_type, target_verse_dn, target_location_dn, requirement, result, hidden, once, condition_group, conditional_targets, children) VALUES (243, 101, 2, 'choice', 'Продолжить поиски.', 'verse', 5, NULL, NULL, NULL, NULL, FALSE, 'В противном случае.', NULL, NULL);
INSERT INTO verses (id, location_id, display_number) VALUES (102, 8, 4);
INSERT INTO options (id, verse_id, position, type, text, target_type, target_verse_dn, target_location_dn, requirement, result, hidden, once, condition_group, conditional_targets, children) VALUES (244, 102, 0, 'choice', 'Продолжить.', 'verse', 5, NULL, NULL, 'Получите 1 магию.', NULL, FALSE, NULL, NULL, NULL);
INSERT INTO verses (id, location_id, display_number) VALUES (103, 8, 5);
INSERT INTO options (id, verse_id, position, type, text, target_type, target_verse_dn, target_location_dn, requirement, result, hidden, once, condition_group, conditional_targets, children) VALUES (245, 103, 0, 'condition', 'Если у вас есть часть 1 достижения «Песни Авалона».', 'end', NULL, NULL, NULL, 'Здесь больше ничего не удастся найти.  Исследование окончено.', NULL, FALSE, NULL, NULL, NULL);
INSERT INTO options (id, verse_id, position, type, text, target_type, target_verse_dn, target_location_dn, requirement, result, hidden, once, condition_group, conditional_targets, children) VALUES (246, 103, 1, 'condition', 'Если у вас есть красный светофильтр.', 'cross_location', 152, 999, NULL, NULL, NULL, FALSE, NULL, NULL, NULL);
INSERT INTO options (id, verse_id, position, type, text, target_type, target_verse_dn, target_location_dn, requirement, result, hidden, once, condition_group, conditional_targets, children) VALUES (247, 103, 2, 'choice', 'Продолжить.', 'end', NULL, NULL, NULL, 'Исследование окончено.', NULL, FALSE, 'В противном случае.', NULL, NULL);
INSERT INTO verses (id, location_id, display_number) VALUES (104, 8, 6);
INSERT INTO options (id, verse_id, position, type, text, target_type, target_verse_dn, target_location_dn, requirement, result, hidden, once, condition_group, conditional_targets, children) VALUES (248, 104, 0, 'condition', 'Если у вас хотя бы 2 очка @Practicality@.', 'verse', 4, NULL, NULL, NULL, NULL, FALSE, NULL, NULL, NULL);
INSERT INTO options (id, verse_id, position, type, text, target_type, target_verse_dn, target_location_dn, requirement, result, hidden, once, condition_group, conditional_targets, children) VALUES (249, 104, 1, 'condition', 'Если вы победили.', 'verse', 4, NULL, NULL, NULL, NULL, FALSE, 'В противном случае.', NULL, NULL);
INSERT INTO options (id, verse_id, position, type, text, target_type, target_verse_dn, target_location_dn, requirement, result, hidden, once, condition_group, conditional_targets, children) VALUES (250, 104, 2, 'condition', 'В противном случае.', 'end', NULL, NULL, NULL, 'Исследование окончено.', NULL, FALSE, 'В противном случае.', NULL, NULL);
INSERT INTO verses (id, location_id, display_number) VALUES (105, 8, 7);
INSERT INTO options (id, verse_id, position, type, text, target_type, target_verse_dn, target_location_dn, requirement, result, hidden, once, condition_group, conditional_targets, children) VALUES (251, 105, 0, 'condition', 'Если у вас есть красный светофильтр.', 'cross_location', 74, 999, NULL, NULL, NULL, FALSE, NULL, NULL, NULL);
INSERT INTO options (id, verse_id, position, type, text, target_type, target_verse_dn, target_location_dn, requirement, result, hidden, once, condition_group, conditional_targets, children) VALUES (252, 105, 1, 'condition', 'В противном случае.', 'end', NULL, NULL, NULL, 'Исследование окончено.', NULL, FALSE, NULL, NULL, NULL);

INSERT INTO locations (id, campaign_id, display_number, name) VALUES (9, 1, 109, 'Висячая тропа');
INSERT INTO verses (id, location_id, display_number) VALUES (106, 9, 0);
INSERT INTO options (id, verse_id, position, type, text, target_type, target_verse_dn, target_location_dn, requirement, result, hidden, once, condition_group, conditional_targets, children) VALUES (253, 106, 0, 'choice', 'Продолжить.', 'end', NULL, NULL, NULL, 'Исследование окончено.', NULL, FALSE, NULL, NULL, NULL);

INSERT INTO locations (id, campaign_id, display_number, name) VALUES (10, 1, 110, 'Перевал Короля');
INSERT INTO verses (id, location_id, display_number) VALUES (107, 10, 0);
INSERT INTO options (id, verse_id, position, type, text, target_type, target_verse_dn, target_location_dn, requirement, result, hidden, once, condition_group, conditional_targets, children) VALUES (254, 107, 0, 'condition', 'Если вы проходите главу 1.', 'verse', 2, NULL, NULL, NULL, NULL, FALSE, NULL, NULL, NULL);
INSERT INTO options (id, verse_id, position, type, text, target_type, target_verse_dn, target_location_dn, requirement, result, hidden, once, condition_group, conditional_targets, children) VALUES (255, 107, 1, 'condition', 'Если вы проходите главу 5—10.', 'verse', 4, NULL, NULL, NULL, NULL, FALSE, NULL, NULL, NULL);
INSERT INTO verses (id, location_id, display_number) VALUES (108, 10, 1);
INSERT INTO options (id, verse_id, position, type, text, target_type, target_verse_dn, target_location_dn, requirement, result, hidden, once, condition_group, conditional_targets, children) VALUES (256, 108, 0, 'choice', 'Продолжить.', 'verse', 12, NULL, NULL, NULL, NULL, FALSE, NULL, NULL, NULL);
INSERT INTO verses (id, location_id, display_number) VALUES (109, 10, 2);
INSERT INTO options (id, verse_id, position, type, text, target_type, target_verse_dn, target_location_dn, requirement, result, hidden, once, condition_group, conditional_targets, children) VALUES (257, 109, 0, 'choice', 'Продолжить.', 'end', NULL, NULL, NULL, 'Исследование окончено.', NULL, FALSE, NULL, NULL, NULL);
INSERT INTO verses (id, location_id, display_number) VALUES (110, 10, 3);
INSERT INTO options (id, verse_id, position, type, text, target_type, target_verse_dn, target_location_dn, requirement, result, hidden, once, condition_group, conditional_targets, children) VALUES (258, 110, 0, 'condition', 'Если у вас есть часть 1 достижения «Будущее Авалона».', 'verse', 6, NULL, NULL, NULL, NULL, FALSE, NULL, NULL, NULL);
INSERT INTO options (id, verse_id, position, type, text, target_type, target_verse_dn, target_location_dn, requirement, result, hidden, once, condition_group, conditional_targets, children) VALUES (259, 110, 1, 'condition', 'Если у вас есть часть 2 достижения «Будущее Авалона».', 'verse', 7, NULL, NULL, NULL, NULL, FALSE, NULL, NULL, NULL);
INSERT INTO options (id, verse_id, position, type, text, target_type, target_verse_dn, target_location_dn, requirement, result, hidden, once, condition_group, conditional_targets, children) VALUES (260, 110, 2, 'condition', 'Если у вас есть часть 3 достижения «Будущее Авалона».', 'verse', 9, NULL, NULL, NULL, NULL, FALSE, NULL, NULL, NULL);
INSERT INTO verses (id, location_id, display_number) VALUES (111, 10, 4);
INSERT INTO options (id, verse_id, position, type, text, target_type, target_verse_dn, target_location_dn, requirement, result, hidden, once, condition_group, conditional_targets, children) VALUES (261, 111, 0, 'condition', 'Если у вас нет части 8 достижения «Обыск».', 'verse', 10, NULL, NULL, NULL, 'blue_filter', FALSE, NULL, NULL, NULL);
INSERT INTO options (id, verse_id, position, type, text, target_type, target_verse_dn, target_location_dn, requirement, result, hidden, once, condition_group, conditional_targets, children) VALUES (262, 111, 1, 'condition', 'Если у вас есть хотя бы четыре части достижения «Что плохо лежит» и нет части 8 этого достижения.', 'verse', 1, NULL, NULL, NULL, NULL, FALSE, NULL, NULL, NULL);
INSERT INTO options (id, verse_id, position, type, text, target_type, target_verse_dn, target_location_dn, requirement, result, hidden, once, condition_group, conditional_targets, children) VALUES (263, 111, 2, 'condition', 'Если у вас есть хотя бы три части достижения «Народный герой» и нет части 6 этого достижения.', 'verse', 5, NULL, NULL, NULL, NULL, FALSE, NULL, NULL, NULL);
INSERT INTO options (id, verse_id, position, type, text, target_type, target_verse_dn, target_location_dn, requirement, result, hidden, once, condition_group, conditional_targets, children) VALUES (264, 111, 3, 'condition', 'Если у вас есть хотя бы три части достижения «Дружба со знатью» и нет части 5 этого достижения.', 'verse', 8, NULL, NULL, NULL, NULL, FALSE, NULL, NULL, NULL);
INSERT INTO options (id, verse_id, position, type, text, target_type, target_verse_dn, target_location_dn, requirement, result, hidden, once, condition_group, conditional_targets, children) VALUES (265, 111, 4, 'condition', 'В противном случае.', 'verse', 3, NULL, NULL, NULL, NULL, FALSE, NULL, NULL, NULL);
INSERT INTO verses (id, location_id, display_number) VALUES (112, 10, 5);
INSERT INTO options (id, verse_id, position, type, text, target_type, target_verse_dn, target_location_dn, requirement, result, hidden, once, condition_group, conditional_targets, children) VALUES (266, 112, 0, 'choice', 'Убрать из игры событие.', 'verse', 29, NULL, NULL, 'Возьмите все случайные события, которые не находятся в колоде событий. Уберите из игры одно из них (кроме секретных) и перемешайте остальные.', NULL, FALSE, NULL, NULL, NULL);
INSERT INTO options (id, verse_id, position, type, text, target_type, target_verse_dn, target_location_dn, requirement, result, hidden, once, condition_group, conditional_targets, children) VALUES (267, 112, 1, 'choice', 'Убрать из игры встречу.', 'verse', 29, NULL, NULL, 'Возьмите до 7 случайных карт встреч из одной колоды встреч. Уберите из игры одну из них, остальные замешайте обратно в колоду. Создавая колоду встреч во время подготовки к главе, не используйте удалённую встречу. Когда игра особо укажет провести именно эту встречу, сделайте это, но не возвращайте карту в колоду встреч.', NULL, FALSE, NULL, NULL, NULL);
INSERT INTO options (id, verse_id, position, type, text, target_type, target_verse_dn, target_location_dn, requirement, result, hidden, once, condition_group, conditional_targets, children) VALUES (268, 112, 2, 'choice', 'Убрать из игры предмет.', 'verse', 29, NULL, NULL, 'Выберите колоду предметов на столе и возьмите из неё до 7 предметов. Уберите из игры один из них, а остальные замешайте обратно в колоду.', NULL, FALSE, NULL, NULL, NULL);
INSERT INTO options (id, verse_id, position, type, text, target_type, target_verse_dn, target_location_dn, requirement, result, hidden, once, condition_group, conditional_targets, children) VALUES (269, 112, 3, 'choice', 'Сказать старику, что вам ничего не нужно.', 'verse', 37, NULL, NULL, NULL, NULL, FALSE, NULL, NULL, NULL);
INSERT INTO verses (id, location_id, display_number) VALUES (113, 10, 6);
INSERT INTO options (id, verse_id, position, type, text, target_type, target_verse_dn, target_location_dn, requirement, result, hidden, once, condition_group, conditional_targets, children) VALUES (270, 113, 0, 'choice', 'Продолжить.', 'end', NULL, NULL, NULL, 'Исследование окончено.', NULL, FALSE, NULL, NULL, NULL);
INSERT INTO verses (id, location_id, display_number) VALUES (114, 10, 7);
INSERT INTO options (id, verse_id, position, type, text, target_type, target_verse_dn, target_location_dn, requirement, result, hidden, once, condition_group, conditional_targets, children) VALUES (271, 114, 0, 'choice', 'Продолжить.', 'end', NULL, NULL, NULL, 'Исследование окончено.', NULL, FALSE, NULL, NULL, NULL);
INSERT INTO verses (id, location_id, display_number) VALUES (115, 10, 8);
INSERT INTO options (id, verse_id, position, type, text, target_type, target_verse_dn, target_location_dn, requirement, result, hidden, once, condition_group, conditional_targets, children) VALUES (272, 115, 0, 'choice', 'Остаться и насладиться свадьбой. Вам бы не помешал отдых. Судя по подготовке, здесь будет вдоволь и еды, и выпивки.', 'verse', 14, NULL, 'Нужны все персонажи.', NULL, NULL, FALSE, NULL, NULL, NULL);
INSERT INTO options (id, verse_id, position, type, text, target_type, target_verse_dn, target_location_dn, requirement, result, hidden, once, condition_group, conditional_targets, children) VALUES (273, 115, 1, 'choice', 'Отвергнуть приглашение Магнуса. Выкопать путеводный камень и забрать его себе — это невообразимо подлый поступок. Вы не хотели иметь с ним ничего общего.', 'verse', 11, NULL, 'Нужны все персонажи.', NULL, NULL, FALSE, NULL, NULL, NULL);
INSERT INTO options (id, verse_id, position, type, text, target_type, target_verse_dn, target_location_dn, requirement, result, hidden, once, condition_group, conditional_targets, children) VALUES (274, 115, 2, 'choice', 'Уйти пока что. Магнус ожидал вашего решения.', 'end', NULL, NULL, NULL, 'Исследование окончено.', NULL, FALSE, NULL, NULL, NULL);
INSERT INTO verses (id, location_id, display_number) VALUES (116, 10, 9);
INSERT INTO options (id, verse_id, position, type, text, target_type, target_verse_dn, target_location_dn, requirement, result, hidden, once, condition_group, conditional_targets, children) VALUES (275, 116, 0, 'choice', 'Продолжить.', 'end', NULL, NULL, NULL, 'Исследование окончено.', NULL, FALSE, NULL, NULL, NULL);
INSERT INTO verses (id, location_id, display_number) VALUES (117, 10, 10);
INSERT INTO options (id, verse_id, position, type, text, target_type, target_verse_dn, target_location_dn, requirement, result, hidden, once, condition_group, conditional_targets, children) VALUES (276, 117, 0, 'choice', 'Продолжить.', 'end', NULL, NULL, NULL, 'Получите 1 золото.  Получите 1 предмет В и 1 предмет Г.  Получите часть 8 достижения «Обыск».  Исследование окончено.', NULL, FALSE, NULL, NULL, NULL);
INSERT INTO verses (id, location_id, display_number) VALUES (118, 10, 11);
INSERT INTO options (id, verse_id, position, type, text, target_type, target_verse_dn, target_location_dn, requirement, result, hidden, once, condition_group, conditional_targets, children) VALUES (277, 118, 0, 'choice', 'Попытаться поговорить с ними.', 'verse', 17, NULL, NULL, NULL, NULL, FALSE, NULL, NULL, NULL);
INSERT INTO options (id, verse_id, position, type, text, target_type, target_verse_dn, target_location_dn, requirement, result, hidden, once, condition_group, conditional_targets, children) VALUES (278, 118, 1, 'choice', 'Попытаться вырваться и бежать на свадьбу.', 'verse', 20, NULL, NULL, NULL, NULL, FALSE, NULL, NULL, NULL);
INSERT INTO verses (id, location_id, display_number) VALUES (119, 10, 12);
INSERT INTO options (id, verse_id, position, type, text, target_type, target_verse_dn, target_location_dn, requirement, result, hidden, once, condition_group, conditional_targets, children) VALUES (279, 119, 0, 'choice', '1 @Energy@ Расспросить охрану и кучера торговца.', 'verse', 15, NULL, NULL, NULL, NULL, FALSE, NULL, NULL, NULL);
INSERT INTO options (id, verse_id, position, type, text, target_type, target_verse_dn, target_location_dn, requirement, result, hidden, once, condition_group, conditional_targets, children) VALUES (280, 119, 1, 'choice', '1 @Energy@ Изучить повозку.', 'verse', 21, NULL, NULL, NULL, NULL, FALSE, NULL, NULL, NULL);
INSERT INTO options (id, verse_id, position, type, text, target_type, target_verse_dn, target_location_dn, requirement, result, hidden, once, condition_group, conditional_targets, children) VALUES (281, 119, 2, 'choice', '1 @Energy@ Изучить берег реки.', 'verse', 18, NULL, NULL, NULL, NULL, FALSE, NULL, NULL, NULL);
INSERT INTO options (id, verse_id, position, type, text, target_type, target_verse_dn, target_location_dn, requirement, result, hidden, once, condition_group, conditional_targets, children) VALUES (282, 119, 3, 'choice', '1 @Energy@ Расспросить других странников на перевале.', 'verse', 25, NULL, NULL, NULL, NULL, FALSE, NULL, NULL, NULL);
INSERT INTO options (id, verse_id, position, type, text, target_type, target_verse_dn, target_location_dn, requirement, result, hidden, once, condition_group, conditional_targets, children) VALUES (283, 119, 4, 'choice', 'Вернуться к торговцу со своими выводами.', 'verse', 35, NULL, 'Нужны все персонажи и 3 @QuestToken@ в этой локации.', NULL, NULL, FALSE, NULL, NULL, NULL);
INSERT INTO options (id, verse_id, position, type, text, target_type, target_verse_dn, target_location_dn, requirement, result, hidden, once, condition_group, conditional_targets, children) VALUES (284, 119, 5, 'choice', 'Уйти пока что.', 'end', NULL, NULL, NULL, 'Исследование окончено.', NULL, FALSE, NULL, NULL, NULL);
INSERT INTO verses (id, location_id, display_number) VALUES (120, 10, 13);
INSERT INTO options (id, verse_id, position, type, text, target_type, target_verse_dn, target_location_dn, requirement, result, hidden, once, condition_group, conditional_targets, children) VALUES (285, 120, 0, 'choice', 'Освободить пленника и отправиться в ближайшую деревню за сладостями.', 'verse', 34, NULL, 'Потратьте 2 золота или 1 магию либо сбросьте 1 предмет.', NULL, NULL, FALSE, NULL, NULL, NULL);
INSERT INTO options (id, verse_id, position, type, text, target_type, target_verse_dn, target_location_dn, requirement, result, hidden, once, condition_group, conditional_targets, children) VALUES (286, 120, 1, 'choice', 'Не отпускать пленника и пойти в ближайшую деревню за сладостями вместе с ним.', 'verse', 31, NULL, 'Потратьте 2 золота или 1 магию либо сбросьте 1 предмет.', NULL, NULL, FALSE, NULL, NULL, NULL);
INSERT INTO options (id, verse_id, position, type, text, target_type, target_verse_dn, target_location_dn, requirement, result, hidden, once, condition_group, conditional_targets, children) VALUES (287, 120, 2, 'choice', 'Угрожать пленнику, чтобы заставить водяных духов вернуть награбленное.', 'verse', 28, NULL, NULL, NULL, NULL, FALSE, NULL, NULL, NULL);
INSERT INTO verses (id, location_id, display_number) VALUES (121, 10, 14);
INSERT INTO options (id, verse_id, position, type, text, target_type, target_verse_dn, target_location_dn, requirement, result, hidden, once, condition_group, conditional_targets, children) VALUES (288, 121, 0, 'choice', 'Отправиться за похитителями. Нельзя было терять время!', 'verse', 22, NULL, NULL, NULL, NULL, FALSE, NULL, NULL, NULL);
INSERT INTO options (id, verse_id, position, type, text, target_type, target_verse_dn, target_location_dn, requirement, result, hidden, once, condition_group, conditional_targets, children) VALUES (289, 121, 1, 'choice', 'Расспросить Магнуса. Знал ли он этих людей или причину их действий?', 'verse', 23, NULL, 'Нужно хотя бы 3 очка @Aggression@ или 3 очка @Practicality@.', NULL, NULL, FALSE, NULL, NULL, NULL);
INSERT INTO verses (id, location_id, display_number) VALUES (122, 10, 15);
INSERT INTO options (id, verse_id, position, type, text, target_type, target_verse_dn, target_location_dn, requirement, result, hidden, once, condition_group, conditional_targets, children) VALUES (290, 122, 0, 'choice', 'Продолжить.', 'verse', 12, NULL, NULL, NULL, NULL, FALSE, NULL, NULL, NULL);
INSERT INTO verses (id, location_id, display_number) VALUES (123, 10, 16);
INSERT INTO options (id, verse_id, position, type, text, target_type, target_verse_dn, target_location_dn, requirement, result, hidden, once, condition_group, conditional_targets, children) VALUES (291, 123, 0, 'choice', 'Продолжить.', 'verse', 27, NULL, NULL, NULL, NULL, FALSE, NULL, NULL, NULL);
INSERT INTO verses (id, location_id, display_number) VALUES (124, 10, 17);
INSERT INTO options (id, verse_id, position, type, text, target_type, target_verse_dn, target_location_dn, requirement, result, hidden, once, condition_group, conditional_targets, children) VALUES (292, 124, 0, 'choice', 'Отговорить их от этого безумного плана.', 'verse', 19, NULL, NULL, NULL, NULL, FALSE, NULL, NULL, NULL);
INSERT INTO options (id, verse_id, position, type, text, target_type, target_verse_dn, target_location_dn, requirement, result, hidden, once, condition_group, conditional_targets, children) VALUES (293, 124, 1, 'choice', 'Попытаться вырваться и бежать на свадьбу.', 'verse', 20, NULL, NULL, NULL, NULL, FALSE, NULL, NULL, NULL);
INSERT INTO options (id, verse_id, position, type, text, target_type, target_verse_dn, target_location_dn, requirement, result, hidden, once, condition_group, conditional_targets, children) VALUES (294, 124, 2, 'choice', 'Согласиться помочь им, но с условием, что Айлена не пострадает.', 'verse', 16, NULL, NULL, NULL, NULL, FALSE, NULL, NULL, NULL);
INSERT INTO verses (id, location_id, display_number) VALUES (125, 10, 18);
INSERT INTO options (id, verse_id, position, type, text, target_type, target_verse_dn, target_location_dn, requirement, result, hidden, once, condition_group, conditional_targets, children) VALUES (295, 125, 0, 'choice', 'Продолжить.', 'verse', 12, NULL, NULL, 'Поместите 1 @QuestToken@ в эту локацию.', NULL, FALSE, NULL, NULL, NULL);
INSERT INTO verses (id, location_id, display_number) VALUES (126, 10, 19);
INSERT INTO options (id, verse_id, position, type, text, target_type, target_verse_dn, target_location_dn, requirement, result, hidden, once, condition_group, conditional_targets, children) VALUES (296, 126, 0, 'choice', 'Продолжить.', 'end', NULL, NULL, NULL, 'Каждый персонаж получает 1 @Terror@.  Получите часть 5 достижения «Дружба со знатью».  Исследование окончено.', NULL, FALSE, NULL, NULL, NULL);
INSERT INTO verses (id, location_id, display_number) VALUES (127, 10, 20);
INSERT INTO options (id, verse_id, position, type, text, target_type, target_verse_dn, target_location_dn, requirement, result, hidden, once, condition_group, conditional_targets, children) VALUES (297, 127, 0, 'choice', 'Продолжить.', 'end', NULL, NULL, NULL, 'Получите 2 еды за персонажа.  Получите часть 5 достижения «Дружба со знатью».  Исследование окончено.', NULL, FALSE, NULL, NULL, NULL);
INSERT INTO verses (id, location_id, display_number) VALUES (128, 10, 21);
INSERT INTO options (id, verse_id, position, type, text, target_type, target_verse_dn, target_location_dn, requirement, result, hidden, once, condition_group, conditional_targets, children) VALUES (298, 128, 0, 'choice', 'Продолжить.', 'verse', 12, NULL, NULL, 'Поместите 1 @QuestToken@ в эту локацию.', NULL, FALSE, NULL, NULL, NULL);
INSERT INTO verses (id, location_id, display_number) VALUES (129, 10, 22);
INSERT INTO options (id, verse_id, position, type, text, target_type, target_verse_dn, target_location_dn, requirement, result, hidden, once, condition_group, conditional_targets, children) VALUES (299, 129, 0, 'condition', 'Если у вас хотя бы 3 очка @Empathy@ или часть 7 достижения «Планы и интриги».', 'verse', 24, NULL, NULL, NULL, NULL, FALSE, NULL, NULL, NULL);
INSERT INTO options (id, verse_id, position, type, text, target_type, target_verse_dn, target_location_dn, requirement, result, hidden, once, condition_group, conditional_targets, children) VALUES (300, 129, 1, 'condition', 'В противном случае.', 'verse', 26, NULL, NULL, NULL, NULL, FALSE, NULL, NULL, NULL);
INSERT INTO verses (id, location_id, display_number) VALUES (130, 10, 23);
INSERT INTO options (id, verse_id, position, type, text, target_type, target_verse_dn, target_location_dn, requirement, result, hidden, once, condition_group, conditional_targets, children) VALUES (301, 130, 0, 'choice', 'Продолжить.', 'verse', 22, NULL, NULL, 'Получите часть 7 достижения «Планы и интриги».', NULL, FALSE, NULL, NULL, NULL);
INSERT INTO verses (id, location_id, display_number) VALUES (131, 10, 24);
INSERT INTO options (id, verse_id, position, type, text, target_type, target_verse_dn, target_location_dn, requirement, result, hidden, once, condition_group, conditional_targets, children) VALUES (302, 131, 0, 'choice', 'Продолжить.', 'verse', 27, NULL, NULL, NULL, NULL, FALSE, NULL, NULL, NULL);
INSERT INTO verses (id, location_id, display_number) VALUES (132, 10, 25);
INSERT INTO options (id, verse_id, position, type, text, target_type, target_verse_dn, target_location_dn, requirement, result, hidden, once, condition_group, conditional_targets, children) VALUES (303, 132, 0, 'choice', 'Продолжить.', 'verse', 12, NULL, NULL, 'Поместите 1 @QuestToken@ в эту локацию.', NULL, FALSE, NULL, NULL, NULL);
INSERT INTO verses (id, location_id, display_number) VALUES (133, 10, 26);
INSERT INTO options (id, verse_id, position, type, text, target_type, target_verse_dn, target_location_dn, requirement, result, hidden, once, condition_group, conditional_targets, children) VALUES (304, 133, 0, 'choice', 'Продолжить.', 'end', NULL, NULL, NULL, 'Каждый персонаж теряет 1 @Health@ и получает 1 @Terror@.   Получите часть 5 достижения «Дружба со знатью».  Исследование окончено.', NULL, FALSE, NULL, NULL, NULL);
INSERT INTO verses (id, location_id, display_number) VALUES (134, 10, 27);
INSERT INTO options (id, verse_id, position, type, text, target_type, target_verse_dn, target_location_dn, requirement, result, hidden, once, condition_group, conditional_targets, children) VALUES (305, 134, 0, 'choice', 'Продолжить.', 'end', NULL, NULL, NULL, 'Получите 2 золота. Каждый персонаж теряет 1 @Terror@.   Получите часть 5 достижения «Дружба со знатью».  Исследование окончено.', NULL, FALSE, NULL, NULL, NULL);
INSERT INTO verses (id, location_id, display_number) VALUES (135, 10, 28);
INSERT INTO options (id, verse_id, position, type, text, target_type, target_verse_dn, target_location_dn, requirement, result, hidden, once, condition_group, conditional_targets, children) VALUES (306, 135, 0, 'choice', 'Продолжить.', 'verse', 32, NULL, NULL, NULL, NULL, FALSE, NULL, NULL, NULL);
INSERT INTO verses (id, location_id, display_number) VALUES (136, 10, 29);
INSERT INTO options (id, verse_id, position, type, text, target_type, target_verse_dn, target_location_dn, requirement, result, hidden, once, condition_group, conditional_targets, children) VALUES (307, 136, 0, 'choice', 'Продолжить.', 'end', NULL, NULL, NULL, 'Получите 1 магию. Каждый персонаж теряет 1 @Terror@.   Получите часть 6 достижения «Народный герой».  Исследование окончено.', NULL, FALSE, NULL, NULL, NULL);
INSERT INTO verses (id, location_id, display_number) VALUES (137, 10, 30);
INSERT INTO options (id, verse_id, position, type, text, target_type, target_verse_dn, target_location_dn, requirement, result, hidden, once, condition_group, conditional_targets, children) VALUES (308, 137, 0, 'choice', 'Поставить ловушку на берегу.', 'verse', 13, NULL, 'Сбросьте одноразовый предмет «Силки» или потратьте 3 золота.', NULL, NULL, FALSE, NULL, NULL, NULL);
INSERT INTO options (id, verse_id, position, type, text, target_type, target_verse_dn, target_location_dn, requirement, result, hidden, once, condition_group, conditional_targets, children) VALUES (309, 137, 1, 'choice', 'Спрятаться у реки и дождаться ночи.', 'verse', 33, NULL, NULL, NULL, NULL, FALSE, NULL, NULL, NULL);
INSERT INTO verses (id, location_id, display_number) VALUES (138, 10, 31);
INSERT INTO options (id, verse_id, position, type, text, target_type, target_verse_dn, target_location_dn, requirement, result, hidden, once, condition_group, conditional_targets, children) VALUES (310, 138, 0, 'choice', 'Продолжить.', 'verse', 32, NULL, NULL, NULL, NULL, FALSE, NULL, NULL, NULL);
INSERT INTO verses (id, location_id, display_number) VALUES (139, 10, 32);
INSERT INTO options (id, verse_id, position, type, text, target_type, target_verse_dn, target_location_dn, requirement, result, hidden, once, condition_group, conditional_targets, children) VALUES (311, 139, 0, 'choice', 'Продолжить.', 'end', NULL, NULL, NULL, 'Каждый член команды теряет 1 @Health@.  Получите 1 магию.  Получите часть 8 достижения «Что плохо лежит».  Исследование окончено.', NULL, FALSE, NULL, NULL, NULL);
INSERT INTO verses (id, location_id, display_number) VALUES (140, 10, 33);
INSERT INTO options (id, verse_id, position, type, text, target_type, target_verse_dn, target_location_dn, requirement, result, hidden, once, condition_group, conditional_targets, children) VALUES (312, 140, 0, 'choice', 'Продолжить.', 'end', NULL, NULL, NULL, 'Получите 1 золото.  Получите часть 8 достижения «Что плохо лежит».  Исследование окончено.', NULL, FALSE, NULL, NULL, NULL);
INSERT INTO verses (id, location_id, display_number) VALUES (141, 10, 34);
INSERT INTO options (id, verse_id, position, type, text, target_type, target_verse_dn, target_location_dn, requirement, result, hidden, once, condition_group, conditional_targets, children) VALUES (313, 141, 0, 'choice', 'Отказаться и уйти, но спрятаться неподалёку. Может быть, удастся обокрасть водяных духов во время праздника?', 'verse', 33, NULL, NULL, NULL, NULL, FALSE, NULL, NULL, NULL);
INSERT INTO options (id, verse_id, position, type, text, target_type, target_verse_dn, target_location_dn, requirement, result, hidden, once, condition_group, conditional_targets, children) VALUES (314, 141, 1, 'choice', 'Согласиться и поучаствовать в празднике.', 'verse', 36, NULL, NULL, NULL, NULL, FALSE, NULL, NULL, NULL);
INSERT INTO verses (id, location_id, display_number) VALUES (142, 10, 35);
INSERT INTO options (id, verse_id, position, type, text, target_type, target_verse_dn, target_location_dn, requirement, result, hidden, once, condition_group, conditional_targets, children) VALUES (315, 142, 0, 'choice', 'Поставить ловушку на берегу.', 'verse', 13, NULL, 'Сбросьте одноразовый предмет «Силки» или потратьте 3 золота.', NULL, NULL, FALSE, NULL, NULL, NULL);
INSERT INTO options (id, verse_id, position, type, text, target_type, target_verse_dn, target_location_dn, requirement, result, hidden, once, condition_group, conditional_targets, children) VALUES (316, 142, 1, 'choice', 'Поискать кого-то сведущего в магии.', 'verse', 30, NULL, NULL, NULL, NULL, FALSE, NULL, NULL, NULL);
INSERT INTO options (id, verse_id, position, type, text, target_type, target_verse_dn, target_location_dn, requirement, result, hidden, once, condition_group, conditional_targets, children) VALUES (317, 142, 2, 'choice', 'Уйти пока что.', 'end', NULL, NULL, NULL, 'Исследование окончено.', NULL, FALSE, NULL, NULL, NULL);
INSERT INTO verses (id, location_id, display_number) VALUES (143, 10, 36);
INSERT INTO options (id, verse_id, position, type, text, target_type, target_verse_dn, target_location_dn, requirement, result, hidden, once, condition_group, conditional_targets, children) VALUES (318, 143, 0, 'choice', 'Продолжить.', 'end', NULL, NULL, NULL, 'Получите 3 золота и 2 магии.  Получите часть 8 достижения «Что плохо лежит».  Исследование окончено.', NULL, FALSE, NULL, NULL, NULL);
INSERT INTO verses (id, location_id, display_number) VALUES (144, 10, 37);
INSERT INTO options (id, verse_id, position, type, text, target_type, target_verse_dn, target_location_dn, requirement, result, hidden, once, condition_group, conditional_targets, children) VALUES (319, 144, 0, 'choice', 'Продолжить.', 'end', NULL, NULL, NULL, 'Получите 3 магии.  Каждый персонаж теряет 2 @Terror@.  Получите часть 6 достижения «Народный герой».  Исследование окончено.', NULL, FALSE, NULL, NULL, NULL);

INSERT INTO locations (id, campaign_id, display_number, name) VALUES (11, 1, 111, 'Камнезубые холмы');
INSERT INTO verses (id, location_id, display_number) VALUES (145, 11, 0);
INSERT INTO options (id, verse_id, position, type, text, target_type, target_verse_dn, target_location_dn, requirement, result, hidden, once, condition_group, conditional_targets, children) VALUES (320, 145, 0, 'condition', 'Если вы проходите главу 5, часть 2.', 'verse', 2, NULL, NULL, NULL, NULL, FALSE, NULL, NULL, NULL);
INSERT INTO options (id, verse_id, position, type, text, target_type, target_verse_dn, target_location_dn, requirement, result, hidden, once, condition_group, conditional_targets, children) VALUES (321, 145, 1, 'condition', 'Если вы проходите главу 5, часть 4, и у вас есть карта секрета 10.', 'verse', 6, NULL, NULL, NULL, NULL, FALSE, NULL, NULL, NULL);
INSERT INTO options (id, verse_id, position, type, text, target_type, target_verse_dn, target_location_dn, requirement, result, hidden, once, condition_group, conditional_targets, children) VALUES (322, 145, 2, 'condition', 'Если вы проходите главу 10.', 'verse', 8, NULL, NULL, NULL, NULL, FALSE, NULL, NULL, NULL);
INSERT INTO options (id, verse_id, position, type, text, target_type, target_verse_dn, target_location_dn, requirement, result, hidden, once, condition_group, conditional_targets, children) VALUES (323, 145, 3, 'choice', '1 @Energy@ Поприветствовать странников с юга.', 'verse', 1, NULL, NULL, NULL, NULL, FALSE, NULL, NULL, NULL);
INSERT INTO options (id, verse_id, position, type, text, target_type, target_verse_dn, target_location_dn, requirement, result, hidden, once, condition_group, conditional_targets, children) VALUES (324, 145, 4, 'choice', '1 @Energy@ Забраться на вершину самого высокого холма.', 'verse', 3, NULL, NULL, NULL, NULL, FALSE, NULL, NULL, NULL);
INSERT INTO options (id, verse_id, position, type, text, target_type, target_verse_dn, target_location_dn, requirement, result, hidden, once, condition_group, conditional_targets, children) VALUES (325, 145, 5, 'choice', 'Подойти к лагерю.', 'verse', 4, NULL, NULL, NULL, NULL, FALSE, NULL, NULL, NULL);
INSERT INTO options (id, verse_id, position, type, text, target_type, target_verse_dn, target_location_dn, requirement, result, hidden, once, condition_group, conditional_targets, children) VALUES (326, 145, 6, 'choice', 'Отправиться на восток, в Лотиан.', 'verse', 7, NULL, 'Нужны все персонажи и глава 6—10.', NULL, NULL, FALSE, NULL, NULL, NULL);
INSERT INTO options (id, verse_id, position, type, text, target_type, target_verse_dn, target_location_dn, requirement, result, hidden, once, condition_group, conditional_targets, children) VALUES (327, 145, 7, 'choice', 'Уйти.', 'end', NULL, NULL, NULL, 'Исследование окончено.', NULL, FALSE, NULL, NULL, NULL);
INSERT INTO verses (id, location_id, display_number) VALUES (146, 11, 1);
INSERT INTO options (id, verse_id, position, type, text, target_type, target_verse_dn, target_location_dn, requirement, result, hidden, once, condition_group, conditional_targets, children) VALUES (328, 146, 0, 'condition', 'Если вы проходите главу 7—10.', 'end', NULL, NULL, NULL, 'Вы не узнаёте ничего нового.  Исследование окончено.', NULL, FALSE, NULL, NULL, NULL);
INSERT INTO options (id, verse_id, position, type, text, target_type, target_verse_dn, target_location_dn, requirement, result, hidden, once, condition_group, conditional_targets, children) VALUES (329, 146, 1, 'condition', 'Если вы проходите главу 6.', 'end', NULL, NULL, NULL, 'Исследование окончено.', NULL, FALSE, NULL, NULL, NULL);
INSERT INTO options (id, verse_id, position, type, text, target_type, target_verse_dn, target_location_dn, requirement, result, hidden, once, condition_group, conditional_targets, children) VALUES (330, 146, 2, 'choice', 'Продолжить.', 'end', NULL, NULL, NULL, 'Исследование окончено.', NULL, FALSE, 'В противном случае.', NULL, NULL);
INSERT INTO verses (id, location_id, display_number) VALUES (147, 11, 2);
INSERT INTO options (id, verse_id, position, type, text, target_type, target_verse_dn, target_location_dn, requirement, result, hidden, once, condition_group, conditional_targets, children) VALUES (331, 147, 0, 'choice', 'Продолжить.', 'end', NULL, NULL, NULL, 'Исследование окончено.', NULL, FALSE, NULL, NULL, NULL);
INSERT INTO verses (id, location_id, display_number) VALUES (148, 11, 3);
INSERT INTO options (id, verse_id, position, type, text, target_type, target_verse_dn, target_location_dn, requirement, result, hidden, once, condition_group, conditional_targets, children) VALUES (332, 148, 0, 'choice', 'Продолжить.', 'end', NULL, NULL, NULL, 'Исследование окончено.', NULL, FALSE, NULL, NULL, NULL);
INSERT INTO verses (id, location_id, display_number) VALUES (149, 11, 4);
INSERT INTO options (id, verse_id, position, type, text, target_type, target_verse_dn, target_location_dn, requirement, result, hidden, once, condition_group, conditional_targets, children) VALUES (333, 149, 0, 'condition', 'Если вы играете за Юнис.', 'verse', 5, NULL, NULL, NULL, NULL, FALSE, NULL, NULL, NULL);
INSERT INTO options (id, verse_id, position, type, text, target_type, target_verse_dn, target_location_dn, requirement, result, hidden, once, condition_group, conditional_targets, children) VALUES (334, 149, 1, 'choice', '1 @Energy@ Купить карту Тропы рабов.', 'end', NULL, NULL, 'Потратьте 2 золота.', 'Получите часть 7 достижения «Топография».  Исследование окончено.', NULL, FALSE, NULL, NULL, NULL);
INSERT INTO options (id, verse_id, position, type, text, target_type, target_verse_dn, target_location_dn, requirement, result, hidden, once, condition_group, conditional_targets, children) VALUES (335, 149, 2, 'choice', '1 @Energy@ Купить или продать другие товары.', 'cross_location', 634, 1001, NULL, NULL, NULL, FALSE, NULL, NULL, NULL);
INSERT INTO options (id, verse_id, position, type, text, target_type, target_verse_dn, target_location_dn, requirement, result, hidden, once, condition_group, conditional_targets, children) VALUES (336, 149, 3, 'choice', 'Уйти.', 'end', NULL, NULL, NULL, 'Исследование окончено.', NULL, FALSE, NULL, NULL, NULL);
INSERT INTO verses (id, location_id, display_number) VALUES (150, 11, 5);
INSERT INTO options (id, verse_id, position, type, text, target_type, target_verse_dn, target_location_dn, requirement, result, hidden, once, condition_group, conditional_targets, children) VALUES (337, 150, 0, 'choice', 'Поторговать с ними.', 'cross_location', 634, 1001, NULL, NULL, NULL, FALSE, NULL, NULL, NULL);
INSERT INTO options (id, verse_id, position, type, text, target_type, target_verse_dn, target_location_dn, requirement, result, hidden, once, condition_group, conditional_targets, children) VALUES (338, 150, 1, 'choice', 'Уйти.', 'end', NULL, NULL, NULL, 'Исследование окончено.', NULL, FALSE, NULL, NULL, NULL);
INSERT INTO verses (id, location_id, display_number) VALUES (151, 11, 6);
INSERT INTO options (id, verse_id, position, type, text, target_type, target_verse_dn, target_location_dn, requirement, result, hidden, once, condition_group, conditional_targets, children) VALUES (339, 151, 0, 'choice', 'Устроить привал. Вы разведёте огонь, поедите и поболтаете в последний раз.', 'cross_location', 605, 1001, 'Только если у вас не больше четырёх частей достижения «Истории у костра».', NULL, NULL, FALSE, NULL, NULL, NULL);
INSERT INTO options (id, verse_id, position, type, text, target_type, target_verse_dn, target_location_dn, requirement, result, hidden, once, condition_group, conditional_targets, children) VALUES (340, 151, 1, 'choice', 'Продолжить свой путь. Прошло уже достаточно времени. Чем скорее вы исполните свою задачу, тем лучше.', 'cross_location', 790, 1001, NULL, NULL, NULL, FALSE, NULL, NULL, NULL);
INSERT INTO verses (id, location_id, display_number) VALUES (152, 11, 7);
INSERT INTO options (id, verse_id, position, type, text, target_type, target_verse_dn, target_location_dn, requirement, result, hidden, once, condition_group, conditional_targets, children) VALUES (341, 152, 0, 'choice', 'Продолжить.', 'cross_location', 1142, 1001, NULL, NULL, NULL, FALSE, NULL, NULL, NULL);
INSERT INTO verses (id, location_id, display_number) VALUES (153, 11, 8);
INSERT INTO options (id, verse_id, position, type, text, target_type, target_verse_dn, target_location_dn, requirement, result, hidden, once, condition_group, conditional_targets, children) VALUES (342, 153, 0, 'choice', 'Отправиться в Туатан. Последний отрезок вашего путешествия начинается.', 'cross_location', 1124, 1001, 'Нужны все персонажи.', NULL, NULL, FALSE, NULL, NULL, NULL);
INSERT INTO options (id, verse_id, position, type, text, target_type, target_verse_dn, target_location_dn, requirement, result, hidden, once, condition_group, conditional_targets, children) VALUES (343, 153, 1, 'choice', 'Уйти. Предтеча кивает и поторапливает вас.', 'end', NULL, NULL, NULL, 'Исследование окончено.', NULL, FALSE, NULL, NULL, NULL);

INSERT INTO locations (id, campaign_id, display_number, name) VALUES (12, 1, 112, 'Надлесье');
INSERT INTO verses (id, location_id, display_number) VALUES (154, 12, 0);
INSERT INTO options (id, verse_id, position, type, text, target_type, target_verse_dn, target_location_dn, requirement, result, hidden, once, condition_group, conditional_targets, children) VALUES (344, 154, 0, 'condition', 'Продолжить.', 'cross_location', 800, 1001, NULL, NULL, NULL, FALSE, 'Если вы проходите главу 6—10 и в этой локации находятся все персонажи, вы можете нажать сюда, чтобы вернуться на перевал Короля.', NULL, NULL);
INSERT INTO options (id, verse_id, position, type, text, target_type, target_verse_dn, target_location_dn, requirement, result, hidden, once, condition_group, conditional_targets, children) VALUES (345, 154, 1, 'condition', 'Если вы проходите главу 2, часть 1.', 'verse', 1, NULL, NULL, NULL, NULL, FALSE, NULL, NULL, NULL);
INSERT INTO options (id, verse_id, position, type, text, target_type, target_verse_dn, target_location_dn, requirement, result, hidden, once, condition_group, conditional_targets, children) VALUES (346, 154, 2, 'choice', 'Продолжить.', 'cross_location', 722, 1001, NULL, NULL, NULL, FALSE, 'Если вы проходите главу 5, часть 2, и у вас есть карта секрета 10.', NULL, NULL);
INSERT INTO options (id, verse_id, position, type, text, target_type, target_verse_dn, target_location_dn, requirement, result, hidden, once, condition_group, conditional_targets, children) VALUES (347, 154, 3, 'choice', 'Продолжить.', 'end', NULL, NULL, NULL, 'Исследование окончено.', NULL, FALSE, 'В противном случае.', NULL, NULL);
INSERT INTO verses (id, location_id, display_number) VALUES (155, 12, 1);
INSERT INTO options (id, verse_id, position, type, text, target_type, target_verse_dn, target_location_dn, requirement, result, hidden, once, condition_group, conditional_targets, children) VALUES (348, 155, 0, 'choice', '3 @Energy@ Проводить экспедицию к месту назначения.', 'cross_location', 185, 999, 'Нужна часть 4 достижения «Топография».', NULL, NULL, FALSE, NULL, NULL, NULL);
INSERT INTO options (id, verse_id, position, type, text, target_type, target_verse_dn, target_location_dn, requirement, result, hidden, once, condition_group, conditional_targets, children) VALUES (349, 155, 1, 'choice', '1 @Energy@ Поторговать в лагере. Запастись провизией перед уходом не помешает. Как знать, насколько далеко простирался этот лес.', 'verse', 6, NULL, NULL, NULL, NULL, FALSE, NULL, NULL, NULL);
INSERT INTO options (id, verse_id, position, type, text, target_type, target_verse_dn, target_location_dn, requirement, result, hidden, once, condition_group, conditional_targets, children) VALUES (350, 155, 2, 'choice', '1 @Energy@ Запросить аудиенцию у короля Лота.', 'end', NULL, NULL, NULL, NULL, NULL, FALSE, NULL, NULL, '[{"type": "choice", "text": "Спросить его, почему он боится леса.", "target": "end", "children": [{"type": "choice", "text": "Продолжить.", "target": "end", "result": "Исследование окончено."}]}, {"type": "choice", "text": "Сообщить ему о просьбе его супруги. Королеве Ольфриде это не понравится…", "target": {"location": 999, "verse": 258}, "requirement": "Нужна часть 2 достижения «Небольшая услуга»."}, {"type": "choice", "text": "Сообщить ему о просьбе его сына. Аэду это не понравится…", "target": {"location": 999, "verse": 255}, "requirement": "Нужна часть 4 достижения «Небольшая услуга»."}, {"type": "choice", "text": "Сообщить ему о просьбе близнецов. Близнецам это не понравится…", "target": {"location": 999, "verse": 251}, "requirement": "Нужна часть 3 достижения «Небольшая услуга»."}, {"type": "choice", "text": "Оставить его в покое. Сейчас не время и не место отвлекать короля.", "target": "end", "result": "Исследование окончено."}]'::jsonb);
INSERT INTO options (id, verse_id, position, type, text, target_type, target_verse_dn, target_location_dn, requirement, result, hidden, once, condition_group, conditional_targets, children) VALUES (351, 155, 3, 'choice', '1 @Energy@ Запросить аудиенцию у супруги Лота. Говорят, красоту королевы затмевает только её острый ум.', 'end', NULL, NULL, NULL, NULL, NULL, FALSE, NULL, NULL, '[{"type": "condition", "text": "Если у вас есть карта секрета 12.", "target": {"verse": 2}}, {"type": "choice", "text": "Продолжить.", "target": "end", "result": "Исследование окончено.", "conditionGroup": "Если у вас есть часть 2 достижения «Небольшая услуга»."}, {"type": "choice", "text": "Продолжить.", "target": {"verse": 4}, "conditionGroup": "Если у вас есть часть 2 достижения «Наглость»."}, {"type": "condition", "text": "Если у вас есть часть 1 достижения «Наглость».", "target": {"verse": 3}}, {"type": "condition", "text": "Если развязка @GreenOutcome@.", "target": {"verse": 4}, "result": "Не получайте награду."}, {"type": "condition", "text": "В противном случае.", "target": "end", "result": "Исследование окончено."}]'::jsonb);
INSERT INTO options (id, verse_id, position, type, text, target_type, target_verse_dn, target_location_dn, requirement, result, hidden, once, condition_group, conditional_targets, children) VALUES (352, 155, 4, 'choice', '1 @Energy@ Найти Скорбных близнецов. Дети Лота спрятаны где-то в глубине этого огромного лагеря. Чтобы их найти, придётся позолотить ручку не одному придворному.', 'verse', 8, NULL, 'Потратьте 1 золото.', NULL, NULL, FALSE, NULL, NULL, NULL);
INSERT INTO options (id, verse_id, position, type, text, target_type, target_verse_dn, target_location_dn, requirement, result, hidden, once, condition_group, conditional_targets, children) VALUES (353, 155, 5, 'choice', 'Посетить квартирмейстера.', 'cross_location', 228, 999, NULL, NULL, NULL, FALSE, NULL, NULL, NULL);
INSERT INTO options (id, verse_id, position, type, text, target_type, target_verse_dn, target_location_dn, requirement, result, hidden, once, condition_group, conditional_targets, children) VALUES (354, 155, 6, 'choice', 'Вернуться на перевал Короля.', 'end', NULL, NULL, 'Если вы проходите главу 6 или более позднюю и в этой локации находятся все персонажи.', NULL, NULL, FALSE, NULL, NULL, '[{"type": "condition", "text": "Продолжить.", "target": {"location": 1001, "verse": 800}}]'::jsonb);
INSERT INTO options (id, verse_id, position, type, text, target_type, target_verse_dn, target_location_dn, requirement, result, hidden, once, condition_group, conditional_targets, children) VALUES (355, 155, 7, 'choice', 'Уйти.', 'end', NULL, NULL, NULL, 'Исследование окончено.', NULL, FALSE, NULL, NULL, NULL);
INSERT INTO verses (id, location_id, display_number) VALUES (156, 12, 2);
INSERT INTO options (id, verse_id, position, type, text, target_type, target_verse_dn, target_location_dn, requirement, result, hidden, once, condition_group, conditional_targets, children) VALUES (356, 156, 0, 'choice', 'Уйти.', 'end', NULL, NULL, NULL, 'Исследование окончено.', NULL, FALSE, NULL, NULL, NULL);
INSERT INTO options (id, verse_id, position, type, text, target_type, target_verse_dn, target_location_dn, requirement, result, hidden, once, condition_group, conditional_targets, children) VALUES (357, 156, 1, 'choice', 'Отдать ей фолиант.', 'cross_location', 6, 999, NULL, NULL, NULL, FALSE, NULL, NULL, NULL);
INSERT INTO verses (id, location_id, display_number) VALUES (157, 12, 3);
INSERT INTO options (id, verse_id, position, type, text, target_type, target_verse_dn, target_location_dn, requirement, result, hidden, once, condition_group, conditional_targets, children) VALUES (358, 157, 0, 'choice', 'Если у вас 1 очко @Empathy@ или меньше.', 'end', NULL, NULL, NULL, 'Исследование окончено.', NULL, FALSE, NULL, NULL, NULL);
INSERT INTO options (id, verse_id, position, type, text, target_type, target_verse_dn, target_location_dn, requirement, result, hidden, once, condition_group, conditional_targets, children) VALUES (359, 157, 1, 'choice', 'В противном случае.', 'end', NULL, NULL, NULL, NULL, NULL, FALSE, NULL, NULL, '[{"type": "choice", "text": "Дать ему денег.", "target": {"verse": 4}, "requirement": "Потратьте 2 золота за персонажа."}, {"type": "choice", "text": "Уйти.", "target": "end", "result": "Исследование окончено."}]'::jsonb);
INSERT INTO verses (id, location_id, display_number) VALUES (158, 12, 4);
INSERT INTO options (id, verse_id, position, type, text, target_type, target_verse_dn, target_location_dn, requirement, result, hidden, once, condition_group, conditional_targets, children) VALUES (360, 158, 0, 'choice', 'Согласиться выполнить просьбу королевы. Ольфрида так обрадовалась, что даже заплатила вам аванс за ваши услуги.', 'end', NULL, NULL, NULL, 'Получите 1 золото и часть 2 достижения «Небольшая услуга».  Исследование окончено.', NULL, FALSE, NULL, NULL, NULL);
INSERT INTO options (id, verse_id, position, type, text, target_type, target_verse_dn, target_location_dn, requirement, result, hidden, once, condition_group, conditional_targets, children) VALUES (361, 158, 1, 'choice', 'Отказаться. Вы решили сначала всё хорошенько обдумать.', 'end', NULL, NULL, NULL, 'Исследование окончено.', NULL, FALSE, NULL, NULL, NULL);
INSERT INTO verses (id, location_id, display_number) VALUES (159, 12, 5);
INSERT INTO options (id, verse_id, position, type, text, target_type, target_verse_dn, target_location_dn, requirement, result, hidden, once, condition_group, conditional_targets, children) VALUES (362, 159, 0, 'condition', 'Продолжить.', 'cross_location', 185, 999, NULL, NULL, NULL, FALSE, NULL, NULL, NULL);
INSERT INTO verses (id, location_id, display_number) VALUES (160, 12, 6);
INSERT INTO options (id, verse_id, position, type, text, target_type, target_verse_dn, target_location_dn, requirement, result, hidden, once, condition_group, conditional_targets, children) VALUES (363, 160, 0, 'choice', 'Купить или продать еду и предметы.', 'cross_location', 698, 1001, NULL, NULL, NULL, FALSE, NULL, NULL, NULL);
INSERT INTO options (id, verse_id, position, type, text, target_type, target_verse_dn, target_location_dn, requirement, result, hidden, once, condition_group, conditional_targets, children) VALUES (364, 160, 1, 'choice', 'Попытаться уйти.', 'end', NULL, NULL, 'Если у вас есть часть 5 достижения «Небольшая услуга».', 'Исследование окончено.', NULL, FALSE, NULL, NULL, NULL);
INSERT INTO options (id, verse_id, position, type, text, target_type, target_verse_dn, target_location_dn, requirement, result, hidden, once, condition_group, conditional_targets, children) VALUES (365, 160, 2, 'choice', 'Попытаться уйти.', 'cross_location', 228, 999, NULL, NULL, NULL, FALSE, NULL, NULL, NULL);
INSERT INTO verses (id, location_id, display_number) VALUES (161, 12, 7);
INSERT INTO options (id, verse_id, position, type, text, target_type, target_verse_dn, target_location_dn, requirement, result, hidden, once, condition_group, conditional_targets, children) VALUES (366, 161, 0, 'condition', 'Продолжить.', 'cross_location', 228, 999, NULL, NULL, NULL, FALSE, NULL, NULL, NULL);
INSERT INTO verses (id, location_id, display_number) VALUES (162, 12, 8);
INSERT INTO options (id, verse_id, position, type, text, target_type, target_verse_dn, target_location_dn, requirement, result, hidden, once, condition_group, conditional_targets, children) VALUES (367, 162, 0, 'choice', 'Если у вас есть часть 1 достижения «Небольшая услуга».', 'end', NULL, NULL, NULL, 'Близнецы вас не примут.  Исследование окончено.', NULL, FALSE, NULL, NULL, NULL);
INSERT INTO options (id, verse_id, position, type, text, target_type, target_verse_dn, target_location_dn, requirement, result, hidden, once, condition_group, conditional_targets, children) VALUES (368, 162, 1, 'choice', 'Если у вас есть часть 6 достижения «Небольшая услуга».', 'cross_location', 132, 999, NULL, NULL, NULL, FALSE, NULL, NULL, NULL);
INSERT INTO options (id, verse_id, position, type, text, target_type, target_verse_dn, target_location_dn, requirement, result, hidden, once, condition_group, conditional_targets, children) VALUES (369, 162, 2, 'choice', 'Если у вас есть часть 3 достижения «Небольшая услуга».', 'end', NULL, NULL, NULL, 'Близнецы вас не примут.  Исследование окончено.', NULL, FALSE, NULL, NULL, NULL);
INSERT INTO options (id, verse_id, position, type, text, target_type, target_verse_dn, target_location_dn, requirement, result, hidden, once, condition_group, conditional_targets, children) VALUES (370, 162, 3, 'choice', 'В противном случае.', 'cross_location', 136, 999, NULL, NULL, NULL, FALSE, NULL, NULL, NULL);
INSERT INTO verses (id, location_id, display_number) VALUES (163, 12, 9);
INSERT INTO options (id, verse_id, position, type, text, target_type, target_verse_dn, target_location_dn, requirement, result, hidden, once, condition_group, conditional_targets, children) VALUES (371, 163, 0, 'condition', 'Продолжить.', 'cross_location', 251, 999, NULL, NULL, NULL, FALSE, NULL, NULL, NULL);

INSERT INTO locations (id, campaign_id, display_number, name) VALUES (13, 1, 113, 'Заплуталый лес');
INSERT INTO verses (id, location_id, display_number) VALUES (164, 13, 0);
INSERT INTO options (id, verse_id, position, type, text, target_type, target_verse_dn, target_location_dn, requirement, result, hidden, once, condition_group, conditional_targets, children) VALUES (372, 164, 0, 'condition', 'Если вы проходите главу 2, часть 1.', 'verse', 3, NULL, NULL, NULL, NULL, FALSE, NULL, NULL, NULL);
INSERT INTO options (id, verse_id, position, type, text, target_type, target_verse_dn, target_location_dn, requirement, result, hidden, once, condition_group, conditional_targets, children) VALUES (373, 164, 1, 'condition', 'Если у вас есть синий светофильтр.', 'cross_location', 786, 1001, 'Если у вас нет части 8 достижения «Сквозь искажень-стекло».', NULL, NULL, FALSE, NULL, NULL, NULL);
INSERT INTO options (id, verse_id, position, type, text, target_type, target_verse_dn, target_location_dn, requirement, result, hidden, once, condition_group, conditional_targets, children) VALUES (374, 164, 2, 'condition', 'Если вы проходите главу 5—10.', 'verse', 2, NULL, NULL, NULL, NULL, FALSE, NULL, NULL, NULL);
INSERT INTO options (id, verse_id, position, type, text, target_type, target_verse_dn, target_location_dn, requirement, result, hidden, once, condition_group, conditional_targets, children) VALUES (375, 164, 3, 'choice', 'Продолжить.', 'end', NULL, NULL, NULL, 'Если в этой локации нет @QuestToken@, поместите сюда 1 @QuestToken@.  Исследование окончено.', NULL, FALSE, 'Если в локации 115 есть @QuestToken@.', NULL, NULL);
INSERT INTO options (id, verse_id, position, type, text, target_type, target_verse_dn, target_location_dn, requirement, result, hidden, once, condition_group, conditional_targets, children) VALUES (376, 164, 4, 'condition', 'В противном случае.', 'end', NULL, NULL, NULL, 'Уберите все @QuestToken@ из локаций 113 и 114.  Исследование окончено.', NULL, FALSE, NULL, NULL, NULL);
INSERT INTO verses (id, location_id, display_number) VALUES (165, 13, 1);
INSERT INTO options (id, verse_id, position, type, text, target_type, target_verse_dn, target_location_dn, requirement, result, hidden, once, condition_group, conditional_targets, children) VALUES (377, 165, 0, 'choice', 'Согласиться.', 'end', NULL, NULL, NULL, 'Получите часть 4 достижения «Небольшая услуга».', NULL, FALSE, NULL, NULL, '[{"type": "choice", "text": "Продолжить.", "target": "end", "result": "Получите часть 3 достижения «Топография».  Исследование окончено."}]'::jsonb);
INSERT INTO options (id, verse_id, position, type, text, target_type, target_verse_dn, target_location_dn, requirement, result, hidden, once, condition_group, conditional_targets, children) VALUES (378, 165, 1, 'choice', 'Отказаться.', 'end', NULL, NULL, NULL, 'Принц Аэд покачал головой и вернулся к своему кровавому делу.  Исследование окончено.', NULL, FALSE, NULL, NULL, NULL);
INSERT INTO verses (id, location_id, display_number) VALUES (166, 13, 2);
INSERT INTO options (id, verse_id, position, type, text, target_type, target_verse_dn, target_location_dn, requirement, result, hidden, once, condition_group, conditional_targets, children) VALUES (379, 166, 0, 'choice', 'Продолжить.', 'end', NULL, NULL, NULL, 'Бросьте кубик и добавьте значение вашей @Practicality@. Если результат 4 или меньше, возьмите зелёную карту встречи и проведите её.  Вне зависимости от итога встречи исследование окончено.', NULL, FALSE, NULL, NULL, NULL);
INSERT INTO verses (id, location_id, display_number) VALUES (167, 13, 3);
INSERT INTO options (id, verse_id, position, type, text, target_type, target_verse_dn, target_location_dn, requirement, result, hidden, once, condition_group, conditional_targets, children) VALUES (380, 167, 0, 'condition', 'Если у вас есть часть 4 достижения «Небольшая услуга» или хотя бы одна часть достижения «Время идёт (глава 2)».', 'end', NULL, NULL, NULL, 'Здесь больше ничего не удастся найти.  Исследование окончено.', NULL, FALSE, NULL, NULL, NULL);
INSERT INTO options (id, verse_id, position, type, text, target_type, target_verse_dn, target_location_dn, requirement, result, hidden, once, condition_group, conditional_targets, children) VALUES (381, 167, 1, 'choice', 'Пожать ему руку.', 'verse', 1, NULL, NULL, NULL, NULL, FALSE, NULL, NULL, NULL);
INSERT INTO options (id, verse_id, position, type, text, target_type, target_verse_dn, target_location_dn, requirement, result, hidden, once, condition_group, conditional_targets, children) VALUES (382, 167, 2, 'choice', 'Отказаться пожать ему руку.', 'end', NULL, NULL, NULL, NULL, NULL, FALSE, NULL, NULL, '[{"type": "choice", "text": "Согласиться.", "target": "end", "result": "Получите часть 4 достижения «Небольшая услуга».", "children": [{"type": "choice", "text": "Продолжить.", "target": "end", "result": "Получите часть 3 достижения «Топография».  Исследование окончено."}]}, {"type": "choice", "text": "Отказаться. Принц Аэд покачал головой и вернулся к своему кровавому делу.", "target": "end", "result": "Исследование окончено."}]'::jsonb);
INSERT INTO verses (id, location_id, display_number) VALUES (168, 13, 4);

INSERT INTO locations (id, campaign_id, display_number, name) VALUES (14, 1, 114, 'Заплуталый лес');
INSERT INTO verses (id, location_id, display_number) VALUES (169, 14, 0);
INSERT INTO options (id, verse_id, position, type, text, target_type, target_verse_dn, target_location_dn, requirement, result, hidden, once, condition_group, conditional_targets, children) VALUES (383, 169, 0, 'condition', 'Если вы проходите главу 2, часть 1.', 'verse', 2, NULL, NULL, NULL, NULL, FALSE, NULL, NULL, NULL);
INSERT INTO options (id, verse_id, position, type, text, target_type, target_verse_dn, target_location_dn, requirement, result, hidden, once, condition_group, conditional_targets, children) VALUES (384, 169, 1, 'condition', 'Если у вас есть синий светофильтр.', 'cross_location', 786, 1001, 'Если у вас нет части 8 достижения «Сквозь искажень-стекло».', NULL, NULL, FALSE, NULL, NULL, NULL);
INSERT INTO options (id, verse_id, position, type, text, target_type, target_verse_dn, target_location_dn, requirement, result, hidden, once, condition_group, conditional_targets, children) VALUES (385, 169, 2, 'condition', 'Если вы проходите главу 5—10.', 'verse', 8, NULL, NULL, NULL, NULL, FALSE, NULL, NULL, NULL);
INSERT INTO options (id, verse_id, position, type, text, target_type, target_verse_dn, target_location_dn, requirement, result, hidden, once, condition_group, conditional_targets, children) VALUES (386, 169, 3, 'condition', 'Если у вас есть часть 1 достижения «Семейные тайны».', 'verse', 2, NULL, NULL, NULL, NULL, FALSE, NULL, NULL, NULL);
INSERT INTO options (id, verse_id, position, type, text, target_type, target_verse_dn, target_location_dn, requirement, result, hidden, once, condition_group, conditional_targets, children) VALUES (387, 169, 4, 'condition', 'Если в локациях 113 и 115 есть @QuestToken@.', 'cross_location', 10, 999, NULL, NULL, NULL, FALSE, NULL, NULL, NULL);
INSERT INTO options (id, verse_id, position, type, text, target_type, target_verse_dn, target_location_dn, requirement, result, hidden, once, condition_group, conditional_targets, children) VALUES (388, 169, 5, 'condition', 'Если только в локации 113 или только в локации 115 есть @QuestToken@.', 'verse', 6, NULL, NULL, NULL, NULL, FALSE, NULL, NULL, NULL);
INSERT INTO options (id, verse_id, position, type, text, target_type, target_verse_dn, target_location_dn, requirement, result, hidden, once, condition_group, conditional_targets, children) VALUES (389, 169, 6, 'condition', 'В противном случае.', 'verse', 7, NULL, NULL, NULL, NULL, FALSE, NULL, NULL, NULL);
INSERT INTO verses (id, location_id, display_number) VALUES (170, 14, 1);
INSERT INTO options (id, verse_id, position, type, text, target_type, target_verse_dn, target_location_dn, requirement, result, hidden, once, condition_group, conditional_targets, children) VALUES (390, 170, 0, 'choice', 'Продолжить.', 'end', NULL, NULL, NULL, 'Получите часть 3 достижения «Топография».  Исследование окончено.', NULL, FALSE, NULL, NULL, NULL);
INSERT INTO verses (id, location_id, display_number) VALUES (171, 14, 2);
INSERT INTO options (id, verse_id, position, type, text, target_type, target_verse_dn, target_location_dn, requirement, result, hidden, once, condition_group, conditional_targets, children) VALUES (391, 171, 0, 'choice', 'Если в этой локации нет @LightTT@.', 'verse', 3, NULL, NULL, NULL, NULL, FALSE, NULL, NULL, NULL);
INSERT INTO options (id, verse_id, position, type, text, target_type, target_verse_dn, target_location_dn, requirement, result, hidden, once, condition_group, conditional_targets, children) VALUES (392, 171, 1, 'choice', 'В противном случае.', 'end', NULL, NULL, NULL, NULL, NULL, FALSE, NULL, NULL, '[{"type": "choice", "text": "2 @Energy@ Усадить окровавленную куклу на землю и подождать.", "target": {"verse": 5}, "requirement": "Нужна часть 3 достижения «Небольшая услуга»."}, {"type": "choice", "text": "1 @Energy@ Поискать дорогу или тропинку.", "target": {"verse": 1}}, {"type": "choice", "text": "Уйти.", "target": "end", "result": "Исследование окончено."}]'::jsonb);
INSERT INTO verses (id, location_id, display_number) VALUES (172, 14, 3);
INSERT INTO options (id, verse_id, position, type, text, target_type, target_verse_dn, target_location_dn, requirement, result, hidden, once, condition_group, conditional_targets, children) VALUES (393, 172, 0, 'choice', 'Бежать.', 'end', NULL, NULL, 'Потратьте 1 @Energy@ за члена команды.', 'Исследование окончено.', NULL, FALSE, NULL, NULL, NULL);
INSERT INTO options (id, verse_id, position, type, text, target_type, target_verse_dn, target_location_dn, requirement, result, hidden, once, condition_group, conditional_targets, children) VALUES (394, 172, 1, 'choice', 'Сражаться.', 'end', NULL, NULL, NULL, 'Поместите 2 @LightTT@ в эту локацию.   Возьмите зелёную карту боевой встречи и проведите её. Вне зависимости от её итога исследование окончено.', NULL, FALSE, NULL, NULL, NULL);
INSERT INTO verses (id, location_id, display_number) VALUES (173, 14, 4);
INSERT INTO options (id, verse_id, position, type, text, target_type, target_verse_dn, target_location_dn, requirement, result, hidden, once, condition_group, conditional_targets, children) VALUES (395, 173, 0, 'condition', 'Продолжить.', 'cross_location', 10, 999, NULL, NULL, NULL, FALSE, NULL, NULL, NULL);
INSERT INTO verses (id, location_id, display_number) VALUES (174, 14, 5);
INSERT INTO options (id, verse_id, position, type, text, target_type, target_verse_dn, target_location_dn, requirement, result, hidden, once, condition_group, conditional_targets, children) VALUES (396, 174, 0, 'condition', 'Если у вас есть часть 6 достижения «Небольшая услуга».', 'end', NULL, NULL, NULL, 'Ничего не происходит.  Исследование окончено.', NULL, FALSE, NULL, NULL, NULL);
INSERT INTO options (id, verse_id, position, type, text, target_type, target_verse_dn, target_location_dn, requirement, result, hidden, once, condition_group, conditional_targets, children) VALUES (397, 174, 1, 'condition', 'В противном случае.', 'cross_location', 80, 999, NULL, NULL, NULL, FALSE, NULL, NULL, NULL);
INSERT INTO verses (id, location_id, display_number) VALUES (175, 14, 6);
INSERT INTO options (id, verse_id, position, type, text, target_type, target_verse_dn, target_location_dn, requirement, result, hidden, once, condition_group, conditional_targets, children) VALUES (398, 175, 0, 'choice', 'Продолжить.', 'end', NULL, NULL, NULL, 'Уберите все @QuestToken@ из локаций 113 и 115.  Исследование окончено.', NULL, FALSE, NULL, NULL, NULL);
INSERT INTO verses (id, location_id, display_number) VALUES (176, 14, 7);
INSERT INTO options (id, verse_id, position, type, text, target_type, target_verse_dn, target_location_dn, requirement, result, hidden, once, condition_group, conditional_targets, children) VALUES (399, 176, 0, 'choice', 'Продолжить.', 'end', NULL, NULL, NULL, 'Если в этой локации нет @QuestToken@, поместите сюда 1 @QuestToken@.  Исследование окончено.', NULL, FALSE, NULL, NULL, NULL);
INSERT INTO verses (id, location_id, display_number) VALUES (177, 14, 8);
INSERT INTO options (id, verse_id, position, type, text, target_type, target_verse_dn, target_location_dn, requirement, result, hidden, once, condition_group, conditional_targets, children) VALUES (400, 177, 0, 'choice', 'Продолжить.', 'end', NULL, NULL, NULL, 'Бросьте кубик и добавьте значение вашей @Caution@. Если результат 4 или меньше, возьмите фиолетовую карту встречи и проведите её.  Вне зависимости от итога встречи исследование окончено.', NULL, FALSE, NULL, NULL, NULL);

INSERT INTO locations (id, campaign_id, display_number, name) VALUES (15, 1, 115, 'Заплуталый лес');
INSERT INTO verses (id, location_id, display_number) VALUES (178, 15, 0);
INSERT INTO options (id, verse_id, position, type, text, target_type, target_verse_dn, target_location_dn, requirement, result, hidden, once, condition_group, conditional_targets, children) VALUES (401, 178, 0, 'condition', 'Если вы проходите главу 2, часть 1.', 'verse', 3, NULL, NULL, NULL, NULL, FALSE, NULL, NULL, NULL);
INSERT INTO options (id, verse_id, position, type, text, target_type, target_verse_dn, target_location_dn, requirement, result, hidden, once, condition_group, conditional_targets, children) VALUES (402, 178, 1, 'condition', 'Если у вас есть синий светофильтр.', 'cross_location', 786, 1001, 'Если у вас нет части 8 достижения «Сквозь искажень-стекло».', NULL, NULL, FALSE, NULL, NULL, NULL);
INSERT INTO options (id, verse_id, position, type, text, target_type, target_verse_dn, target_location_dn, requirement, result, hidden, once, condition_group, conditional_targets, children) VALUES (403, 178, 2, 'condition', 'Если вы проходите главу 5—10.', 'verse', 7, NULL, NULL, NULL, NULL, FALSE, NULL, NULL, NULL);
INSERT INTO options (id, verse_id, position, type, text, target_type, target_verse_dn, target_location_dn, requirement, result, hidden, once, condition_group, conditional_targets, children) VALUES (404, 178, 3, 'condition', 'Если у вас есть часть 1 достижения «Семейные тайны».', 'verse', 7, NULL, NULL, NULL, NULL, FALSE, NULL, NULL, NULL);
INSERT INTO options (id, verse_id, position, type, text, target_type, target_verse_dn, target_location_dn, requirement, result, hidden, once, condition_group, conditional_targets, children) VALUES (405, 178, 4, 'condition', 'Если в этой локации нет @QuestToken@.', 'verse', 5, NULL, NULL, NULL, NULL, FALSE, NULL, NULL, NULL);
INSERT INTO options (id, verse_id, position, type, text, target_type, target_verse_dn, target_location_dn, requirement, result, hidden, once, condition_group, conditional_targets, children) VALUES (406, 178, 5, 'condition', 'Если в этой локации или в локации 113 есть @QuestToken@.', 'verse', 2, NULL, NULL, NULL, NULL, FALSE, NULL, NULL, NULL);
INSERT INTO verses (id, location_id, display_number) VALUES (179, 15, 1);
INSERT INTO options (id, verse_id, position, type, text, target_type, target_verse_dn, target_location_dn, requirement, result, hidden, once, condition_group, conditional_targets, children) VALUES (407, 179, 0, 'condition', 'Если у вас хотя бы 2 очка @Practicality@.', 'verse', 4, NULL, NULL, NULL, NULL, FALSE, NULL, NULL, NULL);
INSERT INTO options (id, verse_id, position, type, text, target_type, target_verse_dn, target_location_dn, requirement, result, hidden, once, condition_group, conditional_targets, children) VALUES (408, 179, 1, 'choice', '1—6.', 'end', NULL, NULL, NULL, 'Вы сорвались и упали. К счастью, кроны деревьев смягчили ваше приземление.  Каждый член команды теряет 2 @Health@.   Исследование окончено.', NULL, FALSE, NULL, NULL, NULL);
INSERT INTO options (id, verse_id, position, type, text, target_type, target_verse_dn, target_location_dn, requirement, result, hidden, once, condition_group, conditional_targets, children) VALUES (409, 179, 2, 'choice', '≥7.', 'verse', 4, NULL, NULL, NULL, NULL, FALSE, NULL, NULL, NULL);
INSERT INTO verses (id, location_id, display_number) VALUES (180, 15, 2);
INSERT INTO options (id, verse_id, position, type, text, target_type, target_verse_dn, target_location_dn, requirement, result, hidden, once, condition_group, conditional_targets, children) VALUES (410, 180, 0, 'choice', '1 @Energy@ Забраться вверх по обрыву. Пусть и рискованно, это позволяло неплохо сократить путь к Надлесью на западе.', 'verse', 1, NULL, NULL, NULL, NULL, FALSE, NULL, NULL, NULL);
INSERT INTO options (id, verse_id, position, type, text, target_type, target_verse_dn, target_location_dn, requirement, result, hidden, once, condition_group, conditional_targets, children) VALUES (411, 180, 1, 'choice', 'Искать Калеку.', 'verse', 6, NULL, 'Только если вы проходите главу 2—4.', NULL, NULL, FALSE, NULL, NULL, NULL);
INSERT INTO options (id, verse_id, position, type, text, target_type, target_verse_dn, target_location_dn, requirement, result, hidden, once, condition_group, conditional_targets, children) VALUES (412, 180, 2, 'choice', 'Уйти.', 'end', NULL, NULL, NULL, 'Исследование окончено.', NULL, FALSE, NULL, NULL, NULL);
INSERT INTO verses (id, location_id, display_number) VALUES (181, 15, 3);
INSERT INTO options (id, verse_id, position, type, text, target_type, target_verse_dn, target_location_dn, requirement, result, hidden, once, condition_group, conditional_targets, children) VALUES (413, 181, 0, 'choice', 'Если у вас есть часть 3 достижения «Топография».', 'cross_location', 134, 999, NULL, NULL, NULL, FALSE, NULL, NULL, NULL);
INSERT INTO options (id, verse_id, position, type, text, target_type, target_verse_dn, target_location_dn, requirement, result, hidden, once, condition_group, conditional_targets, children) VALUES (414, 181, 1, 'choice', 'В противном случае.', 'verse', 3, NULL, NULL, NULL, NULL, TRUE, NULL, NULL, NULL);
INSERT INTO verses (id, location_id, display_number) VALUES (182, 15, 4);
INSERT INTO options (id, verse_id, position, type, text, target_type, target_verse_dn, target_location_dn, requirement, result, hidden, once, condition_group, conditional_targets, children) VALUES (415, 182, 0, 'choice', 'Продолжить.', 'end', NULL, NULL, NULL, 'Переместите всех членов команды в локацию 112, не применяя её @Thunder@ эффект.  Исследование окончено.', NULL, FALSE, NULL, NULL, NULL);
INSERT INTO verses (id, location_id, display_number) VALUES (183, 15, 5);
INSERT INTO options (id, verse_id, position, type, text, target_type, target_verse_dn, target_location_dn, requirement, result, hidden, once, condition_group, conditional_targets, children) VALUES (416, 183, 0, 'choice', 'Продолжить.', 'verse', 7, NULL, NULL, 'Поместите в эту локацию 1 @QuestToken@.', NULL, FALSE, NULL, NULL, NULL);
INSERT INTO verses (id, location_id, display_number) VALUES (184, 15, 6);
INSERT INTO options (id, verse_id, position, type, text, target_type, target_verse_dn, target_location_dn, requirement, result, hidden, once, condition_group, conditional_targets, children) VALUES (417, 184, 0, 'choice', 'Продолжить.', 'end', NULL, NULL, NULL, 'Исследование окончено.', NULL, FALSE, NULL, NULL, NULL);
INSERT INTO verses (id, location_id, display_number) VALUES (185, 15, 7);
INSERT INTO options (id, verse_id, position, type, text, target_type, target_verse_dn, target_location_dn, requirement, result, hidden, once, condition_group, conditional_targets, children) VALUES (418, 185, 0, 'choice', '1 @Energy@ Забраться вверх по обрыву. Пусть и рискованно, это позволяло неплохо сократить путь к Надлесью на западе.', 'verse', 1, NULL, NULL, NULL, NULL, FALSE, NULL, NULL, NULL);
INSERT INTO options (id, verse_id, position, type, text, target_type, target_verse_dn, target_location_dn, requirement, result, hidden, once, condition_group, conditional_targets, children) VALUES (419, 185, 1, 'choice', 'Уйти.', 'end', NULL, NULL, NULL, 'Исследование окончено.', NULL, FALSE, NULL, NULL, NULL);

INSERT INTO locations (id, campaign_id, display_number, name) VALUES (16, 1, 116, 'Разрушенный барбикан');
INSERT INTO verses (id, location_id, display_number) VALUES (186, 16, 0);
INSERT INTO options (id, verse_id, position, type, text, target_type, target_verse_dn, target_location_dn, requirement, result, hidden, once, condition_group, conditional_targets, children) VALUES (420, 186, 0, 'condition', 'Если у вас нет части 4 достижения «Топография».', 'verse', 3, NULL, NULL, NULL, NULL, FALSE, NULL, NULL, NULL);
INSERT INTO options (id, verse_id, position, type, text, target_type, target_verse_dn, target_location_dn, requirement, result, hidden, once, condition_group, conditional_targets, children) VALUES (421, 186, 1, 'condition', 'В противном случае.', 'verse', 6, NULL, NULL, NULL, NULL, FALSE, NULL, NULL, NULL);
INSERT INTO verses (id, location_id, display_number) VALUES (187, 16, 1);
INSERT INTO options (id, verse_id, position, type, text, target_type, target_verse_dn, target_location_dn, requirement, result, hidden, once, condition_group, conditional_targets, children) VALUES (422, 187, 0, 'condition', 'Если у вас есть часть 2, но нет части 8 достижения «Небольшая услуга» и ни у одного персонажа нет карты секрета 12.', 'verse', 4, NULL, NULL, 'Получите часть 3 достижения «Наглость».', NULL, FALSE, NULL, NULL, NULL);
INSERT INTO options (id, verse_id, position, type, text, target_type, target_verse_dn, target_location_dn, requirement, result, hidden, once, condition_group, conditional_targets, children) VALUES (423, 187, 1, 'choice', 'Продолжить.', 'end', NULL, NULL, NULL, 'Если у вас нет части 5 достижения «Диковинки», получите 1 золото и 1 магию. Получите часть 5 достижения «Диковинки».  Исследование окончено.', NULL, FALSE, 'В противном случае.', NULL, NULL);
INSERT INTO verses (id, location_id, display_number) VALUES (188, 16, 2);
INSERT INTO options (id, verse_id, position, type, text, target_type, target_verse_dn, target_location_dn, requirement, result, hidden, once, condition_group, conditional_targets, children) VALUES (424, 188, 0, 'condition', 'Продолжить.', 'cross_location', 185, 999, NULL, NULL, NULL, FALSE, NULL, NULL, NULL);
INSERT INTO verses (id, location_id, display_number) VALUES (189, 16, 3);
INSERT INTO options (id, verse_id, position, type, text, target_type, target_verse_dn, target_location_dn, requirement, result, hidden, once, condition_group, conditional_targets, children) VALUES (425, 189, 0, 'choice', 'Продолжить.', 'verse', 6, NULL, NULL, 'Получите часть 4 достижения «Топография».', NULL, FALSE, NULL, NULL, NULL);
INSERT INTO verses (id, location_id, display_number) VALUES (190, 16, 4);
INSERT INTO options (id, verse_id, position, type, text, target_type, target_verse_dn, target_location_dn, requirement, result, hidden, once, condition_group, conditional_targets, children) VALUES (426, 190, 0, 'choice', 'Открыть сундук.', 'cross_location', 233, 999, NULL, NULL, NULL, FALSE, NULL, NULL, NULL);
INSERT INTO options (id, verse_id, position, type, text, target_type, target_verse_dn, target_location_dn, requirement, result, hidden, once, condition_group, conditional_targets, children) VALUES (427, 190, 1, 'choice', 'Уйти. Как только вы приведёте сюда экспедицию, всё, включая этот сундук, во мгновение ока разграбят.', 'end', NULL, NULL, NULL, 'Исследование окончено.', NULL, FALSE, NULL, NULL, NULL);
INSERT INTO verses (id, location_id, display_number) VALUES (191, 16, 5);
INSERT INTO options (id, verse_id, position, type, text, target_type, target_verse_dn, target_location_dn, requirement, result, hidden, once, condition_group, conditional_targets, children) VALUES (428, 191, 0, 'condition', 'Продолжить.', 'cross_location', 233, 999, NULL, NULL, NULL, FALSE, NULL, NULL, NULL);
INSERT INTO verses (id, location_id, display_number) VALUES (192, 16, 6);
INSERT INTO options (id, verse_id, position, type, text, target_type, target_verse_dn, target_location_dn, requirement, result, hidden, once, condition_group, conditional_targets, children) VALUES (429, 192, 0, 'choice', '3 @Energy@ Вернуться в лагерь в Надлесье и привести сюда лотианскую экспедицию.', 'cross_location', 185, 999, NULL, NULL, NULL, FALSE, NULL, NULL, NULL);
INSERT INTO options (id, verse_id, position, type, text, target_type, target_verse_dn, target_location_dn, requirement, result, hidden, once, condition_group, conditional_targets, children) VALUES (430, 192, 1, 'choice', '1 @Energy@ Обыскать барбикан и дорогу к замку. Как только сюда доберутся спутники Лота, здесь ничего не останется…', 'verse', 1, NULL, NULL, NULL, NULL, FALSE, NULL, NULL, NULL);
INSERT INTO options (id, verse_id, position, type, text, target_type, target_verse_dn, target_location_dn, requirement, result, hidden, once, condition_group, conditional_targets, children) VALUES (431, 192, 2, 'choice', 'Уйти.', 'end', NULL, NULL, NULL, 'Исследование окончено.', NULL, FALSE, NULL, NULL, NULL);

INSERT INTO locations (id, campaign_id, display_number, name) VALUES (17, 1, 117, 'Замок Лотиан');
INSERT INTO verses (id, location_id, display_number) VALUES (193, 17, 0);
INSERT INTO options (id, verse_id, position, type, text, target_type, target_verse_dn, target_location_dn, requirement, result, hidden, once, condition_group, conditional_targets, children) VALUES (432, 193, 0, 'condition', 'Если вы проходите главу 4, часть 2—4.', 'verse', 15, NULL, NULL, NULL, NULL, FALSE, NULL, NULL, NULL);
INSERT INTO options (id, verse_id, position, type, text, target_type, target_verse_dn, target_location_dn, requirement, result, hidden, once, condition_group, conditional_targets, children) VALUES (433, 193, 1, 'choice', '1 @Energy@ Обыскать внутренний двор и внешние постройки.', 'verse', 5, NULL, NULL, NULL, NULL, FALSE, NULL, NULL, NULL);
INSERT INTO options (id, verse_id, position, type, text, target_type, target_verse_dn, target_location_dn, requirement, result, hidden, once, condition_group, conditional_targets, children) VALUES (434, 193, 2, 'choice', '1 @Energy@ Обыскать подвал южной башни.', 'cross_location', 362, 999, 'Нужна часть 4 достижения «Смутная догадка».', NULL, NULL, FALSE, NULL, NULL, NULL);
INSERT INTO options (id, verse_id, position, type, text, target_type, target_verse_dn, target_location_dn, requirement, result, hidden, once, condition_group, conditional_targets, children) VALUES (435, 193, 3, 'choice', 'Подойти к воротам в донжон.', 'verse', 7, NULL, NULL, NULL, NULL, FALSE, NULL, NULL, NULL);
INSERT INTO options (id, verse_id, position, type, text, target_type, target_verse_dn, target_location_dn, requirement, result, hidden, once, condition_group, conditional_targets, children) VALUES (436, 193, 4, 'choice', 'Уйти.', 'end', NULL, NULL, NULL, 'Исследование окончено.', NULL, FALSE, NULL, NULL, NULL);
INSERT INTO verses (id, location_id, display_number) VALUES (194, 17, 1);
INSERT INTO options (id, verse_id, position, type, text, target_type, target_verse_dn, target_location_dn, requirement, result, hidden, once, condition_group, conditional_targets, children) VALUES (437, 194, 0, 'condition', 'Если у вас есть карта секрета 6.', 'verse', 10, NULL, NULL, 'Получите часть 4 достижения «Великие деяния».', NULL, FALSE, NULL, NULL, NULL);
INSERT INTO options (id, verse_id, position, type, text, target_type, target_verse_dn, target_location_dn, requirement, result, hidden, once, condition_group, conditional_targets, children) VALUES (438, 194, 1, 'condition', 'Если у вас есть карта секрета 9.', 'verse', 12, NULL, NULL, 'Получите часть 4 достижения «Великие деяния».', NULL, FALSE, NULL, NULL, NULL);
INSERT INTO verses (id, location_id, display_number) VALUES (195, 17, 2);
INSERT INTO options (id, verse_id, position, type, text, target_type, target_verse_dn, target_location_dn, requirement, result, hidden, once, condition_group, conditional_targets, children) VALUES (439, 195, 0, 'choice', 'Продолжить.', 'end', NULL, NULL, NULL, 'Найдите секретную карту встречи 228 «Рыцарь Овального стола» (фиолетовая, сложность 2) и проведите её.  Если вы победили, получите часть 3 достижения «Странные уроки».  Вне зависимости от итога встречи замешайте секретные карты 225—229 в ваши текущие колоды встреч, если ещё не сделали этого.  Исследование окончено.', NULL, FALSE, NULL, NULL, NULL);
INSERT INTO verses (id, location_id, display_number) VALUES (196, 17, 3);
INSERT INTO options (id, verse_id, position, type, text, target_type, target_verse_dn, target_location_dn, requirement, result, hidden, once, condition_group, conditional_targets, children) VALUES (440, 196, 0, 'choice', 'Осмотреть место преступления самостоятельно.', 'cross_location', 521, 999, NULL, 'Получите часть 1 достижения «Королевские похороны».', NULL, FALSE, NULL, NULL, NULL);
INSERT INTO options (id, verse_id, position, type, text, target_type, target_verse_dn, target_location_dn, requirement, result, hidden, once, condition_group, conditional_targets, children) VALUES (441, 196, 1, 'choice', 'Не мешать шерифу делать свою работу.', 'cross_location', 515, 999, NULL, 'Получите часть 1 достижения «Королевские похороны».', NULL, FALSE, NULL, NULL, NULL);
INSERT INTO verses (id, location_id, display_number) VALUES (197, 17, 4);
INSERT INTO options (id, verse_id, position, type, text, target_type, target_verse_dn, target_location_dn, requirement, result, hidden, once, condition_group, conditional_targets, children) VALUES (442, 197, 0, 'condition', 'Если у вас есть синий светофильтр.', 'verse', 8, NULL, 'Если у вас нет части 6 достижения «Сквозь искажень-стекло».', NULL, NULL, FALSE, NULL, NULL, NULL);
INSERT INTO options (id, verse_id, position, type, text, target_type, target_verse_dn, target_location_dn, requirement, result, hidden, once, condition_group, conditional_targets, children) VALUES (443, 197, 1, 'choice', 'Продолжить.', 'end', NULL, NULL, NULL, 'Получите 1 золото за персонажа и 1 предмет Б.  Получите часть 6 достижения «Добытчик».  Исследование окончено.', NULL, FALSE, NULL, NULL, NULL);
INSERT INTO options (id, verse_id, position, type, text, target_type, target_verse_dn, target_location_dn, requirement, result, hidden, once, condition_group, conditional_targets, children) VALUES (444, 197, 2, 'condition', 'Если у вас есть часть 6 достижения «Добытчик».', 'end', NULL, NULL, NULL, 'Здесь больше ничего не удастся найти.  Исследование окончено.', NULL, FALSE, NULL, NULL, NULL);
INSERT INTO verses (id, location_id, display_number) VALUES (198, 17, 5);
INSERT INTO options (id, verse_id, position, type, text, target_type, target_verse_dn, target_location_dn, requirement, result, hidden, once, condition_group, conditional_targets, children) VALUES (445, 198, 0, 'condition', 'Если у вас есть часть 3 достижения «Странные уроки».', 'verse', 4, NULL, NULL, NULL, NULL, FALSE, NULL, NULL, NULL);
INSERT INTO options (id, verse_id, position, type, text, target_type, target_verse_dn, target_location_dn, requirement, result, hidden, once, condition_group, conditional_targets, children) VALUES (446, 198, 1, 'choice', 'Подойти поближе.', 'verse', 2, NULL, NULL, NULL, NULL, FALSE, NULL, NULL, NULL);
INSERT INTO options (id, verse_id, position, type, text, target_type, target_verse_dn, target_location_dn, requirement, result, hidden, once, condition_group, conditional_targets, children) VALUES (447, 198, 2, 'choice', 'Продолжать поиски.', 'verse', 4, NULL, NULL, NULL, NULL, FALSE, NULL, NULL, NULL);
INSERT INTO verses (id, location_id, display_number) VALUES (199, 17, 6);
INSERT INTO options (id, verse_id, position, type, text, target_type, target_verse_dn, target_location_dn, requirement, result, hidden, once, condition_group, conditional_targets, children) VALUES (448, 199, 0, 'choice', 'Осмотреть место преступления самостоятельно.', 'cross_location', 573, 999, NULL, 'Получите часть 2 достижения «Королевские похороны».', NULL, FALSE, NULL, NULL, NULL);
INSERT INTO options (id, verse_id, position, type, text, target_type, target_verse_dn, target_location_dn, requirement, result, hidden, once, condition_group, conditional_targets, children) VALUES (449, 199, 1, 'choice', 'Не мешать шерифу делать свою работу.', 'cross_location', 511, 999, NULL, 'Получите часть 2 достижения «Королевские похороны».', NULL, FALSE, NULL, NULL, NULL);
INSERT INTO verses (id, location_id, display_number) VALUES (200, 17, 7);
INSERT INTO options (id, verse_id, position, type, text, target_type, target_verse_dn, target_location_dn, requirement, result, hidden, once, condition_group, conditional_targets, children) VALUES (450, 200, 0, 'condition', 'Если у вас есть часть 1 достижения «Ключи и пароли».', 'verse', 13, NULL, NULL, NULL, NULL, FALSE, NULL, NULL, NULL);
INSERT INTO options (id, verse_id, position, type, text, target_type, target_verse_dn, target_location_dn, requirement, result, hidden, once, condition_group, conditional_targets, children) VALUES (451, 200, 1, 'choice', 'Продолжить.', 'end', NULL, NULL, NULL, 'Исследование окончено.', NULL, FALSE, NULL, NULL, NULL);
INSERT INTO verses (id, location_id, display_number) VALUES (201, 17, 8);
INSERT INTO options (id, verse_id, position, type, text, target_type, target_verse_dn, target_location_dn, requirement, result, hidden, once, condition_group, conditional_targets, children) VALUES (452, 201, 0, 'choice', 'Продолжить.', 'end', NULL, NULL, NULL, 'Получите 2 золота.  Получите часть 6 достижения «Сквозь искажень-стекло».  Исследование окончено.', NULL, FALSE, NULL, NULL, NULL);
INSERT INTO verses (id, location_id, display_number) VALUES (202, 17, 9);
INSERT INTO options (id, verse_id, position, type, text, target_type, target_verse_dn, target_location_dn, requirement, result, hidden, once, condition_group, conditional_targets, children) VALUES (453, 202, 0, 'choice', 'Осмотреть место преступления самостоятельно.', 'cross_location', 324, 999, NULL, 'Получите часть 3 достижения «Королевские похороны».', NULL, FALSE, NULL, NULL, NULL);
INSERT INTO options (id, verse_id, position, type, text, target_type, target_verse_dn, target_location_dn, requirement, result, hidden, once, condition_group, conditional_targets, children) VALUES (454, 202, 1, 'choice', 'Не мешать шерифу делать свою работу.', 'cross_location', 427, 999, NULL, 'Получите часть 3 достижения «Королевские похороны».', NULL, FALSE, NULL, NULL, NULL);
INSERT INTO verses (id, location_id, display_number) VALUES (203, 17, 10);
INSERT INTO options (id, verse_id, position, type, text, target_type, target_verse_dn, target_location_dn, requirement, result, hidden, once, condition_group, conditional_targets, children) VALUES (455, 203, 0, 'choice', 'Продолжить.', 'verse', 11, NULL, NULL, NULL, NULL, FALSE, NULL, NULL, NULL);
INSERT INTO verses (id, location_id, display_number) VALUES (204, 17, 11);
INSERT INTO options (id, verse_id, position, type, text, target_type, target_verse_dn, target_location_dn, requirement, result, hidden, once, condition_group, conditional_targets, children) VALUES (456, 204, 0, 'condition', 'Если у вас есть часть 9 достижения «Небольшая услуга».', 'verse', 3, NULL, NULL, NULL, NULL, FALSE, NULL, NULL, NULL);
INSERT INTO options (id, verse_id, position, type, text, target_type, target_verse_dn, target_location_dn, requirement, result, hidden, once, condition_group, conditional_targets, children) VALUES (457, 204, 1, 'condition', 'Если у вас есть часть 1 достижения «Осведомитель» и часть 8 достижения «Небольшая услуга».', 'verse', 6, NULL, NULL, NULL, NULL, FALSE, NULL, NULL, NULL);
INSERT INTO options (id, verse_id, position, type, text, target_type, target_verse_dn, target_location_dn, requirement, result, hidden, once, condition_group, conditional_targets, children) VALUES (458, 204, 2, 'condition', 'Если у вас нет ни одной части достижения «Осведомитель» и есть часть 8 достижения «Небольшая услуга».', 'verse', 6, NULL, NULL, NULL, NULL, FALSE, NULL, NULL, NULL);
INSERT INTO options (id, verse_id, position, type, text, target_type, target_verse_dn, target_location_dn, requirement, result, hidden, once, condition_group, conditional_targets, children) VALUES (459, 204, 3, 'condition', 'Если у вас есть часть 2 достижения «Осведомитель» и нет части 7 достижения «Небольшая услуга».', 'verse', 9, NULL, NULL, NULL, NULL, FALSE, NULL, NULL, NULL);
INSERT INTO options (id, verse_id, position, type, text, target_type, target_verse_dn, target_location_dn, requirement, result, hidden, once, condition_group, conditional_targets, children) VALUES (460, 204, 4, 'condition', 'Если у вас нет ни одной части достижения «Осведомитель» и нет части 7 достижения «Небольшая услуга».', 'verse', 9, NULL, NULL, NULL, NULL, FALSE, NULL, NULL, NULL);
INSERT INTO options (id, verse_id, position, type, text, target_type, target_verse_dn, target_location_dn, requirement, result, hidden, once, condition_group, conditional_targets, children) VALUES (461, 204, 5, 'condition', 'В противном случае.', 'verse', 6, NULL, NULL, NULL, NULL, FALSE, NULL, NULL, NULL);
INSERT INTO verses (id, location_id, display_number) VALUES (205, 17, 12);
INSERT INTO options (id, verse_id, position, type, text, target_type, target_verse_dn, target_location_dn, requirement, result, hidden, once, condition_group, conditional_targets, children) VALUES (462, 205, 0, 'choice', 'Продолжить.', 'verse', 11, NULL, NULL, NULL, NULL, FALSE, NULL, NULL, NULL);
INSERT INTO verses (id, location_id, display_number) VALUES (206, 17, 13);
INSERT INTO options (id, verse_id, position, type, text, target_type, target_verse_dn, target_location_dn, requirement, result, hidden, once, condition_group, conditional_targets, children) VALUES (463, 206, 0, 'choice', 'Открыть ворота в донжон.', 'verse', 1, NULL, 'Только если у вас нет части 4 достижения «Великие деяния».', NULL, NULL, FALSE, NULL, NULL, NULL);
INSERT INTO options (id, verse_id, position, type, text, target_type, target_verse_dn, target_location_dn, requirement, result, hidden, once, condition_group, conditional_targets, children) VALUES (464, 206, 1, 'choice', 'Уйти.', 'end', NULL, NULL, NULL, 'Исследование окончено.', NULL, FALSE, NULL, NULL, NULL);
INSERT INTO verses (id, location_id, display_number) VALUES (207, 17, 14);
INSERT INTO options (id, verse_id, position, type, text, target_type, target_verse_dn, target_location_dn, requirement, result, hidden, once, condition_group, conditional_targets, children) VALUES (465, 207, 0, 'condition', 'Продолжить.', 'cross_location', 362, 999, NULL, NULL, NULL, FALSE, NULL, NULL, NULL);
INSERT INTO verses (id, location_id, display_number) VALUES (208, 17, 15);
INSERT INTO options (id, verse_id, position, type, text, target_type, target_verse_dn, target_location_dn, requirement, result, hidden, once, condition_group, conditional_targets, children) VALUES (466, 208, 0, 'condition', 'Если у вас есть хотя бы две части достижения «Время идёт (глава 4)».', 'verse', 17, NULL, NULL, NULL, NULL, FALSE, NULL, NULL, NULL);
INSERT INTO options (id, verse_id, position, type, text, target_type, target_verse_dn, target_location_dn, requirement, result, hidden, once, condition_group, conditional_targets, children) VALUES (467, 208, 1, 'choice', '1 @Energy@ Обыскать подвал южной башни.', 'cross_location', 362, 999, 'Нужна часть 4 достижения «Смутная догадка».', NULL, NULL, FALSE, NULL, NULL, NULL);
INSERT INTO options (id, verse_id, position, type, text, target_type, target_verse_dn, target_location_dn, requirement, result, hidden, once, condition_group, conditional_targets, children) VALUES (468, 208, 2, 'choice', '2 @Energy@ Восстановить замок. Это будет непросто, но чем быстрее замок будет восстановлен, тем скорее у вас появится штаб-квартира в Лотиане и можно будет перейти к новым делам.', 'verse', 16, NULL, 'Потратьте маркеры с карты секрета 26 в количестве 1 за персонажа + 2.', NULL, NULL, FALSE, NULL, NULL, NULL);
INSERT INTO options (id, verse_id, position, type, text, target_type, target_verse_dn, target_location_dn, requirement, result, hidden, once, condition_group, conditional_targets, children) VALUES (469, 208, 3, 'choice', 'Уйти.', 'end', NULL, NULL, NULL, 'Исследование окончено.', NULL, FALSE, NULL, NULL, NULL);
INSERT INTO verses (id, location_id, display_number) VALUES (209, 17, 16);
INSERT INTO options (id, verse_id, position, type, text, target_type, target_verse_dn, target_location_dn, requirement, result, hidden, once, condition_group, conditional_targets, children) VALUES (470, 209, 0, 'choice', 'Продолжить.', 'verse', 17, NULL, NULL, 'Получите часть 4 достижения «Восстановление Лотиана».  Каждый персонаж получает 1 опыт и теряет 2 @Terror@.  Получите 1 предмет Б.', NULL, FALSE, NULL, NULL, NULL);
INSERT INTO verses (id, location_id, display_number) VALUES (210, 17, 17);
INSERT INTO options (id, verse_id, position, type, text, target_type, target_verse_dn, target_location_dn, requirement, result, hidden, once, condition_group, conditional_targets, children) VALUES (471, 210, 0, 'choice', 'Продолжить.', 'end', NULL, NULL, NULL, 'Исследование окончено.', NULL, FALSE, NULL, NULL, NULL);

INSERT INTO locations (id, campaign_id, display_number, name) VALUES (18, 1, 118, 'Северное предместье');
INSERT INTO verses (id, location_id, display_number) VALUES (211, 18, 0);
INSERT INTO options (id, verse_id, position, type, text, target_type, target_verse_dn, target_location_dn, requirement, result, hidden, once, condition_group, conditional_targets, children) VALUES (472, 211, 0, 'condition', 'Если вы играете за Гердвин и у вас нет части 2 достижения «Слухи и сплетни».', 'cross_location', 165, 999, NULL, NULL, NULL, FALSE, NULL, NULL, NULL);
INSERT INTO options (id, verse_id, position, type, text, target_type, target_verse_dn, target_location_dn, requirement, result, hidden, once, condition_group, conditional_targets, children) VALUES (473, 211, 1, 'condition', 'Если вы проходите главу 5 или более позднюю.', 'verse', 11, NULL, NULL, NULL, NULL, FALSE, NULL, NULL, NULL);
INSERT INTO options (id, verse_id, position, type, text, target_type, target_verse_dn, target_location_dn, requirement, result, hidden, once, condition_group, conditional_targets, children) VALUES (474, 211, 2, 'condition', 'Если вы проходите главу 3, часть 2 или 3, либо главу 4.', 'verse', 9, NULL, NULL, NULL, NULL, FALSE, NULL, NULL, NULL);
INSERT INTO options (id, verse_id, position, type, text, target_type, target_verse_dn, target_location_dn, requirement, result, hidden, once, condition_group, conditional_targets, children) VALUES (475, 211, 3, 'condition', 'В противном случае.', 'verse', 11, NULL, NULL, NULL, NULL, FALSE, NULL, NULL, NULL);
INSERT INTO verses (id, location_id, display_number) VALUES (212, 18, 1);
INSERT INTO options (id, verse_id, position, type, text, target_type, target_verse_dn, target_location_dn, requirement, result, hidden, once, condition_group, conditional_targets, children) VALUES (476, 212, 0, 'choice', 'Продолжить.', 'end', NULL, NULL, NULL, 'Получите часть 2 достижения «Восстановление Лотиана».  Исследование окончено.', NULL, FALSE, NULL, NULL, NULL);
INSERT INTO verses (id, location_id, display_number) VALUES (213, 18, 2);
INSERT INTO options (id, verse_id, position, type, text, target_type, target_verse_dn, target_location_dn, requirement, result, hidden, once, condition_group, conditional_targets, children) VALUES (477, 213, 0, 'condition', 'Продолжить.', 'cross_location', 165, 999, NULL, NULL, NULL, FALSE, NULL, NULL, NULL);
INSERT INTO verses (id, location_id, display_number) VALUES (214, 18, 3);
INSERT INTO options (id, verse_id, position, type, text, target_type, target_verse_dn, target_location_dn, requirement, result, hidden, once, condition_group, conditional_targets, children) VALUES (478, 214, 0, 'condition', 'Если у вас есть часть 2 достижения «Дипломат».', 'verse', 4, NULL, NULL, NULL, NULL, FALSE, NULL, NULL, NULL);
INSERT INTO options (id, verse_id, position, type, text, target_type, target_verse_dn, target_location_dn, requirement, result, hidden, once, condition_group, conditional_targets, children) VALUES (479, 214, 1, 'condition', 'Если развязка @GreenOutcome@.', 'verse', 4, NULL, NULL, 'Получите часть 2 достижения «Дипломат».', NULL, FALSE, NULL, NULL, NULL);
INSERT INTO options (id, verse_id, position, type, text, target_type, target_verse_dn, target_location_dn, requirement, result, hidden, once, condition_group, conditional_targets, children) VALUES (480, 214, 2, 'condition', 'В противном случае.', 'end', NULL, NULL, NULL, 'Исследование окончено.', NULL, FALSE, NULL, NULL, NULL);
INSERT INTO verses (id, location_id, display_number) VALUES (215, 18, 4);
INSERT INTO options (id, verse_id, position, type, text, target_type, target_verse_dn, target_location_dn, requirement, result, hidden, once, condition_group, conditional_targets, children) VALUES (481, 215, 0, 'choice', '1 @Energy@ Выполнить просьбу Аэда. Всего-то час-другой с лопатой, если, конечно, вам это не слишком противно.', 'verse', 7, NULL, 'Только если у вас нет части 7 достижения «Небольшая услуга». Нужна часть 4 достижения «Небольшая услуга».', NULL, NULL, FALSE, NULL, NULL, NULL);
INSERT INTO options (id, verse_id, position, type, text, target_type, target_verse_dn, target_location_dn, requirement, result, hidden, once, condition_group, conditional_targets, children) VALUES (482, 215, 1, 'choice', 'Поискать что-нибудь ценное. Похоже, это место так и стояло пустым с тех пор, как пал Лотиан. А значит, вам причитаются все ценности, что вы сможете здесь найти, правильно?', 'verse', 6, NULL, 'Нужно хотя бы 1 очко @Caution@.', NULL, NULL, FALSE, NULL, NULL, NULL);
INSERT INTO options (id, verse_id, position, type, text, target_type, target_verse_dn, target_location_dn, requirement, result, hidden, once, condition_group, conditional_targets, children) VALUES (483, 215, 2, 'choice', 'Уйти.', 'end', NULL, NULL, NULL, 'Исследование окончено.', NULL, FALSE, NULL, NULL, NULL);
INSERT INTO verses (id, location_id, display_number) VALUES (216, 18, 5);
INSERT INTO options (id, verse_id, position, type, text, target_type, target_verse_dn, target_location_dn, requirement, result, hidden, once, condition_group, conditional_targets, children) VALUES (484, 216, 0, 'choice', 'Продолжить.', 'end', NULL, NULL, NULL, 'Исследование окончено.', NULL, FALSE, NULL, NULL, NULL);
INSERT INTO verses (id, location_id, display_number) VALUES (217, 18, 6);
INSERT INTO options (id, verse_id, position, type, text, target_type, target_verse_dn, target_location_dn, requirement, result, hidden, once, condition_group, conditional_targets, children) VALUES (485, 217, 0, 'condition', 'Если у вас есть хотя бы две части достижения «Время идёт (глава 2)» или если вы проходите главу 3—10.', 'end', NULL, NULL, NULL, 'Вы ничего не нашли.  Исследование окончено.', NULL, FALSE, NULL, NULL, NULL);
INSERT INTO options (id, verse_id, position, type, text, target_type, target_verse_dn, target_location_dn, requirement, result, hidden, once, condition_group, conditional_targets, children) VALUES (486, 217, 1, 'choice', 'Продолжить.', 'end', NULL, NULL, NULL, 'Если у вас нет части 4 достижения «Что плохо лежит», получите 2 золота и часть 4 достижения «Что плохо лежит».  Исследование окончено.', NULL, FALSE, NULL, NULL, NULL);
INSERT INTO verses (id, location_id, display_number) VALUES (218, 18, 7);
INSERT INTO options (id, verse_id, position, type, text, target_type, target_verse_dn, target_location_dn, requirement, result, hidden, once, condition_group, conditional_targets, children) VALUES (487, 218, 0, 'condition', 'Если у вас есть хотя бы две части достижения «Время идёт (глава 2)» или если вы проходите главу 3—10.', 'verse', 8, NULL, NULL, NULL, NULL, FALSE, NULL, NULL, NULL);
INSERT INTO options (id, verse_id, position, type, text, target_type, target_verse_dn, target_location_dn, requirement, result, hidden, once, condition_group, conditional_targets, children) VALUES (488, 218, 1, 'condition', 'Если у вас хотя бы 2 очка @Caution@.', 'verse', 5, NULL, NULL, 'Получите часть 7 достижения «Небольшая услуга».  Получите карту секрета 15.', NULL, FALSE, NULL, NULL, NULL);
INSERT INTO options (id, verse_id, position, type, text, target_type, target_verse_dn, target_location_dn, requirement, result, hidden, once, condition_group, conditional_targets, children) VALUES (489, 218, 2, 'condition', 'В противном случае.', 'end', NULL, NULL, NULL, 'Получите часть 7 достижения «Небольшая услуга».  Получите карту секрета 15.  Исследование окончено.', NULL, FALSE, NULL, NULL, NULL);
INSERT INTO verses (id, location_id, display_number) VALUES (219, 18, 8);
INSERT INTO options (id, verse_id, position, type, text, target_type, target_verse_dn, target_location_dn, requirement, result, hidden, once, condition_group, conditional_targets, children) VALUES (490, 219, 0, 'choice', 'Продолжить.', 'end', NULL, NULL, NULL, 'Исследование окончено.', NULL, FALSE, NULL, NULL, NULL);
INSERT INTO verses (id, location_id, display_number) VALUES (220, 18, 9);
INSERT INTO options (id, verse_id, position, type, text, target_type, target_verse_dn, target_location_dn, requirement, result, hidden, once, condition_group, conditional_targets, children) VALUES (491, 220, 0, 'condition', 'Если фигурка Клаудина Непосвящённого не на поле и здесь нет @LightTT@.', 'cross_location', 610, 1001, NULL, NULL, NULL, FALSE, NULL, NULL, NULL);
INSERT INTO options (id, verse_id, position, type, text, target_type, target_verse_dn, target_location_dn, requirement, result, hidden, once, condition_group, conditional_targets, children) VALUES (492, 220, 1, 'condition', 'В противном случае.', 'verse', 11, NULL, NULL, NULL, NULL, FALSE, NULL, NULL, NULL);
INSERT INTO verses (id, location_id, display_number) VALUES (221, 18, 10);
INSERT INTO options (id, verse_id, position, type, text, target_type, target_verse_dn, target_location_dn, requirement, result, hidden, once, condition_group, conditional_targets, children) VALUES (493, 221, 0, 'condition', 'Продолжить.', 'cross_location', 610, 1001, NULL, NULL, NULL, FALSE, NULL, NULL, NULL);
INSERT INTO verses (id, location_id, display_number) VALUES (222, 18, 11);
INSERT INTO options (id, verse_id, position, type, text, target_type, target_verse_dn, target_location_dn, requirement, result, hidden, once, condition_group, conditional_targets, children) VALUES (494, 222, 0, 'choice', '2 @Energy@ Восстановить лесопилку. Заплуталый лес был совсем рядом, так что лесопилка дала бы вам возможность обеспечить замок и окрестные районы необходимыми материалами для ремонта.', 'verse', 1, NULL, 'Потратьте маркеры с карты секрета 26 в количестве 1 за персонажа.', NULL, NULL, FALSE, NULL, NULL, NULL);
INSERT INTO options (id, verse_id, position, type, text, target_type, target_verse_dn, target_location_dn, requirement, result, hidden, once, condition_group, conditional_targets, children) VALUES (495, 222, 1, 'choice', '1 @Energy@ Исследовать местное кладбище. Судя по рядам ничем не примечательных надгробий, здесь хоронили бедняков из ближайших к замку поселений.', 'verse', 3, NULL, NULL, NULL, NULL, FALSE, NULL, NULL, NULL);
INSERT INTO options (id, verse_id, position, type, text, target_type, target_verse_dn, target_location_dn, requirement, result, hidden, once, condition_group, conditional_targets, children) VALUES (496, 222, 2, 'choice', 'Прочесать пустоши на севере. Из-за холмов до вас доносились отчаянные хриплые крики.', 'verse', 12, NULL, 'Только если вы проходите главу 2—4.', NULL, NULL, FALSE, NULL, NULL, NULL);
INSERT INTO options (id, verse_id, position, type, text, target_type, target_verse_dn, target_location_dn, requirement, result, hidden, once, condition_group, conditional_targets, children) VALUES (497, 222, 3, 'choice', 'Уйти.', 'end', NULL, NULL, NULL, 'Исследование окончено.', NULL, FALSE, NULL, NULL, NULL);
INSERT INTO verses (id, location_id, display_number) VALUES (223, 18, 12);
INSERT INTO options (id, verse_id, position, type, text, target_type, target_verse_dn, target_location_dn, requirement, result, hidden, once, condition_group, conditional_targets, children) VALUES (498, 223, 0, 'condition', 'Если у вас нет части 1 достижения «Спутники».', 'cross_location', 447, 999, NULL, NULL, NULL, FALSE, NULL, NULL, NULL);
INSERT INTO options (id, verse_id, position, type, text, target_type, target_verse_dn, target_location_dn, requirement, result, hidden, once, condition_group, conditional_targets, children) VALUES (499, 223, 1, 'choice', 'Продолжить.', 'end', NULL, NULL, NULL, 'Исследование окончено.', NULL, FALSE, NULL, NULL, NULL);

INSERT INTO locations (id, campaign_id, display_number, name) VALUES (19, 1, 119, 'Южное предместье');
INSERT INTO verses (id, location_id, display_number) VALUES (224, 19, 0);
INSERT INTO options (id, verse_id, position, type, text, target_type, target_verse_dn, target_location_dn, requirement, result, hidden, once, condition_group, conditional_targets, children) VALUES (500, 224, 0, 'condition', 'Если вы играете за Элгана и у вас нет части 1 достижения «Личные дела».', 'cross_location', 254, 999, NULL, NULL, NULL, FALSE, NULL, NULL, NULL);
INSERT INTO options (id, verse_id, position, type, text, target_type, target_verse_dn, target_location_dn, requirement, result, hidden, once, condition_group, conditional_targets, children) VALUES (501, 224, 1, 'choice', '2 @Energy@ Починить водяную мельницу. Если нанять помощников и как следует потрудиться, старую водяную мельницу можно запустить.', 'verse', 1, NULL, 'Потратьте маркеры с карты секрета 26 в количестве 1 за персонажа.', NULL, NULL, FALSE, NULL, NULL, NULL);
INSERT INTO options (id, verse_id, position, type, text, target_type, target_verse_dn, target_location_dn, requirement, result, hidden, once, condition_group, conditional_targets, children) VALUES (502, 224, 2, 'choice', 'Уйти.', 'end', NULL, NULL, NULL, 'Исследование окончено.', NULL, FALSE, NULL, NULL, NULL);
INSERT INTO verses (id, location_id, display_number) VALUES (225, 19, 1);
INSERT INTO options (id, verse_id, position, type, text, target_type, target_verse_dn, target_location_dn, requirement, result, hidden, once, condition_group, conditional_targets, children) VALUES (503, 225, 0, 'choice', 'Продолжить.', 'end', NULL, NULL, NULL, 'Получите часть 3 достижения «Восстановление Лотиана».  Исследование окончено.', NULL, FALSE, NULL, NULL, NULL);
INSERT INTO verses (id, location_id, display_number) VALUES (226, 19, 2);
INSERT INTO options (id, verse_id, position, type, text, target_type, target_verse_dn, target_location_dn, requirement, result, hidden, once, condition_group, conditional_targets, children) VALUES (504, 226, 0, 'choice', 'Продолжить.', 'cross_location', 254, 999, NULL, NULL, NULL, FALSE, NULL, NULL, NULL);

INSERT INTO locations (id, campaign_id, display_number, name) VALUES (20, 1, 120, 'Врата в никуда');
INSERT INTO verses (id, location_id, display_number) VALUES (227, 20, 0);
INSERT INTO options (id, verse_id, position, type, text, target_type, target_verse_dn, target_location_dn, requirement, result, hidden, once, condition_group, conditional_targets, children) VALUES (505, 227, 0, 'condition', 'Если вы проходите главу 3, часть 2 или 3, либо главу 4—10.', 'verse', 6, NULL, NULL, NULL, NULL, FALSE, NULL, NULL, NULL);
INSERT INTO options (id, verse_id, position, type, text, target_type, target_verse_dn, target_location_dn, requirement, result, hidden, once, condition_group, conditional_targets, children) VALUES (506, 227, 1, 'condition', 'Если у вас нет части 6 достижения «Диковинки».', 'verse', 4, NULL, NULL, NULL, NULL, FALSE, NULL, NULL, NULL);
INSERT INTO options (id, verse_id, position, type, text, target_type, target_verse_dn, target_location_dn, requirement, result, hidden, once, condition_group, conditional_targets, children) VALUES (507, 227, 2, 'choice', '2 @Energy@ Украсть овцу.', 'end', NULL, NULL, NULL, 'Получите 1 еду.  Исследование окончено.', NULL, FALSE, NULL, NULL, NULL);
INSERT INTO options (id, verse_id, position, type, text, target_type, target_verse_dn, target_location_dn, requirement, result, hidden, once, condition_group, conditional_targets, children) VALUES (508, 227, 3, 'choice', '1 @Energy@ Осмотреть врата.', 'verse', 2, NULL, NULL, NULL, NULL, FALSE, NULL, NULL, NULL);
INSERT INTO options (id, verse_id, position, type, text, target_type, target_verse_dn, target_location_dn, requirement, result, hidden, once, condition_group, conditional_targets, children) VALUES (509, 227, 4, 'choice', 'Открыть врата.', 'verse', 1, NULL, 'Нужны все персонажи и глава 2, часть 3, либо глава 3—10.', NULL, NULL, FALSE, NULL, NULL, NULL);
INSERT INTO options (id, verse_id, position, type, text, target_type, target_verse_dn, target_location_dn, requirement, result, hidden, once, condition_group, conditional_targets, children) VALUES (510, 227, 5, 'choice', 'Уйти.', 'end', NULL, NULL, NULL, 'Исследование окончено.', NULL, FALSE, NULL, NULL, NULL);
INSERT INTO verses (id, location_id, display_number) VALUES (228, 20, 1);
INSERT INTO options (id, verse_id, position, type, text, target_type, target_verse_dn, target_location_dn, requirement, result, hidden, once, condition_group, conditional_targets, children) VALUES (511, 228, 0, 'condition', 'Если у вас есть часть 2 достижения «Великие деяния».', 'verse', 3, NULL, NULL, NULL, NULL, FALSE, NULL, NULL, NULL);
INSERT INTO options (id, verse_id, position, type, text, target_type, target_verse_dn, target_location_dn, requirement, result, hidden, once, condition_group, conditional_targets, children) VALUES (512, 228, 1, 'condition', 'В противном случае.', 'cross_location', 190, 999, NULL, NULL, NULL, FALSE, NULL, NULL, NULL);
INSERT INTO verses (id, location_id, display_number) VALUES (229, 20, 2);
INSERT INTO options (id, verse_id, position, type, text, target_type, target_verse_dn, target_location_dn, requirement, result, hidden, once, condition_group, conditional_targets, children) VALUES (513, 229, 0, 'choice', 'Продолжить.', 'end', NULL, NULL, NULL, 'Исследование окончено.', NULL, FALSE, NULL, NULL, NULL);
INSERT INTO verses (id, location_id, display_number) VALUES (230, 20, 3);
INSERT INTO options (id, verse_id, position, type, text, target_type, target_verse_dn, target_location_dn, requirement, result, hidden, once, condition_group, conditional_targets, children) VALUES (514, 230, 0, 'choice', 'Продолжить.', 'end', NULL, NULL, NULL, 'Получите часть 1 достижения «Ключи и пароли».  Исследование окончено.', NULL, FALSE, NULL, NULL, NULL);
INSERT INTO options (id, verse_id, position, type, text, target_type, target_verse_dn, target_location_dn, requirement, result, hidden, once, condition_group, conditional_targets, children) VALUES (515, 230, 1, 'condition', 'Если у вас есть часть 1 достижения «Ключи и пароли».', 'end', NULL, NULL, NULL, 'Здесь больше ничего нет.  Исследование окончено.', NULL, FALSE, NULL, NULL, NULL);
INSERT INTO verses (id, location_id, display_number) VALUES (231, 20, 4);
INSERT INTO options (id, verse_id, position, type, text, target_type, target_verse_dn, target_location_dn, requirement, result, hidden, once, condition_group, conditional_targets, children) VALUES (516, 231, 0, 'choice', 'Если развязка @GreenOutcome@ или @GrayOutcome@.', 'verse', 5, NULL, NULL, NULL, NULL, FALSE, NULL, NULL, NULL);
INSERT INTO options (id, verse_id, position, type, text, target_type, target_verse_dn, target_location_dn, requirement, result, hidden, once, condition_group, conditional_targets, children) VALUES (517, 231, 1, 'choice', 'В противном случае.', 'end', NULL, NULL, NULL, 'Исследование окончено.', NULL, FALSE, NULL, NULL, NULL);
INSERT INTO verses (id, location_id, display_number) VALUES (232, 20, 5);
INSERT INTO options (id, verse_id, position, type, text, target_type, target_verse_dn, target_location_dn, requirement, result, hidden, once, condition_group, conditional_targets, children) VALUES (518, 232, 0, 'choice', '1 @Energy@ Осмотреть врата.', 'verse', 2, NULL, NULL, 'Получите часть 6 достижения «Диковинки».', NULL, FALSE, NULL, NULL, NULL);
INSERT INTO options (id, verse_id, position, type, text, target_type, target_verse_dn, target_location_dn, requirement, result, hidden, once, condition_group, conditional_targets, children) VALUES (519, 232, 1, 'choice', 'Открыть врата.', 'verse', 1, NULL, 'Нужны все персонажи и глава 2, часть 3, либо глава 3—10.', 'Получите часть 6 достижения «Диковинки».', NULL, FALSE, NULL, NULL, NULL);
INSERT INTO options (id, verse_id, position, type, text, target_type, target_verse_dn, target_location_dn, requirement, result, hidden, once, condition_group, conditional_targets, children) VALUES (520, 232, 2, 'choice', 'Уйти.', 'end', NULL, NULL, NULL, 'Получите часть 6 достижения «Диковинки»  Исследование окончено.', NULL, FALSE, NULL, NULL, NULL);
INSERT INTO verses (id, location_id, display_number) VALUES (233, 20, 6);
INSERT INTO options (id, verse_id, position, type, text, target_type, target_verse_dn, target_location_dn, requirement, result, hidden, once, condition_group, conditional_targets, children) VALUES (521, 233, 0, 'condition', 'Если у вас есть синий светофильтр.', 'verse', 7, NULL, 'Если у вас нет части 3 достижения «Сквозь искажень-стекло».', NULL, NULL, FALSE, NULL, NULL, NULL);
INSERT INTO options (id, verse_id, position, type, text, target_type, target_verse_dn, target_location_dn, requirement, result, hidden, once, condition_group, conditional_targets, children) VALUES (522, 233, 1, 'choice', 'Продолжить.', 'end', NULL, NULL, NULL, 'Исследование окончено.', NULL, FALSE, NULL, NULL, NULL);
INSERT INTO verses (id, location_id, display_number) VALUES (234, 20, 7);
INSERT INTO options (id, verse_id, position, type, text, target_type, target_verse_dn, target_location_dn, requirement, result, hidden, once, condition_group, conditional_targets, children) VALUES (523, 234, 0, 'choice', 'Продолжить.', 'end', NULL, NULL, NULL, 'Получите 2 золота.  Получите часть 3 достижения «Сквозь искажень-стекло».  Исследование окончено.', NULL, FALSE, NULL, NULL, NULL);

INSERT INTO locations (id, campaign_id, display_number, name) VALUES (21, 1, 121, 'Мерцающие равнины');
INSERT INTO verses (id, location_id, display_number) VALUES (235, 21, 0);
INSERT INTO options (id, verse_id, position, type, text, target_type, target_verse_dn, target_location_dn, requirement, result, hidden, once, condition_group, conditional_targets, children) VALUES (524, 235, 0, 'choice', '2 @Energy@ Построить укрепления. Рельеф местности здесь был богат на естественные преграды, которые легко приспособить для обороны.', 'end', NULL, NULL, 'Только если у вас нет части 8 достижения «Восстановление Лотиана». Потратьте маркеры с карты секрета 26 в количестве 1 за персонажа.', 'Получите часть 8 достижения «Восстановление Лотиана».  Исследование окончено.', NULL, FALSE, NULL, NULL, NULL);
INSERT INTO options (id, verse_id, position, type, text, target_type, target_verse_dn, target_location_dn, requirement, result, hidden, once, condition_group, conditional_targets, children) VALUES (525, 235, 1, 'choice', '1 @Energy@ Осмотреть мерцающие озёра.', 'verse', 2, NULL, NULL, NULL, NULL, FALSE, NULL, NULL, NULL);
INSERT INTO options (id, verse_id, position, type, text, target_type, target_verse_dn, target_location_dn, requirement, result, hidden, once, condition_group, conditional_targets, children) VALUES (526, 235, 2, 'choice', '1 @Energy@ Обыскать развалины домов.', 'end', NULL, NULL, NULL, NULL, NULL, FALSE, NULL, NULL, '[{"type": "condition", "text": "Если вы проходите главу 4—10 или у вас есть хотя бы две части достижения «Время идёт (глава 3)».", "target": "end", "result": "Развалины домов уже разграблены.  Исследование окончено."}, {"type": "condition", "text": "1—4.", "target": "end", "result": "В развалинах ничего не нашлось.   Исследование окончено."}, {"type": "condition", "text": "5—6.", "target": "end", "result": "Вы нашли бочку вполне годной сушёной рыбы в подвале заброшенного дома.  Если у вас нет части 7 достижения «Добытчик», получите 2 еды.  Получите часть 7 достижения «Добытчик».  Исследование окончено."}, {"type": "condition", "text": "7—8.", "target": "end", "result": "Вы нашли небольшое уютное укрытие у стены за огромной изразцовой печью. Место было явно обжитое, но сейчас хозяина и след простыл.  Исследование окончено."}, {"type": "condition", "text": "≥9.", "target": "end", "result": "Вы нашли тайник под половицей в одном из домов побогаче.  Если у вас нет части 8 достижения «Добытчик», получите 1 предмет Б.  Получите часть 8 достижения «Добытчик».  Исследование окончено."}]'::jsonb);
INSERT INTO options (id, verse_id, position, type, text, target_type, target_verse_dn, target_location_dn, requirement, result, hidden, once, condition_group, conditional_targets, children) VALUES (527, 235, 3, 'choice', 'Подойти к статуе неизвестной святой.', 'end', NULL, NULL, NULL, NULL, NULL, FALSE, NULL, NULL, '[{"type": "choice", "text": "Вернуть подношения.", "target": "end", "requirement": "Потратьте 1 золото, 1 еду и 1 магию.", "children": [{"type": "choice", "text": "Продолжить.", "target": "end", "result": "Получите часть 4 достижения «Слухи и сплетни».  Исследование окончено."}], "conditionGroup": "Если у вас есть часть 6 достижения «Что плохо лежит»."}, {"type": "choice", "text": "Уйти.", "target": "end", "result": "Исследование окончено.", "conditionGroup": "Если у вас есть часть 6 достижения «Что плохо лежит»."}, {"type": "choice", "text": "Сделать подношение неизвестной святой.", "target": "end", "requirement": "Потратьте 1 золото, 1 еду или 1 магию.", "children": [{"type": "choice", "text": "Продолжить.", "target": "end", "result": "Получите часть 4 достижения «Слухи и сплетни».  Исследование окончено."}]}, {"type": "choice", "text": "Украсть чужие подношения.", "target": {"verse": 1}}, {"type": "choice", "text": "Уйти.", "target": "end", "result": "Исследование окончено."}]'::jsonb);
INSERT INTO options (id, verse_id, position, type, text, target_type, target_verse_dn, target_location_dn, requirement, result, hidden, once, condition_group, conditional_targets, children) VALUES (528, 235, 4, 'choice', 'Уйти.', 'end', NULL, NULL, NULL, 'Исследование окончено.', NULL, FALSE, NULL, NULL, NULL);
INSERT INTO verses (id, location_id, display_number) VALUES (236, 21, 1);
INSERT INTO options (id, verse_id, position, type, text, target_type, target_verse_dn, target_location_dn, requirement, result, hidden, once, condition_group, conditional_targets, children) VALUES (529, 236, 0, 'choice', 'Продолжить.', 'end', NULL, NULL, NULL, 'Если у вас нет части 6 достижения «Что плохо лежит», получите 1 золото, 1 еду и 1 магию.  Получите часть 6 достижения «Что плохо лежит».  Исследование окончено.', NULL, FALSE, NULL, NULL, NULL);
INSERT INTO verses (id, location_id, display_number) VALUES (237, 21, 2);
INSERT INTO options (id, verse_id, position, type, text, target_type, target_verse_dn, target_location_dn, requirement, result, hidden, once, condition_group, conditional_targets, children) VALUES (530, 237, 0, 'choice', 'Продолжить.', 'end', NULL, NULL, NULL, 'Если у вас нет части 4 достижения «Странные уроки», каждый член команды получает 1 @Terror@ и 1 магию.  Получите часть 4 достижения «Странные уроки».  Исследование окончено.', NULL, FALSE, NULL, NULL, NULL);
INSERT INTO verses (id, location_id, display_number) VALUES (238, 21, 3);

INSERT INTO locations (id, campaign_id, display_number, name) VALUES (22, 1, 122, 'Затопленные гати');
INSERT INTO verses (id, location_id, display_number) VALUES (239, 22, 0);
INSERT INTO options (id, verse_id, position, type, text, target_type, target_verse_dn, target_location_dn, requirement, result, hidden, once, condition_group, conditional_targets, children) VALUES (531, 239, 0, 'condition', 'Если у вас есть синий светофильтр.', 'verse', 11, NULL, 'Если у вас нет части 5 достижения «Сквозь искажень-стекло».', NULL, NULL, FALSE, NULL, NULL, NULL);
INSERT INTO options (id, verse_id, position, type, text, target_type, target_verse_dn, target_location_dn, requirement, result, hidden, once, condition_group, conditional_targets, children) VALUES (532, 239, 1, 'condition', 'Если у вас нет ни одной части достижения «Карта болота».', 'verse', 8, NULL, NULL, NULL, NULL, FALSE, NULL, NULL, NULL);
INSERT INTO options (id, verse_id, position, type, text, target_type, target_verse_dn, target_location_dn, requirement, result, hidden, once, condition_group, conditional_targets, children) VALUES (533, 239, 2, 'condition', 'Если вы проходите главу 2.', 'verse', 2, NULL, NULL, NULL, NULL, FALSE, NULL, NULL, NULL);
INSERT INTO options (id, verse_id, position, type, text, target_type, target_verse_dn, target_location_dn, requirement, result, hidden, once, condition_group, conditional_targets, children) VALUES (534, 239, 3, 'choice', '2 @Energy@ Попытаться пересечь болото. Путь в Южные земли будет опасным. Без серьёзной причины туда давно никто не совался.', 'cross_location', 597, 999, 'Только если вы проходите главу 4, часть 2—4, либо главу 5—10. Нужны все персонажи и все части достижения «Карта болота».', NULL, NULL, FALSE, NULL, NULL, NULL);
INSERT INTO options (id, verse_id, position, type, text, target_type, target_verse_dn, target_location_dn, requirement, result, hidden, once, condition_group, conditional_targets, children) VALUES (535, 239, 4, 'choice', '2 @Energy@ Посетить мастерскую свечника.', 'cross_location', 172, 999, 'Только если у вас нет части 2 достижения «Личные дела». Нужен Элган.', NULL, NULL, FALSE, NULL, NULL, NULL);
INSERT INTO options (id, verse_id, position, type, text, target_type, target_verse_dn, target_location_dn, requirement, result, hidden, once, condition_group, conditional_targets, children) VALUES (536, 239, 5, 'choice', '2 @Energy@ Нанести на карту гати болота.', 'verse', 3, NULL, NULL, NULL, NULL, FALSE, NULL, NULL, NULL);
INSERT INTO options (id, verse_id, position, type, text, target_type, target_verse_dn, target_location_dn, requirement, result, hidden, once, condition_group, conditional_targets, children) VALUES (537, 239, 6, 'choice', '1 @Energy@ Найти памятник святой Хильбриде.', 'verse', 7, NULL, 'Нужны хотя бы пять частей достижения «Карта болота» и часть 4 достижения «Слухи и сплетни».', NULL, NULL, FALSE, NULL, NULL, NULL);
INSERT INTO options (id, verse_id, position, type, text, target_type, target_verse_dn, target_location_dn, requirement, result, hidden, once, condition_group, conditional_targets, children) VALUES (538, 239, 7, 'choice', 'Набрать трав и природных лекарств.', 'verse', 6, NULL, 'Нужны хотя бы три части достижения «Карта болота».', NULL, NULL, FALSE, NULL, NULL, NULL);
INSERT INTO options (id, verse_id, position, type, text, target_type, target_verse_dn, target_location_dn, requirement, result, hidden, once, condition_group, conditional_targets, children) VALUES (539, 239, 8, 'choice', 'Уйти.', 'end', NULL, NULL, NULL, 'Исследование окончено.', NULL, FALSE, NULL, NULL, NULL);
INSERT INTO verses (id, location_id, display_number) VALUES (240, 22, 1);
INSERT INTO options (id, verse_id, position, type, text, target_type, target_verse_dn, target_location_dn, requirement, result, hidden, once, condition_group, conditional_targets, children) VALUES (540, 240, 0, 'condition', '0—2.', 'end', NULL, NULL, NULL, 'Вы пошли не разбирая дороги и упали в мутную воду, это не прошло для вас даром.  Каждый член команды теряет 1 @Health@.   Исследование окончено.', NULL, FALSE, NULL, NULL, NULL);
INSERT INTO options (id, verse_id, position, type, text, target_type, target_verse_dn, target_location_dn, requirement, result, hidden, once, condition_group, conditional_targets, children) VALUES (541, 240, 1, 'condition', '3—4.', 'end', NULL, NULL, NULL, 'Вы привлекли внимание чего‑то, бродившего по этому болоту.  Каждый член команды теряет 1 @Health@. Затем возьмите фиолетовую карту встречи и проведите её.  Исследование окончено.', NULL, FALSE, NULL, NULL, NULL);
INSERT INTO options (id, verse_id, position, type, text, target_type, target_verse_dn, target_location_dn, requirement, result, hidden, once, condition_group, conditional_targets, children) VALUES (542, 240, 2, 'condition', '≥5.', 'end', NULL, NULL, NULL, 'В дебрях болот таились кошмары.  Каждый член команды теряет 1 @Health@. Затем возьмите три фиолетовые карты встреч. Проведите ту, у которой больше стойкость. Положите остальные карты встреч под низ их колоды.  Исследование окончено.', NULL, FALSE, NULL, NULL, NULL);
INSERT INTO verses (id, location_id, display_number) VALUES (241, 22, 2);
INSERT INTO options (id, verse_id, position, type, text, target_type, target_verse_dn, target_location_dn, requirement, result, hidden, once, condition_group, conditional_targets, children) VALUES (543, 241, 0, 'choice', '2 @Energy@ Посетить мастерскую свечника.', 'cross_location', 172, 999, 'Только если у вас нет части 2 достижения «Личные дела». Нужен Элган.', NULL, NULL, FALSE, NULL, NULL, NULL);
INSERT INTO options (id, verse_id, position, type, text, target_type, target_verse_dn, target_location_dn, requirement, result, hidden, once, condition_group, conditional_targets, children) VALUES (544, 241, 1, 'choice', 'Уйти.', 'end', NULL, NULL, NULL, 'Исследование окончено.', NULL, FALSE, NULL, NULL, NULL);
INSERT INTO verses (id, location_id, display_number) VALUES (242, 22, 3);
INSERT INTO options (id, verse_id, position, type, text, target_type, target_verse_dn, target_location_dn, requirement, result, hidden, once, condition_group, conditional_targets, children) VALUES (545, 242, 0, 'condition', '1—2.', 'verse', 1, NULL, NULL, 'Возьмите фиолетовую карту встречи и проведите её.  Продолжите вне зависимости от её итога.', NULL, FALSE, NULL, NULL, NULL);
INSERT INTO options (id, verse_id, position, type, text, target_type, target_verse_dn, target_location_dn, requirement, result, hidden, once, condition_group, conditional_targets, children) VALUES (546, 242, 1, 'condition', '3—6.', 'verse', 1, NULL, NULL, 'Получите одну часть достижения «Карта болота».', NULL, FALSE, NULL, NULL, NULL);
INSERT INTO options (id, verse_id, position, type, text, target_type, target_verse_dn, target_location_dn, requirement, result, hidden, once, condition_group, conditional_targets, children) VALUES (547, 242, 2, 'condition', '7—9.', 'verse', 1, NULL, NULL, 'Получите две части достижения «Карта болота».', NULL, FALSE, NULL, NULL, NULL);
INSERT INTO options (id, verse_id, position, type, text, target_type, target_verse_dn, target_location_dn, requirement, result, hidden, once, condition_group, conditional_targets, children) VALUES (548, 242, 3, 'condition', '≥10.', 'verse', 1, NULL, NULL, 'Получите три части достижения «Карта болота».', NULL, FALSE, NULL, NULL, NULL);
INSERT INTO verses (id, location_id, display_number) VALUES (243, 22, 4);
INSERT INTO options (id, verse_id, position, type, text, target_type, target_verse_dn, target_location_dn, requirement, result, hidden, once, condition_group, conditional_targets, children) VALUES (549, 243, 0, 'choice', 'Продолжить.', 'end', NULL, NULL, NULL, 'Исследование окончено.', NULL, FALSE, NULL, NULL, NULL);
INSERT INTO verses (id, location_id, display_number) VALUES (244, 22, 5);
INSERT INTO options (id, verse_id, position, type, text, target_type, target_verse_dn, target_location_dn, requirement, result, hidden, once, condition_group, conditional_targets, children) VALUES (550, 244, 0, 'condition', 'Продолжить.', 'cross_location', 172, 999, NULL, NULL, NULL, FALSE, NULL, NULL, NULL);
INSERT INTO verses (id, location_id, display_number) VALUES (245, 22, 6);
INSERT INTO options (id, verse_id, position, type, text, target_type, target_verse_dn, target_location_dn, requirement, result, hidden, once, condition_group, conditional_targets, children) VALUES (551, 245, 0, 'choice', 'Продолжить.', 'end', NULL, NULL, NULL, 'Исследование окончено.', NULL, FALSE, NULL, NULL, NULL);
INSERT INTO verses (id, location_id, display_number) VALUES (246, 22, 7);
INSERT INTO options (id, verse_id, position, type, text, target_type, target_verse_dn, target_location_dn, requirement, result, hidden, once, condition_group, conditional_targets, children) VALUES (552, 246, 0, 'choice', 'Разбить лагерь и провести ночь рядом с памятным камнем.', 'verse', 4, NULL, NULL, NULL, NULL, FALSE, NULL, NULL, NULL);
INSERT INTO options (id, verse_id, position, type, text, target_type, target_verse_dn, target_location_dn, requirement, result, hidden, once, condition_group, conditional_targets, children) VALUES (553, 246, 1, 'choice', 'Уйти.', 'end', NULL, NULL, NULL, 'Исследование окончено.', NULL, FALSE, NULL, NULL, NULL);
INSERT INTO verses (id, location_id, display_number) VALUES (247, 22, 8);
INSERT INTO options (id, verse_id, position, type, text, target_type, target_verse_dn, target_location_dn, requirement, result, hidden, once, condition_group, conditional_targets, children) VALUES (554, 247, 0, 'choice', 'Продолжить.', 'end', NULL, NULL, NULL, 'Получите одну часть достижения «Карта болота».  Исследование окончено.', NULL, FALSE, NULL, NULL, NULL);
INSERT INTO verses (id, location_id, display_number) VALUES (248, 22, 10);
INSERT INTO options (id, verse_id, position, type, text, target_type, target_verse_dn, target_location_dn, requirement, result, hidden, once, condition_group, conditional_targets, children) VALUES (555, 248, 0, 'condition', 'Продолжить.', 'cross_location', 597, 999, NULL, NULL, NULL, FALSE, NULL, NULL, NULL);
INSERT INTO verses (id, location_id, display_number) VALUES (249, 22, 11);
INSERT INTO options (id, verse_id, position, type, text, target_type, target_verse_dn, target_location_dn, requirement, result, hidden, once, condition_group, conditional_targets, children) VALUES (556, 249, 0, 'choice', 'Попробовать грибы на вкус.', 'cross_location', 418, 999, NULL, NULL, NULL, FALSE, NULL, NULL, NULL);
INSERT INTO options (id, verse_id, position, type, text, target_type, target_verse_dn, target_location_dn, requirement, result, hidden, once, condition_group, conditional_targets, children) VALUES (557, 249, 1, 'choice', 'Уйти.', 'end', NULL, NULL, NULL, 'Получите часть 5 достижения «Сквозь искажень-стекло».   Исследование окончено.', NULL, FALSE, NULL, NULL, NULL);

INSERT INTO locations (id, campaign_id, display_number, name) VALUES (23, 1, 123, 'Под сводом акведука');
INSERT INTO verses (id, location_id, display_number) VALUES (250, 23, 0);
INSERT INTO options (id, verse_id, position, type, text, target_type, target_verse_dn, target_location_dn, requirement, result, hidden, once, condition_group, conditional_targets, children) VALUES (558, 250, 0, 'condition', 'Если у вас есть часть 5 достижения «Топография».', 'verse', 5, NULL, NULL, NULL, NULL, FALSE, NULL, NULL, NULL);
INSERT INTO options (id, verse_id, position, type, text, target_type, target_verse_dn, target_location_dn, requirement, result, hidden, once, condition_group, conditional_targets, children) VALUES (559, 250, 1, 'choice', '1 @Energy@ Подойти к колонне.', 'verse', 2, NULL, NULL, NULL, NULL, FALSE, NULL, NULL, NULL);
INSERT INTO options (id, verse_id, position, type, text, target_type, target_verse_dn, target_location_dn, requirement, result, hidden, once, condition_group, conditional_targets, children) VALUES (560, 250, 2, 'choice', '1 @Energy@ Подойти к озеру.', 'verse', 4, NULL, NULL, NULL, NULL, FALSE, NULL, NULL, NULL);
INSERT INTO options (id, verse_id, position, type, text, target_type, target_verse_dn, target_location_dn, requirement, result, hidden, once, condition_group, conditional_targets, children) VALUES (561, 250, 3, 'choice', 'Уйти.', 'end', NULL, NULL, NULL, 'Исследование окончено.', NULL, FALSE, NULL, NULL, NULL);
INSERT INTO verses (id, location_id, display_number) VALUES (251, 23, 1);
INSERT INTO options (id, verse_id, position, type, text, target_type, target_verse_dn, target_location_dn, requirement, result, hidden, once, condition_group, conditional_targets, children) VALUES (562, 251, 0, 'condition', 'Продолжить.', 'verse', 10, NULL, NULL, NULL, NULL, FALSE, NULL, NULL, NULL);
INSERT INTO verses (id, location_id, display_number) VALUES (252, 23, 2);
INSERT INTO options (id, verse_id, position, type, text, target_type, target_verse_dn, target_location_dn, requirement, result, hidden, once, condition_group, conditional_targets, children) VALUES (563, 252, 0, 'condition', 'Если в этой локации есть @LightTT@.', 'verse', 10, NULL, NULL, NULL, NULL, FALSE, NULL, NULL, NULL);
INSERT INTO options (id, verse_id, position, type, text, target_type, target_verse_dn, target_location_dn, requirement, result, hidden, once, condition_group, conditional_targets, children) VALUES (564, 252, 1, 'condition', 'Если у вас есть часть 5 достижения «Смутная догадка».', 'verse', 11, NULL, NULL, NULL, NULL, FALSE, NULL, NULL, NULL);
INSERT INTO options (id, verse_id, position, type, text, target_type, target_verse_dn, target_location_dn, requirement, result, hidden, once, condition_group, conditional_targets, children) VALUES (565, 252, 2, 'choice', '2 @Energy@ Спрятаться и дождаться, когда кто-нибудь придёт на огороды.', 'verse', 6, NULL, NULL, NULL, NULL, FALSE, NULL, NULL, NULL);
INSERT INTO options (id, verse_id, position, type, text, target_type, target_verse_dn, target_location_dn, requirement, result, hidden, once, condition_group, conditional_targets, children) VALUES (566, 252, 3, 'choice', 'Украсть овощи.', 'verse', 7, NULL, NULL, NULL, NULL, FALSE, NULL, NULL, NULL);
INSERT INTO options (id, verse_id, position, type, text, target_type, target_verse_dn, target_location_dn, requirement, result, hidden, once, condition_group, conditional_targets, children) VALUES (567, 252, 4, 'choice', 'Уйти.', 'end', NULL, NULL, NULL, 'Исследование окончено.', NULL, FALSE, NULL, NULL, NULL);
INSERT INTO verses (id, location_id, display_number) VALUES (253, 23, 3);
INSERT INTO options (id, verse_id, position, type, text, target_type, target_verse_dn, target_location_dn, requirement, result, hidden, once, condition_group, conditional_targets, children) VALUES (568, 253, 0, 'condition', 'Продолжить.', 'verse', 10, NULL, NULL, NULL, NULL, FALSE, NULL, NULL, NULL);
INSERT INTO verses (id, location_id, display_number) VALUES (254, 23, 4);
INSERT INTO options (id, verse_id, position, type, text, target_type, target_verse_dn, target_location_dn, requirement, result, hidden, once, condition_group, conditional_targets, children) VALUES (569, 254, 0, 'condition', 'Продолжить.', 'cross_location', 1000, 1001, NULL, NULL, NULL, FALSE, NULL, NULL, NULL);
INSERT INTO verses (id, location_id, display_number) VALUES (255, 23, 5);
INSERT INTO options (id, verse_id, position, type, text, target_type, target_verse_dn, target_location_dn, requirement, result, hidden, once, condition_group, conditional_targets, children) VALUES (570, 255, 0, 'choice', '1 @Energy@ Подойти к озеру.', 'verse', 4, NULL, NULL, NULL, NULL, FALSE, NULL, NULL, NULL);
INSERT INTO options (id, verse_id, position, type, text, target_type, target_verse_dn, target_location_dn, requirement, result, hidden, once, condition_group, conditional_targets, children) VALUES (571, 255, 1, 'choice', 'Посетить Верхний город. Хранители лестницы вас уже знали и были готовы спустить её по сигналу.', 'cross_location', 628, 1001, NULL, NULL, NULL, FALSE, NULL, NULL, NULL);
INSERT INTO options (id, verse_id, position, type, text, target_type, target_verse_dn, target_location_dn, requirement, result, hidden, once, condition_group, conditional_targets, children) VALUES (572, 255, 2, 'choice', 'Уйти.', 'end', NULL, NULL, NULL, 'Исследование окончено.', NULL, FALSE, NULL, NULL, NULL);
INSERT INTO verses (id, location_id, display_number) VALUES (256, 23, 6);
INSERT INTO options (id, verse_id, position, type, text, target_type, target_verse_dn, target_location_dn, requirement, result, hidden, once, condition_group, conditional_targets, children) VALUES (573, 256, 0, 'condition', 'Если в области активных событий есть событие «Затяжной ливень», «Завывающий ветер», «Густой туман» или «Ураган».', 'verse', 8, NULL, NULL, NULL, NULL, FALSE, NULL, NULL, NULL);
INSERT INTO options (id, verse_id, position, type, text, target_type, target_verse_dn, target_location_dn, requirement, result, hidden, once, condition_group, conditional_targets, children) VALUES (574, 256, 1, 'choice', 'Перехватить его и убедить проводить вас наверх.', 'verse', 10, NULL, NULL, NULL, NULL, FALSE, NULL, NULL, NULL);
INSERT INTO options (id, verse_id, position, type, text, target_type, target_verse_dn, target_location_dn, requirement, result, hidden, once, condition_group, conditional_targets, children) VALUES (575, 256, 2, 'choice', 'Понаблюдать, что будет дальше.', 'end', NULL, NULL, NULL, NULL, NULL, FALSE, NULL, NULL, '[{"type": "choice", "text": "Встать в круг и сочинить пароль на месте.", "target": {"verse": 12}, "result": "Получите часть 5 достижения «Смутная догадка»."}, {"type": "choice", "text": "Уйти.", "target": "end", "result": "Получите часть 5 достижения «Смутная догадка»."}]'::jsonb);
INSERT INTO options (id, verse_id, position, type, text, target_type, target_verse_dn, target_location_dn, requirement, result, hidden, once, condition_group, conditional_targets, children) VALUES (576, 256, 3, 'choice', 'Уйти.', 'end', NULL, NULL, NULL, 'Исследование окончено.', NULL, FALSE, NULL, NULL, NULL);
INSERT INTO verses (id, location_id, display_number) VALUES (257, 23, 7);
INSERT INTO options (id, verse_id, position, type, text, target_type, target_verse_dn, target_location_dn, requirement, result, hidden, once, condition_group, conditional_targets, children) VALUES (577, 257, 0, 'choice', '1 @Energy@ Продолжить собирать овощи.', 'verse', 10, NULL, NULL, 'Получите 1 еду.', NULL, FALSE, NULL, NULL, NULL);
INSERT INTO options (id, verse_id, position, type, text, target_type, target_verse_dn, target_location_dn, requirement, result, hidden, once, condition_group, conditional_targets, children) VALUES (578, 257, 1, 'choice', 'Попытаться криками убедить людей на акведуке позволить вам подняться.', 'verse', 13, NULL, NULL, NULL, NULL, FALSE, NULL, NULL, NULL);
INSERT INTO options (id, verse_id, position, type, text, target_type, target_verse_dn, target_location_dn, requirement, result, hidden, once, condition_group, conditional_targets, children) VALUES (579, 257, 2, 'choice', 'Уйти.', 'end', NULL, NULL, NULL, 'Исследование окончено.', NULL, FALSE, NULL, NULL, NULL);
INSERT INTO verses (id, location_id, display_number) VALUES (258, 23, 8);
INSERT INTO options (id, verse_id, position, type, text, target_type, target_verse_dn, target_location_dn, requirement, result, hidden, once, condition_group, conditional_targets, children) VALUES (580, 258, 0, 'choice', 'Продолжить.', 'end', NULL, NULL, NULL, 'Исследование окончено.', NULL, FALSE, NULL, NULL, NULL);
INSERT INTO verses (id, location_id, display_number) VALUES (259, 23, 9);
INSERT INTO options (id, verse_id, position, type, text, target_type, target_verse_dn, target_location_dn, requirement, result, hidden, once, condition_group, conditional_targets, children) VALUES (581, 259, 0, 'choice', 'Продолжить.', 'cross_location', 628, 1001, NULL, 'Получите часть 5 достижения «Топография».', NULL, FALSE, 'Продолжить.', NULL, NULL);
INSERT INTO verses (id, location_id, display_number) VALUES (260, 23, 10);
INSERT INTO options (id, verse_id, position, type, text, target_type, target_verse_dn, target_location_dn, requirement, result, hidden, once, condition_group, conditional_targets, children) VALUES (582, 260, 0, 'choice', 'Продолжить.', 'end', NULL, NULL, NULL, 'Каждый член команды теряет 1 @Health@.  Если в этой локации нет @LightTT@, поместите в неё 1 @LightTT@.  Исследование окончено.', NULL, FALSE, NULL, NULL, NULL);
INSERT INTO verses (id, location_id, display_number) VALUES (261, 23, 11);
INSERT INTO options (id, verse_id, position, type, text, target_type, target_verse_dn, target_location_dn, requirement, result, hidden, once, condition_group, conditional_targets, children) VALUES (583, 261, 0, 'choice', 'Произнести пароль.', 'verse', 12, NULL, NULL, NULL, NULL, FALSE, NULL, NULL, NULL);
INSERT INTO options (id, verse_id, position, type, text, target_type, target_verse_dn, target_location_dn, requirement, result, hidden, once, condition_group, conditional_targets, children) VALUES (584, 261, 1, 'choice', 'Украсть овощи.', 'verse', 7, NULL, NULL, NULL, NULL, FALSE, NULL, NULL, NULL);
INSERT INTO options (id, verse_id, position, type, text, target_type, target_verse_dn, target_location_dn, requirement, result, hidden, once, condition_group, conditional_targets, children) VALUES (585, 261, 2, 'choice', 'Уйти.', 'end', NULL, NULL, NULL, 'Исследование окончено.', NULL, FALSE, NULL, NULL, NULL);
INSERT INTO verses (id, location_id, display_number) VALUES (262, 23, 12);
INSERT INTO options (id, verse_id, position, type, text, target_type, target_verse_dn, target_location_dn, requirement, result, hidden, once, condition_group, conditional_targets, children) VALUES (586, 262, 0, 'choice', 'Сказать «мой клан бережёт поймы рек, склоны гор».', 'verse', 10, NULL, NULL, NULL, NULL, FALSE, NULL, NULL, NULL);
INSERT INTO options (id, verse_id, position, type, text, target_type, target_verse_dn, target_location_dn, requirement, result, hidden, once, condition_group, conditional_targets, children) VALUES (587, 262, 1, 'choice', 'Сказать «молитва сирот обогреет шатёр».', 'end', NULL, NULL, NULL, NULL, NULL, FALSE, NULL, NULL, '[{"type": "choice", "text": "Продолжить.", "target": {"location": 1001, "verse": 628}, "result": "Получите часть 5 достижения «Топография»."}]'::jsonb);
INSERT INTO options (id, verse_id, position, type, text, target_type, target_verse_dn, target_location_dn, requirement, result, hidden, once, condition_group, conditional_targets, children) VALUES (588, 262, 2, 'choice', 'Сказать «малютка несёт под карету топор».', 'verse', 10, NULL, NULL, NULL, NULL, FALSE, NULL, NULL, NULL);
INSERT INTO options (id, verse_id, position, type, text, target_type, target_verse_dn, target_location_dn, requirement, result, hidden, once, condition_group, conditional_targets, children) VALUES (589, 262, 3, 'choice', 'Уйти.', 'end', NULL, NULL, NULL, 'Исследование окончено.', NULL, FALSE, NULL, NULL, NULL);
INSERT INTO verses (id, location_id, display_number) VALUES (263, 23, 13);
INSERT INTO options (id, verse_id, position, type, text, target_type, target_verse_dn, target_location_dn, requirement, result, hidden, once, condition_group, conditional_targets, children) VALUES (590, 263, 0, 'choice', 'Продолжить.', 'cross_location', 628, 1001, NULL, 'Получите часть 5 достижения «Топография».', NULL, FALSE, 'Если развязка @GreenOutcome@.', NULL, NULL);
INSERT INTO options (id, verse_id, position, type, text, target_type, target_verse_dn, target_location_dn, requirement, result, hidden, once, condition_group, conditional_targets, children) VALUES (591, 263, 1, 'condition', 'В противном случае.', 'end', NULL, NULL, NULL, 'Исследование окончено.', NULL, FALSE, NULL, NULL, NULL);

INSERT INTO locations (id, campaign_id, display_number, name) VALUES (24, 1, 124, 'Недостроенный город');
INSERT INTO verses (id, location_id, display_number) VALUES (264, 24, 0);
INSERT INTO options (id, verse_id, position, type, text, target_type, target_verse_dn, target_location_dn, requirement, result, hidden, once, condition_group, conditional_targets, children) VALUES (592, 264, 0, 'condition', 'Если вы проходите главу 4, часть 4.', 'verse', 7, NULL, NULL, NULL, NULL, FALSE, NULL, NULL, NULL);
INSERT INTO options (id, verse_id, position, type, text, target_type, target_verse_dn, target_location_dn, requirement, result, hidden, once, condition_group, conditional_targets, children) VALUES (593, 264, 1, 'condition', 'Если вы проходите главу 3, часть 2.', 'verse', 11, NULL, NULL, NULL, NULL, FALSE, NULL, NULL, NULL);
INSERT INTO options (id, verse_id, position, type, text, target_type, target_verse_dn, target_location_dn, requirement, result, hidden, once, condition_group, conditional_targets, children) VALUES (594, 264, 2, 'condition', 'Если вы проходите главу 5—10.', 'verse', 15, NULL, NULL, NULL, NULL, FALSE, NULL, NULL, NULL);
INSERT INTO options (id, verse_id, position, type, text, target_type, target_verse_dn, target_location_dn, requirement, result, hidden, once, condition_group, conditional_targets, children) VALUES (595, 264, 3, 'condition', 'В противном случае.', 'verse', 1, NULL, NULL, NULL, NULL, FALSE, NULL, NULL, NULL);
INSERT INTO verses (id, location_id, display_number) VALUES (265, 24, 1);
INSERT INTO options (id, verse_id, position, type, text, target_type, target_verse_dn, target_location_dn, requirement, result, hidden, once, condition_group, conditional_targets, children) VALUES (596, 265, 0, 'choice', '1 @Energy@ Пройти дальше по главной улице.', 'verse', 2, NULL, NULL, NULL, NULL, FALSE, NULL, NULL, NULL);
INSERT INTO options (id, verse_id, position, type, text, target_type, target_verse_dn, target_location_dn, requirement, result, hidden, once, condition_group, conditional_targets, children) VALUES (597, 265, 1, 'choice', '1 @Energy@ Истощить все близлежащие путеводные камни и погрузить всё вокруг в искаженье.', 'verse', 14, NULL, 'Важно: это удалит все путеводные камни, которых касается эта локация, и немедленно перевернёт эту карту.', NULL, NULL, FALSE, NULL, NULL, NULL);
INSERT INTO options (id, verse_id, position, type, text, target_type, target_verse_dn, target_location_dn, requirement, result, hidden, once, condition_group, conditional_targets, children) VALUES (598, 265, 2, 'choice', 'Подойти к обелиску.', 'verse', 5, NULL, NULL, NULL, NULL, FALSE, NULL, NULL, NULL);
INSERT INTO options (id, verse_id, position, type, text, target_type, target_verse_dn, target_location_dn, requirement, result, hidden, once, condition_group, conditional_targets, children) VALUES (599, 265, 3, 'choice', 'Осмотреть груду светящихся камней.', 'verse', 8, NULL, NULL, NULL, NULL, FALSE, NULL, NULL, NULL);
INSERT INTO options (id, verse_id, position, type, text, target_type, target_verse_dn, target_location_dn, requirement, result, hidden, once, condition_group, conditional_targets, children) VALUES (600, 265, 4, 'choice', 'Уйти.', 'end', NULL, NULL, NULL, 'Исследование окончено.', NULL, FALSE, NULL, NULL, NULL);
INSERT INTO verses (id, location_id, display_number) VALUES (266, 24, 2);
INSERT INTO options (id, verse_id, position, type, text, target_type, target_verse_dn, target_location_dn, requirement, result, hidden, once, condition_group, conditional_targets, children) VALUES (601, 266, 0, 'choice', 'Идти дальше по главной улице.', 'verse', 4, NULL, NULL, NULL, NULL, FALSE, NULL, NULL, NULL);
INSERT INTO options (id, verse_id, position, type, text, target_type, target_verse_dn, target_location_dn, requirement, result, hidden, once, condition_group, conditional_targets, children) VALUES (602, 266, 1, 'choice', 'Уйти.', 'end', NULL, NULL, NULL, 'Исследование окончено.', NULL, FALSE, NULL, NULL, NULL);
INSERT INTO verses (id, location_id, display_number) VALUES (267, 24, 3);
INSERT INTO options (id, verse_id, position, type, text, target_type, target_verse_dn, target_location_dn, requirement, result, hidden, once, condition_group, conditional_targets, children) VALUES (603, 267, 0, 'choice', 'Продолжить.', 'verse', 10, NULL, NULL, NULL, NULL, FALSE, NULL, NULL, NULL);
INSERT INTO verses (id, location_id, display_number) VALUES (268, 24, 4);
INSERT INTO options (id, verse_id, position, type, text, target_type, target_verse_dn, target_location_dn, requirement, result, hidden, once, condition_group, conditional_targets, children) VALUES (604, 268, 0, 'condition', 'Если у вас есть часть 2 достижения «Строители Сурлузы».', 'verse', 17, NULL, NULL, NULL, NULL, FALSE, NULL, NULL, NULL);
INSERT INTO options (id, verse_id, position, type, text, target_type, target_verse_dn, target_location_dn, requirement, result, hidden, once, condition_group, conditional_targets, children) VALUES (605, 268, 1, 'choice', '1 @Energy@ Разложить светящиеся камни по выбоинам в мостовой.', 'verse', 16, NULL, 'Нужна часть 1 достижения «Строители Сурлузы».', NULL, NULL, FALSE, NULL, NULL, NULL);
INSERT INTO options (id, verse_id, position, type, text, target_type, target_verse_dn, target_location_dn, requirement, result, hidden, once, condition_group, conditional_targets, children) VALUES (606, 268, 2, 'choice', '1 @Energy@ Осмотреть дома на главной улице.', 'verse', 13, NULL, NULL, NULL, NULL, FALSE, NULL, NULL, NULL);
INSERT INTO options (id, verse_id, position, type, text, target_type, target_verse_dn, target_location_dn, requirement, result, hidden, once, condition_group, conditional_targets, children) VALUES (607, 268, 3, 'choice', 'Углубиться дальше в город.', 'verse', 9, NULL, NULL, NULL, NULL, FALSE, NULL, NULL, NULL);
INSERT INTO options (id, verse_id, position, type, text, target_type, target_verse_dn, target_location_dn, requirement, result, hidden, once, condition_group, conditional_targets, children) VALUES (608, 268, 4, 'choice', 'Покинуть город.', 'cross_location', 624, 1001, NULL, NULL, NULL, FALSE, NULL, NULL, NULL);
INSERT INTO verses (id, location_id, display_number) VALUES (269, 24, 5);
INSERT INTO options (id, verse_id, position, type, text, target_type, target_verse_dn, target_location_dn, requirement, result, hidden, once, condition_group, conditional_targets, children) VALUES (609, 269, 0, 'choice', 'Продолжить.', 'verse', 1, NULL, NULL, NULL, NULL, FALSE, NULL, NULL, NULL);
INSERT INTO verses (id, location_id, display_number) VALUES (270, 24, 6);
INSERT INTO options (id, verse_id, position, type, text, target_type, target_verse_dn, target_location_dn, requirement, result, hidden, once, condition_group, conditional_targets, children) VALUES (610, 270, 0, 'condition', 'Если у вас есть часть 7 достижения «Диковинки».', 'verse', 3, NULL, NULL, 'Получите часть 8 достижения «Диковинки».', NULL, FALSE, NULL, NULL, NULL);
INSERT INTO options (id, verse_id, position, type, text, target_type, target_verse_dn, target_location_dn, requirement, result, hidden, once, condition_group, conditional_targets, children) VALUES (611, 270, 1, 'condition', 'В противном случае.', 'verse', 10, NULL, NULL, 'Получите часть 8 достижения «Диковинки».  Вы сделали ещё несколько шагов — и внезапно столкнулись с целой толпой необычных обитателей этого города.', NULL, FALSE, NULL, NULL, NULL);
INSERT INTO verses (id, location_id, display_number) VALUES (271, 24, 7);
INSERT INTO options (id, verse_id, position, type, text, target_type, target_verse_dn, target_location_dn, requirement, result, hidden, once, condition_group, conditional_targets, children) VALUES (612, 271, 0, 'choice', 'Продолжить.', 'cross_location', 411, 999, NULL, NULL, NULL, FALSE, NULL, NULL, NULL);
INSERT INTO verses (id, location_id, display_number) VALUES (272, 24, 8);
INSERT INTO options (id, verse_id, position, type, text, target_type, target_verse_dn, target_location_dn, requirement, result, hidden, once, condition_group, conditional_targets, children) VALUES (613, 272, 0, 'choice', 'Продолжить.', 'verse', 1, NULL, NULL, 'Получите часть 1 достижения «Строители Сурлузы».', NULL, FALSE, NULL, NULL, NULL);
INSERT INTO verses (id, location_id, display_number) VALUES (273, 24, 9);
INSERT INTO options (id, verse_id, position, type, text, target_type, target_verse_dn, target_location_dn, requirement, result, hidden, once, condition_group, conditional_targets, children) VALUES (614, 273, 0, 'choice', '1 @Energy@ Разложить светящиеся камни вдоль стен.', 'verse', 18, NULL, 'Нужна часть 1 достижения «Строители Сурлузы». Только если у вас нет части 3 достижения «Строители Сурлузы».', NULL, NULL, FALSE, NULL, NULL, NULL);
INSERT INTO options (id, verse_id, position, type, text, target_type, target_verse_dn, target_location_dn, requirement, result, hidden, once, condition_group, conditional_targets, children) VALUES (615, 273, 1, 'choice', 'Пройти дальше. Чем ближе вы подходили к центру города, тем больше его бледных жителей попадалось вам на пути. В центре города сейчас было очень опасно.', 'verse', 12, NULL, NULL, NULL, NULL, FALSE, NULL, NULL, NULL);
INSERT INTO options (id, verse_id, position, type, text, target_type, target_verse_dn, target_location_dn, requirement, result, hidden, once, condition_group, conditional_targets, children) VALUES (616, 273, 2, 'choice', 'Покинуть город.', 'cross_location', 624, 1001, NULL, NULL, NULL, FALSE, NULL, NULL, NULL);
INSERT INTO options (id, verse_id, position, type, text, target_type, target_verse_dn, target_location_dn, requirement, result, hidden, once, condition_group, conditional_targets, children) VALUES (617, 273, 3, 'condition', 'Если у вас есть часть 3 достижения «Строители Сурлузы», но нет части 4 этого достижения.', 'verse', 19, NULL, NULL, NULL, NULL, FALSE, NULL, NULL, NULL);
INSERT INTO verses (id, location_id, display_number) VALUES (274, 24, 10);
INSERT INTO options (id, verse_id, position, type, text, target_type, target_verse_dn, target_location_dn, requirement, result, hidden, once, condition_group, conditional_targets, children) VALUES (618, 274, 0, 'condition', 'Продолжить.', 'cross_location', 545, 999, NULL, NULL, NULL, FALSE, NULL, NULL, NULL);
INSERT INTO verses (id, location_id, display_number) VALUES (275, 24, 11);
INSERT INTO options (id, verse_id, position, type, text, target_type, target_verse_dn, target_location_dn, requirement, result, hidden, once, condition_group, conditional_targets, children) VALUES (619, 275, 0, 'condition', 'Продолжить.', 'cross_location', 478, 999, NULL, NULL, NULL, FALSE, NULL, NULL, NULL);
INSERT INTO verses (id, location_id, display_number) VALUES (276, 24, 12);
INSERT INTO options (id, verse_id, position, type, text, target_type, target_verse_dn, target_location_dn, requirement, result, hidden, once, condition_group, conditional_targets, children) VALUES (620, 276, 0, 'condition', 'Нажмите сюда, если хотите увидеть подсказку.', 'verse', 12, NULL, NULL, 'Чтобы исследовать Недостроенный город дальше, попробуйте перевернуть эту локацию на @Wyrdness@ сторону. Но имейте в виду: хотя жители Сурлузы не ходят по улицам в искаженье, туман может преградить путь в те места, что доступны вам сейчас.', NULL, FALSE, NULL, NULL, NULL);
INSERT INTO options (id, verse_id, position, type, text, target_type, target_verse_dn, target_location_dn, requirement, result, hidden, once, condition_group, conditional_targets, children) VALUES (621, 276, 1, 'choice', '1 @Energy@ Исследовать особняки, окружающие дворец.', 'verse', 6, NULL, NULL, NULL, NULL, FALSE, NULL, NULL, NULL);
INSERT INTO options (id, verse_id, position, type, text, target_type, target_verse_dn, target_location_dn, requirement, result, hidden, once, condition_group, conditional_targets, children) VALUES (622, 276, 2, 'choice', 'Бежать прочь! Вырваться отсюда будет нелегко.', 'cross_location', 635, 1001, NULL, NULL, NULL, FALSE, NULL, NULL, NULL);
INSERT INTO verses (id, location_id, display_number) VALUES (277, 24, 13);
INSERT INTO options (id, verse_id, position, type, text, target_type, target_verse_dn, target_location_dn, requirement, result, hidden, once, condition_group, conditional_targets, children) VALUES (623, 277, 0, 'condition', 'Если у вас хотя бы 2 очка @Caution@.', 'verse', 4, NULL, NULL, NULL, NULL, FALSE, NULL, NULL, NULL);
INSERT INTO options (id, verse_id, position, type, text, target_type, target_verse_dn, target_location_dn, requirement, result, hidden, once, condition_group, conditional_targets, children) VALUES (624, 277, 1, 'condition', 'В противном случае.', 'verse', 21, NULL, NULL, NULL, NULL, FALSE, NULL, NULL, NULL);
INSERT INTO verses (id, location_id, display_number) VALUES (278, 24, 14);
INSERT INTO options (id, verse_id, position, type, text, target_type, target_verse_dn, target_location_dn, requirement, result, hidden, once, condition_group, conditional_targets, children) VALUES (625, 278, 0, 'choice', 'Продолжить.', 'cross_location', 500, 999, NULL, NULL, NULL, FALSE, NULL, NULL, NULL);
INSERT INTO verses (id, location_id, display_number) VALUES (279, 24, 15);
INSERT INTO options (id, verse_id, position, type, text, target_type, target_verse_dn, target_location_dn, requirement, result, hidden, once, condition_group, conditional_targets, children) VALUES (626, 279, 0, 'condition', 'Если у вас есть часть 2 достижения «Спутники».', 'end', NULL, NULL, NULL, 'Исследование окончено.', NULL, FALSE, NULL, NULL, NULL);
INSERT INTO options (id, verse_id, position, type, text, target_type, target_verse_dn, target_location_dn, requirement, result, hidden, once, condition_group, conditional_targets, children) VALUES (627, 279, 1, 'condition', 'В противном случае.', 'verse', 22, NULL, NULL, NULL, NULL, FALSE, NULL, NULL, NULL);
INSERT INTO verses (id, location_id, display_number) VALUES (280, 24, 16);
INSERT INTO options (id, verse_id, position, type, text, target_type, target_verse_dn, target_location_dn, requirement, result, hidden, once, condition_group, conditional_targets, children) VALUES (628, 280, 0, 'choice', 'Продолжить.', 'verse', 17, NULL, NULL, 'Получите часть 2 достижения «Строители Сурлузы».', NULL, FALSE, NULL, NULL, NULL);
INSERT INTO verses (id, location_id, display_number) VALUES (281, 24, 17);
INSERT INTO options (id, verse_id, position, type, text, target_type, target_verse_dn, target_location_dn, requirement, result, hidden, once, condition_group, conditional_targets, children) VALUES (629, 281, 0, 'choice', '1 @Energy@ Осмотреть дома на главной улице.', 'verse', 13, NULL, NULL, NULL, NULL, FALSE, NULL, NULL, NULL);
INSERT INTO options (id, verse_id, position, type, text, target_type, target_verse_dn, target_location_dn, requirement, result, hidden, once, condition_group, conditional_targets, children) VALUES (630, 281, 1, 'choice', 'Углубиться дальше в город.', 'verse', 9, NULL, NULL, NULL, NULL, FALSE, NULL, NULL, NULL);
INSERT INTO options (id, verse_id, position, type, text, target_type, target_verse_dn, target_location_dn, requirement, result, hidden, once, condition_group, conditional_targets, children) VALUES (631, 281, 2, 'choice', 'Покинуть город.', 'cross_location', 624, 1001, NULL, NULL, NULL, FALSE, NULL, NULL, NULL);
INSERT INTO verses (id, location_id, display_number) VALUES (282, 24, 18);
INSERT INTO options (id, verse_id, position, type, text, target_type, target_verse_dn, target_location_dn, requirement, result, hidden, once, condition_group, conditional_targets, children) VALUES (632, 282, 0, 'choice', 'Продолжить.', 'verse', 19, NULL, NULL, 'Получите часть 3 достижения «Строители Сурлузы».', NULL, FALSE, NULL, NULL, NULL);
INSERT INTO verses (id, location_id, display_number) VALUES (283, 24, 19);
INSERT INTO options (id, verse_id, position, type, text, target_type, target_verse_dn, target_location_dn, requirement, result, hidden, once, condition_group, conditional_targets, children) VALUES (633, 283, 0, 'choice', '1 @Energy@ Убрать груды камней.', 'verse', 20, NULL, NULL, NULL, NULL, FALSE, NULL, NULL, NULL);
INSERT INTO options (id, verse_id, position, type, text, target_type, target_verse_dn, target_location_dn, requirement, result, hidden, once, condition_group, conditional_targets, children) VALUES (634, 283, 1, 'choice', 'Пройти дальше. Чем ближе вы подходили к центру города, тем больше его бледных жителей попадалось вам на пути. В центре города сейчас было очень опасно.', 'verse', 12, NULL, NULL, NULL, NULL, FALSE, NULL, NULL, NULL);
INSERT INTO options (id, verse_id, position, type, text, target_type, target_verse_dn, target_location_dn, requirement, result, hidden, once, condition_group, conditional_targets, children) VALUES (635, 283, 2, 'choice', 'Покинуть город.', 'cross_location', 624, 1001, NULL, NULL, NULL, FALSE, NULL, NULL, NULL);
INSERT INTO verses (id, location_id, display_number) VALUES (284, 24, 20);
INSERT INTO options (id, verse_id, position, type, text, target_type, target_verse_dn, target_location_dn, requirement, result, hidden, once, condition_group, conditional_targets, children) VALUES (636, 284, 0, 'choice', 'Продолжить.', 'verse', 9, NULL, NULL, 'Получите часть 4 достижения «Строители Сурлузы».', NULL, FALSE, NULL, NULL, NULL);
INSERT INTO verses (id, location_id, display_number) VALUES (285, 24, 21);
INSERT INTO options (id, verse_id, position, type, text, target_type, target_verse_dn, target_location_dn, requirement, result, hidden, once, condition_group, conditional_targets, children) VALUES (637, 285, 0, 'condition', 'Если у вас хотя бы 2 очка @Aggression@.', 'verse', 4, NULL, NULL, 'Вам удалось вырваться.', NULL, FALSE, NULL, NULL, NULL);
INSERT INTO options (id, verse_id, position, type, text, target_type, target_verse_dn, target_location_dn, requirement, result, hidden, once, condition_group, conditional_targets, children) VALUES (638, 285, 1, 'condition', 'В противном случае.', 'verse', 10, NULL, NULL, NULL, NULL, FALSE, NULL, NULL, NULL);
INSERT INTO verses (id, location_id, display_number) VALUES (286, 24, 22);
INSERT INTO options (id, verse_id, position, type, text, target_type, target_verse_dn, target_location_dn, requirement, result, hidden, once, condition_group, conditional_targets, children) VALUES (639, 286, 0, 'choice', 'Продолжить.', 'cross_location', 264, 999, NULL, NULL, NULL, FALSE, NULL, NULL, NULL);

INSERT INTO locations (id, campaign_id, display_number, name) VALUES (25, 1, 125, 'Южные земли');
INSERT INTO verses (id, location_id, display_number) VALUES (287, 25, 0);
INSERT INTO options (id, verse_id, position, type, text, target_type, target_verse_dn, target_location_dn, requirement, result, hidden, once, condition_group, conditional_targets, children) VALUES (640, 287, 0, 'choice', '2 @Energy@ Найти путь на север.', 'verse', 3, NULL, 'Этот выбор переместит вас в другую локацию.', NULL, NULL, FALSE, NULL, NULL, NULL);
INSERT INTO options (id, verse_id, position, type, text, target_type, target_verse_dn, target_location_dn, requirement, result, hidden, once, condition_group, conditional_targets, children) VALUES (641, 287, 1, 'choice', '2 @Energy@ Вернуться к Затопленным гатям.', 'verse', 12, NULL, 'Этот выбор переместит вас в другую локацию.', NULL, NULL, FALSE, NULL, NULL, NULL);
INSERT INTO options (id, verse_id, position, type, text, target_type, target_verse_dn, target_location_dn, requirement, result, hidden, once, condition_group, conditional_targets, children) VALUES (642, 287, 2, 'choice', '2 @Energy@ Найти путь на юг через лес секвой.', 'verse', 16, NULL, NULL, NULL, NULL, FALSE, NULL, NULL, NULL);
INSERT INTO options (id, verse_id, position, type, text, target_type, target_verse_dn, target_location_dn, requirement, result, hidden, once, condition_group, conditional_targets, children) VALUES (643, 287, 3, 'choice', '1 @Energy@ Посетить фермерские угодья.', 'verse', 2, NULL, NULL, NULL, NULL, FALSE, NULL, NULL, NULL);
INSERT INTO options (id, verse_id, position, type, text, target_type, target_verse_dn, target_location_dn, requirement, result, hidden, once, condition_group, conditional_targets, children) VALUES (644, 287, 4, 'choice', '1 @Energy@ Посетить лагерь наёмников. Лагерь, разбитый на краю леса секвой, был окружён высоким частоколом.', 'verse', 6, NULL, 'Нужны все персонажи. Только если у вас нет ни части 5 достижения «Личные дела», ни части 6 достижения «Великие деяния».', NULL, NULL, FALSE, NULL, NULL, NULL);
INSERT INTO options (id, verse_id, position, type, text, target_type, target_verse_dn, target_location_dn, requirement, result, hidden, once, condition_group, conditional_targets, children) VALUES (645, 287, 5, 'choice', 'Уйти.', 'end', NULL, NULL, NULL, 'Исследование окончено.', NULL, FALSE, NULL, NULL, NULL);
INSERT INTO verses (id, location_id, display_number) VALUES (288, 25, 1);
INSERT INTO options (id, verse_id, position, type, text, target_type, target_verse_dn, target_location_dn, requirement, result, hidden, once, condition_group, conditional_targets, children) VALUES (646, 288, 0, 'choice', 'Продолжить.', 'end', NULL, NULL, NULL, 'Все персонажи теряют всю @Energy@.  Переместите всех персонажей в локацию 117-Б.  Исследование окончено.', NULL, FALSE, NULL, NULL, NULL);
INSERT INTO verses (id, location_id, display_number) VALUES (289, 25, 2);
INSERT INTO options (id, verse_id, position, type, text, target_type, target_verse_dn, target_location_dn, requirement, result, hidden, once, condition_group, conditional_targets, children) VALUES (647, 289, 0, 'choice', '1 @Energy@ Разузнать историю этих земель.', 'verse', 7, NULL, NULL, NULL, NULL, FALSE, NULL, NULL, NULL);
INSERT INTO options (id, verse_id, position, type, text, target_type, target_verse_dn, target_location_dn, requirement, result, hidden, once, condition_group, conditional_targets, children) VALUES (648, 289, 1, 'choice', '1 @Energy@ Убедить их воссоединиться с остальным королевством.', 'verse', 4, NULL, 'Только если у вас нет части 6 достижения «Дипломат».', NULL, NULL, FALSE, NULL, NULL, NULL);
INSERT INTO options (id, verse_id, position, type, text, target_type, target_verse_dn, target_location_dn, requirement, result, hidden, once, condition_group, conditional_targets, children) VALUES (649, 289, 2, 'choice', '1 @Energy@ Поторговать с ними.', 'verse', 18, NULL, NULL, NULL, NULL, FALSE, NULL, NULL, NULL);
INSERT INTO options (id, verse_id, position, type, text, target_type, target_verse_dn, target_location_dn, requirement, result, hidden, once, condition_group, conditional_targets, children) VALUES (650, 289, 3, 'choice', 'Присоединиться к дипломатической миссии, направляющейся к замку Лотиан.', 'verse', 1, NULL, 'Только если в этой локации есть хотя бы 1 @LightTT@. Это закончит ваш день.', NULL, NULL, FALSE, NULL, NULL, NULL);
INSERT INTO options (id, verse_id, position, type, text, target_type, target_verse_dn, target_location_dn, requirement, result, hidden, once, condition_group, conditional_targets, children) VALUES (651, 289, 4, 'choice', 'Уйти.', 'end', NULL, NULL, NULL, 'Исследование окончено.', NULL, FALSE, NULL, NULL, NULL);
INSERT INTO verses (id, location_id, display_number) VALUES (290, 25, 3);
INSERT INTO options (id, verse_id, position, type, text, target_type, target_verse_dn, target_location_dn, requirement, result, hidden, once, condition_group, conditional_targets, children) VALUES (652, 290, 0, 'choice', 'Продолжить.', 'end', NULL, NULL, NULL, 'Возьмите зелёную карту встречи и проведите её. Вне зависимости от её итога переместите всех членов команды в локацию 126.  Исследование окончено.', NULL, FALSE, NULL, NULL, NULL);
INSERT INTO verses (id, location_id, display_number) VALUES (291, 25, 4);
INSERT INTO options (id, verse_id, position, type, text, target_type, target_verse_dn, target_location_dn, requirement, result, hidden, once, condition_group, conditional_targets, children) VALUES (653, 291, 0, 'condition', 'Если вы проходите главу 4, часть 3 или 4, либо главу 5—10.', 'end', NULL, NULL, NULL, 'Здесь больше ничего не удастся найти.  Исследование окончено.', NULL, FALSE, NULL, NULL, NULL);
INSERT INTO options (id, verse_id, position, type, text, target_type, target_verse_dn, target_location_dn, requirement, result, hidden, once, condition_group, conditional_targets, children) VALUES (654, 291, 1, 'condition', 'Если у вас есть часть 6 достижения «Великие деяния».', 'verse', 17, NULL, NULL, NULL, NULL, FALSE, NULL, NULL, NULL);
INSERT INTO options (id, verse_id, position, type, text, target_type, target_verse_dn, target_location_dn, requirement, result, hidden, once, condition_group, conditional_targets, children) VALUES (655, 291, 2, 'choice', 'Попытаться покорить их своим обаянием.', 'verse', 10, NULL, 'Найдите секретную карту встречи 206 «Обеспокоенные южане» (синяя) и проведите её.  Если развязка @GreenOutcome@.', NULL, NULL, FALSE, NULL, NULL, NULL);
INSERT INTO options (id, verse_id, position, type, text, target_type, target_verse_dn, target_location_dn, requirement, result, hidden, once, condition_group, conditional_targets, children) VALUES (656, 291, 3, 'choice', 'Попытаться покорить их своим обаянием.', 'end', NULL, NULL, NULL, 'Исследование окончено.', NULL, FALSE, NULL, NULL, NULL);
INSERT INTO options (id, verse_id, position, type, text, target_type, target_verse_dn, target_location_dn, requirement, result, hidden, once, condition_group, conditional_targets, children) VALUES (657, 291, 4, 'choice', 'Уйти.', 'end', NULL, NULL, NULL, 'Исследование окончено.', NULL, FALSE, NULL, NULL, NULL);
INSERT INTO verses (id, location_id, display_number) VALUES (292, 25, 5);
INSERT INTO options (id, verse_id, position, type, text, target_type, target_verse_dn, target_location_dn, requirement, result, hidden, once, condition_group, conditional_targets, children) VALUES (658, 292, 0, 'choice', 'Продолжить.', 'end', NULL, NULL, NULL, 'Получите часть 6 достижения «Великие деяния» и часть 4 достижения «Осведомитель».  Исследование окончено.', NULL, FALSE, NULL, NULL, NULL);
INSERT INTO verses (id, location_id, display_number) VALUES (293, 25, 6);
INSERT INTO options (id, verse_id, position, type, text, target_type, target_verse_dn, target_location_dn, requirement, result, hidden, once, condition_group, conditional_targets, children) VALUES (659, 293, 0, 'choice', 'Продолжить.', 'cross_location', 81, 999, NULL, NULL, NULL, FALSE, 'Если у вас есть часть 4 достижения «Наглость».', NULL, NULL);
INSERT INTO options (id, verse_id, position, type, text, target_type, target_verse_dn, target_location_dn, requirement, result, hidden, once, condition_group, conditional_targets, children) VALUES (660, 293, 1, 'choice', 'Продолжить.', 'cross_location', 26, 999, NULL, NULL, NULL, FALSE, 'Если вы играете за Гердвин.', NULL, NULL);
INSERT INTO options (id, verse_id, position, type, text, target_type, target_verse_dn, target_location_dn, requirement, result, hidden, once, condition_group, conditional_targets, children) VALUES (661, 293, 2, 'choice', 'Сказать им, что вы хотите поговорить с их командиром.', 'verse', 8, NULL, NULL, NULL, NULL, FALSE, NULL, NULL, NULL);
INSERT INTO options (id, verse_id, position, type, text, target_type, target_verse_dn, target_location_dn, requirement, result, hidden, once, condition_group, conditional_targets, children) VALUES (662, 293, 3, 'choice', 'Сказать им, что вы желаете присоединиться к Железной дружине.', 'verse', 9, NULL, NULL, NULL, NULL, FALSE, NULL, NULL, NULL);
INSERT INTO options (id, verse_id, position, type, text, target_type, target_verse_dn, target_location_dn, requirement, result, hidden, once, condition_group, conditional_targets, children) VALUES (663, 293, 4, 'choice', 'Сказать им, что вы пришли погасить долг города перед наёмниками.', 'verse', 11, NULL, NULL, NULL, NULL, FALSE, NULL, NULL, NULL);
INSERT INTO options (id, verse_id, position, type, text, target_type, target_verse_dn, target_location_dn, requirement, result, hidden, once, condition_group, conditional_targets, children) VALUES (664, 293, 5, 'choice', 'Сказать им, что вы хотите устроить мирные переговоры между ними и южанами.', 'verse', 13, NULL, NULL, NULL, NULL, FALSE, NULL, NULL, NULL);
INSERT INTO options (id, verse_id, position, type, text, target_type, target_verse_dn, target_location_dn, requirement, result, hidden, once, condition_group, conditional_targets, children) VALUES (665, 293, 6, 'choice', 'Уйти.', 'end', NULL, NULL, NULL, 'Исследование окончено.', NULL, FALSE, NULL, NULL, NULL);
INSERT INTO verses (id, location_id, display_number) VALUES (294, 25, 7);
INSERT INTO options (id, verse_id, position, type, text, target_type, target_verse_dn, target_location_dn, requirement, result, hidden, once, condition_group, conditional_targets, children) VALUES (666, 294, 0, 'choice', 'Продолжить.', 'end', NULL, NULL, NULL, 'Исследование окончено.', NULL, FALSE, NULL, NULL, NULL);
INSERT INTO verses (id, location_id, display_number) VALUES (295, 25, 8);
INSERT INTO options (id, verse_id, position, type, text, target_type, target_verse_dn, target_location_dn, requirement, result, hidden, once, condition_group, conditional_targets, children) VALUES (667, 295, 0, 'choice', 'Продолжить.', 'end', NULL, NULL, NULL, 'Исследование окончено.', NULL, FALSE, NULL, NULL, NULL);
INSERT INTO verses (id, location_id, display_number) VALUES (296, 25, 9);
INSERT INTO options (id, verse_id, position, type, text, target_type, target_verse_dn, target_location_dn, requirement, result, hidden, once, condition_group, conditional_targets, children) VALUES (668, 296, 0, 'choice', 'Продолжить.', 'verse', 14, NULL, NULL, NULL, NULL, FALSE, 'Если у вас хотя бы 3 очка @Aggression@ или 3 очка @Courage@.', NULL, NULL);
INSERT INTO options (id, verse_id, position, type, text, target_type, target_verse_dn, target_location_dn, requirement, result, hidden, once, condition_group, conditional_targets, children) VALUES (669, 296, 1, 'choice', 'Продолжить.', 'end', NULL, NULL, NULL, 'Исследование окончено.', NULL, FALSE, NULL, NULL, NULL);
INSERT INTO verses (id, location_id, display_number) VALUES (297, 25, 10);
INSERT INTO options (id, verse_id, position, type, text, target_type, target_verse_dn, target_location_dn, requirement, result, hidden, once, condition_group, conditional_targets, children) VALUES (670, 297, 0, 'choice', 'Если вы проходите главу 4, часть 2.', 'verse', 19, NULL, NULL, 'Получите часть 6 достижения «Великие деяния» и часть 6 достижения «Дипломат».  Поместите в эту локацию 3 @LightTT@.', NULL, FALSE, NULL, NULL, NULL);
INSERT INTO options (id, verse_id, position, type, text, target_type, target_verse_dn, target_location_dn, requirement, result, hidden, once, condition_group, conditional_targets, children) VALUES (671, 297, 1, 'choice', 'В противном случае.', 'end', NULL, NULL, NULL, 'Получите часть 6 достижения «Великие деяния» и часть 6 достижения «Дипломат».  Поместите в эту локацию 3 @LightTT@.  Каждый персонаж получает 1 опыт.  Исследование окончено.', NULL, FALSE, NULL, NULL, NULL);
INSERT INTO verses (id, location_id, display_number) VALUES (298, 25, 11);
INSERT INTO options (id, verse_id, position, type, text, target_type, target_verse_dn, target_location_dn, requirement, result, hidden, once, condition_group, conditional_targets, children) VALUES (672, 298, 0, 'choice', '9 или меньше.', 'end', NULL, NULL, NULL, 'Вас подняли на смех. У вас явно не было с собой достаточно золота и товаров.   Исследование окончено.', NULL, FALSE, NULL, NULL, NULL);
INSERT INTO options (id, verse_id, position, type, text, target_type, target_verse_dn, target_location_dn, requirement, result, hidden, once, condition_group, conditional_targets, children) VALUES (673, 298, 1, 'choice', 'Хотя бы 10.', 'verse', 14, NULL, NULL, 'Постовые заметили ваши богатства. Вас быстро проводили к командиру.', NULL, FALSE, NULL, NULL, NULL);
INSERT INTO verses (id, location_id, display_number) VALUES (299, 25, 12);
INSERT INTO options (id, verse_id, position, type, text, target_type, target_verse_dn, target_location_dn, requirement, result, hidden, once, condition_group, conditional_targets, children) VALUES (674, 299, 0, 'choice', 'Продолжить.', 'end', NULL, NULL, NULL, 'Возьмите фиолетовую карту встречи и проведите её. Вне зависимости от её итога переместите всех членов команды в локацию 122.  Исследование окончено.', NULL, FALSE, NULL, NULL, NULL);
INSERT INTO verses (id, location_id, display_number) VALUES (300, 25, 13);
INSERT INTO options (id, verse_id, position, type, text, target_type, target_verse_dn, target_location_dn, requirement, result, hidden, once, condition_group, conditional_targets, children) VALUES (675, 300, 0, 'choice', 'Продолжить.', 'verse', 14, NULL, NULL, NULL, NULL, FALSE, 'Если у вас хотя бы 3 очка @Aggression@ или 3 очка @Courage@.', NULL, NULL);
INSERT INTO options (id, verse_id, position, type, text, target_type, target_verse_dn, target_location_dn, requirement, result, hidden, once, condition_group, conditional_targets, children) VALUES (676, 300, 1, 'choice', 'Продолжить.', 'end', NULL, NULL, NULL, 'Исследование окончено.', NULL, FALSE, NULL, NULL, NULL);
INSERT INTO verses (id, location_id, display_number) VALUES (301, 25, 14);
INSERT INTO options (id, verse_id, position, type, text, target_type, target_verse_dn, target_location_dn, requirement, result, hidden, once, condition_group, conditional_targets, children) VALUES (677, 301, 0, 'choice', 'Вызвать его на поединок за лидерство в Железной дружине. По слухам, командир наёмников не мог отказаться от прямого вызова. Это было одной из причин, почему в лагерь не пускали чужаков без должных объяснений.', NULL, NULL, NULL, NULL, NULL, NULL, FALSE, NULL, '[{"condition": "Продолжить.", "location": 999, "verse": 596}]'::jsonb, NULL);
INSERT INTO options (id, verse_id, position, type, text, target_type, target_verse_dn, target_location_dn, requirement, result, hidden, once, condition_group, conditional_targets, children) VALUES (678, 301, 1, 'choice', 'Договориться о мире между лагерем наёмников и южанами.', 'verse', 15, NULL, NULL, NULL, NULL, FALSE, NULL, NULL, NULL);
INSERT INTO options (id, verse_id, position, type, text, target_type, target_verse_dn, target_location_dn, requirement, result, hidden, once, condition_group, conditional_targets, children) VALUES (679, 301, 2, 'choice', 'Уйти.', 'end', NULL, NULL, NULL, 'Исследование окончено.', NULL, FALSE, NULL, NULL, NULL);
INSERT INTO verses (id, location_id, display_number) VALUES (302, 25, 15);
INSERT INTO options (id, verse_id, position, type, text, target_type, target_verse_dn, target_location_dn, requirement, result, hidden, once, condition_group, conditional_targets, children) VALUES (680, 302, 0, 'choice', 'Вызвать его на поединок за лидерство в Железной дружине. По слухам, командир наёмников не мог отказаться от прямого вызова. Это было одной из причин, почему в лагерь не пускали чужаков без должных объяснений.', NULL, NULL, NULL, NULL, NULL, NULL, FALSE, NULL, '[{"condition": "Продолжить.", "location": 999, "verse": 596}]'::jsonb, NULL);
INSERT INTO options (id, verse_id, position, type, text, target_type, target_verse_dn, target_location_dn, requirement, result, hidden, once, condition_group, conditional_targets, children) VALUES (681, 302, 1, 'choice', 'Продать ему информацию о местонахождении сокровищницы Сурлузы. Вряд ли королевская семья Лотиана смогла бы вывезти оттуда всё, да и наёмники, похоже, заслужили свою долю. Однако, когда Лот и его семья узнают о вашей сделке, они придут в ярость.', 'verse', 5, NULL, NULL, NULL, NULL, FALSE, NULL, NULL, NULL);
INSERT INTO options (id, verse_id, position, type, text, target_type, target_verse_dn, target_location_dn, requirement, result, hidden, once, condition_group, conditional_targets, children) VALUES (682, 302, 2, 'choice', 'Уйти.', 'end', NULL, NULL, NULL, 'Исследование окончено.', NULL, FALSE, NULL, NULL, NULL);
INSERT INTO verses (id, location_id, display_number) VALUES (303, 25, 16);
INSERT INTO options (id, verse_id, position, type, text, target_type, target_verse_dn, target_location_dn, requirement, result, hidden, once, condition_group, conditional_targets, children) VALUES (683, 303, 0, 'condition', 'Продолжить.', 'cross_location', 47, 999, NULL, NULL, NULL, FALSE, NULL, NULL, NULL);
INSERT INTO verses (id, location_id, display_number) VALUES (304, 25, 17);
INSERT INTO options (id, verse_id, position, type, text, target_type, target_verse_dn, target_location_dn, requirement, result, hidden, once, condition_group, conditional_targets, children) VALUES (684, 304, 0, 'choice', 'Продолжить.', 'verse', 10, NULL, NULL, NULL, NULL, FALSE, NULL, NULL, NULL);
INSERT INTO verses (id, location_id, display_number) VALUES (305, 25, 18);
INSERT INTO options (id, verse_id, position, type, text, target_type, target_verse_dn, target_location_dn, requirement, result, hidden, once, condition_group, conditional_targets, children) VALUES (685, 305, 0, 'condition', 'Продолжить.', 'cross_location', 629, 1001, NULL, NULL, NULL, FALSE, NULL, NULL, NULL);
INSERT INTO verses (id, location_id, display_number) VALUES (306, 25, 19);
INSERT INTO options (id, verse_id, position, type, text, target_type, target_verse_dn, target_location_dn, requirement, result, hidden, once, condition_group, conditional_targets, children) VALUES (686, 306, 0, 'condition', 'Продолжить.', 'cross_location', 78, 999, NULL, NULL, NULL, FALSE, NULL, NULL, NULL);

INSERT INTO locations (id, campaign_id, display_number, name) VALUES (26, 1, 126, 'Отвоёванные земли');
INSERT INTO verses (id, location_id, display_number) VALUES (307, 26, 0);
INSERT INTO options (id, verse_id, position, type, text, target_type, target_verse_dn, target_location_dn, requirement, result, hidden, once, condition_group, conditional_targets, children) VALUES (687, 307, 0, 'choice', '1 @Energy@ Идти по карте.', 'verse', 6, NULL, 'Нужны части 7 и 8 достижения «Диковинки».', NULL, NULL, FALSE, NULL, NULL, NULL);
INSERT INTO options (id, verse_id, position, type, text, target_type, target_verse_dn, target_location_dn, requirement, result, hidden, once, condition_group, conditional_targets, children) VALUES (688, 307, 1, 'choice', '1 @Energy@ Попытаться найти путь на юг. На старых картах королевство Лотиан простиралось на много миль на юг, до самых гор, отделявших его от Фоморской провинции. Должна же где-то была остаться дорога!', 'verse', 1, NULL, NULL, NULL, NULL, FALSE, NULL, NULL, NULL);
INSERT INTO options (id, verse_id, position, type, text, target_type, target_verse_dn, target_location_dn, requirement, result, hidden, once, condition_group, conditional_targets, children) VALUES (689, 307, 2, 'choice', '1 @Energy@ Посетить хижину ведьмы.', 'verse', 3, NULL, NULL, NULL, NULL, FALSE, NULL, NULL, NULL);
INSERT INTO options (id, verse_id, position, type, text, target_type, target_verse_dn, target_location_dn, requirement, result, hidden, once, condition_group, conditional_targets, children) VALUES (690, 307, 3, 'choice', 'Подойти к стене.', 'verse', 2, NULL, NULL, NULL, NULL, FALSE, NULL, NULL, NULL);
INSERT INTO options (id, verse_id, position, type, text, target_type, target_verse_dn, target_location_dn, requirement, result, hidden, once, condition_group, conditional_targets, children) VALUES (691, 307, 4, 'choice', 'Уйти.', 'end', NULL, NULL, NULL, 'Исследование окончено.', NULL, FALSE, NULL, NULL, NULL);
INSERT INTO verses (id, location_id, display_number) VALUES (308, 26, 1);
INSERT INTO options (id, verse_id, position, type, text, target_type, target_verse_dn, target_location_dn, requirement, result, hidden, once, condition_group, conditional_targets, children) VALUES (692, 308, 0, 'choice', 'Продолжить.', 'end', NULL, NULL, NULL, 'Исследование окончено.', NULL, FALSE, NULL, NULL, NULL);
INSERT INTO verses (id, location_id, display_number) VALUES (309, 26, 2);
INSERT INTO options (id, verse_id, position, type, text, target_type, target_verse_dn, target_location_dn, requirement, result, hidden, once, condition_group, conditional_targets, children) VALUES (693, 309, 0, 'condition', 'Если вы играете за Юнис.', 'verse', 7, NULL, NULL, NULL, NULL, FALSE, NULL, NULL, NULL);
INSERT INTO options (id, verse_id, position, type, text, target_type, target_verse_dn, target_location_dn, requirement, result, hidden, once, condition_group, conditional_targets, children) VALUES (694, 309, 1, 'choice', 'Поддаться зову и пролезть через стену Туатана.', 'verse', 4, NULL, NULL, NULL, NULL, FALSE, NULL, NULL, NULL);
INSERT INTO options (id, verse_id, position, type, text, target_type, target_verse_dn, target_location_dn, requirement, result, hidden, once, condition_group, conditional_targets, children) VALUES (695, 309, 2, 'choice', 'Уйти.', 'end', NULL, NULL, 'Каждый член команды тратит 3 @Energy@ (‒1 за каждое очко своей @Practicality@).', 'Исследование окончено.', NULL, FALSE, NULL, NULL, NULL);
INSERT INTO verses (id, location_id, display_number) VALUES (310, 26, 3);
INSERT INTO options (id, verse_id, position, type, text, target_type, target_verse_dn, target_location_dn, requirement, result, hidden, once, condition_group, conditional_targets, children) VALUES (696, 310, 0, 'condition', 'Если у вас есть карта секрета 4.', 'verse', 5, NULL, NULL, NULL, NULL, FALSE, NULL, NULL, NULL);
INSERT INTO options (id, verse_id, position, type, text, target_type, target_verse_dn, target_location_dn, requirement, result, hidden, once, condition_group, conditional_targets, children) VALUES (697, 310, 1, 'choice', 'Поторговать с ней.', 'verse', 3, NULL, 'Потратьте 2 еды или 2 золота.', 'Получите одноразовый предмет «Дивосвеча», «Целебный эликсир», «Третьеглазки» или «Священные благовония» (если он доступен).  Сделайте новый выбор (в этом исследовании выбрать этот вариант больше нельзя).', NULL, FALSE, NULL, NULL, NULL);
INSERT INTO options (id, verse_id, position, type, text, target_type, target_verse_dn, target_location_dn, requirement, result, hidden, once, condition_group, conditional_targets, children) VALUES (698, 310, 2, 'choice', 'Восстановить вашу магию.', 'verse', 3, NULL, 'Только если в этой локации нет @LightTT@. Потратьте 2 золота.', 'Поместите 1 @LightTT@ в эту локацию и получите столько магии, сколько у вас очков @Spirituality@.', NULL, FALSE, NULL, NULL, NULL);
INSERT INTO options (id, verse_id, position, type, text, target_type, target_verse_dn, target_location_dn, requirement, result, hidden, once, condition_group, conditional_targets, children) VALUES (699, 310, 3, 'choice', 'Уйти.', 'end', NULL, NULL, NULL, 'Исследование окончено.', NULL, FALSE, NULL, NULL, NULL);
INSERT INTO verses (id, location_id, display_number) VALUES (311, 26, 4);
INSERT INTO options (id, verse_id, position, type, text, target_type, target_verse_dn, target_location_dn, requirement, result, hidden, once, condition_group, conditional_targets, children) VALUES (700, 311, 0, 'condition', 'Продолжить.', 'cross_location', 390, 999, NULL, NULL, NULL, FALSE, NULL, NULL, NULL);
INSERT INTO verses (id, location_id, display_number) VALUES (312, 26, 5);
INSERT INTO options (id, verse_id, position, type, text, target_type, target_verse_dn, target_location_dn, requirement, result, hidden, once, condition_group, conditional_targets, children) VALUES (701, 312, 0, 'condition', 'Продолжить.', 'cross_location', 230, 999, NULL, NULL, NULL, FALSE, NULL, NULL, NULL);
INSERT INTO verses (id, location_id, display_number) VALUES (313, 26, 6);
INSERT INTO options (id, verse_id, position, type, text, target_type, target_verse_dn, target_location_dn, requirement, result, hidden, once, condition_group, conditional_targets, children) VALUES (702, 313, 0, 'condition', 'Если у вас есть часть 9 достижения «Добытчик».', 'end', NULL, NULL, NULL, 'Здесь больше ничего нет.  Исследование окончено.', NULL, FALSE, NULL, NULL, NULL);
INSERT INTO options (id, verse_id, position, type, text, target_type, target_verse_dn, target_location_dn, requirement, result, hidden, once, condition_group, conditional_targets, children) VALUES (703, 313, 1, 'choice', 'Продолжить.', 'cross_location', 414, 999, NULL, NULL, NULL, FALSE, NULL, NULL, NULL);
INSERT INTO verses (id, location_id, display_number) VALUES (314, 26, 7);
INSERT INTO options (id, verse_id, position, type, text, target_type, target_verse_dn, target_location_dn, requirement, result, hidden, once, condition_group, conditional_targets, children) VALUES (704, 314, 0, 'condition', 'Продолжить.', 'cross_location', 160, 999, NULL, NULL, NULL, FALSE, NULL, NULL, NULL);

INSERT INTO locations (id, campaign_id, display_number, name) VALUES (27, 1, 127, 'Долина Свечной рощи');
INSERT INTO verses (id, location_id, display_number) VALUES (315, 27, 0);
INSERT INTO options (id, verse_id, position, type, text, target_type, target_verse_dn, target_location_dn, requirement, result, hidden, once, condition_group, conditional_targets, children) VALUES (705, 315, 0, 'choice', '1 @Energy@ Вырезать себя из дерева и оставить у тропы.', 'verse', 2, NULL, NULL, NULL, NULL, FALSE, NULL, NULL, NULL);
INSERT INTO options (id, verse_id, position, type, text, target_type, target_verse_dn, target_location_dn, requirement, result, hidden, once, condition_group, conditional_targets, children) VALUES (706, 315, 1, 'choice', '1 @Energy@ Поприветствовать путников с севера.', 'verse', 6, NULL, NULL, NULL, NULL, FALSE, NULL, NULL, NULL);
INSERT INTO options (id, verse_id, position, type, text, target_type, target_verse_dn, target_location_dn, requirement, result, hidden, once, condition_group, conditional_targets, children) VALUES (707, 315, 2, 'choice', '1 @Energy@ Как следует обыскать рощу.', 'verse', 7, NULL, NULL, NULL, NULL, FALSE, NULL, NULL, NULL);
INSERT INTO options (id, verse_id, position, type, text, target_type, target_verse_dn, target_location_dn, requirement, result, hidden, once, condition_group, conditional_targets, children) VALUES (708, 315, 3, 'choice', 'Зажечь свечку перед одним из истуканов.', 'verse', 4, NULL, 'Потратьте 1 золото или 1 еду.', NULL, NULL, FALSE, NULL, NULL, NULL);
INSERT INTO options (id, verse_id, position, type, text, target_type, target_verse_dn, target_location_dn, requirement, result, hidden, once, condition_group, conditional_targets, children) VALUES (709, 315, 4, 'choice', 'Отправиться на север, в Венедию.', 'verse', 1, NULL, 'Нужны все персонажи.', NULL, NULL, FALSE, NULL, NULL, NULL);
INSERT INTO options (id, verse_id, position, type, text, target_type, target_verse_dn, target_location_dn, requirement, result, hidden, once, condition_group, conditional_targets, children) VALUES (710, 315, 5, 'choice', 'Уйти.', 'end', NULL, NULL, NULL, 'Исследование окончено.', NULL, FALSE, NULL, NULL, NULL);
INSERT INTO verses (id, location_id, display_number) VALUES (316, 27, 1);
INSERT INTO options (id, verse_id, position, type, text, target_type, target_verse_dn, target_location_dn, requirement, result, hidden, once, condition_group, conditional_targets, children) VALUES (711, 316, 0, 'condition', 'Если вы проходите главу 5.', 'verse', 8, NULL, NULL, NULL, NULL, FALSE, NULL, NULL, NULL);
INSERT INTO options (id, verse_id, position, type, text, target_type, target_verse_dn, target_location_dn, requirement, result, hidden, once, condition_group, conditional_targets, children) VALUES (712, 316, 1, 'condition', 'Если вы проходите главу 6, часть 1.', 'verse', 5, NULL, NULL, NULL, NULL, FALSE, NULL, NULL, NULL);
INSERT INTO options (id, verse_id, position, type, text, target_type, target_verse_dn, target_location_dn, requirement, result, hidden, once, condition_group, conditional_targets, children) VALUES (713, 316, 2, 'condition', 'Если вы проходите главу 6Б, 7Б или 8Б.', 'verse', 10, NULL, NULL, NULL, NULL, FALSE, NULL, NULL, NULL);
INSERT INTO options (id, verse_id, position, type, text, target_type, target_verse_dn, target_location_dn, requirement, result, hidden, once, condition_group, conditional_targets, children) VALUES (714, 316, 3, 'condition', 'Если вы проходите главу 9Б, часть 1.', 'verse', 9, NULL, NULL, NULL, NULL, FALSE, NULL, NULL, NULL);
INSERT INTO options (id, verse_id, position, type, text, target_type, target_verse_dn, target_location_dn, requirement, result, hidden, once, condition_group, conditional_targets, children) VALUES (715, 316, 4, 'choice', 'Продолжить.', 'cross_location', 987, 1001, NULL, NULL, NULL, FALSE, NULL, NULL, NULL);
INSERT INTO verses (id, location_id, display_number) VALUES (317, 27, 2);
INSERT INTO options (id, verse_id, position, type, text, target_type, target_verse_dn, target_location_dn, requirement, result, hidden, once, condition_group, conditional_targets, children) VALUES (716, 317, 0, 'choice', '1—2.', 'end', NULL, NULL, NULL, 'Как вы ни старались, результат был совсем ни на что не похож. В досаде вы отбросили деревяшку в сторону.   Исследование окончено.', NULL, FALSE, NULL, NULL, NULL);
INSERT INTO options (id, verse_id, position, type, text, target_type, target_verse_dn, target_location_dn, requirement, result, hidden, once, condition_group, conditional_targets, children) VALUES (717, 317, 1, 'choice', '3—4.', 'end', NULL, NULL, NULL, 'Вы неумело вырезали на деревяшке черты, отдалённо напоминавшие вас. Глядя со странным удовлетворением на свою резьбу, вы в конечном счёте решили, что она недостаточно хороша, чтобы поставить её у тропы.   Потеряйте 1 @Terror@.   Исследование окончено.', NULL, FALSE, NULL, NULL, NULL);
INSERT INTO options (id, verse_id, position, type, text, target_type, target_verse_dn, target_location_dn, requirement, result, hidden, once, condition_group, conditional_targets, children) VALUES (718, 317, 2, 'choice', '≥5.', 'verse', 3, NULL, NULL, 'Пусть вы и неумелый резчик, но каким‑то образом вам удалось отразить на этой деревяшке свою сущность!', NULL, FALSE, NULL, NULL, NULL);
INSERT INTO verses (id, location_id, display_number) VALUES (318, 27, 3);
INSERT INTO options (id, verse_id, position, type, text, target_type, target_verse_dn, target_location_dn, requirement, result, hidden, once, condition_group, conditional_targets, children) VALUES (719, 318, 0, 'choice', 'Продолжить.', 'end', NULL, NULL, NULL, 'Поместите на свой планшет персонажа кубик любой стороной вверх. В следующий раз, когда вам нужно будет бросить кубик, вы можете не бросать его, а использовать этот результат.  Но если кубик нужно бросить любому персонажу, не состоящему в вашей команде, он должен будет взять кубик с вашего планшета персонажа. Тогда описанная выше возможность пропадёт.  Если какое‑нибудь другое действие (например, сохранение игры) потребует использовать кубик или убрать его с планшета персонажа, описанная возможность также пропадёт.  Исследование окончено.', NULL, FALSE, NULL, NULL, NULL);
INSERT INTO verses (id, location_id, display_number) VALUES (319, 27, 4);
INSERT INTO options (id, verse_id, position, type, text, target_type, target_verse_dn, target_location_dn, requirement, result, hidden, once, condition_group, conditional_targets, children) VALUES (720, 319, 0, 'choice', 'Поставить свечку бродячей повитухе. На этом покосившемся деревянном столбе была изображена пожилая женщина с мешочками трав и пузырьками мазей. Ваш взгляд привлекло то, что она держала в руках: это была тряпичная кукла человеческого зародыша, соединённая нитью-пуповиной с лоскутной утробой.', 'end', NULL, NULL, 'Только если у вас нет части 1 достижения «Путники из прошлого».', 'Получите часть 1 достижения «Путники из прошлого».   Исследование окончено.', NULL, FALSE, NULL, NULL, NULL);
INSERT INTO options (id, verse_id, position, type, text, target_type, target_verse_dn, target_location_dn, requirement, result, hidden, once, condition_group, conditional_targets, children) VALUES (721, 319, 1, 'choice', 'Поставить свечку угрюмому следопыту. Этот искусно вырезанный истукан изображал высокого сурового следопыта, увешанного амулетами и дивосвечами. Он опирался на окованный железом посох и взирал на вас пронзительным печальным взглядом. На вершине посоха красовался необычный набалдашник — многопалая каменная рука, такая же, как на путеводных камнях.', 'end', NULL, NULL, 'Только если у вас нет части 2 достижения «Путники из прошлого».', 'Получите часть 2 достижения «Путники из прошлого».   Исследование окончено.', NULL, FALSE, NULL, NULL, NULL);
INSERT INTO options (id, verse_id, position, type, text, target_type, target_verse_dn, target_location_dn, requirement, result, hidden, once, condition_group, conditional_targets, children) VALUES (722, 319, 2, 'choice', 'Поставить свечку древнему мореходу. Наряд, да и весь внешний вид этого человека, больше подходившие для открытого моря, чем для горной тропы, быстро привлекли ваше внимание. В руках он держал деревянную каравеллу. Что это, детская игрушка? Или модель корабля, на котором он плавал? Вы не могли разобрать деталей из-за возраста истукана — изъеденное жучками дерево давно заплесневело. Пожалуй, это изображение было здесь одним из самых старых.', 'end', NULL, NULL, 'Только если у вас нет части 3 достижения «Путники из прошлого».', 'Получите часть 3 достижения «Путники из прошлого».   Исследование окончено.', NULL, FALSE, NULL, NULL, NULL);
INSERT INTO options (id, verse_id, position, type, text, target_type, target_verse_dn, target_location_dn, requirement, result, hidden, once, condition_group, conditional_targets, children) VALUES (723, 319, 3, 'choice', 'Поставить свечку слепому оруженосцу. Уже само то, что оруженосцем у этого рыцаря стала женщина, было чем-то неслыханным как на Родине, так и на Авалоне. Но помимо этого, её глаза были закрыты повязкой, и всё же она сжимала в руках двуручный меч. Вы могли только гадать, кто же она и что побудило её отправиться в путь…', 'end', NULL, NULL, 'Только если у вас нет части 4 достижения «Путники из прошлого».', 'Получите часть 4 достижения «Путники из прошлого».   Исследование окончено.', NULL, FALSE, NULL, NULL, NULL);
INSERT INTO options (id, verse_id, position, type, text, target_type, target_verse_dn, target_location_dn, requirement, result, hidden, once, condition_group, conditional_targets, children) VALUES (724, 319, 4, 'choice', 'Уйти. Вы выбросили бесполезную свечку и ушли.', 'end', NULL, NULL, NULL, 'Исследование окончено.', NULL, FALSE, NULL, NULL, NULL);
INSERT INTO verses (id, location_id, display_number) VALUES (320, 27, 5);
INSERT INTO options (id, verse_id, position, type, text, target_type, target_verse_dn, target_location_dn, requirement, result, hidden, once, condition_group, conditional_targets, children) VALUES (725, 320, 0, 'condition', 'Продолжить.', 'cross_location', 419, 999, NULL, NULL, NULL, FALSE, NULL, NULL, NULL);
INSERT INTO verses (id, location_id, display_number) VALUES (321, 27, 6);
INSERT INTO options (id, verse_id, position, type, text, target_type, target_verse_dn, target_location_dn, requirement, result, hidden, once, condition_group, conditional_targets, children) VALUES (726, 321, 0, 'condition', 'Если вы проходите главу 7—10.', 'end', NULL, NULL, NULL, 'Здесь вам уже не узнать ничего нового.  Исследование окончено.', NULL, FALSE, NULL, NULL, NULL);
INSERT INTO options (id, verse_id, position, type, text, target_type, target_verse_dn, target_location_dn, requirement, result, hidden, once, condition_group, conditional_targets, children) VALUES (727, 321, 1, 'condition', 'Если вы проходите главу 6.', 'end', NULL, NULL, NULL, 'Исследование окончено.', NULL, FALSE, NULL, NULL, NULL);
INSERT INTO options (id, verse_id, position, type, text, target_type, target_verse_dn, target_location_dn, requirement, result, hidden, once, condition_group, conditional_targets, children) VALUES (728, 321, 2, 'condition', 'В противном случае.', 'end', NULL, NULL, NULL, 'Однако, пока ваш новый союзник был всё ещё с вами, отправляться туда было нельзя. Вернитесь к этому позже.  Исследование окончено.', NULL, FALSE, NULL, NULL, NULL);
INSERT INTO verses (id, location_id, display_number) VALUES (322, 27, 7);
INSERT INTO options (id, verse_id, position, type, text, target_type, target_verse_dn, target_location_dn, requirement, result, hidden, once, condition_group, conditional_targets, children) VALUES (729, 322, 0, 'condition', 'Если в этой локации есть хотя бы 1 @LightTT@.', 'end', NULL, NULL, NULL, 'Эта область всё ещё слишком опасна.  Исследование окончено.', NULL, FALSE, NULL, NULL, NULL);
INSERT INTO options (id, verse_id, position, type, text, target_type, target_verse_dn, target_location_dn, requirement, result, hidden, once, condition_group, conditional_targets, children) VALUES (730, 322, 1, 'condition', 'Если вы победили.', 'end', NULL, NULL, NULL, 'Получите 2 магии.  Исследование окончено.', NULL, FALSE, NULL, NULL, NULL);
INSERT INTO options (id, verse_id, position, type, text, target_type, target_verse_dn, target_location_dn, requirement, result, hidden, once, condition_group, conditional_targets, children) VALUES (731, 322, 2, 'condition', 'В противном случае.', 'end', NULL, NULL, NULL, 'Исследование окончено.', NULL, FALSE, NULL, NULL, NULL);
INSERT INTO verses (id, location_id, display_number) VALUES (323, 27, 8);
INSERT INTO options (id, verse_id, position, type, text, target_type, target_verse_dn, target_location_dn, requirement, result, hidden, once, condition_group, conditional_targets, children) VALUES (732, 323, 0, 'choice', 'Продолжить.', 'end', NULL, NULL, NULL, 'Исследование окончено.', NULL, FALSE, NULL, NULL, NULL);
INSERT INTO verses (id, location_id, display_number) VALUES (324, 27, 9);
INSERT INTO options (id, verse_id, position, type, text, target_type, target_verse_dn, target_location_dn, requirement, result, hidden, once, condition_group, conditional_targets, children) VALUES (733, 324, 0, 'condition', 'Продолжить.', 'cross_location', 949, 1001, NULL, NULL, NULL, FALSE, NULL, NULL, NULL);
INSERT INTO verses (id, location_id, display_number) VALUES (325, 27, 10);
INSERT INTO options (id, verse_id, position, type, text, target_type, target_verse_dn, target_location_dn, requirement, result, hidden, once, condition_group, conditional_targets, children) VALUES (734, 325, 0, 'choice', 'Продолжить.', 'end', NULL, NULL, NULL, 'Исследование окончено.', NULL, FALSE, NULL, NULL, NULL);

INSERT INTO locations (id, campaign_id, display_number, name) VALUES (28, 1, 128, 'Чёрный круг');
INSERT INTO verses (id, location_id, display_number) VALUES (326, 28, 0);
INSERT INTO options (id, verse_id, position, type, text, target_type, target_verse_dn, target_location_dn, requirement, result, hidden, once, condition_group, conditional_targets, children) VALUES (735, 326, 0, 'choice', '2 @Energy@ Провести ритуал.', 'verse', 18, NULL, 'Только если вы проходите главу 8А, часть 4.', NULL, NULL, FALSE, NULL, NULL, NULL);
INSERT INTO options (id, verse_id, position, type, text, target_type, target_verse_dn, target_location_dn, requirement, result, hidden, once, condition_group, conditional_targets, children) VALUES (736, 326, 1, 'choice', '1 @Energy@ Войти в чёрный круг в долине и отправиться к его центру.', 'verse', 2, NULL, NULL, NULL, NULL, FALSE, NULL, NULL, NULL);
INSERT INTO options (id, verse_id, position, type, text, target_type, target_verse_dn, target_location_dn, requirement, result, hidden, once, condition_group, conditional_targets, children) VALUES (737, 326, 2, 'choice', '1 @Energy@ Посетить лагерь Союза Чернолесья.', 'verse', 19, NULL, 'Только если вы проходите главу 8А. Нужна часть 9 достижения «Путь Венедии».', NULL, NULL, FALSE, NULL, NULL, NULL);
INSERT INTO options (id, verse_id, position, type, text, target_type, target_verse_dn, target_location_dn, requirement, result, hidden, once, condition_group, conditional_targets, children) VALUES (738, 326, 3, 'choice', 'Осмотреть живые врата.', 'verse', 15, NULL, NULL, NULL, NULL, FALSE, NULL, NULL, NULL);
INSERT INTO options (id, verse_id, position, type, text, target_type, target_verse_dn, target_location_dn, requirement, result, hidden, once, condition_group, conditional_targets, children) VALUES (739, 326, 4, 'choice', 'Осмотреть местный путеводный камень. С ним явно было что-то не так.', 'verse', 13, NULL, NULL, NULL, NULL, FALSE, NULL, NULL, NULL);
INSERT INTO options (id, verse_id, position, type, text, target_type, target_verse_dn, target_location_dn, requirement, result, hidden, once, condition_group, conditional_targets, children) VALUES (740, 326, 5, 'choice', 'Уйти.', 'end', NULL, NULL, NULL, 'Исследование окончено.', NULL, FALSE, NULL, NULL, NULL);
INSERT INTO verses (id, location_id, display_number) VALUES (327, 28, 1);
INSERT INTO options (id, verse_id, position, type, text, target_type, target_verse_dn, target_location_dn, requirement, result, hidden, once, condition_group, conditional_targets, children) VALUES (741, 327, 0, 'condition', 'Если у вас есть часть 2 достижения «Путь Венедии».', 'verse', 9, NULL, NULL, NULL, NULL, FALSE, NULL, NULL, NULL);
INSERT INTO options (id, verse_id, position, type, text, target_type, target_verse_dn, target_location_dn, requirement, result, hidden, once, condition_group, conditional_targets, children) VALUES (742, 327, 1, 'choice', 'Сделать щедрое пожертвование.', 'verse', 9, NULL, 'Потратьте в общей сложности 8 магии и/или золота за персонажа.', NULL, NULL, FALSE, NULL, NULL, NULL);
INSERT INTO options (id, verse_id, position, type, text, target_type, target_verse_dn, target_location_dn, requirement, result, hidden, once, condition_group, conditional_targets, children) VALUES (743, 327, 2, 'choice', 'Спросить, можете ли вы чем-нибудь им помочь.', 'verse', 3, NULL, 'Только если у вас нет части 2 достижения «Тайные послания».', NULL, NULL, FALSE, NULL, NULL, NULL);
INSERT INTO options (id, verse_id, position, type, text, target_type, target_verse_dn, target_location_dn, requirement, result, hidden, once, condition_group, conditional_targets, children) VALUES (744, 327, 3, 'choice', 'Расспросить про Чернобога. Разве он не злой бог?', 'verse', 5, NULL, NULL, NULL, NULL, FALSE, NULL, NULL, NULL);
INSERT INTO options (id, verse_id, position, type, text, target_type, target_verse_dn, target_location_dn, requirement, result, hidden, once, condition_group, conditional_targets, children) VALUES (745, 327, 4, 'choice', 'Уйти.', 'end', NULL, NULL, NULL, 'Исследование окончено.', NULL, FALSE, NULL, NULL, NULL);
INSERT INTO verses (id, location_id, display_number) VALUES (328, 28, 2);
INSERT INTO options (id, verse_id, position, type, text, target_type, target_verse_dn, target_location_dn, requirement, result, hidden, once, condition_group, conditional_targets, children) VALUES (746, 328, 0, 'condition', 'Если вы проходите главу 9Б или если у вас есть часть 3 достижения «Тлеющие угольки».', 'verse', 24, NULL, NULL, NULL, NULL, FALSE, NULL, NULL, NULL);
INSERT INTO options (id, verse_id, position, type, text, target_type, target_verse_dn, target_location_dn, requirement, result, hidden, once, condition_group, conditional_targets, children) VALUES (747, 328, 1, 'choice', 'Пойти по тёмной тропе.', 'verse', 6, NULL, NULL, NULL, NULL, FALSE, NULL, NULL, NULL);
INSERT INTO options (id, verse_id, position, type, text, target_type, target_verse_dn, target_location_dn, requirement, result, hidden, once, condition_group, conditional_targets, children) VALUES (748, 328, 2, 'choice', 'Пойти по светлой тропе.', 'verse', 4, NULL, NULL, NULL, NULL, FALSE, NULL, NULL, NULL);
INSERT INTO options (id, verse_id, position, type, text, target_type, target_verse_dn, target_location_dn, requirement, result, hidden, once, condition_group, conditional_targets, children) VALUES (749, 328, 3, 'choice', 'Изучить чёрные растения и травы.', 'verse', 17, NULL, 'Нужен Элган. Только если у вас нет части 9 достижения «Заготовки».', NULL, NULL, FALSE, NULL, NULL, NULL);
INSERT INTO options (id, verse_id, position, type, text, target_type, target_verse_dn, target_location_dn, requirement, result, hidden, once, condition_group, conditional_targets, children) VALUES (750, 328, 4, 'choice', 'Уйти.', 'end', NULL, NULL, NULL, 'Исследование окончено.', NULL, FALSE, NULL, NULL, NULL);
INSERT INTO verses (id, location_id, display_number) VALUES (329, 28, 3);
INSERT INTO options (id, verse_id, position, type, text, target_type, target_verse_dn, target_location_dn, requirement, result, hidden, once, condition_group, conditional_targets, children) VALUES (751, 329, 0, 'choice', 'Продолжить.', 'end', NULL, NULL, NULL, 'Получите часть 2 достижения «Тайные послания».  Исследование окончено.', NULL, FALSE, NULL, NULL, NULL);
INSERT INTO verses (id, location_id, display_number) VALUES (330, 28, 4);
INSERT INTO options (id, verse_id, position, type, text, target_type, target_verse_dn, target_location_dn, requirement, result, hidden, once, condition_group, conditional_targets, children) VALUES (752, 330, 0, 'choice', 'Продолжить.', 'end', NULL, NULL, NULL, 'Каждый член команды теряет 3 @Health@ (–1 за каждое очко своей @Spirituality@).  Исследование окончено.', NULL, FALSE, NULL, NULL, NULL);
INSERT INTO verses (id, location_id, display_number) VALUES (331, 28, 5);
INSERT INTO options (id, verse_id, position, type, text, target_type, target_verse_dn, target_location_dn, requirement, result, hidden, once, condition_group, conditional_targets, children) VALUES (753, 331, 0, 'choice', 'Продолжить.', 'verse', 16, NULL, NULL, NULL, NULL, FALSE, NULL, NULL, NULL);
INSERT INTO verses (id, location_id, display_number) VALUES (332, 28, 6);
INSERT INTO options (id, verse_id, position, type, text, target_type, target_verse_dn, target_location_dn, requirement, result, hidden, once, condition_group, conditional_targets, children) VALUES (754, 332, 0, 'choice', 'Открыть чёрную дубовую дверь.', 'verse', 8, NULL, NULL, NULL, NULL, FALSE, NULL, NULL, NULL);
INSERT INTO options (id, verse_id, position, type, text, target_type, target_verse_dn, target_location_dn, requirement, result, hidden, once, condition_group, conditional_targets, children) VALUES (755, 332, 1, 'choice', 'Открыть белую берёзовую дверь.', 'verse', 28, NULL, NULL, NULL, NULL, FALSE, NULL, NULL, NULL);
INSERT INTO verses (id, location_id, display_number) VALUES (333, 28, 7);
INSERT INTO options (id, verse_id, position, type, text, target_type, target_verse_dn, target_location_dn, requirement, result, hidden, once, condition_group, conditional_targets, children) VALUES (756, 333, 0, 'condition', 'Если у вас есть часть 9 достижения «Планы и интриги».', 'verse', 16, NULL, NULL, 'Вам больше нечего сообщить.', NULL, FALSE, NULL, NULL, NULL);
INSERT INTO options (id, verse_id, position, type, text, target_type, target_verse_dn, target_location_dn, requirement, result, hidden, once, condition_group, conditional_targets, children) VALUES (757, 333, 1, 'choice', 'Принять награду.', 'verse', 10, NULL, NULL, NULL, NULL, FALSE, NULL, NULL, NULL);
INSERT INTO options (id, verse_id, position, type, text, target_type, target_verse_dn, target_location_dn, requirement, result, hidden, once, condition_group, conditional_targets, children) VALUES (758, 333, 2, 'choice', 'Сообщить ему, что на самом деле вы не выполнили задачу. Вряд ли вы получите награду за плохие новости, но жрец должен был знать, что существо вырвалось на свободу.', 'verse', 12, NULL, NULL, NULL, NULL, FALSE, NULL, NULL, NULL);
INSERT INTO verses (id, location_id, display_number) VALUES (334, 28, 8);
INSERT INTO options (id, verse_id, position, type, text, target_type, target_verse_dn, target_location_dn, requirement, result, hidden, once, condition_group, conditional_targets, children) VALUES (759, 334, 0, 'choice', 'Послушаться.', 'verse', 14, NULL, NULL, NULL, NULL, FALSE, NULL, NULL, NULL);
INSERT INTO options (id, verse_id, position, type, text, target_type, target_verse_dn, target_location_dn, requirement, result, hidden, once, condition_group, conditional_targets, children) VALUES (760, 334, 1, 'choice', 'Отказаться и уйти.', 'end', NULL, NULL, NULL, 'Исследование окончено.', NULL, FALSE, NULL, NULL, NULL);
INSERT INTO verses (id, location_id, display_number) VALUES (335, 28, 9);
INSERT INTO options (id, verse_id, position, type, text, target_type, target_verse_dn, target_location_dn, requirement, result, hidden, once, condition_group, conditional_targets, children) VALUES (761, 335, 0, 'condition', 'Продолжить.', 'cross_location', 1, 999, NULL, NULL, NULL, FALSE, NULL, NULL, NULL);
INSERT INTO verses (id, location_id, display_number) VALUES (336, 28, 10);
INSERT INTO options (id, verse_id, position, type, text, target_type, target_verse_dn, target_location_dn, requirement, result, hidden, once, condition_group, conditional_targets, children) VALUES (762, 336, 0, 'condition', 'Если у вас есть часть 3 достижения «Путь Венедии».', 'verse', 11, NULL, NULL, 'Получите часть 9 достижения «Планы и интриги».', NULL, FALSE, NULL, NULL, NULL);
INSERT INTO options (id, verse_id, position, type, text, target_type, target_verse_dn, target_location_dn, requirement, result, hidden, once, condition_group, conditional_targets, children) VALUES (763, 336, 1, 'choice', 'Продолжить.', 'verse', 16, NULL, NULL, 'Получите часть 9 достижения «Планы и интриги».  Получите часть 3 достижения «Путь Венедии» и 3 золота.', NULL, FALSE, NULL, NULL, NULL);
INSERT INTO verses (id, location_id, display_number) VALUES (337, 28, 11);
INSERT INTO options (id, verse_id, position, type, text, target_type, target_verse_dn, target_location_dn, requirement, result, hidden, once, condition_group, conditional_targets, children) VALUES (764, 337, 0, 'choice', 'Продолжить.', 'verse', 16, NULL, NULL, 'Получите 3 магии.', NULL, FALSE, NULL, NULL, NULL);
INSERT INTO verses (id, location_id, display_number) VALUES (338, 28, 12);
INSERT INTO options (id, verse_id, position, type, text, target_type, target_verse_dn, target_location_dn, requirement, result, hidden, once, condition_group, conditional_targets, children) VALUES (765, 338, 0, 'choice', 'Продолжить.', 'verse', 16, NULL, NULL, 'Получите часть 9 достижения «Планы и интриги».', NULL, FALSE, NULL, NULL, NULL);
INSERT INTO verses (id, location_id, display_number) VALUES (339, 28, 13);
INSERT INTO options (id, verse_id, position, type, text, target_type, target_verse_dn, target_location_dn, requirement, result, hidden, once, condition_group, conditional_targets, children) VALUES (766, 339, 0, 'choice', 'Продолжить.', 'end', NULL, NULL, NULL, 'Исследование окончено.', NULL, FALSE, NULL, NULL, NULL);
INSERT INTO verses (id, location_id, display_number) VALUES (340, 28, 14);
INSERT INTO options (id, verse_id, position, type, text, target_type, target_verse_dn, target_location_dn, requirement, result, hidden, once, condition_group, conditional_targets, children) VALUES (767, 340, 0, 'choice', 'Продолжить.', 'verse', 16, NULL, NULL, NULL, NULL, FALSE, NULL, NULL, NULL);
INSERT INTO verses (id, location_id, display_number) VALUES (341, 28, 15);
INSERT INTO options (id, verse_id, position, type, text, target_type, target_verse_dn, target_location_dn, requirement, result, hidden, once, condition_group, conditional_targets, children) VALUES (768, 341, 0, 'choice', 'Продолжить.', 'end', NULL, NULL, NULL, 'Исследование окончено.', NULL, FALSE, NULL, NULL, NULL);
INSERT INTO verses (id, location_id, display_number) VALUES (342, 28, 16);
INSERT INTO options (id, verse_id, position, type, text, target_type, target_verse_dn, target_location_dn, requirement, result, hidden, once, condition_group, conditional_targets, children) VALUES (769, 342, 0, 'choice', 'Попросить о помощи и исцелении. Храмы в отдалённых краях часто помогают путникам, хотя именно в этом храме вы не были уверены.', 'verse', 20, NULL, NULL, NULL, NULL, FALSE, NULL, NULL, NULL);
INSERT INTO options (id, verse_id, position, type, text, target_type, target_verse_dn, target_location_dn, requirement, result, hidden, once, condition_group, conditional_targets, children) VALUES (770, 342, 1, 'choice', 'Спросить про жрицу, которая починила путеводный камень на перевале Короля. Казалось, с тех пор прошло много лет. Но вы до сих пор помнили, как она швырнула о разбитый камень странный сосуд — и камень магическим образом стал как новый.', 'verse', 1, NULL, NULL, NULL, NULL, FALSE, NULL, NULL, NULL);
INSERT INTO options (id, verse_id, position, type, text, target_type, target_verse_dn, target_location_dn, requirement, result, hidden, once, condition_group, conditional_targets, children) VALUES (771, 342, 2, 'choice', 'Сообщить об итогах вашей миссии.', 'verse', 7, NULL, 'Нужны части 1 и 2 достижения «Путь Венедии».', NULL, NULL, FALSE, NULL, NULL, NULL);
INSERT INTO options (id, verse_id, position, type, text, target_type, target_verse_dn, target_location_dn, requirement, result, hidden, once, condition_group, conditional_targets, children) VALUES (772, 342, 3, 'choice', 'Спросить про Чернобога. Зачем служить злому богу?', 'verse', 5, NULL, NULL, NULL, NULL, FALSE, NULL, NULL, NULL);
INSERT INTO options (id, verse_id, position, type, text, target_type, target_verse_dn, target_location_dn, requirement, result, hidden, once, condition_group, conditional_targets, children) VALUES (773, 342, 4, 'choice', 'Уйти.', 'end', NULL, NULL, NULL, 'Исследование окончено.', NULL, FALSE, NULL, NULL, NULL);
INSERT INTO verses (id, location_id, display_number) VALUES (343, 28, 17);
INSERT INTO options (id, verse_id, position, type, text, target_type, target_verse_dn, target_location_dn, requirement, result, hidden, once, condition_group, conditional_targets, children) VALUES (774, 343, 0, 'choice', 'Продолжить.', 'verse', 2, NULL, NULL, 'Поздравляем! Вы освоили новое действие боя или дипломатии. Возьмите секретные карты 107 (карта боя «Чёрная свеча») и 112 (карта дипломатии «Чёрная свеча»). Выберите одну из них и замешайте в соответствующую колоду. Уберите другую карту из игры.  Элган получает 1 опыт.  Получите часть 9 достижения «Заготовки».', NULL, FALSE, NULL, NULL, NULL);
INSERT INTO verses (id, location_id, display_number) VALUES (344, 28, 18);
INSERT INTO options (id, verse_id, position, type, text, target_type, target_verse_dn, target_location_dn, requirement, result, hidden, once, condition_group, conditional_targets, children) VALUES (775, 344, 0, 'condition', 'Продолжить.', 'cross_location', 907, 1001, NULL, NULL, NULL, FALSE, NULL, NULL, NULL);
INSERT INTO verses (id, location_id, display_number) VALUES (345, 28, 19);
INSERT INTO options (id, verse_id, position, type, text, target_type, target_verse_dn, target_location_dn, requirement, result, hidden, once, condition_group, conditional_targets, children) VALUES (776, 345, 0, 'condition', 'Если вы проходите главу 8А, часть 3.', 'cross_location', 738, 1001, NULL, NULL, NULL, FALSE, NULL, NULL, NULL);
INSERT INTO options (id, verse_id, position, type, text, target_type, target_verse_dn, target_location_dn, requirement, result, hidden, once, condition_group, conditional_targets, children) VALUES (777, 345, 1, 'choice', 'Продолжить.', 'end', NULL, NULL, NULL, 'Исследование окончено.', NULL, FALSE, NULL, NULL, NULL);
INSERT INTO verses (id, location_id, display_number) VALUES (346, 28, 20);
INSERT INTO options (id, verse_id, position, type, text, target_type, target_verse_dn, target_location_dn, requirement, result, hidden, once, condition_group, conditional_targets, children) VALUES (778, 346, 0, 'condition', 'Если в этой локации есть хотя бы 1 @LightTT@.', 'verse', 21, NULL, NULL, NULL, NULL, FALSE, NULL, NULL, NULL);
INSERT INTO options (id, verse_id, position, type, text, target_type, target_verse_dn, target_location_dn, requirement, result, hidden, once, condition_group, conditional_targets, children) VALUES (779, 346, 1, 'condition', 'Если у всех членов команды больше чем 4 @Health@ или меньше чем 3 @Terror@.', 'verse', 21, NULL, NULL, NULL, NULL, FALSE, NULL, NULL, NULL);
INSERT INTO options (id, verse_id, position, type, text, target_type, target_verse_dn, target_location_dn, requirement, result, hidden, once, condition_group, conditional_targets, children) VALUES (780, 346, 2, 'choice', 'Продолжить.', 'verse', 16, NULL, NULL, 'Каждый член команды получает 3 @Health@ и теряет 2 @Terror@.  Поместите в эту локацию 2 @LightTT@.', NULL, FALSE, NULL, NULL, NULL);
INSERT INTO verses (id, location_id, display_number) VALUES (347, 28, 21);
INSERT INTO options (id, verse_id, position, type, text, target_type, target_verse_dn, target_location_dn, requirement, result, hidden, once, condition_group, conditional_targets, children) VALUES (781, 347, 0, 'choice', 'Продолжить.с', 'verse', 16, NULL, NULL, NULL, NULL, FALSE, NULL, NULL, NULL);
INSERT INTO verses (id, location_id, display_number) VALUES (348, 28, 22);
INSERT INTO options (id, verse_id, position, type, text, target_type, target_verse_dn, target_location_dn, requirement, result, hidden, once, condition_group, conditional_targets, children) VALUES (782, 348, 0, 'condition', 'Если у вас есть часть 1 достижения «Тлеющие угольки».', 'verse', 23, NULL, NULL, NULL, NULL, FALSE, NULL, NULL, NULL);
INSERT INTO options (id, verse_id, position, type, text, target_type, target_verse_dn, target_location_dn, requirement, result, hidden, once, condition_group, conditional_targets, children) VALUES (783, 348, 1, 'choice', '2 @Energy@ Разобрать завал.', 'verse', 25, NULL, NULL, NULL, NULL, FALSE, NULL, NULL, NULL);
INSERT INTO options (id, verse_id, position, type, text, target_type, target_verse_dn, target_location_dn, requirement, result, hidden, once, condition_group, conditional_targets, children) VALUES (784, 348, 2, 'choice', 'Уйти.', 'end', NULL, NULL, NULL, 'Исследование окончено.', NULL, FALSE, NULL, NULL, NULL);
INSERT INTO verses (id, location_id, display_number) VALUES (349, 28, 23);
INSERT INTO options (id, verse_id, position, type, text, target_type, target_verse_dn, target_location_dn, requirement, result, hidden, once, condition_group, conditional_targets, children) VALUES (785, 349, 0, 'choice', '2 @Energy@ Помочь послушнице похоронить мёртвых.', 'verse', 26, NULL, 'Только если у вас нет части 2 достижения «Тлеющие угольки».', NULL, NULL, FALSE, NULL, NULL, NULL);
INSERT INTO options (id, verse_id, position, type, text, target_type, target_verse_dn, target_location_dn, requirement, result, hidden, once, condition_group, conditional_targets, children) VALUES (786, 349, 1, 'choice', 'Спросить её про янтарную царицу Венеду.', 'verse', 27, NULL, NULL, NULL, NULL, FALSE, NULL, NULL, NULL);
INSERT INTO options (id, verse_id, position, type, text, target_type, target_verse_dn, target_location_dn, requirement, result, hidden, once, condition_group, conditional_targets, children) VALUES (787, 349, 2, 'choice', 'Спросить её про похожую жрицу, которую вы когда-то давно повстречали на перевале Короля.', 'verse', 9, NULL, NULL, NULL, NULL, FALSE, NULL, NULL, NULL);
INSERT INTO options (id, verse_id, position, type, text, target_type, target_verse_dn, target_location_dn, requirement, result, hidden, once, condition_group, conditional_targets, children) VALUES (788, 349, 3, 'choice', 'Уйти.', 'end', NULL, NULL, NULL, 'Исследование окончено.', NULL, FALSE, NULL, NULL, NULL);
INSERT INTO verses (id, location_id, display_number) VALUES (350, 28, 24);
INSERT INTO options (id, verse_id, position, type, text, target_type, target_verse_dn, target_location_dn, requirement, result, hidden, once, condition_group, conditional_targets, children) VALUES (789, 350, 0, 'choice', 'Пойти по тёмной тропе.', 'verse', 22, NULL, NULL, NULL, NULL, FALSE, NULL, NULL, NULL);
INSERT INTO options (id, verse_id, position, type, text, target_type, target_verse_dn, target_location_dn, requirement, result, hidden, once, condition_group, conditional_targets, children) VALUES (790, 350, 1, 'choice', 'Пойти по светлой тропе.', 'verse', 4, NULL, NULL, NULL, NULL, FALSE, NULL, NULL, NULL);
INSERT INTO options (id, verse_id, position, type, text, target_type, target_verse_dn, target_location_dn, requirement, result, hidden, once, condition_group, conditional_targets, children) VALUES (791, 350, 2, 'choice', 'Уйти.', 'end', NULL, NULL, NULL, 'Исследование окончено.', NULL, FALSE, NULL, NULL, NULL);
INSERT INTO verses (id, location_id, display_number) VALUES (351, 28, 25);
INSERT INTO options (id, verse_id, position, type, text, target_type, target_verse_dn, target_location_dn, requirement, result, hidden, once, condition_group, conditional_targets, children) VALUES (792, 351, 0, 'choice', 'Продолжить.', 'verse', 23, NULL, NULL, 'Получите часть 1 достижения «Тлеющие угольки».', NULL, FALSE, NULL, NULL, NULL);
INSERT INTO verses (id, location_id, display_number) VALUES (352, 28, 26);
INSERT INTO options (id, verse_id, position, type, text, target_type, target_verse_dn, target_location_dn, requirement, result, hidden, once, condition_group, conditional_targets, children) VALUES (793, 352, 0, 'choice', 'Продолжить.', 'verse', 23, NULL, NULL, 'Получите 3 золота и часть 2 достижения «Тлеющие угольки».', NULL, FALSE, NULL, NULL, NULL);
INSERT INTO verses (id, location_id, display_number) VALUES (353, 28, 27);
INSERT INTO options (id, verse_id, position, type, text, target_type, target_verse_dn, target_location_dn, requirement, result, hidden, once, condition_group, conditional_targets, children) VALUES (794, 353, 0, 'choice', 'Продолжить.', 'verse', 23, NULL, NULL, NULL, NULL, FALSE, NULL, NULL, NULL);
INSERT INTO verses (id, location_id, display_number) VALUES (354, 28, 28);
INSERT INTO options (id, verse_id, position, type, text, target_type, target_verse_dn, target_location_dn, requirement, result, hidden, once, condition_group, conditional_targets, children) VALUES (795, 354, 0, 'condition', 'Продолжить.', 'verse', 4, NULL, NULL, NULL, NULL, FALSE, NULL, NULL, NULL);

INSERT INTO locations (id, campaign_id, display_number, name) VALUES (29, 1, 129, 'Блуждающие камни');
INSERT INTO verses (id, location_id, display_number) VALUES (355, 29, 0);
INSERT INTO options (id, verse_id, position, type, text, target_type, target_verse_dn, target_location_dn, requirement, result, hidden, once, condition_group, conditional_targets, children) VALUES (796, 355, 0, 'condition', 'Если вы проходите главу 9Б, часть 2.', 'verse', 14, NULL, NULL, NULL, NULL, FALSE, NULL, NULL, NULL);
INSERT INTO options (id, verse_id, position, type, text, target_type, target_verse_dn, target_location_dn, requirement, result, hidden, once, condition_group, conditional_targets, children) VALUES (797, 355, 1, 'condition', 'Если у вас есть часть 2 достижения «Случайные встречи».', 'verse', 1, NULL, NULL, NULL, NULL, FALSE, NULL, NULL, NULL);
INSERT INTO options (id, verse_id, position, type, text, target_type, target_verse_dn, target_location_dn, requirement, result, hidden, once, condition_group, conditional_targets, children) VALUES (798, 355, 2, 'condition', 'В противном случае.', 'verse', 15, NULL, NULL, NULL, NULL, FALSE, NULL, NULL, NULL);
INSERT INTO verses (id, location_id, display_number) VALUES (356, 29, 1);
INSERT INTO options (id, verse_id, position, type, text, target_type, target_verse_dn, target_location_dn, requirement, result, hidden, once, condition_group, conditional_targets, children) VALUES (799, 356, 0, 'choice', '2 @Energy@ Вернуться к перевалу Короля.', 'verse', 11, NULL, 'Нужны все персонажи.', NULL, NULL, FALSE, NULL, NULL, NULL);
INSERT INTO options (id, verse_id, position, type, text, target_type, target_verse_dn, target_location_dn, requirement, result, hidden, once, condition_group, conditional_targets, children) VALUES (800, 356, 1, 'choice', '1 @Energy@ Проследить за пчёлами до улья.', 'verse', 3, NULL, NULL, 'Поместите 1 красный маркер в эту локацию.', NULL, FALSE, NULL, NULL, NULL);
INSERT INTO options (id, verse_id, position, type, text, target_type, target_verse_dn, target_location_dn, requirement, result, hidden, once, condition_group, conditional_targets, children) VALUES (801, 356, 2, 'choice', '1 @Energy@ Обыскать каменный лабиринт.', 'verse', 3, NULL, NULL, NULL, NULL, FALSE, NULL, NULL, NULL);
INSERT INTO options (id, verse_id, position, type, text, target_type, target_verse_dn, target_location_dn, requirement, result, hidden, once, condition_group, conditional_targets, children) VALUES (802, 356, 3, 'choice', 'Вернуться к князю Аскольду.', 'verse', 13, NULL, NULL, NULL, NULL, FALSE, NULL, NULL, NULL);
INSERT INTO options (id, verse_id, position, type, text, target_type, target_verse_dn, target_location_dn, requirement, result, hidden, once, condition_group, conditional_targets, children) VALUES (803, 356, 4, 'choice', 'Уйти.', 'end', NULL, NULL, NULL, 'Исследование окончено.', NULL, FALSE, NULL, NULL, NULL);
INSERT INTO verses (id, location_id, display_number) VALUES (357, 29, 2);
INSERT INTO options (id, verse_id, position, type, text, target_type, target_verse_dn, target_location_dn, requirement, result, hidden, once, condition_group, conditional_targets, children) VALUES (804, 357, 0, 'condition', 'Если у вас есть хотя бы одна часть достижения «Время идёт (глава 6)».', 'verse', 9, NULL, NULL, NULL, NULL, FALSE, NULL, NULL, NULL);
INSERT INTO options (id, verse_id, position, type, text, target_type, target_verse_dn, target_location_dn, requirement, result, hidden, once, condition_group, conditional_targets, children) VALUES (805, 357, 1, 'condition', 'Если вы проходите главу 7—10.', 'verse', 9, NULL, NULL, NULL, NULL, FALSE, NULL, NULL, NULL);
INSERT INTO options (id, verse_id, position, type, text, target_type, target_verse_dn, target_location_dn, requirement, result, hidden, once, condition_group, conditional_targets, children) VALUES (806, 357, 2, 'condition', 'Если у вас есть часть 2 достижения «Случайные встречи».', 'verse', 13, NULL, NULL, NULL, NULL, FALSE, NULL, NULL, NULL);
INSERT INTO options (id, verse_id, position, type, text, target_type, target_verse_dn, target_location_dn, requirement, result, hidden, once, condition_group, conditional_targets, children) VALUES (807, 357, 3, 'choice', 'Дать ему еды.', 'verse', 10, NULL, 'Потратьте 2 еды.', NULL, NULL, FALSE, NULL, NULL, NULL);
INSERT INTO options (id, verse_id, position, type, text, target_type, target_verse_dn, target_location_dn, requirement, result, hidden, once, condition_group, conditional_targets, children) VALUES (808, 357, 4, 'choice', 'Дать ему денег.', 'verse', 6, NULL, 'Потратьте 1 золото.', NULL, NULL, FALSE, NULL, NULL, NULL);
INSERT INTO options (id, verse_id, position, type, text, target_type, target_verse_dn, target_location_dn, requirement, result, hidden, once, condition_group, conditional_targets, children) VALUES (809, 357, 5, 'choice', 'Уйти.', 'end', NULL, NULL, NULL, 'Исследование окончено.', NULL, FALSE, NULL, NULL, NULL);
INSERT INTO verses (id, location_id, display_number) VALUES (358, 29, 3);
INSERT INTO options (id, verse_id, position, type, text, target_type, target_verse_dn, target_location_dn, requirement, result, hidden, once, condition_group, conditional_targets, children) VALUES (810, 358, 0, 'choice', '1.', 'end', NULL, NULL, NULL, 'Вы часами бродили среди камней, но так ничего и не нашли.  Если в этой локации есть @QuestToken@ или красный маркер, уберите его.  Исследование окончено.', NULL, FALSE, NULL, NULL, NULL);
INSERT INTO options (id, verse_id, position, type, text, target_type, target_verse_dn, target_location_dn, requirement, result, hidden, once, condition_group, conditional_targets, children) VALUES (811, 358, 1, 'choice', '2.', 'verse', 2, NULL, NULL, 'Вы бродили среди камней целый час и в конце концов нашли кое-что интересное.  Если в этой локации есть @QuestToken@ или красный маркер, уберите его.', NULL, FALSE, NULL, NULL, NULL);
INSERT INTO options (id, verse_id, position, type, text, target_type, target_verse_dn, target_location_dn, requirement, result, hidden, once, condition_group, conditional_targets, children) VALUES (812, 358, 2, 'choice', '3.', 'verse', 5, NULL, NULL, 'Вы бродили среди камней целый час и в конце концов нашли кое-что интересное.  Если в этой локации есть @QuestToken@ или красный маркер, уберите его.', NULL, FALSE, NULL, NULL, NULL);
INSERT INTO options (id, verse_id, position, type, text, target_type, target_verse_dn, target_location_dn, requirement, result, hidden, once, condition_group, conditional_targets, children) VALUES (813, 358, 3, 'choice', '4.', 'verse', 7, NULL, NULL, 'Вы бродили по лабиринту целый час, когда внезапно перед вами раскинулась цветущая зелёная поляна, хорошо спрятанная серди камней.  Если в этой локации есть @QuestToken@ или красный маркер, уберите его.', NULL, FALSE, NULL, NULL, NULL);
INSERT INTO options (id, verse_id, position, type, text, target_type, target_verse_dn, target_location_dn, requirement, result, hidden, once, condition_group, conditional_targets, children) VALUES (814, 358, 4, 'choice', '≥5.', 'verse', 4, NULL, NULL, 'Вам удалось найти именно то, что вы искали!', NULL, FALSE, NULL, NULL, NULL);
INSERT INTO verses (id, location_id, display_number) VALUES (359, 29, 4);
INSERT INTO options (id, verse_id, position, type, text, target_type, target_verse_dn, target_location_dn, requirement, result, hidden, once, condition_group, conditional_targets, children) VALUES (815, 359, 0, 'condition', 'Если в этой локации есть @QuestToken@.', 'verse', 2, NULL, NULL, 'Уберите @QuestToken@ из этой локации.', NULL, FALSE, NULL, NULL, NULL);
INSERT INTO options (id, verse_id, position, type, text, target_type, target_verse_dn, target_location_dn, requirement, result, hidden, once, condition_group, conditional_targets, children) VALUES (816, 359, 1, 'condition', 'Если в этой локации есть красный маркер.', 'verse', 7, NULL, NULL, 'Уберите красный маркер из этой локации.', NULL, FALSE, NULL, NULL, NULL);
INSERT INTO options (id, verse_id, position, type, text, target_type, target_verse_dn, target_location_dn, requirement, result, hidden, once, condition_group, conditional_targets, children) VALUES (817, 359, 2, 'condition', 'В противном случае.', 'verse', 5, NULL, NULL, NULL, NULL, FALSE, NULL, NULL, NULL);
INSERT INTO verses (id, location_id, display_number) VALUES (360, 29, 5);
INSERT INTO options (id, verse_id, position, type, text, target_type, target_verse_dn, target_location_dn, requirement, result, hidden, once, condition_group, conditional_targets, children) VALUES (818, 360, 0, 'condition', 'Если у вас есть часть 3 достижения «Обыск».', 'end', NULL, NULL, NULL, 'Здесь больше ничего не удастся найти.  Исследование окончено.', NULL, FALSE, NULL, NULL, NULL);
INSERT INTO options (id, verse_id, position, type, text, target_type, target_verse_dn, target_location_dn, requirement, result, hidden, once, condition_group, conditional_targets, children) VALUES (819, 360, 1, 'condition', 'В противном случае.', 'verse', 16, NULL, NULL, NULL, NULL, FALSE, NULL, NULL, NULL);
INSERT INTO verses (id, location_id, display_number) VALUES (361, 29, 6);
INSERT INTO options (id, verse_id, position, type, text, target_type, target_verse_dn, target_location_dn, requirement, result, hidden, once, condition_group, conditional_targets, children) VALUES (820, 361, 0, 'choice', 'Дать ему еды.', 'verse', 10, NULL, 'Потратьте 2 еды.', 'Получите 1 золото.', NULL, FALSE, NULL, NULL, NULL);
INSERT INTO options (id, verse_id, position, type, text, target_type, target_verse_dn, target_location_dn, requirement, result, hidden, once, condition_group, conditional_targets, children) VALUES (821, 361, 1, 'choice', 'Уйти.', 'end', NULL, NULL, NULL, 'Получите 1 золото.  Исследование окончено.', NULL, FALSE, NULL, NULL, NULL);
INSERT INTO verses (id, location_id, display_number) VALUES (362, 29, 7);
INSERT INTO options (id, verse_id, position, type, text, target_type, target_verse_dn, target_location_dn, requirement, result, hidden, once, condition_group, conditional_targets, children) VALUES (822, 362, 0, 'condition', 'Продолжить.', 'cross_location', 276, 999, NULL, NULL, NULL, FALSE, NULL, NULL, NULL);
INSERT INTO verses (id, location_id, display_number) VALUES (363, 29, 8);
INSERT INTO options (id, verse_id, position, type, text, target_type, target_verse_dn, target_location_dn, requirement, result, hidden, once, condition_group, conditional_targets, children) VALUES (823, 363, 0, 'choice', 'Продолжить.', 'end', NULL, NULL, NULL, 'Поместите в эту локацию 2 @LightTT@.  Получите часть 5 достижения «Бессердечность».  Исследование окончено.', NULL, FALSE, NULL, NULL, NULL);
INSERT INTO verses (id, location_id, display_number) VALUES (364, 29, 9);
INSERT INTO options (id, verse_id, position, type, text, target_type, target_verse_dn, target_location_dn, requirement, result, hidden, once, condition_group, conditional_targets, children) VALUES (824, 364, 0, 'choice', 'Продолжить.', 'end', NULL, NULL, NULL, 'Исследование окончено.', NULL, FALSE, NULL, NULL, NULL);
INSERT INTO verses (id, location_id, display_number) VALUES (365, 29, 10);
INSERT INTO options (id, verse_id, position, type, text, target_type, target_verse_dn, target_location_dn, requirement, result, hidden, once, condition_group, conditional_targets, children) VALUES (825, 365, 0, 'choice', 'Продолжить.', 'verse', 13, NULL, NULL, 'Получите часть 2 достижения «Случайные встречи».', NULL, FALSE, NULL, NULL, NULL);
INSERT INTO verses (id, location_id, display_number) VALUES (366, 29, 11);
INSERT INTO options (id, verse_id, position, type, text, target_type, target_verse_dn, target_location_dn, requirement, result, hidden, once, condition_group, conditional_targets, children) VALUES (826, 366, 0, 'choice', 'Продолжить.', 'cross_location', 800, 1001, NULL, NULL, NULL, FALSE, NULL, NULL, NULL);
INSERT INTO verses (id, location_id, display_number) VALUES (367, 29, 12);
INSERT INTO options (id, verse_id, position, type, text, target_type, target_verse_dn, target_location_dn, requirement, result, hidden, once, condition_group, conditional_targets, children) VALUES (827, 367, 0, 'choice', 'Продолжить.', 'end', NULL, NULL, NULL, 'Исследование окончено.', NULL, FALSE, NULL, NULL, NULL);
INSERT INTO verses (id, location_id, display_number) VALUES (368, 29, 13);
INSERT INTO options (id, verse_id, position, type, text, target_type, target_verse_dn, target_location_dn, requirement, result, hidden, once, condition_group, conditional_targets, children) VALUES (828, 368, 0, 'condition', 'Если у вас есть часть 5 достижения «Бессердечность» либо если вы проходите главу 7—10.', 'verse', 9, NULL, NULL, NULL, NULL, FALSE, NULL, NULL, NULL);
INSERT INTO options (id, verse_id, position, type, text, target_type, target_verse_dn, target_location_dn, requirement, result, hidden, once, condition_group, conditional_targets, children) VALUES (829, 368, 1, 'choice', 'Предложить ему стать «сладостным святым».', 'verse', 8, NULL, 'Нужна часть 7 достижения «Дипломат».', NULL, NULL, FALSE, NULL, NULL, NULL);
INSERT INTO options (id, verse_id, position, type, text, target_type, target_verse_dn, target_location_dn, requirement, result, hidden, once, condition_group, conditional_targets, children) VALUES (830, 368, 2, 'choice', 'Подсказать ему дорогу до перевала Короля.', 'verse', 12, NULL, NULL, NULL, NULL, FALSE, NULL, NULL, NULL);
INSERT INTO options (id, verse_id, position, type, text, target_type, target_verse_dn, target_location_dn, requirement, result, hidden, once, condition_group, conditional_targets, children) VALUES (831, 368, 3, 'choice', 'Уйти.', 'end', NULL, NULL, NULL, 'Исследование окончено.', NULL, FALSE, NULL, NULL, NULL);
INSERT INTO verses (id, location_id, display_number) VALUES (369, 29, 14);
INSERT INTO options (id, verse_id, position, type, text, target_type, target_verse_dn, target_location_dn, requirement, result, hidden, once, condition_group, conditional_targets, children) VALUES (832, 369, 0, 'choice', 'Продолжить.', 'end', NULL, NULL, NULL, 'Исследование окончено.', NULL, FALSE, NULL, NULL, NULL);
INSERT INTO verses (id, location_id, display_number) VALUES (370, 29, 15);
INSERT INTO options (id, verse_id, position, type, text, target_type, target_verse_dn, target_location_dn, requirement, result, hidden, once, condition_group, conditional_targets, children) VALUES (833, 370, 0, 'choice', '2 @Energy@ Вернуться к перевалу Короля.', 'verse', 11, NULL, 'Нужны все персонажи.', NULL, NULL, FALSE, NULL, NULL, NULL);
INSERT INTO options (id, verse_id, position, type, text, target_type, target_verse_dn, target_location_dn, requirement, result, hidden, once, condition_group, conditional_targets, children) VALUES (834, 370, 1, 'choice', '1 @Energy@ Найти, откуда доносится голос.', 'verse', 3, NULL, NULL, 'Поместите в эту локацию 1 @QuestToken@.', NULL, FALSE, NULL, NULL, NULL);
INSERT INTO options (id, verse_id, position, type, text, target_type, target_verse_dn, target_location_dn, requirement, result, hidden, once, condition_group, conditional_targets, children) VALUES (835, 370, 2, 'choice', '1 @Energy@ Проследить за пчёлами до улья.', 'verse', 3, NULL, NULL, 'Поместите 1 красный маркер в эту локацию.', NULL, FALSE, NULL, NULL, NULL);
INSERT INTO options (id, verse_id, position, type, text, target_type, target_verse_dn, target_location_dn, requirement, result, hidden, once, condition_group, conditional_targets, children) VALUES (836, 370, 3, 'choice', '1 @Energy@ Обыскать каменный лабиринт.', 'verse', 3, NULL, NULL, NULL, NULL, FALSE, NULL, NULL, NULL);
INSERT INTO options (id, verse_id, position, type, text, target_type, target_verse_dn, target_location_dn, requirement, result, hidden, once, condition_group, conditional_targets, children) VALUES (837, 370, 4, 'choice', 'Уйти.', 'end', NULL, NULL, NULL, 'Исследование окончено.', NULL, FALSE, NULL, NULL, NULL);
INSERT INTO verses (id, location_id, display_number) VALUES (371, 29, 16);
INSERT INTO options (id, verse_id, position, type, text, target_type, target_verse_dn, target_location_dn, requirement, result, hidden, once, condition_group, conditional_targets, children) VALUES (838, 371, 0, 'choice', 'Продолжить.', 'end', NULL, NULL, NULL, 'Получите 1 золото за персонажа и 1 предмет В.  Получите часть 3 достижения «Обыск».  Исследование окончено.', NULL, FALSE, NULL, NULL, NULL);

INSERT INTO locations (id, campaign_id, display_number, name) VALUES (30, 1, 130, 'Карабкающийся лес');
INSERT INTO verses (id, location_id, display_number) VALUES (372, 30, 0);
INSERT INTO options (id, verse_id, position, type, text, target_type, target_verse_dn, target_location_dn, requirement, result, hidden, once, condition_group, conditional_targets, children) VALUES (839, 372, 0, 'choice', '1 @Energy@ Посетить поселения на опушке леса.', 'verse', 1, NULL, NULL, NULL, NULL, FALSE, NULL, NULL, NULL);
INSERT INTO options (id, verse_id, position, type, text, target_type, target_verse_dn, target_location_dn, requirement, result, hidden, once, condition_group, conditional_targets, children) VALUES (840, 372, 1, 'choice', '1 @Energy@ Обыскать заброшенные избы в лесу.', 'verse', 3, NULL, NULL, NULL, NULL, FALSE, NULL, NULL, NULL);
INSERT INTO options (id, verse_id, position, type, text, target_type, target_verse_dn, target_location_dn, requirement, result, hidden, once, condition_group, conditional_targets, children) VALUES (841, 372, 2, 'choice', 'Пройти тайной тропой.', 'verse', 6, NULL, 'Нужна часть 9 достижения «Топография».', NULL, NULL, FALSE, NULL, NULL, NULL);
INSERT INTO options (id, verse_id, position, type, text, target_type, target_verse_dn, target_location_dn, requirement, result, hidden, once, condition_group, conditional_targets, children) VALUES (842, 372, 3, 'choice', 'Уйти.', 'end', NULL, NULL, NULL, 'Исследование окончено.', NULL, FALSE, NULL, NULL, NULL);
INSERT INTO verses (id, location_id, display_number) VALUES (373, 30, 1);
INSERT INTO options (id, verse_id, position, type, text, target_type, target_verse_dn, target_location_dn, requirement, result, hidden, once, condition_group, conditional_targets, children) VALUES (843, 373, 0, 'condition', 'Если у вас есть часть 4 достижения «Народный герой».', 'verse', 4, NULL, NULL, NULL, NULL, FALSE, NULL, NULL, NULL);
INSERT INTO options (id, verse_id, position, type, text, target_type, target_verse_dn, target_location_dn, requirement, result, hidden, once, condition_group, conditional_targets, children) VALUES (844, 373, 1, 'choice', 'Пойти навстречу.', 'cross_location', 243, 999, NULL, NULL, NULL, FALSE, NULL, NULL, NULL);
INSERT INTO options (id, verse_id, position, type, text, target_type, target_verse_dn, target_location_dn, requirement, result, hidden, once, condition_group, conditional_targets, children) VALUES (845, 373, 2, 'choice', 'Поскорее уйти.', 'end', NULL, NULL, NULL, 'Исследование окончено.', NULL, FALSE, NULL, NULL, NULL);
INSERT INTO verses (id, location_id, display_number) VALUES (374, 30, 2);
INSERT INTO options (id, verse_id, position, type, text, target_type, target_verse_dn, target_location_dn, requirement, result, hidden, once, condition_group, conditional_targets, children) VALUES (846, 374, 0, 'choice', 'Продолжить.', 'verse', 5, NULL, NULL, 'Поместите в эту локацию кубик и установите его на 1.', NULL, FALSE, NULL, NULL, NULL);
INSERT INTO verses (id, location_id, display_number) VALUES (375, 30, 3);
INSERT INTO options (id, verse_id, position, type, text, target_type, target_verse_dn, target_location_dn, requirement, result, hidden, once, condition_group, conditional_targets, children) VALUES (847, 375, 0, 'condition', 'Если у вас есть часть 6 достижения «Обыск».', 'verse', 8, NULL, NULL, NULL, NULL, FALSE, NULL, NULL, NULL);
INSERT INTO options (id, verse_id, position, type, text, target_type, target_verse_dn, target_location_dn, requirement, result, hidden, once, condition_group, conditional_targets, children) VALUES (848, 375, 1, 'condition', 'В противном случае.', 'verse', 15, NULL, NULL, NULL, NULL, FALSE, NULL, NULL, NULL);
INSERT INTO verses (id, location_id, display_number) VALUES (376, 30, 4);
INSERT INTO options (id, verse_id, position, type, text, target_type, target_verse_dn, target_location_dn, requirement, result, hidden, once, condition_group, conditional_targets, children) VALUES (849, 376, 0, 'choice', '2 @Energy@ Подманить обезображенного волка.', 'end', NULL, NULL, 'Только если в этой локации нет @DarkTT@.', 'Найдите карту встречи «Обезображенный волк» (зелёная, сложность 2) и проведите её. Вне зависимости от её итога исследование окончено.', NULL, FALSE, NULL, NULL, NULL);
INSERT INTO options (id, verse_id, position, type, text, target_type, target_verse_dn, target_location_dn, requirement, result, hidden, once, condition_group, conditional_targets, children) VALUES (850, 376, 1, 'choice', 'Уйти.', 'end', NULL, NULL, NULL, 'Исследование окончено.', NULL, FALSE, NULL, NULL, NULL);
INSERT INTO verses (id, location_id, display_number) VALUES (377, 30, 5);
INSERT INTO options (id, verse_id, position, type, text, target_type, target_verse_dn, target_location_dn, requirement, result, hidden, once, condition_group, conditional_targets, children) VALUES (851, 377, 0, 'choice', 'Забрать его.', 'cross_location', 240, 999, 'Только если у вас нет части 6 достижения «Обыск».', NULL, NULL, FALSE, NULL, NULL, NULL);
INSERT INTO options (id, verse_id, position, type, text, target_type, target_verse_dn, target_location_dn, requirement, result, hidden, once, condition_group, conditional_targets, children) VALUES (852, 377, 1, 'choice', 'Оставить всё на месте и следовать дальше.', 'verse', 8, NULL, NULL, 'Уберите кубик из этой локации.', NULL, FALSE, NULL, NULL, NULL);
INSERT INTO verses (id, location_id, display_number) VALUES (378, 30, 6);
INSERT INTO options (id, verse_id, position, type, text, target_type, target_verse_dn, target_location_dn, requirement, result, hidden, once, condition_group, conditional_targets, children) VALUES (853, 378, 0, 'choice', 'Продолжить.', 'end', NULL, NULL, NULL, 'Исследование окончено.', NULL, FALSE, NULL, NULL, NULL);
INSERT INTO verses (id, location_id, display_number) VALUES (379, 30, 7);
INSERT INTO options (id, verse_id, position, type, text, target_type, target_verse_dn, target_location_dn, requirement, result, hidden, once, condition_group, conditional_targets, children) VALUES (854, 379, 0, 'choice', 'Продолжить.', 'verse', 5, NULL, NULL, 'Поместите в эту локацию кубик и установите его на 2.', NULL, FALSE, NULL, NULL, NULL);
INSERT INTO verses (id, location_id, display_number) VALUES (380, 30, 8);
INSERT INTO options (id, verse_id, position, type, text, target_type, target_verse_dn, target_location_dn, requirement, result, hidden, once, condition_group, conditional_targets, children) VALUES (855, 380, 0, 'condition', 'Если у вас есть семь частей достижения «Тающий воск».', 'verse', 14, NULL, NULL, NULL, NULL, FALSE, NULL, NULL, NULL);
INSERT INTO options (id, verse_id, position, type, text, target_type, target_verse_dn, target_location_dn, requirement, result, hidden, once, condition_group, conditional_targets, children) VALUES (856, 380, 1, 'condition', 'Если у вас есть шесть частей достижения «Тающий воск».', 'verse', 13, NULL, NULL, NULL, NULL, FALSE, NULL, NULL, NULL);
INSERT INTO options (id, verse_id, position, type, text, target_type, target_verse_dn, target_location_dn, requirement, result, hidden, once, condition_group, conditional_targets, children) VALUES (857, 380, 2, 'condition', 'Если вы проходите главу 9Б или если у вас есть часть 3 достижения «Тлеющие угольки».', 'verse', 12, NULL, NULL, NULL, NULL, FALSE, NULL, NULL, NULL);
INSERT INTO options (id, verse_id, position, type, text, target_type, target_verse_dn, target_location_dn, requirement, result, hidden, once, condition_group, conditional_targets, children) VALUES (858, 380, 3, 'condition', 'В противном случае.', 'verse', 16, NULL, NULL, NULL, NULL, FALSE, NULL, NULL, NULL);
INSERT INTO verses (id, location_id, display_number) VALUES (381, 30, 9);
INSERT INTO options (id, verse_id, position, type, text, target_type, target_verse_dn, target_location_dn, requirement, result, hidden, once, condition_group, conditional_targets, children) VALUES (859, 381, 0, 'choice', 'Продолжить.', 'verse', 5, NULL, NULL, 'Поместите в эту локацию кубик и установите его на 3.', NULL, FALSE, NULL, NULL, NULL);
INSERT INTO verses (id, location_id, display_number) VALUES (382, 30, 10);
INSERT INTO options (id, verse_id, position, type, text, target_type, target_verse_dn, target_location_dn, requirement, result, hidden, once, condition_group, conditional_targets, children) VALUES (860, 382, 0, 'choice', 'Продолжить.', 'end', NULL, NULL, NULL, 'Исследование окончено.', NULL, FALSE, NULL, NULL, NULL);
INSERT INTO verses (id, location_id, display_number) VALUES (383, 30, 11);
INSERT INTO options (id, verse_id, position, type, text, target_type, target_verse_dn, target_location_dn, requirement, result, hidden, once, condition_group, conditional_targets, children) VALUES (861, 383, 0, 'condition', 'Если у вас есть часть 7 достижения «Сквозь искажень-стекло».', 'verse', 8, NULL, NULL, 'Здесь больше ничего не удастся найти.', NULL, FALSE, NULL, NULL, NULL);
INSERT INTO options (id, verse_id, position, type, text, target_type, target_verse_dn, target_location_dn, requirement, result, hidden, once, condition_group, conditional_targets, children) VALUES (862, 383, 1, 'choice', 'Продолжить.', 'verse', 8, NULL, NULL, 'Получите 3 золота.  Получите часть 7 достижения «Сквозь искажень-стекло».', NULL, FALSE, NULL, NULL, NULL);
INSERT INTO verses (id, location_id, display_number) VALUES (384, 30, 12);
INSERT INTO options (id, verse_id, position, type, text, target_type, target_verse_dn, target_location_dn, requirement, result, hidden, once, condition_group, conditional_targets, children) VALUES (863, 384, 0, 'choice', 'Продолжить.', 'end', NULL, NULL, NULL, 'Исследование окончено.', NULL, FALSE, NULL, NULL, NULL);
INSERT INTO verses (id, location_id, display_number) VALUES (385, 30, 13);
INSERT INTO options (id, verse_id, position, type, text, target_type, target_verse_dn, target_location_dn, requirement, result, hidden, once, condition_group, conditional_targets, children) VALUES (864, 385, 0, 'choice', 'Сказать ей правду. Она больна и без заклятья умрёт. Как ни крути, а всё-таки нехорошо оставлять ребёнка в неведении.', 'cross_location', 884, 1001, NULL, NULL, NULL, FALSE, NULL, NULL, NULL);
INSERT INTO options (id, verse_id, position, type, text, target_type, target_verse_dn, target_location_dn, requirement, result, hidden, once, condition_group, conditional_targets, children) VALUES (865, 385, 1, 'choice', 'Сказать ей, что заклятье невозможно разрушить, но вы можете облегчить её состояние. Вы восстановите её восковую оболочку и погрузите её обратно в глубокий сон.', 'cross_location', 1133, 1001, NULL, NULL, NULL, FALSE, NULL, NULL, NULL);
INSERT INTO verses (id, location_id, display_number) VALUES (386, 30, 14);
INSERT INTO options (id, verse_id, position, type, text, target_type, target_verse_dn, target_location_dn, requirement, result, hidden, once, condition_group, conditional_targets, children) VALUES (866, 386, 0, 'choice', 'Продолжить.', 'end', NULL, NULL, NULL, 'Исследование окончено.', NULL, FALSE, NULL, NULL, NULL);
INSERT INTO verses (id, location_id, display_number) VALUES (387, 30, 15);
INSERT INTO options (id, verse_id, position, type, text, target_type, target_verse_dn, target_location_dn, requirement, result, hidden, once, condition_group, conditional_targets, children) VALUES (867, 387, 0, 'choice', 'Если из всех ресурсов у персонажей меньше всего еды.', 'verse', 2, NULL, NULL, NULL, NULL, FALSE, NULL, NULL, NULL);
INSERT INTO options (id, verse_id, position, type, text, target_type, target_verse_dn, target_location_dn, requirement, result, hidden, once, condition_group, conditional_targets, children) VALUES (868, 387, 1, 'choice', 'Если из всех ресурсов у персонажей меньше всего золота.', 'verse', 7, NULL, NULL, NULL, NULL, FALSE, NULL, NULL, NULL);
INSERT INTO options (id, verse_id, position, type, text, target_type, target_verse_dn, target_location_dn, requirement, result, hidden, once, condition_group, conditional_targets, children) VALUES (869, 387, 2, 'choice', 'Если из всех ресурсов у персонажей меньше всего магии.', 'verse', 9, NULL, NULL, NULL, NULL, FALSE, NULL, NULL, NULL);
INSERT INTO verses (id, location_id, display_number) VALUES (388, 30, 16);
INSERT INTO options (id, verse_id, position, type, text, target_type, target_verse_dn, target_location_dn, requirement, result, hidden, once, condition_group, conditional_targets, children) VALUES (870, 388, 0, 'choice', 'Спуститься в подвал мастерской.', 'cross_location', 289, 999, NULL, NULL, NULL, FALSE, NULL, NULL, NULL);
INSERT INTO options (id, verse_id, position, type, text, target_type, target_verse_dn, target_location_dn, requirement, result, hidden, once, condition_group, conditional_targets, children) VALUES (871, 388, 1, 'choice', 'Если у вас есть синий светофильтр.', 'verse', 11, NULL, 'Посмотреть сквозь синее искажень-стекло.', 'Продолжите.', NULL, FALSE, NULL, NULL, NULL);
INSERT INTO options (id, verse_id, position, type, text, target_type, target_verse_dn, target_location_dn, requirement, result, hidden, once, condition_group, conditional_targets, children) VALUES (872, 388, 2, 'choice', 'Уйти.', 'verse', 10, NULL, NULL, NULL, NULL, FALSE, NULL, NULL, NULL);

INSERT INTO locations (id, campaign_id, display_number, name) VALUES (31, 1, 131, 'Ревущие стремнины');
INSERT INTO verses (id, location_id, display_number) VALUES (389, 31, 0);
INSERT INTO options (id, verse_id, position, type, text, target_type, target_verse_dn, target_location_dn, requirement, result, hidden, once, condition_group, conditional_targets, children) VALUES (873, 389, 0, 'condition', 'Если вы проходите главу 9Б.', 'verse', 15, NULL, NULL, NULL, NULL, FALSE, NULL, NULL, NULL);
INSERT INTO options (id, verse_id, position, type, text, target_type, target_verse_dn, target_location_dn, requirement, result, hidden, once, condition_group, conditional_targets, children) VALUES (874, 389, 1, 'condition', 'Если у вас нет части 8 достижения «Топография».', 'verse', 7, NULL, NULL, NULL, NULL, FALSE, NULL, NULL, NULL);
INSERT INTO options (id, verse_id, position, type, text, target_type, target_verse_dn, target_location_dn, requirement, result, hidden, once, condition_group, conditional_targets, children) VALUES (875, 389, 2, 'condition', 'В противном случае.', 'verse', 1, NULL, NULL, NULL, NULL, FALSE, NULL, NULL, NULL);
INSERT INTO verses (id, location_id, display_number) VALUES (390, 31, 1);
INSERT INTO options (id, verse_id, position, type, text, target_type, target_verse_dn, target_location_dn, requirement, result, hidden, once, condition_group, conditional_targets, children) VALUES (876, 390, 0, 'choice', '1 @Energy@ Наловить рыбы.', 'verse', 4, NULL, 'Только если в этой локации нет @DarkTT@.', NULL, NULL, FALSE, NULL, NULL, NULL);
INSERT INTO options (id, verse_id, position, type, text, target_type, target_verse_dn, target_location_dn, requirement, result, hidden, once, condition_group, conditional_targets, children) VALUES (877, 390, 1, 'choice', 'Уйти.', 'end', NULL, NULL, NULL, 'Исследование окончено.', NULL, FALSE, NULL, NULL, NULL);
INSERT INTO verses (id, location_id, display_number) VALUES (391, 31, 2);
INSERT INTO options (id, verse_id, position, type, text, target_type, target_verse_dn, target_location_dn, requirement, result, hidden, once, condition_group, conditional_targets, children) VALUES (878, 391, 0, 'choice', '4 @Energy@ Продолжить работу своими силами.', 'verse', 10, NULL, NULL, NULL, NULL, FALSE, NULL, NULL, NULL);
INSERT INTO options (id, verse_id, position, type, text, target_type, target_verse_dn, target_location_dn, requirement, result, hidden, once, condition_group, conditional_targets, children) VALUES (879, 391, 1, 'choice', 'Убедить их помочь.', 'verse', 10, NULL, 'Нужно хотя бы 3 очка @Empathy@.', NULL, NULL, FALSE, NULL, NULL, NULL);
INSERT INTO options (id, verse_id, position, type, text, target_type, target_verse_dn, target_location_dn, requirement, result, hidden, once, condition_group, conditional_targets, children) VALUES (880, 391, 2, 'choice', 'Заставить их помочь.', 'verse', 10, NULL, 'Нужно хотя бы 3 очка @Aggression@.', NULL, NULL, FALSE, NULL, NULL, NULL);
INSERT INTO options (id, verse_id, position, type, text, target_type, target_verse_dn, target_location_dn, requirement, result, hidden, once, condition_group, conditional_targets, children) VALUES (881, 391, 3, 'choice', 'Использовать магию.', 'verse', 12, NULL, 'Потратьте 4 магии.', NULL, NULL, FALSE, NULL, NULL, NULL);
INSERT INTO options (id, verse_id, position, type, text, target_type, target_verse_dn, target_location_dn, requirement, result, hidden, once, condition_group, conditional_targets, children) VALUES (882, 391, 4, 'choice', 'Уйти.', 'end', NULL, NULL, NULL, 'Переместите всех членов команды в локацию 129.  Исследование окончено.', NULL, FALSE, NULL, NULL, NULL);
INSERT INTO verses (id, location_id, display_number) VALUES (392, 31, 3);
INSERT INTO options (id, verse_id, position, type, text, target_type, target_verse_dn, target_location_dn, requirement, result, hidden, once, condition_group, conditional_targets, children) VALUES (883, 392, 0, 'condition', 'Если у вас 2 очка @Practicality@ или меньше либо 2 очка @Caution@ или меньше.', 'verse', 9, NULL, NULL, 'Вы не поняли, что случилось с мостом.', NULL, FALSE, NULL, NULL, NULL);
INSERT INTO options (id, verse_id, position, type, text, target_type, target_verse_dn, target_location_dn, requirement, result, hidden, once, condition_group, conditional_targets, children) VALUES (884, 392, 1, 'choice', 'Спросить, что случилось.', 'verse', 11, NULL, NULL, NULL, NULL, FALSE, NULL, NULL, NULL);
INSERT INTO options (id, verse_id, position, type, text, target_type, target_verse_dn, target_location_dn, requirement, result, hidden, once, condition_group, conditional_targets, children) VALUES (885, 392, 2, 'choice', 'Заняться чем-нибудь другим.', 'verse', 9, NULL, NULL, NULL, NULL, FALSE, NULL, NULL, NULL);
INSERT INTO verses (id, location_id, display_number) VALUES (393, 31, 4);
INSERT INTO options (id, verse_id, position, type, text, target_type, target_verse_dn, target_location_dn, requirement, result, hidden, once, condition_group, conditional_targets, children) VALUES (886, 393, 0, 'choice', '1.', 'end', NULL, NULL, NULL, 'Пока вы были заняты рыбалкой, с гор спустился древний зверь, жаждущий утолить голод.  Найдите карту встречи «Искажённый белый медведь» (зелёная, сложность 4) и проведите её. Затем исследование окончено.', NULL, FALSE, NULL, NULL, NULL);
INSERT INTO options (id, verse_id, position, type, text, target_type, target_verse_dn, target_location_dn, requirement, result, hidden, once, condition_group, conditional_targets, children) VALUES (887, 393, 1, 'choice', '2.', 'end', NULL, NULL, NULL, 'На пойманную вами рыбу налетела стая голодных кричаек. Эти птицы никогда не терпели конкурентов.  Найдите карту встречи «Стая кричаек» (зелёная, сложность 3) и проведите её. Затем исследование окончено.', NULL, FALSE, NULL, NULL, NULL);
INSERT INTO options (id, verse_id, position, type, text, target_type, target_verse_dn, target_location_dn, requirement, result, hidden, once, condition_group, conditional_targets, children) VALUES (888, 393, 2, 'choice', '3.', 'end', NULL, NULL, NULL, 'Вы почти ничего не поймали.  Получите 1 еду.  Исследование окончено.', NULL, FALSE, NULL, NULL, NULL);
INSERT INTO options (id, verse_id, position, type, text, target_type, target_verse_dn, target_location_dn, requirement, result, hidden, once, condition_group, conditional_targets, children) VALUES (889, 393, 3, 'choice', '4—6.', 'end', NULL, NULL, NULL, 'Быстрая речка оказалась полна идущей на нерест бронь-форели.  Получите столько еды, сколько у вас очков @Aggression@. Поместите в эту локацию 1 @DarkTT@.   Исследование окончено.', NULL, FALSE, NULL, NULL, NULL);
INSERT INTO verses (id, location_id, display_number) VALUES (394, 31, 5);
INSERT INTO options (id, verse_id, position, type, text, target_type, target_verse_dn, target_location_dn, requirement, result, hidden, once, condition_group, conditional_targets, children) VALUES (890, 394, 0, 'choice', 'Назвать пароль.', 'verse', 14, NULL, 'Нужна часть 2 достижения «Тайные послания».', NULL, NULL, FALSE, NULL, NULL, NULL);
INSERT INTO options (id, verse_id, position, type, text, target_type, target_verse_dn, target_location_dn, requirement, result, hidden, once, condition_group, conditional_targets, children) VALUES (891, 394, 1, 'choice', 'Спросить её, что случилось.', 'verse', 8, NULL, NULL, NULL, NULL, FALSE, NULL, NULL, NULL);
INSERT INTO options (id, verse_id, position, type, text, target_type, target_verse_dn, target_location_dn, requirement, result, hidden, once, condition_group, conditional_targets, children) VALUES (892, 394, 2, 'choice', 'Заняться чем-нибудь другим.', 'verse', 9, NULL, NULL, NULL, NULL, FALSE, NULL, NULL, NULL);
INSERT INTO verses (id, location_id, display_number) VALUES (395, 31, 7);
INSERT INTO options (id, verse_id, position, type, text, target_type, target_verse_dn, target_location_dn, requirement, result, hidden, once, condition_group, conditional_targets, children) VALUES (893, 395, 0, 'choice', 'Продолжить.', 'verse', 9, NULL, NULL, NULL, NULL, FALSE, NULL, NULL, NULL);
INSERT INTO verses (id, location_id, display_number) VALUES (396, 31, 8);
INSERT INTO options (id, verse_id, position, type, text, target_type, target_verse_dn, target_location_dn, requirement, result, hidden, once, condition_group, conditional_targets, children) VALUES (894, 396, 0, 'choice', 'Продолжить.', 'verse', 9, NULL, NULL, NULL, NULL, FALSE, NULL, NULL, NULL);
INSERT INTO verses (id, location_id, display_number) VALUES (397, 31, 9);
INSERT INTO options (id, verse_id, position, type, text, target_type, target_verse_dn, target_location_dn, requirement, result, hidden, once, condition_group, conditional_targets, children) VALUES (895, 397, 0, 'choice', '2 @Energy@ Попробовать починить мост.', 'verse', 2, NULL, 'Нужны все персонажи.', NULL, NULL, FALSE, NULL, NULL, NULL);
INSERT INTO options (id, verse_id, position, type, text, target_type, target_verse_dn, target_location_dn, requirement, result, hidden, once, condition_group, conditional_targets, children) VALUES (896, 397, 1, 'choice', '1 @Energy@ Оценить повреждения.', 'verse', 3, NULL, NULL, NULL, NULL, FALSE, NULL, NULL, NULL);
INSERT INTO options (id, verse_id, position, type, text, target_type, target_verse_dn, target_location_dn, requirement, result, hidden, once, condition_group, conditional_targets, children) VALUES (897, 397, 2, 'choice', 'Пообщаться с другими путешественниками.', 'verse', 5, NULL, NULL, NULL, NULL, FALSE, NULL, NULL, NULL);
INSERT INTO options (id, verse_id, position, type, text, target_type, target_verse_dn, target_location_dn, requirement, result, hidden, once, condition_group, conditional_targets, children) VALUES (898, 397, 3, 'choice', 'Уйти.', 'end', NULL, NULL, NULL, 'Переместите всех членов команды в локацию 129.  Исследование окончено.', NULL, FALSE, NULL, NULL, NULL);
INSERT INTO verses (id, location_id, display_number) VALUES (398, 31, 10);
INSERT INTO options (id, verse_id, position, type, text, target_type, target_verse_dn, target_location_dn, requirement, result, hidden, once, condition_group, conditional_targets, children) VALUES (899, 398, 0, 'condition', 'Если у вас 1 очко @Empathy@ или меньше либо 1 очко @Spirituality@ или меньше.', 'verse', 13, NULL, NULL, 'Получите часть 8 достижения «Топография».', NULL, FALSE, NULL, NULL, NULL);
INSERT INTO options (id, verse_id, position, type, text, target_type, target_verse_dn, target_location_dn, requirement, result, hidden, once, condition_group, conditional_targets, children) VALUES (900, 398, 1, 'condition', 'В противном случае.', 'verse', 16, NULL, NULL, 'Получите часть 8 достижения «Топография».', NULL, FALSE, NULL, NULL, NULL);
INSERT INTO verses (id, location_id, display_number) VALUES (399, 31, 11);
INSERT INTO options (id, verse_id, position, type, text, target_type, target_verse_dn, target_location_dn, requirement, result, hidden, once, condition_group, conditional_targets, children) VALUES (901, 399, 0, 'choice', 'Продолжить.', 'verse', 14, NULL, NULL, NULL, NULL, FALSE, NULL, NULL, NULL);
INSERT INTO verses (id, location_id, display_number) VALUES (400, 31, 12);
INSERT INTO options (id, verse_id, position, type, text, target_type, target_verse_dn, target_location_dn, requirement, result, hidden, once, condition_group, conditional_targets, children) VALUES (902, 400, 0, 'choice', 'Шантажировать их. Вы прекратите, только если они помогут вам восстановить мост.', 'verse', 10, NULL, NULL, NULL, NULL, FALSE, NULL, NULL, NULL);
INSERT INTO options (id, verse_id, position, type, text, target_type, target_verse_dn, target_location_dn, requirement, result, hidden, once, condition_group, conditional_targets, children) VALUES (903, 400, 1, 'choice', 'Найти другой путь.', 'verse', 2, NULL, NULL, NULL, NULL, FALSE, NULL, NULL, NULL);
INSERT INTO verses (id, location_id, display_number) VALUES (401, 31, 13);
INSERT INTO options (id, verse_id, position, type, text, target_type, target_verse_dn, target_location_dn, requirement, result, hidden, once, condition_group, conditional_targets, children) VALUES (904, 401, 0, 'choice', 'Продолжить.', 'end', NULL, NULL, NULL, 'Исследование окончено.', NULL, FALSE, NULL, NULL, NULL);
INSERT INTO verses (id, location_id, display_number) VALUES (402, 31, 14);
INSERT INTO options (id, verse_id, position, type, text, target_type, target_verse_dn, target_location_dn, requirement, result, hidden, once, condition_group, conditional_targets, children) VALUES (905, 402, 0, 'condition', 'Продолжить.', 'cross_location', 3, 999, NULL, NULL, NULL, FALSE, NULL, NULL, NULL);
INSERT INTO verses (id, location_id, display_number) VALUES (403, 31, 15);
INSERT INTO options (id, verse_id, position, type, text, target_type, target_verse_dn, target_location_dn, requirement, result, hidden, once, condition_group, conditional_targets, children) VALUES (906, 403, 0, 'condition', 'Если у вас есть часть 3 достижения «Тлеющие угольки».', 'verse', 1, NULL, NULL, NULL, NULL, FALSE, NULL, NULL, NULL);
INSERT INTO options (id, verse_id, position, type, text, target_type, target_verse_dn, target_location_dn, requirement, result, hidden, once, condition_group, conditional_targets, children) VALUES (907, 403, 1, 'choice', 'Продолжить.', 'end', NULL, NULL, NULL, 'Получите секретную карту 160.  Получите часть 3 достижения «Тлеющие угольки».  Исследование окончено.', NULL, FALSE, NULL, NULL, NULL);
INSERT INTO verses (id, location_id, display_number) VALUES (404, 31, 16);
INSERT INTO options (id, verse_id, position, type, text, target_type, target_verse_dn, target_location_dn, requirement, result, hidden, once, condition_group, conditional_targets, children) VALUES (908, 404, 0, 'choice', 'Остановить её.', 'verse', 11, NULL, NULL, NULL, NULL, FALSE, NULL, NULL, NULL);
INSERT INTO options (id, verse_id, position, type, text, target_type, target_verse_dn, target_location_dn, requirement, result, hidden, once, condition_group, conditional_targets, children) VALUES (909, 404, 1, 'choice', 'Уйти.', 'verse', 13, NULL, NULL, NULL, NULL, FALSE, NULL, NULL, NULL);

INSERT INTO locations (id, campaign_id, display_number, name) VALUES (32, 1, 132, 'Жеремье');
INSERT INTO verses (id, location_id, display_number) VALUES (405, 32, 0);
INSERT INTO options (id, verse_id, position, type, text, target_type, target_verse_dn, target_location_dn, requirement, result, hidden, once, condition_group, conditional_targets, children) VALUES (910, 405, 0, 'condition', 'Если вы проходите главу 7А, часть 3.', 'verse', 14, NULL, NULL, NULL, NULL, FALSE, NULL, NULL, NULL);
INSERT INTO options (id, verse_id, position, type, text, target_type, target_verse_dn, target_location_dn, requirement, result, hidden, once, condition_group, conditional_targets, children) VALUES (911, 405, 1, 'condition', 'Если вы проходите главу 8—10.', 'end', NULL, NULL, NULL, 'Здесь больше нечего смотреть.  Исследование окончено.', NULL, FALSE, NULL, NULL, NULL);
INSERT INTO options (id, verse_id, position, type, text, target_type, target_verse_dn, target_location_dn, requirement, result, hidden, once, condition_group, conditional_targets, children) VALUES (912, 405, 2, 'condition', 'Если у вас есть часть 5 достижения «Путь Венедии».', 'verse', 1, NULL, NULL, NULL, NULL, FALSE, NULL, NULL, NULL);
INSERT INTO options (id, verse_id, position, type, text, target_type, target_verse_dn, target_location_dn, requirement, result, hidden, once, condition_group, conditional_targets, children) VALUES (913, 405, 3, 'condition', 'Если у вас есть часть 2 достижения «Путь Венедии».', 'verse', 6, NULL, NULL, NULL, NULL, FALSE, NULL, NULL, NULL);
INSERT INTO options (id, verse_id, position, type, text, target_type, target_verse_dn, target_location_dn, requirement, result, hidden, once, condition_group, conditional_targets, children) VALUES (914, 405, 4, 'condition', 'В противном случае.', 'verse', 3, NULL, NULL, NULL, NULL, FALSE, NULL, NULL, NULL);
INSERT INTO verses (id, location_id, display_number) VALUES (406, 32, 1);
INSERT INTO options (id, verse_id, position, type, text, target_type, target_verse_dn, target_location_dn, requirement, result, hidden, once, condition_group, conditional_targets, children) VALUES (915, 406, 0, 'choice', '1 @Energy@ Искать свят-медовуху.', 'verse', 9, NULL, NULL, NULL, NULL, FALSE, NULL, NULL, NULL);
INSERT INTO options (id, verse_id, position, type, text, target_type, target_verse_dn, target_location_dn, requirement, result, hidden, once, condition_group, conditional_targets, children) VALUES (916, 406, 1, 'choice', '1 @Energy@ Поторговать с местными.', 'verse', 13, NULL, NULL, NULL, NULL, FALSE, NULL, NULL, NULL);
INSERT INTO options (id, verse_id, position, type, text, target_type, target_verse_dn, target_location_dn, requirement, result, hidden, once, condition_group, conditional_targets, children) VALUES (917, 406, 2, 'choice', '1 @Energy@ Нанять резчиков.', 'verse', 4, NULL, 'Нужна часть 3 достижения «Случайные встречи». Потратьте 2 золота за персонажа.', NULL, NULL, FALSE, NULL, NULL, NULL);
INSERT INTO options (id, verse_id, position, type, text, target_type, target_verse_dn, target_location_dn, requirement, result, hidden, once, condition_group, conditional_targets, children) VALUES (918, 406, 3, 'choice', '1 @Energy@ Убедить какого-нибудь незнакомца стать «сладостным святым».', 'verse', 11, NULL, 'Нужна часть 7 достижения «Дипломат».', NULL, NULL, FALSE, NULL, NULL, NULL);
INSERT INTO options (id, verse_id, position, type, text, target_type, target_verse_dn, target_location_dn, requirement, result, hidden, once, condition_group, conditional_targets, children) VALUES (919, 406, 4, 'choice', 'Посетить Валеску, защитницу очагов Жеремья.', 'verse', 5, NULL, NULL, NULL, NULL, FALSE, NULL, NULL, NULL);
INSERT INTO options (id, verse_id, position, type, text, target_type, target_verse_dn, target_location_dn, requirement, result, hidden, once, condition_group, conditional_targets, children) VALUES (920, 406, 5, 'choice', 'Разузнать побольше о стране Венедии.', 'verse', 2, NULL, NULL, NULL, NULL, FALSE, NULL, NULL, NULL);
INSERT INTO options (id, verse_id, position, type, text, target_type, target_verse_dn, target_location_dn, requirement, result, hidden, once, condition_group, conditional_targets, children) VALUES (921, 406, 6, 'choice', 'Спросить про королеву краха.', 'verse', 8, NULL, 'Только если у вас нет части 10 достижения «Путь Венедии».', NULL, NULL, FALSE, NULL, NULL, NULL);
INSERT INTO options (id, verse_id, position, type, text, target_type, target_verse_dn, target_location_dn, requirement, result, hidden, once, condition_group, conditional_targets, children) VALUES (922, 406, 7, 'choice', 'Выступить в Жеремье.', 'verse', 7, NULL, 'Нужен Осберт. Только если у вас нет части 3 достижения «Выступления».', NULL, NULL, FALSE, NULL, NULL, NULL);
INSERT INTO options (id, verse_id, position, type, text, target_type, target_verse_dn, target_location_dn, requirement, result, hidden, once, condition_group, conditional_targets, children) VALUES (923, 406, 8, 'choice', 'Уйти.', 'end', NULL, NULL, NULL, 'Исследование окончено.', NULL, FALSE, NULL, NULL, NULL);
INSERT INTO verses (id, location_id, display_number) VALUES (407, 32, 2);
INSERT INTO options (id, verse_id, position, type, text, target_type, target_verse_dn, target_location_dn, requirement, result, hidden, once, condition_group, conditional_targets, children) VALUES (924, 407, 0, 'choice', 'Продолжить.', 'end', NULL, NULL, NULL, 'Исследование окончено.', NULL, FALSE, NULL, NULL, NULL);
INSERT INTO verses (id, location_id, display_number) VALUES (408, 32, 3);
INSERT INTO options (id, verse_id, position, type, text, target_type, target_verse_dn, target_location_dn, requirement, result, hidden, once, condition_group, conditional_targets, children) VALUES (925, 408, 0, 'choice', 'Зайти на постоялый двор.', 'verse', 12, NULL, 'Нужны все персонажи.', NULL, NULL, FALSE, NULL, NULL, NULL);
INSERT INTO options (id, verse_id, position, type, text, target_type, target_verse_dn, target_location_dn, requirement, result, hidden, once, condition_group, conditional_targets, children) VALUES (926, 408, 1, 'choice', 'Уйти.', 'end', NULL, NULL, NULL, 'Исследование окончено.', NULL, FALSE, NULL, NULL, NULL);
INSERT INTO verses (id, location_id, display_number) VALUES (409, 32, 4);
INSERT INTO options (id, verse_id, position, type, text, target_type, target_verse_dn, target_location_dn, requirement, result, hidden, once, condition_group, conditional_targets, children) VALUES (927, 409, 0, 'choice', 'Продолжить.', 'end', NULL, NULL, NULL, 'Получите часть 4 достижения «Путь Венедии».  Исследование окончено.', NULL, FALSE, NULL, NULL, NULL);
INSERT INTO verses (id, location_id, display_number) VALUES (410, 32, 5);
INSERT INTO options (id, verse_id, position, type, text, target_type, target_verse_dn, target_location_dn, requirement, result, hidden, once, condition_group, conditional_targets, children) VALUES (928, 410, 0, 'condition', 'Продолжить.', 'cross_location', 654, 1001, NULL, NULL, NULL, FALSE, NULL, NULL, NULL);
INSERT INTO verses (id, location_id, display_number) VALUES (411, 32, 6);
INSERT INTO options (id, verse_id, position, type, text, target_type, target_verse_dn, target_location_dn, requirement, result, hidden, once, condition_group, conditional_targets, children) VALUES (929, 411, 0, 'choice', 'Принять участие в празднике.', 'cross_location', 474, 999, 'Нужны все персонажи.', NULL, NULL, FALSE, NULL, NULL, NULL);
INSERT INTO options (id, verse_id, position, type, text, target_type, target_verse_dn, target_location_dn, requirement, result, hidden, once, condition_group, conditional_targets, children) VALUES (930, 411, 1, 'choice', 'Уйти.', 'end', NULL, NULL, NULL, 'Исследование окончено.', NULL, FALSE, NULL, NULL, NULL);
INSERT INTO verses (id, location_id, display_number) VALUES (412, 32, 7);
INSERT INTO options (id, verse_id, position, type, text, target_type, target_verse_dn, target_location_dn, requirement, result, hidden, once, condition_group, conditional_targets, children) VALUES (931, 412, 0, 'choice', 'Продолжить.', 'end', NULL, NULL, NULL, 'Исследование окончено.', NULL, FALSE, NULL, NULL, NULL);
INSERT INTO verses (id, location_id, display_number) VALUES (413, 32, 8);
INSERT INTO options (id, verse_id, position, type, text, target_type, target_verse_dn, target_location_dn, requirement, result, hidden, once, condition_group, conditional_targets, children) VALUES (932, 413, 0, 'condition', 'Нажмите сюда, если хотите увидеть подсказку.', 'verse', 8, NULL, NULL, 'Попробуйте расспросить о янтарной царице во время очередного гулянья.', NULL, FALSE, NULL, NULL, NULL);
INSERT INTO options (id, verse_id, position, type, text, target_type, target_verse_dn, target_location_dn, requirement, result, hidden, once, condition_group, conditional_targets, children) VALUES (933, 413, 1, 'choice', 'Продолжить.', 'end', NULL, NULL, NULL, 'Исследование окончено.', NULL, FALSE, NULL, NULL, NULL);
INSERT INTO verses (id, location_id, display_number) VALUES (414, 32, 9);
INSERT INTO options (id, verse_id, position, type, text, target_type, target_verse_dn, target_location_dn, requirement, result, hidden, once, condition_group, conditional_targets, children) VALUES (934, 414, 0, 'choice', 'Дать ему священный мёд.', 'verse', 10, NULL, 'Сбросьте карту секрета 16.', NULL, NULL, FALSE, NULL, NULL, NULL);
INSERT INTO options (id, verse_id, position, type, text, target_type, target_verse_dn, target_location_dn, requirement, result, hidden, once, condition_group, conditional_targets, children) VALUES (935, 414, 1, 'choice', 'Уйти.', 'end', NULL, NULL, NULL, 'Исследование окончено.', NULL, FALSE, NULL, NULL, NULL);
INSERT INTO verses (id, location_id, display_number) VALUES (415, 32, 10);
INSERT INTO options (id, verse_id, position, type, text, target_type, target_verse_dn, target_location_dn, requirement, result, hidden, once, condition_group, conditional_targets, children) VALUES (936, 415, 0, 'choice', 'Продолжить.', 'end', NULL, NULL, NULL, 'Получите часть 3 достижения «Путь Венедии».  Исследование окончено.', NULL, FALSE, NULL, NULL, NULL);
INSERT INTO verses (id, location_id, display_number) VALUES (416, 32, 11);
INSERT INTO options (id, verse_id, position, type, text, target_type, target_verse_dn, target_location_dn, requirement, result, hidden, once, condition_group, conditional_targets, children) VALUES (937, 416, 0, 'condition', 'Нажмите сюда, если хотите увидеть подсказку.', 'verse', 11, NULL, NULL, 'Попробуйте ещё раз во время праздника.', NULL, FALSE, NULL, NULL, NULL);
INSERT INTO options (id, verse_id, position, type, text, target_type, target_verse_dn, target_location_dn, requirement, result, hidden, once, condition_group, conditional_targets, children) VALUES (938, 416, 1, 'choice', 'Продолжить.', 'end', NULL, NULL, NULL, 'Каждый член команды теряет 1 @Health@.  Исследование окончено.', NULL, FALSE, NULL, NULL, NULL);
INSERT INTO verses (id, location_id, display_number) VALUES (417, 32, 12);
INSERT INTO options (id, verse_id, position, type, text, target_type, target_verse_dn, target_location_dn, requirement, result, hidden, once, condition_group, conditional_targets, children) VALUES (939, 417, 0, 'condition', 'Продолжить.', 'cross_location', 458, 999, NULL, NULL, NULL, FALSE, NULL, NULL, NULL);
INSERT INTO verses (id, location_id, display_number) VALUES (418, 32, 13);
INSERT INTO options (id, verse_id, position, type, text, target_type, target_verse_dn, target_location_dn, requirement, result, hidden, once, condition_group, conditional_targets, children) VALUES (940, 418, 0, 'condition', 'Продолжить.', 'cross_location', 639, 1001, NULL, NULL, NULL, FALSE, NULL, NULL, NULL);
INSERT INTO verses (id, location_id, display_number) VALUES (419, 32, 14);
INSERT INTO options (id, verse_id, position, type, text, target_type, target_verse_dn, target_location_dn, requirement, result, hidden, once, condition_group, conditional_targets, children) VALUES (941, 419, 0, 'condition', 'Продолжить.', 'cross_location', 801, 1001, NULL, NULL, NULL, FALSE, NULL, NULL, NULL);

INSERT INTO locations (id, campaign_id, display_number, name) VALUES (33, 1, 133, 'Каменный серп');
INSERT INTO verses (id, location_id, display_number) VALUES (420, 33, 0);
INSERT INTO options (id, verse_id, position, type, text, target_type, target_verse_dn, target_location_dn, requirement, result, hidden, once, condition_group, conditional_targets, children) VALUES (942, 420, 0, 'choice', '2 @Energy@ Провести ритуал.', 'verse', 17, NULL, 'Нужна глава 8А, часть 4.', NULL, NULL, FALSE, NULL, NULL, NULL);
INSERT INTO options (id, verse_id, position, type, text, target_type, target_verse_dn, target_location_dn, requirement, result, hidden, once, condition_group, conditional_targets, children) VALUES (943, 420, 1, 'choice', '2 @Energy@ Отплыть к Острию.', 'verse', 1, NULL, 'Потратьте 1 золото.', NULL, NULL, FALSE, NULL, NULL, NULL);
INSERT INTO options (id, verse_id, position, type, text, target_type, target_verse_dn, target_location_dn, requirement, result, hidden, once, condition_group, conditional_targets, children) VALUES (944, 420, 2, 'choice', '2 @Energy@ Исследовать близлежащие острова архипелага.', 'verse', 4, NULL, 'Только если в этой локации нет @LightTT@, а у вас нет ни одной части достижения «Время идёт» для текущей главы. Потратьте 1 золото.', NULL, NULL, FALSE, NULL, NULL, NULL);
INSERT INTO options (id, verse_id, position, type, text, target_type, target_verse_dn, target_location_dn, requirement, result, hidden, once, condition_group, conditional_targets, children) VALUES (945, 420, 3, 'choice', 'Посетить Гнездо.', 'verse', 6, NULL, NULL, NULL, NULL, FALSE, NULL, NULL, NULL);
INSERT INTO options (id, verse_id, position, type, text, target_type, target_verse_dn, target_location_dn, requirement, result, hidden, once, condition_group, conditional_targets, children) VALUES (946, 420, 4, 'choice', 'Встретиться с союзником.', 'verse', 18, NULL, 'Нужна глава 9Б, часть 5.', NULL, NULL, FALSE, NULL, NULL, NULL);
INSERT INTO options (id, verse_id, position, type, text, target_type, target_verse_dn, target_location_dn, requirement, result, hidden, once, condition_group, conditional_targets, children) VALUES (947, 420, 5, 'choice', 'Уйти.', 'end', NULL, NULL, NULL, 'Исследование окончено.', NULL, FALSE, NULL, NULL, NULL);
INSERT INTO verses (id, location_id, display_number) VALUES (421, 33, 1);
INSERT INTO options (id, verse_id, position, type, text, target_type, target_verse_dn, target_location_dn, requirement, result, hidden, once, condition_group, conditional_targets, children) VALUES (948, 421, 0, 'choice', 'Показать ему амулет Янтарного круга.', 'verse', 5, NULL, 'Нужна карта секрета 33.', NULL, NULL, FALSE, NULL, NULL, NULL);
INSERT INTO options (id, verse_id, position, type, text, target_type, target_verse_dn, target_location_dn, requirement, result, hidden, once, condition_group, conditional_targets, children) VALUES (949, 421, 1, 'choice', 'Прорваться с боем.', 'verse', 2, NULL, NULL, NULL, NULL, FALSE, NULL, NULL, NULL);
INSERT INTO options (id, verse_id, position, type, text, target_type, target_verse_dn, target_location_dn, requirement, result, hidden, once, condition_group, conditional_targets, children) VALUES (950, 421, 2, 'choice', 'Спросить, где найти члена Круга, который мог бы за вас поручиться.', 'verse', 11, NULL, NULL, NULL, NULL, FALSE, NULL, NULL, NULL);
INSERT INTO options (id, verse_id, position, type, text, target_type, target_verse_dn, target_location_dn, requirement, result, hidden, once, condition_group, conditional_targets, children) VALUES (951, 421, 3, 'choice', 'Уйти.', 'end', NULL, NULL, NULL, 'Исследование окончено.', NULL, FALSE, NULL, NULL, NULL);
INSERT INTO verses (id, location_id, display_number) VALUES (422, 33, 2);
INSERT INTO options (id, verse_id, position, type, text, target_type, target_verse_dn, target_location_dn, requirement, result, hidden, once, condition_group, conditional_targets, children) VALUES (952, 422, 0, 'condition', 'Если у вас есть часть 6 достижения «Кто не рискует».', 'verse', 5, NULL, NULL, NULL, NULL, FALSE, NULL, NULL, NULL);
INSERT INTO options (id, verse_id, position, type, text, target_type, target_verse_dn, target_location_dn, requirement, result, hidden, once, condition_group, conditional_targets, children) VALUES (953, 422, 1, 'condition', 'Если вы победили.', 'verse', 5, NULL, NULL, 'Получите часть 6 достижения «Кто не рискует».', NULL, FALSE, NULL, NULL, NULL);
INSERT INTO options (id, verse_id, position, type, text, target_type, target_verse_dn, target_location_dn, requirement, result, hidden, once, condition_group, conditional_targets, children) VALUES (954, 422, 2, 'condition', 'В противном случае.', 'end', NULL, NULL, NULL, 'Исследование окончено.', NULL, FALSE, NULL, NULL, NULL);
INSERT INTO verses (id, location_id, display_number) VALUES (423, 33, 3);
INSERT INTO options (id, verse_id, position, type, text, target_type, target_verse_dn, target_location_dn, requirement, result, hidden, once, condition_group, conditional_targets, children) VALUES (955, 423, 0, 'choice', 'Согласиться и вытянуть одну из нитей судьбы.', 'verse', 12, NULL, NULL, NULL, NULL, FALSE, NULL, NULL, NULL);
INSERT INTO options (id, verse_id, position, type, text, target_type, target_verse_dn, target_location_dn, requirement, result, hidden, once, condition_group, conditional_targets, children) VALUES (956, 423, 1, 'choice', 'Спросить, не причинит ли это какого-нибудь вреда.', 'verse', 10, NULL, NULL, NULL, NULL, FALSE, NULL, NULL, NULL);
INSERT INTO options (id, verse_id, position, type, text, target_type, target_verse_dn, target_location_dn, requirement, result, hidden, once, condition_group, conditional_targets, children) VALUES (957, 423, 2, 'choice', 'Отказаться. «Ты к нам ещё вернёшься, — рассмеялись они. — Это уже воткано в полотно».', 'end', NULL, NULL, NULL, 'Исследование окончено.', NULL, FALSE, NULL, NULL, NULL);
INSERT INTO verses (id, location_id, display_number) VALUES (424, 33, 4);
INSERT INTO options (id, verse_id, position, type, text, target_type, target_verse_dn, target_location_dn, requirement, result, hidden, once, condition_group, conditional_targets, children) VALUES (958, 424, 0, 'choice', '1.', 'end', NULL, NULL, NULL, 'Вы нашли тихий островок с великолепными видами и немного отдохнули на нём, прежде чем отправиться обратно.   Получите 1 @Energy@.   Исследование окончено.', NULL, FALSE, NULL, NULL, NULL);
INSERT INTO options (id, verse_id, position, type, text, target_type, target_verse_dn, target_location_dn, requirement, result, hidden, once, condition_group, conditional_targets, children) VALUES (959, 424, 1, 'choice', '2.', 'end', NULL, NULL, NULL, 'Вы причалили к унылому каменистому островку, на котором ничего не нашли.  Исследование окончено.', NULL, FALSE, NULL, NULL, NULL);
INSERT INTO options (id, verse_id, position, type, text, target_type, target_verse_dn, target_location_dn, requirement, result, hidden, once, condition_group, conditional_targets, children) VALUES (960, 424, 2, 'choice', '3.', 'end', NULL, NULL, NULL, 'Вы причалили к каменистому берегу, на котором маячил остов потерпевшего крушение корабля. В трюме вы нашли кое‑какие ценности.  Получите 2 золота.  Исследование окончено.', NULL, FALSE, NULL, NULL, NULL);
INSERT INTO options (id, verse_id, position, type, text, target_type, target_verse_dn, target_location_dn, requirement, result, hidden, once, condition_group, conditional_targets, children) VALUES (961, 424, 3, 'choice', '4.', 'end', NULL, NULL, NULL, 'Вы нашли крошечный островок, весь покрытый гнёздами морских птиц.  Получите 2 еды.  Исследование окончено.', NULL, FALSE, NULL, NULL, NULL);
INSERT INTO options (id, verse_id, position, type, text, target_type, target_verse_dn, target_location_dn, requirement, result, hidden, once, condition_group, conditional_targets, children) VALUES (962, 424, 4, 'choice', '5.', 'end', NULL, NULL, NULL, 'Вы причалили к островку с давно заброшенной хижиной, в которой нашли полезный предмет.  Получите 1 предмет В.  Исследование окончено.', NULL, FALSE, NULL, NULL, NULL);
INSERT INTO options (id, verse_id, position, type, text, target_type, target_verse_dn, target_location_dn, requirement, result, hidden, once, condition_group, conditional_targets, children) VALUES (963, 424, 5, 'choice', '≥6.', 'end', NULL, NULL, NULL, 'На вашу лодку напало морское чудовище!  Найдите секретную карту встречи 243 «Акула-гоблин» (фиолетовая, сложность 3) и проведите её. Затем исследование окончено.', NULL, FALSE, NULL, NULL, NULL);
INSERT INTO verses (id, location_id, display_number) VALUES (425, 33, 5);
INSERT INTO options (id, verse_id, position, type, text, target_type, target_verse_dn, target_location_dn, requirement, result, hidden, once, condition_group, conditional_targets, children) VALUES (964, 425, 0, 'choice', 'Попросить их призвать бурю. Вам было нужно, чтобы волны опять нанесли янтарь на северные берега.', 'verse', 3, NULL, 'Только если вы проходите главу 7А, часть 1.', 'Поместите в эту локацию 1 @QuestToken@.', NULL, FALSE, NULL, NULL, NULL);
INSERT INTO options (id, verse_id, position, type, text, target_type, target_verse_dn, target_location_dn, requirement, result, hidden, once, condition_group, conditional_targets, children) VALUES (965, 425, 1, 'choice', 'Попросить их призвать прекрасную погоду. Вам был нужен ясный денёк — чтобы закончить расследование или просто немного отдохнуть.', 'verse', 3, NULL, NULL, 'Поместите в эту локацию 1 красный маркер.', NULL, FALSE, NULL, NULL, NULL);
INSERT INTO options (id, verse_id, position, type, text, target_type, target_verse_dn, target_location_dn, requirement, result, hidden, once, condition_group, conditional_targets, children) VALUES (966, 425, 2, 'choice', 'Спросить, могут ли они добавить в полотно судьбы поражение янтарной царицы Венеды.', 'verse', 8, NULL, 'Только если у вас нет части 10 достижения «Путь Венедии».', NULL, NULL, FALSE, NULL, NULL, NULL);
INSERT INTO options (id, verse_id, position, type, text, target_type, target_verse_dn, target_location_dn, requirement, result, hidden, once, condition_group, conditional_targets, children) VALUES (967, 425, 3, 'choice', 'Уйти.', 'end', NULL, NULL, NULL, 'Исследование окончено.', NULL, FALSE, NULL, NULL, NULL);
INSERT INTO verses (id, location_id, display_number) VALUES (426, 33, 6);
INSERT INTO options (id, verse_id, position, type, text, target_type, target_verse_dn, target_location_dn, requirement, result, hidden, once, condition_group, conditional_targets, children) VALUES (968, 426, 0, 'condition', 'Если хотя бы половина персонажей в искажённой форме.', 'verse', 9, NULL, NULL, NULL, NULL, FALSE, NULL, NULL, NULL);
INSERT INTO options (id, verse_id, position, type, text, target_type, target_verse_dn, target_location_dn, requirement, result, hidden, once, condition_group, conditional_targets, children) VALUES (969, 426, 1, 'choice', 'Заплатить ему.', 'verse', 7, NULL, 'Потратьте в общей сложности 3 золота и/или магии за персонажа.', NULL, NULL, FALSE, 'В противном случае.', NULL, NULL);
INSERT INTO options (id, verse_id, position, type, text, target_type, target_verse_dn, target_location_dn, requirement, result, hidden, once, condition_group, conditional_targets, children) VALUES (970, 426, 2, 'choice', 'Убедить его, что он должен рассказать вам всё просто так.', 'verse', 7, NULL, 'Нужно хотя бы 3 очка @Practicality@.', NULL, NULL, FALSE, 'В противном случае.', NULL, NULL);
INSERT INTO options (id, verse_id, position, type, text, target_type, target_verse_dn, target_location_dn, requirement, result, hidden, once, condition_group, conditional_targets, children) VALUES (971, 426, 3, 'choice', 'Уйти.', 'end', NULL, NULL, NULL, 'Исследование окончено.', NULL, FALSE, 'В противном случае.', NULL, NULL);
INSERT INTO verses (id, location_id, display_number) VALUES (427, 33, 7);
INSERT INTO options (id, verse_id, position, type, text, target_type, target_verse_dn, target_location_dn, requirement, result, hidden, once, condition_group, conditional_targets, children) VALUES (972, 427, 0, 'condition', 'Продолжить.', 'cross_location', 872, 1001, NULL, NULL, NULL, FALSE, NULL, NULL, NULL);
INSERT INTO verses (id, location_id, display_number) VALUES (428, 33, 8);
INSERT INTO options (id, verse_id, position, type, text, target_type, target_verse_dn, target_location_dn, requirement, result, hidden, once, condition_group, conditional_targets, children) VALUES (973, 428, 0, 'choice', 'Попросить их призвать бурю. Вам было нужно, чтобы волны опять нанесли янтарь на северные берега.', 'verse', 3, NULL, 'Только если вы проходите главу 7А, часть 1.', 'Поместите в эту локацию 1 @QuestToken@.', NULL, FALSE, NULL, NULL, NULL);
INSERT INTO options (id, verse_id, position, type, text, target_type, target_verse_dn, target_location_dn, requirement, result, hidden, once, condition_group, conditional_targets, children) VALUES (974, 428, 1, 'choice', 'Попросить их призвать прекрасную погоду. Вам был нужен ясный денёк — чтобы закончить расследование или просто немного отдохнуть.', 'verse', 3, NULL, NULL, 'Поместите в эту локацию 1 красный маркер.', NULL, FALSE, NULL, NULL, NULL);
INSERT INTO options (id, verse_id, position, type, text, target_type, target_verse_dn, target_location_dn, requirement, result, hidden, once, condition_group, conditional_targets, children) VALUES (975, 428, 2, 'choice', 'Уйти.', 'end', NULL, NULL, NULL, 'Исследование окончено.', NULL, FALSE, NULL, NULL, NULL);
INSERT INTO verses (id, location_id, display_number) VALUES (429, 33, 9);
INSERT INTO options (id, verse_id, position, type, text, target_type, target_verse_dn, target_location_dn, requirement, result, hidden, once, condition_group, conditional_targets, children) VALUES (976, 429, 0, 'choice', 'Заплатить ему.', 'verse', 7, NULL, 'Потратьте в общей сложности 6 золота и/или магии за персонажа.', NULL, NULL, FALSE, NULL, NULL, NULL);
INSERT INTO options (id, verse_id, position, type, text, target_type, target_verse_dn, target_location_dn, requirement, result, hidden, once, condition_group, conditional_targets, children) VALUES (977, 429, 1, 'choice', 'Убедить его, что он должен рассказать вам всё просто так.', 'verse', 7, NULL, 'Нужно хотя бы 4 очка @Practicality@.', NULL, NULL, FALSE, NULL, NULL, NULL);
INSERT INTO options (id, verse_id, position, type, text, target_type, target_verse_dn, target_location_dn, requirement, result, hidden, once, condition_group, conditional_targets, children) VALUES (978, 429, 2, 'choice', 'Уйти.', 'end', NULL, NULL, NULL, 'Исследование окончено.', NULL, FALSE, NULL, NULL, NULL);
INSERT INTO verses (id, location_id, display_number) VALUES (430, 33, 10);
INSERT INTO options (id, verse_id, position, type, text, target_type, target_verse_dn, target_location_dn, requirement, result, hidden, once, condition_group, conditional_targets, children) VALUES (979, 430, 0, 'choice', 'Продолжить.', 'verse', 3, NULL, NULL, NULL, NULL, FALSE, NULL, NULL, NULL);
INSERT INTO verses (id, location_id, display_number) VALUES (431, 33, 11);
INSERT INTO options (id, verse_id, position, type, text, target_type, target_verse_dn, target_location_dn, requirement, result, hidden, once, condition_group, conditional_targets, children) VALUES (980, 431, 0, 'choice', 'Показать стражнику амулет Янтарного круга.', 'verse', 5, NULL, 'Нужна карта секрета 33.', NULL, NULL, FALSE, NULL, NULL, NULL);
INSERT INTO options (id, verse_id, position, type, text, target_type, target_verse_dn, target_location_dn, requirement, result, hidden, once, condition_group, conditional_targets, children) VALUES (981, 431, 1, 'choice', 'Прорваться с боем.', 'verse', 2, NULL, NULL, NULL, NULL, FALSE, NULL, NULL, NULL);
INSERT INTO options (id, verse_id, position, type, text, target_type, target_verse_dn, target_location_dn, requirement, result, hidden, once, condition_group, conditional_targets, children) VALUES (982, 431, 2, 'choice', 'Уйти.', 'end', NULL, NULL, NULL, 'Исследование окончено.', NULL, FALSE, NULL, NULL, NULL);
INSERT INTO verses (id, location_id, display_number) VALUES (432, 33, 12);
INSERT INTO options (id, verse_id, position, type, text, target_type, target_verse_dn, target_location_dn, requirement, result, hidden, once, condition_group, conditional_targets, children) VALUES (983, 432, 0, 'condition', 'Если у вас есть часть 2 достижения «Поворот судьбы».', 'verse', 13, NULL, NULL, NULL, NULL, FALSE, NULL, NULL, NULL);
INSERT INTO options (id, verse_id, position, type, text, target_type, target_verse_dn, target_location_dn, requirement, result, hidden, once, condition_group, conditional_targets, children) VALUES (984, 432, 1, 'choice', 'Продолжить.', 'verse', 14, NULL, NULL, 'Получите часть 2 достижения «Поворот судьбы».', NULL, FALSE, NULL, NULL, NULL);
INSERT INTO verses (id, location_id, display_number) VALUES (433, 33, 13);
INSERT INTO options (id, verse_id, position, type, text, target_type, target_verse_dn, target_location_dn, requirement, result, hidden, once, condition_group, conditional_targets, children) VALUES (985, 433, 0, 'choice', 'Продолжить.', 'verse', 14, NULL, NULL, NULL, NULL, FALSE, NULL, NULL, NULL);
INSERT INTO verses (id, location_id, display_number) VALUES (434, 33, 14);
INSERT INTO options (id, verse_id, position, type, text, target_type, target_verse_dn, target_location_dn, requirement, result, hidden, once, condition_group, conditional_targets, children) VALUES (986, 434, 0, 'condition', 'Если в этой локации есть @QuestToken@.', 'verse', 15, NULL, NULL, NULL, NULL, FALSE, NULL, NULL, NULL);
INSERT INTO options (id, verse_id, position, type, text, target_type, target_verse_dn, target_location_dn, requirement, result, hidden, once, condition_group, conditional_targets, children) VALUES (987, 434, 1, 'condition', 'Если в этой локации есть красный маркер.', 'verse', 16, NULL, NULL, NULL, NULL, FALSE, NULL, NULL, NULL);
INSERT INTO verses (id, location_id, display_number) VALUES (435, 33, 15);
INSERT INTO options (id, verse_id, position, type, text, target_type, target_verse_dn, target_location_dn, requirement, result, hidden, once, condition_group, conditional_targets, children) VALUES (988, 435, 0, 'condition', 'Если у вас есть часть 6 достижения «Путь Венедии».', 'end', NULL, NULL, NULL, 'Уберите @QuestToken@ из этой локации.  Исследование окончено.', NULL, FALSE, NULL, NULL, NULL);
INSERT INTO options (id, verse_id, position, type, text, target_type, target_verse_dn, target_location_dn, requirement, result, hidden, once, condition_group, conditional_targets, children) VALUES (989, 435, 1, 'condition', 'В противном случае.', 'cross_location', 877, 1001, NULL, 'Уберите @QuestToken@ из этой локации.', NULL, FALSE, NULL, NULL, NULL);
INSERT INTO verses (id, location_id, display_number) VALUES (436, 33, 16);
INSERT INTO options (id, verse_id, position, type, text, target_type, target_verse_dn, target_location_dn, requirement, result, hidden, once, condition_group, conditional_targets, children) VALUES (990, 436, 0, 'choice', 'Продолжить.', 'end', NULL, NULL, NULL, 'Получите одну часть достижения «Время идёт» для текущей главы.  Исследование окончено.', NULL, FALSE, NULL, NULL, NULL);
INSERT INTO verses (id, location_id, display_number) VALUES (437, 33, 17);
INSERT INTO options (id, verse_id, position, type, text, target_type, target_verse_dn, target_location_dn, requirement, result, hidden, once, condition_group, conditional_targets, children) VALUES (991, 437, 0, 'condition', 'Продолжить.', 'cross_location', 907, 1001, NULL, NULL, NULL, FALSE, NULL, NULL, NULL);
INSERT INTO verses (id, location_id, display_number) VALUES (438, 33, 18);
INSERT INTO options (id, verse_id, position, type, text, target_type, target_verse_dn, target_location_dn, requirement, result, hidden, once, condition_group, conditional_targets, children) VALUES (992, 438, 0, 'condition', 'Продолжить.', 'cross_location', 954, 1001, NULL, NULL, NULL, FALSE, NULL, NULL, NULL);

INSERT INTO locations (id, campaign_id, display_number, name) VALUES (34, 1, 134, 'Бескрайние нивы');
INSERT INTO verses (id, location_id, display_number) VALUES (439, 34, 0);
INSERT INTO options (id, verse_id, position, type, text, target_type, target_verse_dn, target_location_dn, requirement, result, hidden, once, condition_group, conditional_targets, children) VALUES (993, 439, 0, 'choice', '2 @Energy@ Убедить местных жителей присоединиться к вашему союзу.', 'verse', 29, NULL, 'Только если вы не проходите главу 9Б или 10; нужна часть 9 достижения «Путь Венедии».', NULL, NULL, FALSE, NULL, NULL, NULL);
INSERT INTO options (id, verse_id, position, type, text, target_type, target_verse_dn, target_location_dn, requirement, result, hidden, once, condition_group, conditional_targets, children) VALUES (994, 439, 1, 'choice', '1 @Energy@ Найти работу. Это был зажиточный край, и найти здесь работу казалось несложным.', 'verse', 18, NULL, NULL, NULL, NULL, FALSE, NULL, NULL, NULL);
INSERT INTO options (id, verse_id, position, type, text, target_type, target_verse_dn, target_location_dn, requirement, result, hidden, once, condition_group, conditional_targets, children) VALUES (995, 439, 2, 'choice', '1 @Energy@ Прочесать поля под Влинским.', 'verse', 13, NULL, 'Нужна часть 7 достижения «Слухи и сплетни».', NULL, NULL, FALSE, NULL, NULL, NULL);
INSERT INTO options (id, verse_id, position, type, text, target_type, target_verse_dn, target_location_dn, requirement, result, hidden, once, condition_group, conditional_targets, children) VALUES (996, 439, 3, 'choice', 'Посетить село Влинское.', 'verse', 4, NULL, NULL, NULL, NULL, FALSE, NULL, NULL, NULL);
INSERT INTO options (id, verse_id, position, type, text, target_type, target_verse_dn, target_location_dn, requirement, result, hidden, once, condition_group, conditional_targets, children) VALUES (997, 439, 4, 'choice', 'Посетить усадьбу помещика.', 'verse', 21, NULL, 'Нужны все персонажи.', NULL, NULL, FALSE, NULL, NULL, NULL);
INSERT INTO options (id, verse_id, position, type, text, target_type, target_verse_dn, target_location_dn, requirement, result, hidden, once, condition_group, conditional_targets, children) VALUES (998, 439, 5, 'choice', 'Уйти.', 'end', NULL, NULL, NULL, 'Исследование окончено.', NULL, FALSE, NULL, NULL, NULL);
INSERT INTO verses (id, location_id, display_number) VALUES (440, 34, 1);
INSERT INTO options (id, verse_id, position, type, text, target_type, target_verse_dn, target_location_dn, requirement, result, hidden, once, condition_group, conditional_targets, children) VALUES (999, 440, 0, 'choice', 'Продолжить.', 'verse', 16, NULL, NULL, NULL, NULL, FALSE, NULL, NULL, NULL);
INSERT INTO verses (id, location_id, display_number) VALUES (441, 34, 2);
INSERT INTO options (id, verse_id, position, type, text, target_type, target_verse_dn, target_location_dn, requirement, result, hidden, once, condition_group, conditional_targets, children) VALUES (1000, 441, 0, 'choice', 'Продолжить.', 'verse', 4, NULL, NULL, 'Получите часть 7 достижения «Слухи и сплетни».', NULL, FALSE, NULL, NULL, NULL);
INSERT INTO verses (id, location_id, display_number) VALUES (442, 34, 3);
INSERT INTO options (id, verse_id, position, type, text, target_type, target_verse_dn, target_location_dn, requirement, result, hidden, once, condition_group, conditional_targets, children) VALUES (1001, 442, 0, 'choice', 'Продолжить.', 'verse', 16, NULL, NULL, 'Получите часть 6 достижения «Осведомитель».', NULL, FALSE, NULL, NULL, NULL);
INSERT INTO verses (id, location_id, display_number) VALUES (443, 34, 4);
INSERT INTO options (id, verse_id, position, type, text, target_type, target_verse_dn, target_location_dn, requirement, result, hidden, once, condition_group, conditional_targets, children) VALUES (1002, 443, 0, 'choice', '1 @Energy@ Расспросить влинчан обо всём, что связано со случившимся.', 'verse', 6, NULL, 'Нужна часть 7 достижения «Слухи и сплетни».', NULL, NULL, FALSE, NULL, NULL, NULL);
INSERT INTO options (id, verse_id, position, type, text, target_type, target_verse_dn, target_location_dn, requirement, result, hidden, once, condition_group, conditional_targets, children) VALUES (1003, 443, 1, 'choice', '1 @Energy@ Найти Андро.', 'verse', 12, NULL, 'Нужна часть 7 достижения «Слухи и сплетни».', NULL, NULL, FALSE, NULL, NULL, NULL);
INSERT INTO options (id, verse_id, position, type, text, target_type, target_verse_dn, target_location_dn, requirement, result, hidden, once, condition_group, conditional_targets, children) VALUES (1004, 443, 2, 'choice', '1 @Energy@ Поторговать с ними.', 'verse', 25, NULL, NULL, NULL, NULL, FALSE, NULL, NULL, NULL);
INSERT INTO options (id, verse_id, position, type, text, target_type, target_verse_dn, target_location_dn, requirement, result, hidden, once, condition_group, conditional_targets, children) VALUES (1005, 443, 3, 'choice', 'Расспросить об их убеждениях. Что они думают про янтарную царицу? Вдруг получится убедить их встать на сторону Жеремья?', 'verse', 5, NULL, NULL, NULL, NULL, FALSE, NULL, NULL, NULL);
INSERT INTO options (id, verse_id, position, type, text, target_type, target_verse_dn, target_location_dn, requirement, result, hidden, once, condition_group, conditional_targets, children) VALUES (1006, 443, 4, 'choice', 'Спросить, почему они не вышли на покос.', 'verse', 9, NULL, NULL, NULL, NULL, FALSE, NULL, NULL, NULL);
INSERT INTO options (id, verse_id, position, type, text, target_type, target_verse_dn, target_location_dn, requirement, result, hidden, once, condition_group, conditional_targets, children) VALUES (1007, 443, 5, 'choice', 'Предъявить результаты своего расследования.', 'verse', 7, NULL, 'Нужна часть 2 достижения «Горькая правда». Только если у вас нет части 5 достижения «Народный герой».', NULL, NULL, FALSE, NULL, NULL, NULL);
INSERT INTO options (id, verse_id, position, type, text, target_type, target_verse_dn, target_location_dn, requirement, result, hidden, once, condition_group, conditional_targets, children) VALUES (1008, 443, 6, 'choice', 'Уйти.', 'end', NULL, NULL, NULL, 'Исследование окончено.', NULL, FALSE, NULL, NULL, NULL);
INSERT INTO verses (id, location_id, display_number) VALUES (444, 34, 5);
INSERT INTO options (id, verse_id, position, type, text, target_type, target_verse_dn, target_location_dn, requirement, result, hidden, once, condition_group, conditional_targets, children) VALUES (1009, 444, 0, 'choice', 'Продолжить.', 'verse', 4, NULL, NULL, NULL, NULL, FALSE, NULL, NULL, NULL);
INSERT INTO verses (id, location_id, display_number) VALUES (445, 34, 6);
INSERT INTO options (id, verse_id, position, type, text, target_type, target_verse_dn, target_location_dn, requirement, result, hidden, once, condition_group, conditional_targets, children) VALUES (1010, 445, 0, 'choice', '1—2.', 'end', NULL, NULL, NULL, 'Ваши бесконечные расспросы настроили жителей Влинского против вас.   Найдите карту встречи «Сокрытый народ» (синяя, сложность 3) и проведите её. Вне зависимости от её итога исследование окончено.', NULL, FALSE, NULL, NULL, NULL);
INSERT INTO options (id, verse_id, position, type, text, target_type, target_verse_dn, target_location_dn, requirement, result, hidden, once, condition_group, conditional_targets, children) VALUES (1011, 445, 1, 'choice', '3—6.', 'end', NULL, NULL, NULL, 'Расспросы были долгими и бесплодными. Вы ушли ни с чем.  Исследование окончено.', NULL, FALSE, NULL, NULL, NULL);
INSERT INTO options (id, verse_id, position, type, text, target_type, target_verse_dn, target_location_dn, requirement, result, hidden, once, condition_group, conditional_targets, children) VALUES (1012, 445, 2, 'choice', '≥7.', 'verse', 11, NULL, NULL, 'Вы узнали кое-что полезное!', NULL, FALSE, NULL, NULL, NULL);
INSERT INTO verses (id, location_id, display_number) VALUES (446, 34, 7);
INSERT INTO options (id, verse_id, position, type, text, target_type, target_verse_dn, target_location_dn, requirement, result, hidden, once, condition_group, conditional_targets, children) VALUES (1013, 446, 0, 'choice', 'Сказать им, что вы обошли поля и никакой полудницы там нет. Андро, скорее всего, перегрелся на солнце, и ему померещилось. Можно спокойно возвращаться на работу.', 'verse', 1, NULL, NULL, NULL, NULL, FALSE, NULL, NULL, NULL);
INSERT INTO options (id, verse_id, position, type, text, target_type, target_verse_dn, target_location_dn, requirement, result, hidden, once, condition_group, conditional_targets, children) VALUES (1014, 446, 1, 'choice', 'Сказать им, что в полях скрывается Младена. Это её Андро принял за полудницу. Можно спокойно возвращаться на работу.', 'verse', 3, NULL, NULL, NULL, NULL, FALSE, NULL, NULL, NULL);
INSERT INTO options (id, verse_id, position, type, text, target_type, target_verse_dn, target_location_dn, requirement, result, hidden, once, condition_group, conditional_targets, children) VALUES (1015, 446, 2, 'choice', 'Сказать им, что полудница и в самом деле живёт в полях, но появляется только рядом с одиноким деревом. Если избегать этого места, можно спокойно возвращаться на работу.', 'verse', 10, NULL, NULL, NULL, NULL, FALSE, NULL, NULL, NULL);
INSERT INTO verses (id, location_id, display_number) VALUES (447, 34, 8);
INSERT INTO options (id, verse_id, position, type, text, target_type, target_verse_dn, target_location_dn, requirement, result, hidden, once, condition_group, conditional_targets, children) VALUES (1016, 447, 0, 'choice', 'Спросить, какая помощь ему нужна.', 'verse', 22, NULL, NULL, NULL, NULL, FALSE, NULL, NULL, NULL);
INSERT INTO options (id, verse_id, position, type, text, target_type, target_verse_dn, target_location_dn, requirement, result, hidden, once, condition_group, conditional_targets, children) VALUES (1017, 447, 1, 'choice', 'С боем прорваться к его барину.', 'verse', 23, NULL, NULL, NULL, NULL, FALSE, NULL, NULL, NULL);
INSERT INTO options (id, verse_id, position, type, text, target_type, target_verse_dn, target_location_dn, requirement, result, hidden, once, condition_group, conditional_targets, children) VALUES (1018, 447, 2, 'choice', 'Сказать ему, что вы новый барин этого поместья, и показать грамоту.', 'verse', 28, NULL, 'Нужен Осберт.', NULL, NULL, FALSE, NULL, NULL, NULL);
INSERT INTO options (id, verse_id, position, type, text, target_type, target_verse_dn, target_location_dn, requirement, result, hidden, once, condition_group, conditional_targets, children) VALUES (1019, 447, 3, 'choice', 'Уйти.', 'end', NULL, NULL, NULL, 'Исследование окончено.', NULL, FALSE, NULL, NULL, NULL);
INSERT INTO verses (id, location_id, display_number) VALUES (448, 34, 9);
INSERT INTO options (id, verse_id, position, type, text, target_type, target_verse_dn, target_location_dn, requirement, result, hidden, once, condition_group, conditional_targets, children) VALUES (1020, 448, 0, 'condition', 'Если у вас хотя бы 3 очка @Empathy@.', 'verse', 2, NULL, NULL, NULL, NULL, FALSE, NULL, NULL, NULL);
INSERT INTO options (id, verse_id, position, type, text, target_type, target_verse_dn, target_location_dn, requirement, result, hidden, once, condition_group, conditional_targets, children) VALUES (1021, 448, 1, 'choice', 'Попробовать убедить их, что вы хотите помочь.', 'verse', 33, NULL, NULL, NULL, NULL, FALSE, NULL, NULL, NULL);
INSERT INTO options (id, verse_id, position, type, text, target_type, target_verse_dn, target_location_dn, requirement, result, hidden, once, condition_group, conditional_targets, children) VALUES (1022, 448, 2, 'choice', 'Оставить их в покое.', 'verse', 4, NULL, NULL, NULL, NULL, FALSE, NULL, NULL, NULL);
INSERT INTO verses (id, location_id, display_number) VALUES (449, 34, 10);
INSERT INTO options (id, verse_id, position, type, text, target_type, target_verse_dn, target_location_dn, requirement, result, hidden, once, condition_group, conditional_targets, children) VALUES (1023, 449, 0, 'choice', 'Продолжить.', 'verse', 16, NULL, NULL, NULL, NULL, FALSE, NULL, NULL, NULL);
INSERT INTO verses (id, location_id, display_number) VALUES (450, 34, 11);
INSERT INTO options (id, verse_id, position, type, text, target_type, target_verse_dn, target_location_dn, requirement, result, hidden, once, condition_group, conditional_targets, children) VALUES (1024, 450, 0, 'choice', 'Продолжить.', 'end', NULL, NULL, NULL, 'Получите часть 6 достижения «Слухи и сплетни».  Исследование окончено.', NULL, FALSE, NULL, NULL, NULL);
INSERT INTO verses (id, location_id, display_number) VALUES (451, 34, 12);
INSERT INTO options (id, verse_id, position, type, text, target_type, target_verse_dn, target_location_dn, requirement, result, hidden, once, condition_group, conditional_targets, children) VALUES (1025, 451, 0, 'choice', 'Продолжить.', 'end', NULL, NULL, NULL, 'Получите часть 8 достижения «Страхи и напасти».  Исследование окончено.', NULL, FALSE, NULL, NULL, NULL);
INSERT INTO verses (id, location_id, display_number) VALUES (452, 34, 13);
INSERT INTO options (id, verse_id, position, type, text, target_type, target_verse_dn, target_location_dn, requirement, result, hidden, once, condition_group, conditional_targets, children) VALUES (1026, 452, 0, 'condition', 'Если у вас есть часть 5 достижения «Народный герой».', 'verse', 17, NULL, NULL, NULL, NULL, FALSE, NULL, NULL, NULL);
INSERT INTO options (id, verse_id, position, type, text, target_type, target_verse_dn, target_location_dn, requirement, result, hidden, once, condition_group, conditional_targets, children) VALUES (1027, 452, 1, 'condition', 'Если у вас нет части 8 достижения «Страхи и напасти».', 'verse', 24, NULL, NULL, NULL, NULL, FALSE, NULL, NULL, NULL);
INSERT INTO options (id, verse_id, position, type, text, target_type, target_verse_dn, target_location_dn, requirement, result, hidden, once, condition_group, conditional_targets, children) VALUES (1028, 452, 2, 'condition', 'Если открыто случайное событие «Ясная погода» или «Прекрасная погода».', 'verse', 14, NULL, NULL, NULL, NULL, FALSE, NULL, NULL, NULL);
INSERT INTO options (id, verse_id, position, type, text, target_type, target_verse_dn, target_location_dn, requirement, result, hidden, once, condition_group, conditional_targets, children) VALUES (1029, 452, 3, 'condition', 'Нажмите сюда, если хотите увидеть подсказку.', 'verse', 13, NULL, NULL, 'Говорят, что у древних ведуний на Каменном серпе есть власть над ветрами и тучами, совсем как у древомудров из Сердца чащ.', NULL, FALSE, NULL, NULL, NULL);
INSERT INTO options (id, verse_id, position, type, text, target_type, target_verse_dn, target_location_dn, requirement, result, hidden, once, condition_group, conditional_targets, children) VALUES (1030, 452, 4, 'choice', 'Продолжить.', 'end', NULL, NULL, NULL, 'Исследование окончено.', NULL, FALSE, NULL, NULL, NULL);
INSERT INTO verses (id, location_id, display_number) VALUES (453, 34, 14);
INSERT INTO options (id, verse_id, position, type, text, target_type, target_verse_dn, target_location_dn, requirement, result, hidden, once, condition_group, conditional_targets, children) VALUES (1031, 453, 0, 'condition', 'Продолжить.', 'cross_location', 651, 1001, NULL, NULL, NULL, FALSE, NULL, NULL, NULL);
INSERT INTO verses (id, location_id, display_number) VALUES (454, 34, 15);
INSERT INTO options (id, verse_id, position, type, text, target_type, target_verse_dn, target_location_dn, requirement, result, hidden, once, condition_group, conditional_targets, children) VALUES (1032, 454, 0, 'condition', 'Если у вас есть часть 3 или 4 достижения «Конец пути».', 'verse', 27, NULL, NULL, NULL, NULL, FALSE, NULL, NULL, NULL);
INSERT INTO options (id, verse_id, position, type, text, target_type, target_verse_dn, target_location_dn, requirement, result, hidden, once, condition_group, conditional_targets, children) VALUES (1033, 454, 1, 'condition', 'Если у вас есть часть 5 достижения «Народный герой».', 'verse', 26, NULL, NULL, NULL, NULL, FALSE, NULL, NULL, NULL);
INSERT INTO options (id, verse_id, position, type, text, target_type, target_verse_dn, target_location_dn, requirement, result, hidden, once, condition_group, conditional_targets, children) VALUES (1034, 454, 2, 'choice', 'Попросить проводить вас к барину.', 'verse', 8, NULL, NULL, NULL, NULL, FALSE, NULL, NULL, NULL);
INSERT INTO options (id, verse_id, position, type, text, target_type, target_verse_dn, target_location_dn, requirement, result, hidden, once, condition_group, conditional_targets, children) VALUES (1035, 454, 3, 'choice', 'Уйти.', 'end', NULL, NULL, NULL, 'Исследование окончено.', NULL, FALSE, NULL, NULL, NULL);
INSERT INTO verses (id, location_id, display_number) VALUES (455, 34, 16);
INSERT INTO options (id, verse_id, position, type, text, target_type, target_verse_dn, target_location_dn, requirement, result, hidden, once, condition_group, conditional_targets, children) VALUES (1036, 455, 0, 'choice', 'Продолжить.', 'end', NULL, NULL, NULL, 'Каждый персонаж получает 1 опыт.  Получите часть 5 достижения «Народный герой».  Исследование окончено.', NULL, FALSE, NULL, NULL, NULL);
INSERT INTO verses (id, location_id, display_number) VALUES (456, 34, 17);
INSERT INTO options (id, verse_id, position, type, text, target_type, target_verse_dn, target_location_dn, requirement, result, hidden, once, condition_group, conditional_targets, children) VALUES (1037, 456, 0, 'condition', 'Продолжить.', 'cross_location', 696, 1001, NULL, NULL, NULL, FALSE, NULL, NULL, NULL);
INSERT INTO verses (id, location_id, display_number) VALUES (457, 34, 18);
INSERT INTO options (id, verse_id, position, type, text, target_type, target_verse_dn, target_location_dn, requirement, result, hidden, once, condition_group, conditional_targets, children) VALUES (1038, 457, 0, 'condition', 'Если в этой локации есть @DarkTT@.', 'end', NULL, NULL, NULL, 'Работы больше не осталось.  Исследование окончено.', NULL, FALSE, NULL, NULL, NULL);
INSERT INTO options (id, verse_id, position, type, text, target_type, target_verse_dn, target_location_dn, requirement, result, hidden, once, condition_group, conditional_targets, children) VALUES (1039, 457, 1, 'condition', 'Если итоговый результат 8 или больше.', 'verse', 20, NULL, NULL, NULL, NULL, FALSE, NULL, NULL, NULL);
INSERT INTO options (id, verse_id, position, type, text, target_type, target_verse_dn, target_location_dn, requirement, result, hidden, once, condition_group, conditional_targets, children) VALUES (1040, 457, 2, 'condition', 'В противном случае.', 'verse', 19, NULL, NULL, NULL, NULL, FALSE, NULL, NULL, NULL);
INSERT INTO verses (id, location_id, display_number) VALUES (458, 34, 19);
INSERT INTO options (id, verse_id, position, type, text, target_type, target_verse_dn, target_location_dn, requirement, result, hidden, once, condition_group, conditional_targets, children) VALUES (1041, 458, 0, 'choice', 'Продолжить.', 'end', NULL, NULL, NULL, 'Получите столько золота, сколько у вас очков @Practicality@.   Исследование окончено.', NULL, FALSE, NULL, NULL, NULL);
INSERT INTO verses (id, location_id, display_number) VALUES (459, 34, 20);
INSERT INTO options (id, verse_id, position, type, text, target_type, target_verse_dn, target_location_dn, requirement, result, hidden, once, condition_group, conditional_targets, children) VALUES (1042, 459, 0, 'choice', 'Продолжить.', 'end', NULL, NULL, NULL, 'Исследование окончено.', NULL, FALSE, NULL, NULL, NULL);
INSERT INTO verses (id, location_id, display_number) VALUES (460, 34, 21);
INSERT INTO options (id, verse_id, position, type, text, target_type, target_verse_dn, target_location_dn, requirement, result, hidden, once, condition_group, conditional_targets, children) VALUES (1043, 460, 0, 'condition', 'Если вы играете за Осберта.', 'verse', 15, NULL, NULL, NULL, NULL, FALSE, NULL, NULL, NULL);
INSERT INTO options (id, verse_id, position, type, text, target_type, target_verse_dn, target_location_dn, requirement, result, hidden, once, condition_group, conditional_targets, children) VALUES (1044, 460, 1, 'condition', 'Если у вас есть часть 5 достижения «Народный герой».', 'verse', 26, NULL, NULL, NULL, NULL, FALSE, NULL, NULL, NULL);
INSERT INTO options (id, verse_id, position, type, text, target_type, target_verse_dn, target_location_dn, requirement, result, hidden, once, condition_group, conditional_targets, children) VALUES (1045, 460, 2, 'choice', 'Спросить, какая помощь ему нужна.', 'verse', 22, NULL, NULL, NULL, NULL, FALSE, NULL, NULL, NULL);
INSERT INTO options (id, verse_id, position, type, text, target_type, target_verse_dn, target_location_dn, requirement, result, hidden, once, condition_group, conditional_targets, children) VALUES (1046, 460, 3, 'choice', 'С боем прорваться к его барину.', 'verse', 23, NULL, NULL, NULL, NULL, FALSE, NULL, NULL, NULL);
INSERT INTO verses (id, location_id, display_number) VALUES (461, 34, 22);
INSERT INTO options (id, verse_id, position, type, text, target_type, target_verse_dn, target_location_dn, requirement, result, hidden, once, condition_group, conditional_targets, children) VALUES (1047, 461, 0, 'condition', 'Продолжить.', 'cross_location', 781, 1001, NULL, NULL, NULL, FALSE, NULL, NULL, NULL);
INSERT INTO verses (id, location_id, display_number) VALUES (462, 34, 23);
INSERT INTO options (id, verse_id, position, type, text, target_type, target_verse_dn, target_location_dn, requirement, result, hidden, once, condition_group, conditional_targets, children) VALUES (1048, 462, 0, 'choice', 'Продолжить.', 'cross_location', 778, 1001, NULL, NULL, NULL, FALSE, NULL, NULL, NULL);
INSERT INTO verses (id, location_id, display_number) VALUES (463, 34, 24);
INSERT INTO options (id, verse_id, position, type, text, target_type, target_verse_dn, target_location_dn, requirement, result, hidden, once, condition_group, conditional_targets, children) VALUES (1049, 463, 0, 'choice', 'Продолжить.', 'end', NULL, NULL, NULL, 'Каждый член команды теряет 1 @Health@.  Исследование окончено.', NULL, FALSE, NULL, NULL, NULL);
INSERT INTO verses (id, location_id, display_number) VALUES (464, 34, 25);
INSERT INTO options (id, verse_id, position, type, text, target_type, target_verse_dn, target_location_dn, requirement, result, hidden, once, condition_group, conditional_targets, children) VALUES (1050, 464, 0, 'condition', 'Продолжить.', 'cross_location', 639, 1001, NULL, NULL, NULL, FALSE, NULL, NULL, NULL);
INSERT INTO verses (id, location_id, display_number) VALUES (465, 34, 26);
INSERT INTO options (id, verse_id, position, type, text, target_type, target_verse_dn, target_location_dn, requirement, result, hidden, once, condition_group, conditional_targets, children) VALUES (1051, 465, 0, 'choice', 'Продолжить.', 'cross_location', 770, 1001, NULL, NULL, NULL, FALSE, NULL, NULL, NULL);
INSERT INTO verses (id, location_id, display_number) VALUES (466, 34, 27);
INSERT INTO options (id, verse_id, position, type, text, target_type, target_verse_dn, target_location_dn, requirement, result, hidden, once, condition_group, conditional_targets, children) VALUES (1052, 466, 0, 'choice', 'Отдохнуть и восстановить силы.', 'verse', 27, NULL, NULL, 'Каждый член команды может потратить 2 @Energy@, чтобы получить 3 @Health@ и потерять 2 @Terror@. После этого сделайте выбор ещё раз.', NULL, FALSE, NULL, NULL, NULL);
INSERT INTO options (id, verse_id, position, type, text, target_type, target_verse_dn, target_location_dn, requirement, result, hidden, once, condition_group, conditional_targets, children) VALUES (1053, 466, 1, 'choice', 'Уйти.', 'end', NULL, NULL, NULL, 'Исследование окончено.', NULL, FALSE, NULL, NULL, NULL);
INSERT INTO verses (id, location_id, display_number) VALUES (467, 34, 28);
INSERT INTO options (id, verse_id, position, type, text, target_type, target_verse_dn, target_location_dn, requirement, result, hidden, once, condition_group, conditional_targets, children) VALUES (1054, 467, 0, 'choice', 'Спросить, какая помощь ему нужна.', 'verse', 22, NULL, NULL, NULL, NULL, FALSE, NULL, NULL, NULL);
INSERT INTO options (id, verse_id, position, type, text, target_type, target_verse_dn, target_location_dn, requirement, result, hidden, once, condition_group, conditional_targets, children) VALUES (1055, 467, 1, 'choice', 'С боем прорваться к его барину.', 'verse', 23, NULL, NULL, NULL, NULL, FALSE, NULL, NULL, NULL);
INSERT INTO options (id, verse_id, position, type, text, target_type, target_verse_dn, target_location_dn, requirement, result, hidden, once, condition_group, conditional_targets, children) VALUES (1056, 467, 2, 'choice', 'Уйти.', 'end', NULL, NULL, NULL, 'Исследование окончено.', NULL, FALSE, NULL, NULL, NULL);
INSERT INTO verses (id, location_id, display_number) VALUES (468, 34, 29);
INSERT INTO options (id, verse_id, position, type, text, target_type, target_verse_dn, target_location_dn, requirement, result, hidden, once, condition_group, conditional_targets, children) VALUES (1057, 468, 0, 'condition', 'Если вы играете за Осберта и у вас есть часть 3 достижения «Конец пути».', 'verse', 30, NULL, NULL, NULL, NULL, FALSE, NULL, NULL, NULL);
INSERT INTO options (id, verse_id, position, type, text, target_type, target_verse_dn, target_location_dn, requirement, result, hidden, once, condition_group, conditional_targets, children) VALUES (1058, 468, 1, 'condition', 'Если у вас есть часть 5 достижения «Народный герой».', 'verse', 31, NULL, NULL, NULL, NULL, FALSE, NULL, NULL, NULL);
INSERT INTO options (id, verse_id, position, type, text, target_type, target_verse_dn, target_location_dn, requirement, result, hidden, once, condition_group, conditional_targets, children) VALUES (1059, 468, 2, 'condition', 'В противном случае.', 'verse', 34, NULL, NULL, NULL, NULL, FALSE, NULL, NULL, NULL);
INSERT INTO verses (id, location_id, display_number) VALUES (469, 34, 30);
INSERT INTO options (id, verse_id, position, type, text, target_type, target_verse_dn, target_location_dn, requirement, result, hidden, once, condition_group, conditional_targets, children) VALUES (1060, 469, 0, 'choice', 'Продолжить.', 'verse', 32, NULL, NULL, NULL, NULL, FALSE, NULL, NULL, NULL);
INSERT INTO verses (id, location_id, display_number) VALUES (470, 34, 31);
INSERT INTO options (id, verse_id, position, type, text, target_type, target_verse_dn, target_location_dn, requirement, result, hidden, once, condition_group, conditional_targets, children) VALUES (1061, 470, 0, 'choice', 'Продолжить.', 'verse', 32, NULL, NULL, NULL, NULL, FALSE, NULL, NULL, NULL);
INSERT INTO verses (id, location_id, display_number) VALUES (471, 34, 32);
INSERT INTO options (id, verse_id, position, type, text, target_type, target_verse_dn, target_location_dn, requirement, result, hidden, once, condition_group, conditional_targets, children) VALUES (1062, 471, 0, 'condition', 'Если у вас есть хотя бы три части достижения «Союз Чернолесья».', 'cross_location', 980, 1001, NULL, NULL, NULL, FALSE, NULL, NULL, NULL);
INSERT INTO options (id, verse_id, position, type, text, target_type, target_verse_dn, target_location_dn, requirement, result, hidden, once, condition_group, conditional_targets, children) VALUES (1063, 471, 1, 'condition', 'В противном случае.', 'end', NULL, NULL, NULL, 'Исследование окончено.', NULL, FALSE, NULL, NULL, NULL);
INSERT INTO verses (id, location_id, display_number) VALUES (472, 34, 33);
INSERT INTO options (id, verse_id, position, type, text, target_type, target_verse_dn, target_location_dn, requirement, result, hidden, once, condition_group, conditional_targets, children) VALUES (1064, 472, 0, 'condition', 'Если развязка @GreenOutcome@.', 'verse', 2, NULL, NULL, NULL, NULL, FALSE, NULL, NULL, NULL);
INSERT INTO options (id, verse_id, position, type, text, target_type, target_verse_dn, target_location_dn, requirement, result, hidden, once, condition_group, conditional_targets, children) VALUES (1065, 472, 1, 'condition', 'В противном случае.', 'end', NULL, NULL, NULL, 'Исследование окончено.', NULL, FALSE, NULL, NULL, NULL);
INSERT INTO verses (id, location_id, display_number) VALUES (473, 34, 34);
INSERT INTO options (id, verse_id, position, type, text, target_type, target_verse_dn, target_location_dn, requirement, result, hidden, once, condition_group, conditional_targets, children) VALUES (1066, 473, 0, 'choice', 'Продолжить.', 'end', NULL, NULL, NULL, 'Исследование окончено.', NULL, FALSE, NULL, NULL, NULL);

INSERT INTO locations (id, campaign_id, display_number, name) VALUES (35, 1, 135, 'Янтарные берега');
INSERT INTO verses (id, location_id, display_number) VALUES (474, 35, 0);
INSERT INTO options (id, verse_id, position, type, text, target_type, target_verse_dn, target_location_dn, requirement, result, hidden, once, condition_group, conditional_targets, children) VALUES (1067, 474, 0, 'condition', 'Если у вас есть часть 3 достижения «Тлеющие угольки».', 'verse', 18, NULL, NULL, NULL, NULL, FALSE, NULL, NULL, NULL);
INSERT INTO options (id, verse_id, position, type, text, target_type, target_verse_dn, target_location_dn, requirement, result, hidden, once, condition_group, conditional_targets, children) VALUES (1068, 474, 1, 'condition', 'Если у вас есть часть 6 достижения «Путь Венедии».', 'verse', 15, NULL, NULL, NULL, NULL, FALSE, NULL, NULL, NULL);
INSERT INTO options (id, verse_id, position, type, text, target_type, target_verse_dn, target_location_dn, requirement, result, hidden, once, condition_group, conditional_targets, children) VALUES (1069, 474, 2, 'condition', 'Если в этой локации нет @LightTT@.', 'verse', 0, NULL, NULL, 'Бросьте кубик и поместите его в локацию результатом вверх, затем поместите в эту локацию 1 @LightTT@.', NULL, FALSE, NULL, NULL, NULL);
INSERT INTO options (id, verse_id, position, type, text, target_type, target_verse_dn, target_location_dn, requirement, result, hidden, once, condition_group, conditional_targets, children) VALUES (1070, 474, 3, 'condition', 'Если в этой локации есть кубик с результатом 5 или 6.', 'verse', 4, NULL, NULL, NULL, NULL, FALSE, NULL, NULL, NULL);
INSERT INTO options (id, verse_id, position, type, text, target_type, target_verse_dn, target_location_dn, requirement, result, hidden, once, condition_group, conditional_targets, children) VALUES (1071, 474, 4, 'condition', 'Если на кубике другой результат или кубика в этой локации нет.', 'verse', 1, NULL, NULL, NULL, NULL, FALSE, NULL, NULL, NULL);
INSERT INTO verses (id, location_id, display_number) VALUES (475, 35, 1);
INSERT INTO options (id, verse_id, position, type, text, target_type, target_verse_dn, target_location_dn, requirement, result, hidden, once, condition_group, conditional_targets, children) VALUES (1072, 475, 0, 'choice', '2 @Energy@ Искать янтарное яйцо. Вам говорили, что бо́льшая часть яиц, из которых янтарная царица вывела потомство, были когда-то найдены именно здесь.', 'verse', 2, NULL, NULL, NULL, NULL, FALSE, NULL, NULL, NULL);
INSERT INTO options (id, verse_id, position, type, text, target_type, target_verse_dn, target_location_dn, requirement, result, hidden, once, condition_group, conditional_targets, children) VALUES (1073, 475, 1, 'choice', '1 @Energy@ Посетить рыбацкую деревню.', 'verse', 3, NULL, NULL, NULL, NULL, FALSE, NULL, NULL, NULL);
INSERT INTO options (id, verse_id, position, type, text, target_type, target_verse_dn, target_location_dn, requirement, result, hidden, once, condition_group, conditional_targets, children) VALUES (1074, 475, 2, 'choice', '1 @Energy@ Искать хижину Исидора.', 'verse', 19, NULL, 'Нужна часть 5 достижения «Древние знания».', NULL, NULL, FALSE, NULL, NULL, NULL);
INSERT INTO options (id, verse_id, position, type, text, target_type, target_verse_dn, target_location_dn, requirement, result, hidden, once, condition_group, conditional_targets, children) VALUES (1075, 475, 3, 'choice', 'Завершить поиски.', 'end', NULL, NULL, NULL, 'Уберите кубик из этой локации.  Исследование окончено.', NULL, FALSE, NULL, NULL, NULL);
INSERT INTO verses (id, location_id, display_number) VALUES (476, 35, 2);
INSERT INTO options (id, verse_id, position, type, text, target_type, target_verse_dn, target_location_dn, requirement, result, hidden, once, condition_group, conditional_targets, children) VALUES (1076, 476, 0, 'choice', 'Продолжить.', 'end', NULL, NULL, NULL, 'Если у вас нет части 5 достижения «Обыск», получите 2 золота и часть 5 достижения «Обыск».  Уберите кубик из этой локации.  Исследование окончено.', NULL, FALSE, NULL, NULL, NULL);
INSERT INTO verses (id, location_id, display_number) VALUES (477, 35, 3);
INSERT INTO options (id, verse_id, position, type, text, target_type, target_verse_dn, target_location_dn, requirement, result, hidden, once, condition_group, conditional_targets, children) VALUES (1077, 477, 0, 'choice', 'Идти на запах. Нюх вас не обманул: через осколок искажень-стекла вы заметили, что из трубы в одной из хижин поднимались клубы дыма.', 'verse', 5, NULL, NULL, NULL, NULL, FALSE, NULL, NULL, NULL);
INSERT INTO options (id, verse_id, position, type, text, target_type, target_verse_dn, target_location_dn, requirement, result, hidden, once, condition_group, conditional_targets, children) VALUES (1078, 477, 1, 'choice', 'Подойти к старику.', 'verse', 13, NULL, NULL, NULL, NULL, FALSE, NULL, NULL, NULL);
INSERT INTO options (id, verse_id, position, type, text, target_type, target_verse_dn, target_location_dn, requirement, result, hidden, once, condition_group, conditional_targets, children) VALUES (1079, 477, 2, 'choice', 'Спросить у рыбаков, как найти янтарное яйцо.', 'verse', 6, NULL, NULL, NULL, NULL, FALSE, NULL, NULL, NULL);
INSERT INTO options (id, verse_id, position, type, text, target_type, target_verse_dn, target_location_dn, requirement, result, hidden, once, condition_group, conditional_targets, children) VALUES (1080, 477, 3, 'choice', 'Спросить у рыбаков, что можно найти в янтаре.', 'verse', 8, NULL, NULL, NULL, NULL, FALSE, NULL, NULL, NULL);
INSERT INTO options (id, verse_id, position, type, text, target_type, target_verse_dn, target_location_dn, requirement, result, hidden, once, condition_group, conditional_targets, children) VALUES (1081, 477, 4, 'choice', 'Уйти из деревни.', 'verse', 7, NULL, NULL, NULL, NULL, FALSE, NULL, NULL, NULL);
INSERT INTO verses (id, location_id, display_number) VALUES (478, 35, 4);
INSERT INTO options (id, verse_id, position, type, text, target_type, target_verse_dn, target_location_dn, requirement, result, hidden, once, condition_group, conditional_targets, children) VALUES (1082, 478, 0, 'choice', '2 @Energy@ Искать янтарное яйцо. Вам говорили, что бо́льшая часть яиц, из которых янтарная царица вывела потомство, были когда-то найдены именно здесь.', 'verse', 2, NULL, NULL, NULL, NULL, FALSE, NULL, NULL, NULL);
INSERT INTO options (id, verse_id, position, type, text, target_type, target_verse_dn, target_location_dn, requirement, result, hidden, once, condition_group, conditional_targets, children) VALUES (1083, 478, 1, 'choice', '1 @Energy@ Подойти к женщине.', 'verse', 12, NULL, NULL, NULL, NULL, FALSE, NULL, NULL, NULL);
INSERT INTO options (id, verse_id, position, type, text, target_type, target_verse_dn, target_location_dn, requirement, result, hidden, once, condition_group, conditional_targets, children) VALUES (1084, 478, 2, 'choice', '1 @Energy@ Посетить рыбацкую деревню.', 'verse', 3, NULL, NULL, NULL, NULL, FALSE, NULL, NULL, NULL);
INSERT INTO options (id, verse_id, position, type, text, target_type, target_verse_dn, target_location_dn, requirement, result, hidden, once, condition_group, conditional_targets, children) VALUES (1085, 478, 3, 'choice', '1 @Energy@ Искать хижину Исидора.', 'verse', 19, NULL, 'Нужна часть 5 достижения «Древние знания».', NULL, NULL, FALSE, NULL, NULL, NULL);
INSERT INTO options (id, verse_id, position, type, text, target_type, target_verse_dn, target_location_dn, requirement, result, hidden, once, condition_group, conditional_targets, children) VALUES (1086, 478, 4, 'choice', 'Посетить освобождённого раба.', 'verse', 10, NULL, 'Нужна часть 5 достижения «Случайные встречи». Только если у вас нет части 7 или части 8 достижения «Диковинки».', NULL, NULL, FALSE, NULL, NULL, NULL);
INSERT INTO options (id, verse_id, position, type, text, target_type, target_verse_dn, target_location_dn, requirement, result, hidden, once, condition_group, conditional_targets, children) VALUES (1087, 478, 5, 'choice', 'Завершить поиски.', 'end', NULL, NULL, NULL, 'Уберите кубик из этой локации.  Исследование окончено.', NULL, FALSE, NULL, NULL, NULL);
INSERT INTO verses (id, location_id, display_number) VALUES (479, 35, 5);
INSERT INTO options (id, verse_id, position, type, text, target_type, target_verse_dn, target_location_dn, requirement, result, hidden, once, condition_group, conditional_targets, children) VALUES (1088, 479, 0, 'choice', 'Поесть.', 'verse', 20, NULL, NULL, NULL, NULL, FALSE, NULL, NULL, NULL);
INSERT INTO options (id, verse_id, position, type, text, target_type, target_verse_dn, target_location_dn, requirement, result, hidden, once, condition_group, conditional_targets, children) VALUES (1089, 479, 1, 'choice', 'Отказаться.', 'verse', 22, NULL, NULL, NULL, NULL, FALSE, NULL, NULL, NULL);
INSERT INTO verses (id, location_id, display_number) VALUES (480, 35, 6);
INSERT INTO options (id, verse_id, position, type, text, target_type, target_verse_dn, target_location_dn, requirement, result, hidden, once, condition_group, conditional_targets, children) VALUES (1090, 480, 0, 'choice', 'Нанять кого-нибудь, чтобы помогли её найти. Рыбаки с радостью примут деньги и обыщут берег вдоль и поперёк, но они честно признаются, что шансов найти женщину не так уж много.', 'verse', 11, NULL, 'Потратьте 1 еду или 1 золото.', NULL, NULL, FALSE, NULL, NULL, NULL);
INSERT INTO options (id, verse_id, position, type, text, target_type, target_verse_dn, target_location_dn, requirement, result, hidden, once, condition_group, conditional_targets, children) VALUES (1091, 480, 1, 'choice', 'Поступить иначе.', 'verse', 3, NULL, NULL, NULL, NULL, FALSE, NULL, NULL, NULL);
INSERT INTO verses (id, location_id, display_number) VALUES (481, 35, 7);
INSERT INTO options (id, verse_id, position, type, text, target_type, target_verse_dn, target_location_dn, requirement, result, hidden, once, condition_group, conditional_targets, children) VALUES (1092, 481, 0, 'condition', 'Если у вас есть синий светофильтр.', 'end', NULL, NULL, NULL, 'Исследование окончено.', NULL, FALSE, NULL, NULL, NULL);
INSERT INTO options (id, verse_id, position, type, text, target_type, target_verse_dn, target_location_dn, requirement, result, hidden, once, condition_group, conditional_targets, children) VALUES (1093, 481, 1, 'condition', 'Если у вас есть части 7 и 8 достижения «Диковинки».', 'end', NULL, NULL, NULL, 'Уберите кубик из этой локации.  Исследование окончено.', NULL, FALSE, NULL, NULL, NULL);
INSERT INTO options (id, verse_id, position, type, text, target_type, target_verse_dn, target_location_dn, requirement, result, hidden, once, condition_group, conditional_targets, children) VALUES (1094, 481, 2, 'condition', 'В противном случае.', 'verse', 10, NULL, NULL, 'Вы уже собирались уходить, когда вас остановил суровый обветренный рыбак.', NULL, FALSE, NULL, NULL, NULL);
INSERT INTO verses (id, location_id, display_number) VALUES (482, 35, 8);
INSERT INTO options (id, verse_id, position, type, text, target_type, target_verse_dn, target_location_dn, requirement, result, hidden, once, condition_group, conditional_targets, children) VALUES (1095, 482, 0, 'choice', 'Продолжить.', 'end', NULL, NULL, NULL, 'Уберите кубик из этой локации.  Исследование окончено.', NULL, FALSE, NULL, NULL, NULL);
INSERT INTO verses (id, location_id, display_number) VALUES (483, 35, 9);
INSERT INTO options (id, verse_id, position, type, text, target_type, target_verse_dn, target_location_dn, requirement, result, hidden, once, condition_group, conditional_targets, children) VALUES (1096, 483, 0, 'choice', 'Продолжить.', 'verse', 12, NULL, NULL, NULL, NULL, FALSE, NULL, NULL, NULL);
INSERT INTO verses (id, location_id, display_number) VALUES (484, 35, 10);
INSERT INTO options (id, verse_id, position, type, text, target_type, target_verse_dn, target_location_dn, requirement, result, hidden, once, condition_group, conditional_targets, children) VALUES (1097, 484, 0, 'choice', 'Купить карту.', 'verse', 14, NULL, 'Потратьте 1 золото за персонажа.', NULL, NULL, FALSE, NULL, NULL, NULL);
INSERT INTO options (id, verse_id, position, type, text, target_type, target_verse_dn, target_location_dn, requirement, result, hidden, once, condition_group, conditional_targets, children) VALUES (1098, 484, 1, 'choice', 'Покинуть деревню.', 'end', NULL, NULL, NULL, 'Уберите кубик из этой локации.  Исследование окончено.', NULL, FALSE, NULL, NULL, NULL);
INSERT INTO verses (id, location_id, display_number) VALUES (485, 35, 11);
INSERT INTO options (id, verse_id, position, type, text, target_type, target_verse_dn, target_location_dn, requirement, result, hidden, once, condition_group, conditional_targets, children) VALUES (1099, 485, 0, 'condition', 'Если результат 5 или 6.', 'verse', 9, NULL, NULL, NULL, NULL, FALSE, NULL, NULL, NULL);
INSERT INTO options (id, verse_id, position, type, text, target_type, target_verse_dn, target_location_dn, requirement, result, hidden, once, condition_group, conditional_targets, children) VALUES (1100, 485, 1, 'condition', 'В противном случае.', 'verse', 3, NULL, NULL, 'Поиски оказались тщетными.', NULL, FALSE, NULL, NULL, NULL);
INSERT INTO verses (id, location_id, display_number) VALUES (486, 35, 12);
INSERT INTO options (id, verse_id, position, type, text, target_type, target_verse_dn, target_location_dn, requirement, result, hidden, once, condition_group, conditional_targets, children) VALUES (1101, 486, 0, 'choice', 'Спросить, как найти большое янтарное яйцо.', 'cross_location', 505, 999, 'Нужно особое событие Е.', NULL, NULL, FALSE, NULL, NULL, NULL);
INSERT INTO options (id, verse_id, position, type, text, target_type, target_verse_dn, target_location_dn, requirement, result, hidden, once, condition_group, conditional_targets, children) VALUES (1102, 486, 1, 'choice', 'Спросить про существо, которое вылупилось из вашего яйца.', 'cross_location', 509, 999, NULL, NULL, NULL, FALSE, NULL, NULL, NULL);
INSERT INTO options (id, verse_id, position, type, text, target_type, target_verse_dn, target_location_dn, requirement, result, hidden, once, condition_group, conditional_targets, children) VALUES (1103, 486, 2, 'choice', 'Уйти.', 'end', NULL, NULL, NULL, 'Уберите кубик из этой локации.  Исследование окончено.', NULL, FALSE, NULL, NULL, NULL);
INSERT INTO verses (id, location_id, display_number) VALUES (487, 35, 13);
INSERT INTO options (id, verse_id, position, type, text, target_type, target_verse_dn, target_location_dn, requirement, result, hidden, once, condition_group, conditional_targets, children) VALUES (1104, 487, 0, 'choice', 'Продолжить.', 'verse', 3, NULL, NULL, NULL, NULL, FALSE, NULL, NULL, NULL);
INSERT INTO verses (id, location_id, display_number) VALUES (488, 35, 14);
INSERT INTO options (id, verse_id, position, type, text, target_type, target_verse_dn, target_location_dn, requirement, result, hidden, once, condition_group, conditional_targets, children) VALUES (1105, 488, 0, 'choice', 'Продолжить.', 'end', NULL, NULL, NULL, 'Получите части 7 и 8 достижения «Диковинки».  Уберите кубик из этой локации.  Исследование окончено.', NULL, FALSE, NULL, NULL, NULL);
INSERT INTO verses (id, location_id, display_number) VALUES (489, 35, 15);
INSERT INTO options (id, verse_id, position, type, text, target_type, target_verse_dn, target_location_dn, requirement, result, hidden, once, condition_group, conditional_targets, children) VALUES (1106, 489, 0, 'choice', '2 @Energy@ Найти янтарное яйцо для Жеремья.', 'verse', 16, NULL, 'Нужны все персонажи.', NULL, NULL, FALSE, NULL, NULL, NULL);
INSERT INTO options (id, verse_id, position, type, text, target_type, target_verse_dn, target_location_dn, requirement, result, hidden, once, condition_group, conditional_targets, children) VALUES (1107, 489, 1, 'choice', 'Уйти.', 'end', NULL, NULL, NULL, 'Исследование окончено.', NULL, FALSE, NULL, NULL, NULL);
INSERT INTO verses (id, location_id, display_number) VALUES (490, 35, 16);
INSERT INTO options (id, verse_id, position, type, text, target_type, target_verse_dn, target_location_dn, requirement, result, hidden, once, condition_group, conditional_targets, children) VALUES (1108, 490, 0, 'condition', 'Если у вас есть часть 7 достижения «Обыск».', 'end', NULL, NULL, NULL, 'Здесь больше ничего не осталось.  Исследование окончено.', NULL, FALSE, NULL, NULL, NULL);
INSERT INTO options (id, verse_id, position, type, text, target_type, target_verse_dn, target_location_dn, requirement, result, hidden, once, condition_group, conditional_targets, children) VALUES (1109, 490, 1, 'choice', 'Продолжить.', 'cross_location', 552, 999, NULL, 'Получите 2 золота. Получите часть 7 достижения «Обыск».', NULL, FALSE, NULL, NULL, NULL);
INSERT INTO verses (id, location_id, display_number) VALUES (491, 35, 17);
INSERT INTO options (id, verse_id, position, type, text, target_type, target_verse_dn, target_location_dn, requirement, result, hidden, once, condition_group, conditional_targets, children) VALUES (1110, 491, 0, 'choice', 'Продолжить.', 'verse', 3, NULL, NULL, 'Если у вас нет части 3 достижения «Древние знания», получите 2 магии. Получите часть 3 достижения «Древние знания».', NULL, FALSE, NULL, NULL, NULL);
INSERT INTO verses (id, location_id, display_number) VALUES (492, 35, 18);
INSERT INTO options (id, verse_id, position, type, text, target_type, target_verse_dn, target_location_dn, requirement, result, hidden, once, condition_group, conditional_targets, children) VALUES (1111, 492, 0, 'choice', '1 @Energy@ Искать хижину Исидора.', 'verse', 19, NULL, 'Нужна часть 5 достижения «Древние знания».', NULL, NULL, FALSE, NULL, NULL, NULL);
INSERT INTO options (id, verse_id, position, type, text, target_type, target_verse_dn, target_location_dn, requirement, result, hidden, once, condition_group, conditional_targets, children) VALUES (1112, 492, 1, 'choice', 'Уйти.', 'end', NULL, NULL, NULL, 'Исследование окончено.', NULL, FALSE, NULL, NULL, NULL);
INSERT INTO verses (id, location_id, display_number) VALUES (493, 35, 19);
INSERT INTO options (id, verse_id, position, type, text, target_type, target_verse_dn, target_location_dn, requirement, result, hidden, once, condition_group, conditional_targets, children) VALUES (1113, 493, 0, 'choice', 'Продолжить.', 'end', NULL, NULL, NULL, 'Если у вас нет части 5 достижения «Горькая правда», получите 1 золото и 2 магии. Получите часть 5 достижения «Горькая правда» и часть 3 достижения «Кендрик».  Исследование окончено.', NULL, FALSE, NULL, NULL, NULL);
INSERT INTO verses (id, location_id, display_number) VALUES (494, 35, 20);
INSERT INTO options (id, verse_id, position, type, text, target_type, target_verse_dn, target_location_dn, requirement, result, hidden, once, condition_group, conditional_targets, children) VALUES (1114, 494, 0, 'choice', 'Продолжить.', 'verse', 3, NULL, NULL, 'Каждый член команды теряет 1 @Health@.', NULL, FALSE, NULL, NULL, NULL);
INSERT INTO verses (id, location_id, display_number) VALUES (495, 35, 21);
INSERT INTO options (id, verse_id, position, type, text, target_type, target_verse_dn, target_location_dn, requirement, result, hidden, once, condition_group, conditional_targets, children) VALUES (1115, 495, 0, 'choice', 'Поесть.', 'verse', 17, NULL, NULL, NULL, NULL, FALSE, NULL, NULL, NULL);
INSERT INTO options (id, verse_id, position, type, text, target_type, target_verse_dn, target_location_dn, requirement, result, hidden, once, condition_group, conditional_targets, children) VALUES (1116, 495, 1, 'choice', 'Отказаться. Она попросила вас уйти.', 'verse', 3, NULL, NULL, NULL, NULL, FALSE, NULL, NULL, NULL);
INSERT INTO verses (id, location_id, display_number) VALUES (496, 35, 22);
INSERT INTO options (id, verse_id, position, type, text, target_type, target_verse_dn, target_location_dn, requirement, result, hidden, once, condition_group, conditional_targets, children) VALUES (1117, 496, 0, 'choice', 'Поесть.', 'verse', 20, NULL, NULL, NULL, NULL, FALSE, NULL, NULL, NULL);
INSERT INTO options (id, verse_id, position, type, text, target_type, target_verse_dn, target_location_dn, requirement, result, hidden, once, condition_group, conditional_targets, children) VALUES (1118, 496, 1, 'choice', 'Отказаться.', 'verse', 21, NULL, NULL, NULL, NULL, FALSE, NULL, NULL, NULL);

INSERT INTO locations (id, campaign_id, display_number, name) VALUES (36, 1, 136, 'Бесплодная вершина');
INSERT INTO verses (id, location_id, display_number) VALUES (497, 36, 0);
INSERT INTO options (id, verse_id, position, type, text, target_type, target_verse_dn, target_location_dn, requirement, result, hidden, once, condition_group, conditional_targets, children) VALUES (1119, 497, 0, 'condition', 'Если у вас есть часть 10 достижения «Путь Венедии».', 'verse', 23, NULL, NULL, NULL, NULL, FALSE, NULL, NULL, NULL);
INSERT INTO options (id, verse_id, position, type, text, target_type, target_verse_dn, target_location_dn, requirement, result, hidden, once, condition_group, conditional_targets, children) VALUES (1120, 497, 1, 'condition', 'Если у вас есть часть 3, но нет части 4 достижения «Следопыт».', 'verse', 16, NULL, NULL, NULL, NULL, FALSE, NULL, NULL, NULL);
INSERT INTO options (id, verse_id, position, type, text, target_type, target_verse_dn, target_location_dn, requirement, result, hidden, once, condition_group, conditional_targets, children) VALUES (1121, 497, 2, 'choice', '2 @Energy@ Провести ритуал.', 'verse', 19, NULL, 'Нужна глава 8А, часть 4.', NULL, NULL, FALSE, NULL, NULL, NULL);
INSERT INTO options (id, verse_id, position, type, text, target_type, target_verse_dn, target_location_dn, requirement, result, hidden, once, condition_group, conditional_targets, children) VALUES (1122, 497, 3, 'choice', '1 @Energy@ Присоединиться к толпе, идущей к горе.', 'verse', 1, NULL, 'Нужны все персонажи. Только если у вас нет части 5 достижения «Наглость» и в этой локации нет @LightTT@.', NULL, NULL, FALSE, NULL, NULL, NULL);
INSERT INTO options (id, verse_id, position, type, text, target_type, target_verse_dn, target_location_dn, requirement, result, hidden, once, condition_group, conditional_targets, children) VALUES (1123, 497, 4, 'choice', 'Уйти.', 'end', NULL, NULL, NULL, 'Исследование окончено.', NULL, FALSE, NULL, NULL, NULL);
INSERT INTO verses (id, location_id, display_number) VALUES (498, 36, 1);
INSERT INTO options (id, verse_id, position, type, text, target_type, target_verse_dn, target_location_dn, requirement, result, hidden, once, condition_group, conditional_targets, children) VALUES (1124, 498, 0, 'condition', 'Если вы проходите главу 8А, часть 1, и у вас нет части 4 достижения «Следопыт».', 'verse', 18, NULL, NULL, NULL, NULL, FALSE, NULL, NULL, NULL);
INSERT INTO options (id, verse_id, position, type, text, target_type, target_verse_dn, target_location_dn, requirement, result, hidden, once, condition_group, conditional_targets, children) VALUES (1125, 498, 1, 'condition', 'Если у вас есть часть 7 достижения «Кто не рискует».', 'verse', 15, NULL, NULL, NULL, NULL, FALSE, NULL, NULL, NULL);
INSERT INTO options (id, verse_id, position, type, text, target_type, target_verse_dn, target_location_dn, requirement, result, hidden, once, condition_group, conditional_targets, children) VALUES (1126, 498, 2, 'choice', '1 @Energy@ Присоединиться к шабашу на вершине.', 'verse', 2, NULL, 'Нужны все персонажи и карта секрета 33.', NULL, NULL, FALSE, NULL, NULL, NULL);
INSERT INTO options (id, verse_id, position, type, text, target_type, target_verse_dn, target_location_dn, requirement, result, hidden, once, condition_group, conditional_targets, children) VALUES (1127, 498, 3, 'choice', 'Уйти.', 'end', NULL, NULL, NULL, 'Исследование окончено.', NULL, FALSE, NULL, NULL, NULL);
INSERT INTO verses (id, location_id, display_number) VALUES (499, 36, 2);
INSERT INTO options (id, verse_id, position, type, text, target_type, target_verse_dn, target_location_dn, requirement, result, hidden, once, condition_group, conditional_targets, children) VALUES (1128, 499, 0, 'condition', 'Если вы проходите главу 9Б.', 'verse', 5, NULL, NULL, NULL, NULL, FALSE, NULL, NULL, NULL);
INSERT INTO options (id, verse_id, position, type, text, target_type, target_verse_dn, target_location_dn, requirement, result, hidden, once, condition_group, conditional_targets, children) VALUES (1129, 499, 1, 'condition', 'Если вы проходите главу 8А, часть 2—5.', 'verse', 5, NULL, NULL, NULL, NULL, FALSE, NULL, NULL, NULL);
INSERT INTO options (id, verse_id, position, type, text, target_type, target_verse_dn, target_location_dn, requirement, result, hidden, once, condition_group, conditional_targets, children) VALUES (1130, 499, 2, 'choice', 'Не вмешиваться.', 'verse', 4, NULL, NULL, NULL, NULL, FALSE, NULL, NULL, NULL);
INSERT INTO options (id, verse_id, position, type, text, target_type, target_verse_dn, target_location_dn, requirement, result, hidden, once, condition_group, conditional_targets, children) VALUES (1131, 499, 3, 'choice', 'Увести разговор в сторону.', 'verse', 20, NULL, 'Нужно хотя бы 3 очка @Empathy@.', NULL, NULL, FALSE, NULL, NULL, NULL);
INSERT INTO options (id, verse_id, position, type, text, target_type, target_verse_dn, target_location_dn, requirement, result, hidden, once, condition_group, conditional_targets, children) VALUES (1132, 499, 4, 'choice', 'Незаметно припугнуть его, чтобы он оставил вас в покое.', 'verse', 20, NULL, 'Нужно хотя бы 3 очка @Aggression@.', NULL, NULL, FALSE, NULL, NULL, NULL);
INSERT INTO options (id, verse_id, position, type, text, target_type, target_verse_dn, target_location_dn, requirement, result, hidden, once, condition_group, conditional_targets, children) VALUES (1133, 499, 5, 'choice', 'Заплатить ему, чтобы он оставил вас в покое.', 'verse', 20, NULL, 'Потратьте в общей сложности 5 золота и/или магии.', NULL, NULL, FALSE, NULL, NULL, NULL);
INSERT INTO verses (id, location_id, display_number) VALUES (500, 36, 3);
INSERT INTO options (id, verse_id, position, type, text, target_type, target_verse_dn, target_location_dn, requirement, result, hidden, once, condition_group, conditional_targets, children) VALUES (1134, 500, 0, 'condition', 'Если вы проходите главу 8А, часть 1.', 'verse', 9, NULL, NULL, NULL, NULL, FALSE, NULL, NULL, NULL);
INSERT INTO options (id, verse_id, position, type, text, target_type, target_verse_dn, target_location_dn, requirement, result, hidden, once, condition_group, conditional_targets, children) VALUES (1135, 500, 1, 'condition', 'В противном случае.', 'verse', 15, NULL, NULL, NULL, NULL, FALSE, NULL, NULL, NULL);
INSERT INTO verses (id, location_id, display_number) VALUES (501, 36, 4);
INSERT INTO options (id, verse_id, position, type, text, target_type, target_verse_dn, target_location_dn, requirement, result, hidden, once, condition_group, conditional_targets, children) VALUES (1136, 501, 0, 'condition', 'Если развязка @GreenOutcome@.', 'verse', 5, NULL, NULL, NULL, NULL, FALSE, NULL, NULL, NULL);
INSERT INTO options (id, verse_id, position, type, text, target_type, target_verse_dn, target_location_dn, requirement, result, hidden, once, condition_group, conditional_targets, children) VALUES (1137, 501, 1, 'condition', 'В противном случае.', 'verse', 10, NULL, NULL, NULL, NULL, FALSE, NULL, NULL, NULL);
INSERT INTO verses (id, location_id, display_number) VALUES (502, 36, 5);
INSERT INTO options (id, verse_id, position, type, text, target_type, target_verse_dn, target_location_dn, requirement, result, hidden, once, condition_group, conditional_targets, children) VALUES (1138, 502, 0, 'condition', 'Если вы проходите главу 9Б.', 'verse', 21, NULL, NULL, NULL, NULL, FALSE, NULL, NULL, NULL);
INSERT INTO options (id, verse_id, position, type, text, target_type, target_verse_dn, target_location_dn, requirement, result, hidden, once, condition_group, conditional_targets, children) VALUES (1139, 502, 1, 'condition', 'В противном случае.', 'verse', 22, NULL, NULL, NULL, NULL, FALSE, NULL, NULL, NULL);
INSERT INTO verses (id, location_id, display_number) VALUES (503, 36, 6);
INSERT INTO options (id, verse_id, position, type, text, target_type, target_verse_dn, target_location_dn, requirement, result, hidden, once, condition_group, conditional_targets, children) VALUES (1140, 503, 0, 'choice', 'Продолжить.', 'verse', 3, NULL, NULL, 'Если янтарная царица Венеда на поле, уберите её фигурку с поля.', NULL, FALSE, NULL, NULL, NULL);
INSERT INTO verses (id, location_id, display_number) VALUES (504, 36, 7);
INSERT INTO options (id, verse_id, position, type, text, target_type, target_verse_dn, target_location_dn, requirement, result, hidden, once, condition_group, conditional_targets, children) VALUES (1141, 504, 0, 'choice', 'Продолжить.', 'verse', 6, NULL, NULL, NULL, NULL, FALSE, NULL, NULL, NULL);
INSERT INTO verses (id, location_id, display_number) VALUES (505, 36, 8);
INSERT INTO options (id, verse_id, position, type, text, target_type, target_verse_dn, target_location_dn, requirement, result, hidden, once, condition_group, conditional_targets, children) VALUES (1142, 505, 0, 'choice', 'Продолжить.', 'verse', 15, NULL, NULL, 'Каждый член команды с хотя бы 3 очками @Empathy@ получает 1 @Terror@.  Каждый член команды с хотя бы 3 очками @Courage@ теряет 1 @Health@.', NULL, FALSE, NULL, NULL, NULL);
INSERT INTO verses (id, location_id, display_number) VALUES (506, 36, 9);
INSERT INTO options (id, verse_id, position, type, text, target_type, target_verse_dn, target_location_dn, requirement, result, hidden, once, condition_group, conditional_targets, children) VALUES (1143, 506, 0, 'choice', 'Продолжить.', 'verse', 15, NULL, NULL, NULL, NULL, FALSE, NULL, NULL, NULL);
INSERT INTO verses (id, location_id, display_number) VALUES (507, 36, 10);
INSERT INTO options (id, verse_id, position, type, text, target_type, target_verse_dn, target_location_dn, requirement, result, hidden, once, condition_group, conditional_targets, children) VALUES (1144, 507, 0, 'choice', 'Продолжить.', 'end', NULL, NULL, NULL, 'Поместите в эту локацию 2 @LightTT@.  Исследование окончено.', NULL, FALSE, NULL, NULL, NULL);
INSERT INTO verses (id, location_id, display_number) VALUES (508, 36, 11);
INSERT INTO options (id, verse_id, position, type, text, target_type, target_verse_dn, target_location_dn, requirement, result, hidden, once, condition_group, conditional_targets, children) VALUES (1145, 508, 0, 'choice', 'Продолжить.', 'cross_location', 983, 1001, NULL, 'Каждый персонаж получает 1 @Terror@.  Получите часть 4 достижения «Будущее Авалона».', NULL, FALSE, NULL, NULL, NULL);
INSERT INTO verses (id, location_id, display_number) VALUES (509, 36, 12);
INSERT INTO options (id, verse_id, position, type, text, target_type, target_verse_dn, target_location_dn, requirement, result, hidden, once, condition_group, conditional_targets, children) VALUES (1146, 509, 0, 'condition', 'Если вы проходите главу 8А, часть 1.', 'verse', 17, NULL, NULL, 'Получите часть 5 достижения «Наглость».  Каждый член команды теряет 4 @Health@ (–1 за каждое очко своей @Practicality@) и получает 3 @Terror@ (–1 за каждое очко своей @Courage@).', NULL, FALSE, NULL, NULL, NULL);
INSERT INTO options (id, verse_id, position, type, text, target_type, target_verse_dn, target_location_dn, requirement, result, hidden, once, condition_group, conditional_targets, children) VALUES (1147, 509, 1, 'condition', 'В противном случае.', 'end', NULL, NULL, NULL, 'Получите часть 5 достижения «Наглость».  Каждый член команды теряет 4 @Health@ (–1 за каждое очко своей @Practicality@) и получает 3 @Terror@ (–1 за каждое очко своей @Courage@).  Исследование окончено.', NULL, FALSE, NULL, NULL, NULL);
INSERT INTO verses (id, location_id, display_number) VALUES (510, 36, 13);
INSERT INTO options (id, verse_id, position, type, text, target_type, target_verse_dn, target_location_dn, requirement, result, hidden, once, condition_group, conditional_targets, children) VALUES (1148, 510, 0, 'choice', 'Продолжить.', 'verse', 15, NULL, NULL, 'Получите часть 4 достижения «Тайны янтарной царицы».', NULL, FALSE, NULL, NULL, NULL);
INSERT INTO verses (id, location_id, display_number) VALUES (511, 36, 14);
INSERT INTO options (id, verse_id, position, type, text, target_type, target_verse_dn, target_location_dn, requirement, result, hidden, once, condition_group, conditional_targets, children) VALUES (1149, 511, 0, 'choice', 'Продолжить.', 'verse', 6, NULL, NULL, 'Каждый член команды получает 1 @Terror@.', NULL, FALSE, NULL, NULL, NULL);
INSERT INTO verses (id, location_id, display_number) VALUES (512, 36, 15);
INSERT INTO options (id, verse_id, position, type, text, target_type, target_verse_dn, target_location_dn, requirement, result, hidden, once, condition_group, conditional_targets, children) VALUES (1150, 512, 0, 'choice', 'Присоединиться к общему веселью.', 'verse', 8, NULL, NULL, NULL, NULL, FALSE, NULL, NULL, NULL);
INSERT INTO options (id, verse_id, position, type, text, target_type, target_verse_dn, target_location_dn, requirement, result, hidden, once, condition_group, conditional_targets, children) VALUES (1151, 512, 1, 'choice', 'Попробовать подобраться поближе и подслушать.', 'verse', 13, NULL, NULL, NULL, NULL, FALSE, NULL, NULL, NULL);
INSERT INTO options (id, verse_id, position, type, text, target_type, target_verse_dn, target_location_dn, requirement, result, hidden, once, condition_group, conditional_targets, children) VALUES (1152, 512, 2, 'choice', 'Помочь своей союзнице взять под контроль янтарные отродья. Нет сомнений, что, если янтарные отродья восстанут против своей царицы, начнётся хаос и шабаш прекратится.', 'verse', 11, NULL, 'Нужна глава 8А, часть 1.', NULL, NULL, FALSE, NULL, NULL, NULL);
INSERT INTO options (id, verse_id, position, type, text, target_type, target_verse_dn, target_location_dn, requirement, result, hidden, once, condition_group, conditional_targets, children) VALUES (1153, 512, 3, 'choice', 'Незаметно ускользнуть с шабаша. Пока шабаш не закончится, вернуться будет совсем не сложно.', 'end', NULL, NULL, NULL, 'Получите часть 7 достижения «Кто не рискует».   Исследование окончено.', NULL, FALSE, NULL, NULL, NULL);
INSERT INTO verses (id, location_id, display_number) VALUES (513, 36, 16);
INSERT INTO options (id, verse_id, position, type, text, target_type, target_verse_dn, target_location_dn, requirement, result, hidden, once, condition_group, conditional_targets, children) VALUES (1154, 513, 0, 'choice', '1 @Energy@ Присоединиться к процессии, идущей к горе.', 'verse', 1, NULL, 'Нужны все персонажи. Только если у вас нет части 5 достижения «Наглость» и в этой локации нет @LightTT@.', 'Получите часть 4 достижения «Следопыт».', NULL, FALSE, NULL, NULL, NULL);
INSERT INTO options (id, verse_id, position, type, text, target_type, target_verse_dn, target_location_dn, requirement, result, hidden, once, condition_group, conditional_targets, children) VALUES (1155, 513, 1, 'choice', 'Уйти.', 'end', NULL, NULL, NULL, 'Получите часть 4 достижения «Следопыт».  Исследование окончено.', NULL, FALSE, NULL, NULL, NULL);
INSERT INTO verses (id, location_id, display_number) VALUES (514, 36, 17);
INSERT INTO options (id, verse_id, position, type, text, target_type, target_verse_dn, target_location_dn, requirement, result, hidden, once, condition_group, conditional_targets, children) VALUES (1156, 514, 0, 'condition', 'Если у вас есть хотя бы три части достижения «Союз Чернолесья».', 'cross_location', 980, 1001, NULL, NULL, NULL, FALSE, NULL, NULL, NULL);
INSERT INTO options (id, verse_id, position, type, text, target_type, target_verse_dn, target_location_dn, requirement, result, hidden, once, condition_group, conditional_targets, children) VALUES (1157, 514, 1, 'choice', 'Продолжить.', 'end', NULL, NULL, NULL, 'Исследование окончено.', NULL, FALSE, 'В противном случае.', NULL, NULL);
INSERT INTO verses (id, location_id, display_number) VALUES (515, 36, 18);
INSERT INTO options (id, verse_id, position, type, text, target_type, target_verse_dn, target_location_dn, requirement, result, hidden, once, condition_group, conditional_targets, children) VALUES (1158, 515, 0, 'choice', 'Продолжить.', 'end', NULL, NULL, NULL, 'Исследование окончено.', NULL, FALSE, NULL, NULL, NULL);
INSERT INTO verses (id, location_id, display_number) VALUES (516, 36, 19);
INSERT INTO options (id, verse_id, position, type, text, target_type, target_verse_dn, target_location_dn, requirement, result, hidden, once, condition_group, conditional_targets, children) VALUES (1159, 516, 0, 'condition', 'Продолжить.', 'cross_location', 907, 1001, NULL, NULL, NULL, FALSE, NULL, NULL, NULL);
INSERT INTO verses (id, location_id, display_number) VALUES (517, 36, 20);
INSERT INTO options (id, verse_id, position, type, text, target_type, target_verse_dn, target_location_dn, requirement, result, hidden, once, condition_group, conditional_targets, children) VALUES (1160, 517, 0, 'choice', 'Продолжить.', 'verse', 5, NULL, NULL, NULL, NULL, FALSE, NULL, NULL, NULL);
INSERT INTO verses (id, location_id, display_number) VALUES (518, 36, 21);
INSERT INTO options (id, verse_id, position, type, text, target_type, target_verse_dn, target_location_dn, requirement, result, hidden, once, condition_group, conditional_targets, children) VALUES (1161, 518, 0, 'choice', 'Продолжить.', 'verse', 6, NULL, NULL, NULL, NULL, FALSE, NULL, NULL, NULL);
INSERT INTO verses (id, location_id, display_number) VALUES (519, 36, 22);
INSERT INTO options (id, verse_id, position, type, text, target_type, target_verse_dn, target_location_dn, requirement, result, hidden, once, condition_group, conditional_targets, children) VALUES (1162, 519, 0, 'condition', 'Если итоговый результат 5 или больше.', 'verse', 7, NULL, NULL, NULL, NULL, FALSE, NULL, NULL, NULL);
INSERT INTO options (id, verse_id, position, type, text, target_type, target_verse_dn, target_location_dn, requirement, result, hidden, once, condition_group, conditional_targets, children) VALUES (1163, 519, 1, 'choice', 'Согласиться.', 'verse', 14, NULL, NULL, NULL, NULL, FALSE, NULL, NULL, NULL);
INSERT INTO options (id, verse_id, position, type, text, target_type, target_verse_dn, target_location_dn, requirement, result, hidden, once, condition_group, conditional_targets, children) VALUES (1164, 519, 2, 'choice', 'Отказаться.', 'verse', 12, NULL, NULL, NULL, NULL, FALSE, NULL, NULL, NULL);
INSERT INTO verses (id, location_id, display_number) VALUES (520, 36, 23);
INSERT INTO options (id, verse_id, position, type, text, target_type, target_verse_dn, target_location_dn, requirement, result, hidden, once, condition_group, conditional_targets, children) VALUES (1165, 520, 0, 'choice', 'Продолжить.', 'end', NULL, NULL, NULL, 'Исследование окончено.', NULL, FALSE, NULL, NULL, NULL);

INSERT INTO locations (id, campaign_id, display_number, name) VALUES (37, 1, 137, 'Перунгород');
INSERT INTO verses (id, location_id, display_number) VALUES (521, 37, 0);
INSERT INTO options (id, verse_id, position, type, text, target_type, target_verse_dn, target_location_dn, requirement, result, hidden, once, condition_group, conditional_targets, children) VALUES (1166, 521, 0, 'condition', 'Если вы проходите главу 7А.', 'verse', 2, NULL, NULL, NULL, NULL, FALSE, NULL, NULL, NULL);
INSERT INTO options (id, verse_id, position, type, text, target_type, target_verse_dn, target_location_dn, requirement, result, hidden, once, condition_group, conditional_targets, children) VALUES (1167, 521, 1, 'choice', '2 @Energy@ Помочь морским разбойникам отбить Перунгород.', 'verse', 3, NULL, 'Только если у вас нет ни части 2 достижения «Союз Чернолесья»,  ни части 6 достижения «Тлеющие угольки». Нужна часть 4 достижения «Препятствия».', NULL, NULL, FALSE, NULL, NULL, NULL);
INSERT INTO options (id, verse_id, position, type, text, target_type, target_verse_dn, target_location_dn, requirement, result, hidden, once, condition_group, conditional_targets, children) VALUES (1168, 521, 2, 'choice', '1 @Energy@ Разыскать стражников, ответственных за морскую цепь, и попробовать договориться с ними.', 'verse', 4, NULL, 'Нужна часть 4 достижения «Препятствия».', NULL, NULL, FALSE, NULL, NULL, NULL);
INSERT INTO options (id, verse_id, position, type, text, target_type, target_verse_dn, target_location_dn, requirement, result, hidden, once, condition_group, conditional_targets, children) VALUES (1169, 521, 3, 'choice', '1 @Energy@ Поискать редкие товары.', 'verse', 19, NULL, 'Только если в этой локации нет @LightTT@.', NULL, NULL, FALSE, NULL, NULL, NULL);
INSERT INTO options (id, verse_id, position, type, text, target_type, target_verse_dn, target_location_dn, requirement, result, hidden, once, condition_group, conditional_targets, children) VALUES (1170, 521, 4, 'choice', '1 @Energy@ Выследить янтарное отродье.', 'verse', 1, NULL, 'Нужна часть 2 достижения «Следопыт».', NULL, NULL, FALSE, NULL, NULL, NULL);
INSERT INTO options (id, verse_id, position, type, text, target_type, target_verse_dn, target_location_dn, requirement, result, hidden, once, condition_group, conditional_targets, children) VALUES (1171, 521, 5, 'choice', '1 @Energy@ Торговать.', 'verse', 20, NULL, NULL, NULL, NULL, FALSE, NULL, NULL, NULL);
INSERT INTO options (id, verse_id, position, type, text, target_type, target_verse_dn, target_location_dn, requirement, result, hidden, once, condition_group, conditional_targets, children) VALUES (1172, 521, 6, 'choice', 'Спросить про Янтарный круг и Бесплодную вершину.', 'verse', 8, NULL, NULL, NULL, NULL, FALSE, NULL, NULL, NULL);
INSERT INTO options (id, verse_id, position, type, text, target_type, target_verse_dn, target_location_dn, requirement, result, hidden, once, condition_group, conditional_targets, children) VALUES (1173, 521, 7, 'choice', 'Уйти.', 'end', NULL, NULL, NULL, 'Исследование окончено.', NULL, FALSE, NULL, NULL, NULL);
INSERT INTO verses (id, location_id, display_number) VALUES (522, 37, 1);
INSERT INTO options (id, verse_id, position, type, text, target_type, target_verse_dn, target_location_dn, requirement, result, hidden, once, condition_group, conditional_targets, children) VALUES (1174, 522, 0, 'condition', 'Продолжить.', 'cross_location', 893, 1001, NULL, NULL, NULL, FALSE, NULL, NULL, NULL);
INSERT INTO verses (id, location_id, display_number) VALUES (523, 37, 2);
INSERT INTO options (id, verse_id, position, type, text, target_type, target_verse_dn, target_location_dn, requirement, result, hidden, once, condition_group, conditional_targets, children) VALUES (1175, 523, 0, 'choice', 'Продолжить.', 'end', NULL, NULL, NULL, 'Исследование окончено.', NULL, FALSE, NULL, NULL, NULL);
INSERT INTO verses (id, location_id, display_number) VALUES (524, 37, 3);
INSERT INTO options (id, verse_id, position, type, text, target_type, target_verse_dn, target_location_dn, requirement, result, hidden, once, condition_group, conditional_targets, children) VALUES (1176, 524, 0, 'condition', 'Если в этой локации есть @QuestToken@.', 'verse', 11, NULL, NULL, 'Уберите @QuestToken@ из этой локации.', NULL, FALSE, NULL, NULL, NULL);
INSERT INTO options (id, verse_id, position, type, text, target_type, target_verse_dn, target_location_dn, requirement, result, hidden, once, condition_group, conditional_targets, children) VALUES (1177, 524, 1, 'choice', 'Подстрелить постового издалека, а затем взобраться на башню по цепи.', 'verse', 5, NULL, 'Нужна Гердвин.', NULL, NULL, FALSE, NULL, NULL, NULL);
INSERT INTO options (id, verse_id, position, type, text, target_type, target_verse_dn, target_location_dn, requirement, result, hidden, once, condition_group, conditional_targets, children) VALUES (1178, 524, 2, 'choice', 'Бесшумно проскользнуть к крепости по волнам.', 'verse', 7, NULL, 'Нужна Юнис в искажённой форме.', NULL, NULL, FALSE, NULL, NULL, NULL);
INSERT INTO options (id, verse_id, position, type, text, target_type, target_verse_dn, target_location_dn, requirement, result, hidden, once, condition_group, conditional_targets, children) VALUES (1179, 524, 3, 'choice', 'Нырнуть и проплыть ко входу в крепость под водой.', 'verse', 7, NULL, 'Нужна Юнис не в искажённой форме.', NULL, NULL, FALSE, NULL, NULL, NULL);
INSERT INTO options (id, verse_id, position, type, text, target_type, target_verse_dn, target_location_dn, requirement, result, hidden, once, condition_group, conditional_targets, children) VALUES (1180, 524, 4, 'choice', 'Плыть ко входу в крепость, стараясь по возможности держаться под водой. Ледяные волны залива быстро истощат ваши силы, и из-за одного неверного движения может подняться тревога.', 'verse', 9, NULL, NULL, NULL, NULL, FALSE, NULL, NULL, NULL);
INSERT INTO options (id, verse_id, position, type, text, target_type, target_verse_dn, target_location_dn, requirement, result, hidden, once, condition_group, conditional_targets, children) VALUES (1181, 524, 5, 'choice', 'Уйти.', 'end', NULL, NULL, NULL, 'Исследование окончено.', NULL, FALSE, NULL, NULL, NULL);
INSERT INTO verses (id, location_id, display_number) VALUES (525, 37, 4);
INSERT INTO options (id, verse_id, position, type, text, target_type, target_verse_dn, target_location_dn, requirement, result, hidden, once, condition_group, conditional_targets, children) VALUES (1182, 525, 0, 'choice', 'Заплатить стражникам столько, сколько попросят.', 'end', NULL, NULL, 'Потратьте в общей сложности 4 золота и/или магии за персонажа.', 'Поместите в эту локацию 1 @QuestToken@.   Исследование окончено.', NULL, FALSE, NULL, NULL, NULL);
INSERT INTO options (id, verse_id, position, type, text, target_type, target_verse_dn, target_location_dn, requirement, result, hidden, once, condition_group, conditional_targets, children) VALUES (1183, 525, 1, 'choice', 'Уйти. Проще будет опустить цепь самостоятельно.', 'end', NULL, NULL, NULL, 'Исследование окончено.', NULL, FALSE, NULL, NULL, NULL);
INSERT INTO verses (id, location_id, display_number) VALUES (526, 37, 5);
INSERT INTO options (id, verse_id, position, type, text, target_type, target_verse_dn, target_location_dn, requirement, result, hidden, once, condition_group, conditional_targets, children) VALUES (1184, 526, 0, 'choice', 'Продолжить.', 'verse', 11, NULL, NULL, NULL, NULL, FALSE, NULL, NULL, NULL);
INSERT INTO verses (id, location_id, display_number) VALUES (527, 37, 6);
INSERT INTO options (id, verse_id, position, type, text, target_type, target_verse_dn, target_location_dn, requirement, result, hidden, once, condition_group, conditional_targets, children) VALUES (1185, 527, 0, 'choice', 'Если вы сбросили все @DarkTT@.', 'verse', 13, NULL, NULL, NULL, NULL, FALSE, NULL, NULL, NULL);
INSERT INTO options (id, verse_id, position, type, text, target_type, target_verse_dn, target_location_dn, requirement, result, hidden, once, condition_group, conditional_targets, children) VALUES (1186, 527, 1, 'choice', 'Если все члены команды отступили или при смерти.', 'verse', 18, NULL, NULL, NULL, NULL, FALSE, NULL, NULL, NULL);
INSERT INTO verses (id, location_id, display_number) VALUES (528, 37, 7);
INSERT INTO options (id, verse_id, position, type, text, target_type, target_verse_dn, target_location_dn, requirement, result, hidden, once, condition_group, conditional_targets, children) VALUES (1187, 528, 0, 'choice', 'Продолжить.', 'verse', 11, NULL, NULL, NULL, NULL, FALSE, NULL, NULL, NULL);
INSERT INTO verses (id, location_id, display_number) VALUES (529, 37, 8);
INSERT INTO options (id, verse_id, position, type, text, target_type, target_verse_dn, target_location_dn, requirement, result, hidden, once, condition_group, conditional_targets, children) VALUES (1188, 529, 0, 'choice', 'Продолжить.', 'end', NULL, NULL, NULL, 'Исследование окончено.', NULL, FALSE, NULL, NULL, NULL);
INSERT INTO verses (id, location_id, display_number) VALUES (530, 37, 9);
INSERT INTO options (id, verse_id, position, type, text, target_type, target_verse_dn, target_location_dn, requirement, result, hidden, once, condition_group, conditional_targets, children) VALUES (1189, 530, 0, 'choice', 'Продолжить.', 'verse', 14, NULL, NULL, 'Поместите в эту локацию 1 @QuestToken@.', NULL, FALSE, NULL, NULL, NULL);
INSERT INTO verses (id, location_id, display_number) VALUES (531, 37, 10);
INSERT INTO options (id, verse_id, position, type, text, target_type, target_verse_dn, target_location_dn, requirement, result, hidden, once, condition_group, conditional_targets, children) VALUES (1190, 531, 0, 'choice', 'Если вы победили.', 'verse', 17, NULL, NULL, NULL, NULL, FALSE, NULL, NULL, NULL);
INSERT INTO options (id, verse_id, position, type, text, target_type, target_verse_dn, target_location_dn, requirement, result, hidden, once, condition_group, conditional_targets, children) VALUES (1191, 531, 1, 'choice', 'В противном случае.', 'verse', 18, NULL, NULL, NULL, NULL, FALSE, NULL, NULL, NULL);
INSERT INTO verses (id, location_id, display_number) VALUES (532, 37, 11);
INSERT INTO options (id, verse_id, position, type, text, target_type, target_verse_dn, target_location_dn, requirement, result, hidden, once, condition_group, conditional_targets, children) VALUES (1192, 532, 0, 'condition', 'Если вы проходите главу 9Б.', 'verse', 21, NULL, NULL, NULL, NULL, FALSE, NULL, NULL, NULL);
INSERT INTO options (id, verse_id, position, type, text, target_type, target_verse_dn, target_location_dn, requirement, result, hidden, once, condition_group, conditional_targets, children) VALUES (1193, 532, 1, 'choice', 'Броситься на подмогу туда, где больше всего сражающихся. Вы окажетесь в самом центре ожесточённой битвы.', 'verse', 6, NULL, NULL, NULL, NULL, FALSE, NULL, NULL, NULL);
INSERT INTO options (id, verse_id, position, type, text, target_type, target_verse_dn, target_location_dn, requirement, result, hidden, once, condition_group, conditional_targets, children) VALUES (1194, 532, 2, 'choice', 'Выбрать противника с умом. Вы нападёте на одного из командиров врага и сосредоточитесь на том, чтобы обезвредить его.', 'verse', 10, NULL, NULL, NULL, NULL, FALSE, NULL, NULL, NULL);
INSERT INTO options (id, verse_id, position, type, text, target_type, target_verse_dn, target_location_dn, requirement, result, hidden, once, condition_group, conditional_targets, children) VALUES (1195, 532, 3, 'choice', 'Призвать на помощь горожан. Жители города столпились с копьями и кистенями в руках на безопасном расстоянии от битвы. Может, они согласятся выступить за Варегарда?', 'verse', 12, NULL, NULL, NULL, NULL, FALSE, NULL, NULL, NULL);
INSERT INTO options (id, verse_id, position, type, text, target_type, target_verse_dn, target_location_dn, requirement, result, hidden, once, condition_group, conditional_targets, children) VALUES (1196, 532, 4, 'choice', 'Отойти назад и использовать магию. Вы не собирались рисковать своей шкурой, но ваших магических способностей должно было быть достаточно.', 'verse', 16, NULL, NULL, NULL, NULL, FALSE, NULL, NULL, NULL);
INSERT INTO options (id, verse_id, position, type, text, target_type, target_verse_dn, target_location_dn, requirement, result, hidden, once, condition_group, conditional_targets, children) VALUES (1197, 532, 5, 'choice', 'Не делать ничего. Вы уже сделали всё, что от вас требовалось. Если морские разбойники не смогут отбить город, это будет не ваша вина.', 'verse', 18, NULL, NULL, NULL, NULL, FALSE, NULL, NULL, NULL);
INSERT INTO verses (id, location_id, display_number) VALUES (533, 37, 12);
INSERT INTO options (id, verse_id, position, type, text, target_type, target_verse_dn, target_location_dn, requirement, result, hidden, once, condition_group, conditional_targets, children) VALUES (1198, 533, 0, 'choice', '1—2.', 'verse', 18, NULL, NULL, 'Ваше вмешательство разозлило их, и они бросились в бой на стороне людей Венеды.', NULL, FALSE, NULL, NULL, NULL);
INSERT INTO options (id, verse_id, position, type, text, target_type, target_verse_dn, target_location_dn, requirement, result, hidden, once, condition_group, conditional_targets, children) VALUES (1199, 533, 1, 'choice', '3—4.', 'verse', 11, NULL, NULL, 'Вы не смогли их убедить. Но хотя бы они не пошли сражаться на стороне врага…', NULL, FALSE, NULL, NULL, NULL);
INSERT INTO options (id, verse_id, position, type, text, target_type, target_verse_dn, target_location_dn, requirement, result, hidden, once, condition_group, conditional_targets, children) VALUES (1200, 533, 2, 'choice', '≥5.', 'verse', 17, NULL, NULL, 'Горожане решили использовать эту возможность, чтобы сбросить иго Венеды. Они бросились вперёд, и чаша весов быстро склонилась в сторону Варегарда.', NULL, FALSE, NULL, NULL, NULL);
INSERT INTO verses (id, location_id, display_number) VALUES (534, 37, 13);
INSERT INTO options (id, verse_id, position, type, text, target_type, target_verse_dn, target_location_dn, requirement, result, hidden, once, condition_group, conditional_targets, children) VALUES (1201, 534, 0, 'choice', 'Меньше чем @Cube@ за члена команды.', 'verse', 18, NULL, NULL, 'Вам не удалось значительно повлиять на ход битвы.', NULL, FALSE, NULL, NULL, NULL);
INSERT INTO options (id, verse_id, position, type, text, target_type, target_verse_dn, target_location_dn, requirement, result, hidden, once, condition_group, conditional_targets, children) VALUES (1202, 534, 1, 'choice', 'Столько же или больше чем @Cube@ за члена команды, но меньше чем @Cube2@ за члена команды.', 'verse', 17, NULL, NULL, 'Вы внесли свою лепту, и, возможно, именно благодаря вам морские разбойники остались в живых. За ваши усилия вы получили долю в добыче.  Получите 2 золота.', NULL, FALSE, NULL, NULL, NULL);
INSERT INTO options (id, verse_id, position, type, text, target_type, target_verse_dn, target_location_dn, requirement, result, hidden, once, condition_group, conditional_targets, children) VALUES (1203, 534, 2, 'choice', 'Столько же или больше чем @Cube2@ за члена команды.', 'verse', 17, NULL, NULL, 'Эта победа стала в основном вашей заслугой. Морские разбойники принялись чествовать вас за победу. Вы получили право первыми выбрать добычу.  Каждый член команды теряет 1 @Terror@. Получите 4 золота.', NULL, FALSE, NULL, NULL, NULL);
INSERT INTO verses (id, location_id, display_number) VALUES (535, 37, 14);
INSERT INTO options (id, verse_id, position, type, text, target_type, target_verse_dn, target_location_dn, requirement, result, hidden, once, condition_group, conditional_targets, children) VALUES (1204, 535, 0, 'condition', 'Если в этой локации есть хотя бы 6 @QuestToken@.', 'verse', 15, NULL, NULL, NULL, NULL, FALSE, NULL, NULL, NULL);
INSERT INTO options (id, verse_id, position, type, text, target_type, target_verse_dn, target_location_dn, requirement, result, hidden, once, condition_group, conditional_targets, children) VALUES (1205, 535, 1, 'condition', 'Если в этой локации есть хотя бы 4 @QuestToken@.', 'verse', 22, NULL, NULL, NULL, NULL, FALSE, NULL, NULL, NULL);
INSERT INTO options (id, verse_id, position, type, text, target_type, target_verse_dn, target_location_dn, requirement, result, hidden, once, condition_group, conditional_targets, children) VALUES (1206, 535, 2, 'choice', '1—2.', 'verse', 22, NULL, NULL, 'Стражник морской башни вас заметил!', NULL, FALSE, NULL, NULL, NULL);
INSERT INTO options (id, verse_id, position, type, text, target_type, target_verse_dn, target_location_dn, requirement, result, hidden, once, condition_group, conditional_targets, children) VALUES (1207, 535, 3, 'choice', '3—4.', 'verse', 14, NULL, NULL, 'Сражаясь с холодными волнами, вы проплыли совсем немного, прежде чем вам пришлось вынырнуть от нехватки воздуха.  Поместите в эту локацию 1 @QuestToken@.   Вернитесь к началу этой строфы.', NULL, FALSE, NULL, NULL, NULL);
INSERT INTO options (id, verse_id, position, type, text, target_type, target_verse_dn, target_location_dn, requirement, result, hidden, once, condition_group, conditional_targets, children) VALUES (1208, 535, 4, 'choice', '5—6.', 'verse', 14, NULL, NULL, 'Плыть было тяжело и утомительно, но вы неплохо продвинулись вперёд.   Поместите в эту локацию 2 @QuestToken@.   Вернитесь к началу этой строфы.', NULL, FALSE, NULL, NULL, NULL);
INSERT INTO options (id, verse_id, position, type, text, target_type, target_verse_dn, target_location_dn, requirement, result, hidden, once, condition_group, conditional_targets, children) VALUES (1209, 535, 5, 'choice', '≥7.', 'verse', 14, NULL, NULL, 'Вы рассекали тёмные волны как рыба и преодолели бо́льшую часть пути.  Поместите в эту локацию 3 @QuestToken@.   Вернитесь к началу этой строфы.', NULL, FALSE, NULL, NULL, NULL);
INSERT INTO verses (id, location_id, display_number) VALUES (536, 37, 15);
INSERT INTO options (id, verse_id, position, type, text, target_type, target_verse_dn, target_location_dn, requirement, result, hidden, once, condition_group, conditional_targets, children) VALUES (1210, 536, 0, 'choice', 'Продолжить.', 'verse', 11, NULL, NULL, 'Уберите все @DarkTT@ и @QuestToken@ из этой локации.', NULL, FALSE, NULL, NULL, NULL);
INSERT INTO verses (id, location_id, display_number) VALUES (537, 37, 16);
INSERT INTO options (id, verse_id, position, type, text, target_type, target_verse_dn, target_location_dn, requirement, result, hidden, once, condition_group, conditional_targets, children) VALUES (1211, 537, 0, 'choice', '1—3.', 'verse', 18, NULL, NULL, 'Ваши жалкие попытки помочь только внесли смуту и помешали людям Варегарда.', NULL, FALSE, NULL, NULL, NULL);
INSERT INTO options (id, verse_id, position, type, text, target_type, target_verse_dn, target_location_dn, requirement, result, hidden, once, condition_group, conditional_targets, children) VALUES (1212, 537, 1, 'choice', '4—7.', 'verse', 11, NULL, NULL, 'Заклинания никак не повлияли на ход битвы.', NULL, FALSE, NULL, NULL, NULL);
INSERT INTO options (id, verse_id, position, type, text, target_type, target_verse_dn, target_location_dn, requirement, result, hidden, once, condition_group, conditional_targets, children) VALUES (1213, 537, 2, 'choice', '≥8.', 'verse', 17, NULL, NULL, 'Ваша боевая магия повернула ход битвы в пользу Варегарда и его людей.', NULL, FALSE, NULL, NULL, NULL);
INSERT INTO verses (id, location_id, display_number) VALUES (538, 37, 17);
INSERT INTO options (id, verse_id, position, type, text, target_type, target_verse_dn, target_location_dn, requirement, result, hidden, once, condition_group, conditional_targets, children) VALUES (1214, 538, 0, 'choice', 'Если у вас есть хотя бы три части достижения «Союз Чернолесья».', 'cross_location', 980, 1001, NULL, 'Каждый персонаж получает 1 опыт.  Возьмите 4 предмета В. Оставьте себе 2 из них и сбросьте остальные.', NULL, FALSE, NULL, NULL, NULL);
INSERT INTO options (id, verse_id, position, type, text, target_type, target_verse_dn, target_location_dn, requirement, result, hidden, once, condition_group, conditional_targets, children) VALUES (1215, 538, 1, 'choice', 'В противном случае.', 'end', NULL, NULL, NULL, 'Каждый персонаж получает 1 опыт.  Возьмите 4 предмета В. Оставьте себе 2 из них и сбросьте остальные.  Исследование окончено.', NULL, FALSE, NULL, NULL, NULL);
INSERT INTO verses (id, location_id, display_number) VALUES (539, 37, 18);
INSERT INTO options (id, verse_id, position, type, text, target_type, target_verse_dn, target_location_dn, requirement, result, hidden, once, condition_group, conditional_targets, children) VALUES (1216, 539, 0, 'condition', 'Если вы проходите главу 8А, часть 1 или 3..', 'end', NULL, NULL, NULL, 'Исследование окончено.', NULL, FALSE, NULL, NULL, NULL);
INSERT INTO options (id, verse_id, position, type, text, target_type, target_verse_dn, target_location_dn, requirement, result, hidden, once, condition_group, conditional_targets, children) VALUES (1217, 539, 1, 'choice', 'Продолжить.', 'end', NULL, NULL, NULL, 'Исследование окончено.', NULL, FALSE, 'В противном случае.', NULL, NULL);
INSERT INTO verses (id, location_id, display_number) VALUES (540, 37, 19);
INSERT INTO options (id, verse_id, position, type, text, target_type, target_verse_dn, target_location_dn, requirement, result, hidden, once, condition_group, conditional_targets, children) VALUES (1218, 540, 0, 'choice', '0—5.', 'end', NULL, NULL, NULL, 'Потратив уйму времени, вы решили, что сейчас на рынке нет ничего особо ценного.  Исследование окончено.', NULL, FALSE, NULL, NULL, NULL);
INSERT INTO options (id, verse_id, position, type, text, target_type, target_verse_dn, target_location_dn, requirement, result, hidden, once, condition_group, conditional_targets, children) VALUES (1219, 540, 1, 'choice', '≥6.', 'end', NULL, NULL, NULL, 'Вы нашли редкую вещь, и задёшево!  Поместите 1 @LightTT@ в эту локацию.  Возьмите 1 случайный предмет Д. Можете купить этот предмет за 5 золота. Если вы купили его, получите одну часть достижения «Ограниченный запас».  Исследование окончено.', NULL, FALSE, NULL, NULL, NULL);
INSERT INTO verses (id, location_id, display_number) VALUES (541, 37, 20);
INSERT INTO options (id, verse_id, position, type, text, target_type, target_verse_dn, target_location_dn, requirement, result, hidden, once, condition_group, conditional_targets, children) VALUES (1220, 541, 0, 'condition', 'Продолжить.', 'cross_location', 639, 1001, NULL, NULL, NULL, FALSE, NULL, NULL, NULL);
INSERT INTO verses (id, location_id, display_number) VALUES (542, 37, 21);
INSERT INTO options (id, verse_id, position, type, text, target_type, target_verse_dn, target_location_dn, requirement, result, hidden, once, condition_group, conditional_targets, children) VALUES (1221, 542, 0, 'choice', 'Продолжить.', 'end', NULL, NULL, NULL, 'Исследование окончено.', NULL, FALSE, NULL, NULL, NULL);
INSERT INTO verses (id, location_id, display_number) VALUES (543, 37, 22);
INSERT INTO options (id, verse_id, position, type, text, target_type, target_verse_dn, target_location_dn, requirement, result, hidden, once, condition_group, conditional_targets, children) VALUES (1222, 543, 0, 'choice', 'Продолжить.', 'end', NULL, NULL, NULL, 'Уберите все @DarkTT@ и @QuestToken@ из этой локации.   Исследование окончено.', NULL, FALSE, NULL, NULL, NULL);

INSERT INTO locations (id, campaign_id, display_number, name) VALUES (38, 1, 138, 'Аркона');
INSERT INTO verses (id, location_id, display_number) VALUES (544, 38, 0);
INSERT INTO options (id, verse_id, position, type, text, target_type, target_verse_dn, target_location_dn, requirement, result, hidden, once, condition_group, conditional_targets, children) VALUES (1223, 544, 0, 'condition', 'Если вы проходите главу 9Б.', 'verse', 8, NULL, NULL, NULL, NULL, FALSE, NULL, NULL, NULL);
INSERT INTO options (id, verse_id, position, type, text, target_type, target_verse_dn, target_location_dn, requirement, result, hidden, once, condition_group, conditional_targets, children) VALUES (1224, 544, 1, 'choice', '2 @Energy@ Провести ритуал.', 'verse', 3, NULL, 'Нужна глава 8А, часть 4.', NULL, NULL, FALSE, NULL, NULL, NULL);
INSERT INTO options (id, verse_id, position, type, text, target_type, target_verse_dn, target_location_dn, requirement, result, hidden, once, condition_group, conditional_targets, children) VALUES (1225, 544, 2, 'choice', '1 @Energy@ Посетить палаты Венеды.', 'verse', 2, NULL, 'Только если у вас нет части 9 достижения «Бессердечность».', NULL, NULL, FALSE, NULL, NULL, NULL);
INSERT INTO options (id, verse_id, position, type, text, target_type, target_verse_dn, target_location_dn, requirement, result, hidden, once, condition_group, conditional_targets, children) VALUES (1226, 544, 3, 'choice', '1 @Energy@ Купить редкие товары.', 'verse', 6, NULL, 'Только если в этой локации нет @LightTT@.', NULL, NULL, FALSE, NULL, NULL, NULL);
INSERT INTO options (id, verse_id, position, type, text, target_type, target_verse_dn, target_location_dn, requirement, result, hidden, once, condition_group, conditional_targets, children) VALUES (1227, 544, 4, 'choice', 'Подойти к месту казни.', 'verse', 1, NULL, NULL, NULL, NULL, FALSE, NULL, NULL, NULL);
INSERT INTO options (id, verse_id, position, type, text, target_type, target_verse_dn, target_location_dn, requirement, result, hidden, once, condition_group, conditional_targets, children) VALUES (1228, 544, 5, 'choice', 'Разузнать о Железной дружине.', 'verse', 4, NULL, 'Нужна Гердвин.', NULL, NULL, FALSE, NULL, NULL, NULL);
INSERT INTO options (id, verse_id, position, type, text, target_type, target_verse_dn, target_location_dn, requirement, result, hidden, once, condition_group, conditional_targets, children) VALUES (1229, 544, 6, 'choice', 'Поторговать.', 'verse', 5, NULL, NULL, NULL, NULL, FALSE, NULL, NULL, NULL);
INSERT INTO options (id, verse_id, position, type, text, target_type, target_verse_dn, target_location_dn, requirement, result, hidden, once, condition_group, conditional_targets, children) VALUES (1230, 544, 7, 'choice', 'Уйти.', 'end', NULL, NULL, NULL, 'Исследование окончено.', NULL, FALSE, NULL, NULL, NULL);
INSERT INTO verses (id, location_id, display_number) VALUES (545, 38, 1);
INSERT INTO options (id, verse_id, position, type, text, target_type, target_verse_dn, target_location_dn, requirement, result, hidden, once, condition_group, conditional_targets, children) VALUES (1231, 545, 0, 'choice', 'Продолжить.', 'end', NULL, NULL, NULL, 'Каждый член команды получает 1 @Terror@.   Исследование окончено.', NULL, FALSE, NULL, NULL, NULL);
INSERT INTO verses (id, location_id, display_number) VALUES (546, 38, 2);
INSERT INTO options (id, verse_id, position, type, text, target_type, target_verse_dn, target_location_dn, requirement, result, hidden, once, condition_group, conditional_targets, children) VALUES (1232, 546, 0, 'condition', 'Если вы играете за Осберта.', 'verse', 7, NULL, NULL, NULL, NULL, FALSE, NULL, NULL, NULL);
INSERT INTO options (id, verse_id, position, type, text, target_type, target_verse_dn, target_location_dn, requirement, result, hidden, once, condition_group, conditional_targets, children) VALUES (1233, 546, 1, 'choice', '1—3.', 'end', NULL, NULL, NULL, 'Ваша безалаберность привлекла охрану!  Найдите карту встречи «Рыцарь-подлец» (зелёная, сложность 3) и проведите её. Вне зависимости от её итога исследование окончено.', NULL, FALSE, NULL, NULL, NULL);
INSERT INTO options (id, verse_id, position, type, text, target_type, target_verse_dn, target_location_dn, requirement, result, hidden, once, condition_group, conditional_targets, children) VALUES (1234, 546, 2, 'choice', '4—5.', 'end', NULL, NULL, NULL, 'Вы не смогли проникнуть в палаты, но хотя бы не привлекли внимания.  Исследование окончено.', NULL, FALSE, NULL, NULL, NULL);
INSERT INTO options (id, verse_id, position, type, text, target_type, target_verse_dn, target_location_dn, requirement, result, hidden, once, condition_group, conditional_targets, children) VALUES (1235, 546, 3, 'choice', '≥6.', 'cross_location', 662, 1001, NULL, NULL, NULL, FALSE, NULL, NULL, NULL);
INSERT INTO verses (id, location_id, display_number) VALUES (547, 38, 3);
INSERT INTO options (id, verse_id, position, type, text, target_type, target_verse_dn, target_location_dn, requirement, result, hidden, once, condition_group, conditional_targets, children) VALUES (1236, 547, 0, 'condition', 'Продолжить.', 'cross_location', 907, 1001, NULL, NULL, NULL, FALSE, NULL, NULL, NULL);
INSERT INTO verses (id, location_id, display_number) VALUES (548, 38, 4);
INSERT INTO options (id, verse_id, position, type, text, target_type, target_verse_dn, target_location_dn, requirement, result, hidden, once, condition_group, conditional_targets, children) VALUES (1237, 548, 0, 'choice', 'Продолжить.', 'end', NULL, NULL, NULL, 'Исследование окончено.', NULL, FALSE, NULL, NULL, NULL);
INSERT INTO verses (id, location_id, display_number) VALUES (549, 38, 5);
INSERT INTO options (id, verse_id, position, type, text, target_type, target_verse_dn, target_location_dn, requirement, result, hidden, once, condition_group, conditional_targets, children) VALUES (1238, 549, 0, 'condition', 'Продолжить.', 'cross_location', 639, 1001, NULL, NULL, NULL, FALSE, NULL, NULL, NULL);
INSERT INTO verses (id, location_id, display_number) VALUES (550, 38, 6);
INSERT INTO options (id, verse_id, position, type, text, target_type, target_verse_dn, target_location_dn, requirement, result, hidden, once, condition_group, conditional_targets, children) VALUES (1239, 550, 0, 'choice', '0—5.', 'end', NULL, NULL, NULL, 'Потратив уйму времени, вы решили, что сейчас на рынке нет ничего особо ценного.  Исследование окончено.', NULL, FALSE, NULL, NULL, NULL);
INSERT INTO options (id, verse_id, position, type, text, target_type, target_verse_dn, target_location_dn, requirement, result, hidden, once, condition_group, conditional_targets, children) VALUES (1240, 550, 1, 'choice', '≥6.', 'end', NULL, NULL, NULL, 'Вы нашли редкий предмет, и задёшево!  Поместите 1 @LightTT@ в эту локацию.  Возьмите 1 случайный предмет Д. Можете купить этот предмет за 5 золота. Если вы купили его, получите одну часть достижения «Ограниченный запас».  Исследование окончено.', NULL, FALSE, NULL, NULL, NULL);
INSERT INTO verses (id, location_id, display_number) VALUES (551, 38, 7);
INSERT INTO options (id, verse_id, position, type, text, target_type, target_verse_dn, target_location_dn, requirement, result, hidden, once, condition_group, conditional_targets, children) VALUES (1241, 551, 0, 'choice', 'Продолжить.', 'cross_location', 662, 1001, NULL, NULL, NULL, FALSE, NULL, NULL, NULL);
INSERT INTO verses (id, location_id, display_number) VALUES (552, 38, 8);
INSERT INTO options (id, verse_id, position, type, text, target_type, target_verse_dn, target_location_dn, requirement, result, hidden, once, condition_group, conditional_targets, children) VALUES (1242, 552, 0, 'choice', '1 @Energy@ Пробраться в палаты Венеды.', 'verse', 2, NULL, 'Только если у вас нет части 9 достижения «Бессердечность».', NULL, NULL, FALSE, NULL, NULL, NULL);
INSERT INTO options (id, verse_id, position, type, text, target_type, target_verse_dn, target_location_dn, requirement, result, hidden, once, condition_group, conditional_targets, children) VALUES (1243, 552, 1, 'choice', 'Разузнать о Железной дружине.', 'verse', 4, NULL, 'Нужна Гердвин.', NULL, NULL, FALSE, NULL, NULL, NULL);
INSERT INTO options (id, verse_id, position, type, text, target_type, target_verse_dn, target_location_dn, requirement, result, hidden, once, condition_group, conditional_targets, children) VALUES (1244, 552, 2, 'choice', 'Уйти.', 'end', NULL, NULL, NULL, 'Исследование окончено.', NULL, FALSE, NULL, NULL, NULL);

INSERT INTO locations (id, campaign_id, display_number, name) VALUES (39, 1, 139, 'Змеев яр');
INSERT INTO verses (id, location_id, display_number) VALUES (553, 39, 0);
INSERT INTO options (id, verse_id, position, type, text, target_type, target_verse_dn, target_location_dn, requirement, result, hidden, once, condition_group, conditional_targets, children) VALUES (1245, 553, 0, 'condition', 'Продолжить.', 'cross_location', 457, 999, NULL, NULL, NULL, FALSE, 'Если вы проходите главу 7А.', NULL, NULL);
INSERT INTO options (id, verse_id, position, type, text, target_type, target_verse_dn, target_location_dn, requirement, result, hidden, once, condition_group, conditional_targets, children) VALUES (1246, 553, 1, 'choice', '2 @Energy@ Поищите Белобога.', 'verse', 2, NULL, 'Нужна часть 6 достижения «Трофеи искаженья».', NULL, NULL, FALSE, NULL, NULL, NULL);
INSERT INTO options (id, verse_id, position, type, text, target_type, target_verse_dn, target_location_dn, requirement, result, hidden, once, condition_group, conditional_targets, children) VALUES (1247, 553, 2, 'choice', '1 @Energy@ Войдите в логово Змея.', 'verse', 4, NULL, 'Только если в этой локации нет @LightTT@.', NULL, NULL, FALSE, NULL, NULL, NULL);
INSERT INTO options (id, verse_id, position, type, text, target_type, target_verse_dn, target_location_dn, requirement, result, hidden, once, condition_group, conditional_targets, children) VALUES (1248, 553, 3, 'choice', 'Пройти по скрытой горной тропке.', 'verse', 1, NULL, 'Нужна часть 9 достижения «Топография».', NULL, NULL, FALSE, NULL, NULL, NULL);
INSERT INTO options (id, verse_id, position, type, text, target_type, target_verse_dn, target_location_dn, requirement, result, hidden, once, condition_group, conditional_targets, children) VALUES (1249, 553, 4, 'choice', 'Уйти.', 'end', NULL, NULL, NULL, 'Исследование окончено.', NULL, FALSE, NULL, NULL, NULL);
INSERT INTO verses (id, location_id, display_number) VALUES (554, 39, 1);
INSERT INTO options (id, verse_id, position, type, text, target_type, target_verse_dn, target_location_dn, requirement, result, hidden, once, condition_group, conditional_targets, children) VALUES (1250, 554, 0, 'choice', 'Продолжить.', 'end', NULL, NULL, NULL, 'Исследование окончено.', NULL, FALSE, NULL, NULL, NULL);
INSERT INTO verses (id, location_id, display_number) VALUES (555, 39, 2);
INSERT INTO options (id, verse_id, position, type, text, target_type, target_verse_dn, target_location_dn, requirement, result, hidden, once, condition_group, conditional_targets, children) VALUES (1251, 555, 0, 'choice', 'Продолжить.', 'verse', 4, NULL, NULL, NULL, NULL, FALSE, NULL, NULL, NULL);
INSERT INTO verses (id, location_id, display_number) VALUES (556, 39, 3);
INSERT INTO options (id, verse_id, position, type, text, target_type, target_verse_dn, target_location_dn, requirement, result, hidden, once, condition_group, conditional_targets, children) VALUES (1252, 556, 0, 'choice', '1 @Energy@ Приготовить Змею блюдо, чтобы облегчить его боль.', 'verse', 9, NULL, 'Нужна часть 3 достижения «Древние знания». Потратьте 2 еды за персонажа.', NULL, NULL, FALSE, NULL, NULL, NULL);
INSERT INTO options (id, verse_id, position, type, text, target_type, target_verse_dn, target_location_dn, requirement, result, hidden, once, condition_group, conditional_targets, children) VALUES (1253, 556, 1, 'choice', 'Спросить Змея о Белобоге.', 'verse', 6, NULL, NULL, NULL, NULL, FALSE, NULL, NULL, NULL);
INSERT INTO options (id, verse_id, position, type, text, target_type, target_verse_dn, target_location_dn, requirement, result, hidden, once, condition_group, conditional_targets, children) VALUES (1254, 556, 2, 'choice', 'Предложить Змею стать союзником в борьбе с Венедой.', 'verse', 8, NULL, 'Только если у вас нет части 10 достижения «Путь Венедии».', NULL, NULL, FALSE, NULL, NULL, NULL);
INSERT INTO options (id, verse_id, position, type, text, target_type, target_verse_dn, target_location_dn, requirement, result, hidden, once, condition_group, conditional_targets, children) VALUES (1255, 556, 3, 'choice', 'Осмотреть останки у стен.', 'end', NULL, NULL, 'Осмотреть останки у стен.', NULL, NULL, FALSE, NULL, NULL, '[{"type": "choice", "text": "Продолжить.", "target": "end", "result": "Если у вас нет части 2 достижения «Сквозь искажень-стекло», получите 1 предмет Д и часть 2 достижения «Сквозь искажень-стекло».  Исследование окончено."}]'::jsonb);
INSERT INTO options (id, verse_id, position, type, text, target_type, target_verse_dn, target_location_dn, requirement, result, hidden, once, condition_group, conditional_targets, children) VALUES (1256, 556, 4, 'choice', 'Уйти.', 'end', NULL, NULL, NULL, 'Исследование окончено.', NULL, FALSE, NULL, NULL, NULL);
INSERT INTO verses (id, location_id, display_number) VALUES (557, 39, 4);
INSERT INTO options (id, verse_id, position, type, text, target_type, target_verse_dn, target_location_dn, requirement, result, hidden, once, condition_group, conditional_targets, children) VALUES (1257, 557, 0, 'choice', '1 @Energy@ Следовать за белыми прожилками.', 'end', NULL, NULL, NULL, NULL, NULL, FALSE, 'Если вы проходите главу 9 или 10 либо у вас есть хотя бы одна часть достижения «Время идёт (глава 8)».', NULL, '[{"type": "choice", "text": "Продолжить.", "target": "end", "result": "Если у вас нет части 9 достижения «Топография», получите часть 9 достижения «Топография».  Исследование окончено."}]'::jsonb);
INSERT INTO options (id, verse_id, position, type, text, target_type, target_verse_dn, target_location_dn, requirement, result, hidden, once, condition_group, conditional_targets, children) VALUES (1258, 557, 1, 'choice', 'Если у вас есть синий светофильтр.', 'end', NULL, NULL, 'Осмотреть останки возле логова.', NULL, NULL, FALSE, 'Если вы проходите главу 9 или 10 либо у вас есть хотя бы одна часть достижения «Время идёт (глава 8)».', NULL, '[{"type": "choice", "text": "Продолжить.", "target": "end", "result": "Если у вас нет части 2 достижения «Сквозь искажень-стекло», получите 1 предмет Д и часть 2 достижения «Сквозь искажень-стекло».  Исследование окончено."}]'::jsonb);
INSERT INTO options (id, verse_id, position, type, text, target_type, target_verse_dn, target_location_dn, requirement, result, hidden, once, condition_group, conditional_targets, children) VALUES (1259, 557, 2, 'choice', 'Уйти.', 'end', NULL, NULL, NULL, 'Исследование окончено.', NULL, FALSE, 'Если вы проходите главу 9 или 10 либо у вас есть хотя бы одна часть достижения «Время идёт (глава 8)».', NULL, NULL);
INSERT INTO options (id, verse_id, position, type, text, target_type, target_verse_dn, target_location_dn, requirement, result, hidden, once, condition_group, conditional_targets, children) VALUES (1260, 557, 3, 'choice', 'Вступить в бой с дочерьми Змея.', 'verse', 3, NULL, 'Найдите секретную карту встречи 239 «Вила» (фиолетовая, сложность 4) и проведите её.  Если вы победили.', NULL, NULL, FALSE, NULL, NULL, NULL);
INSERT INTO options (id, verse_id, position, type, text, target_type, target_verse_dn, target_location_dn, requirement, result, hidden, once, condition_group, conditional_targets, children) VALUES (1261, 557, 4, 'choice', 'Вступить в бой с дочерьми Змея.', 'end', NULL, NULL, NULL, 'Исследование окончено.', NULL, FALSE, NULL, NULL, NULL);
INSERT INTO options (id, verse_id, position, type, text, target_type, target_verse_dn, target_location_dn, requirement, result, hidden, once, condition_group, conditional_targets, children) VALUES (1262, 557, 5, 'choice', 'Предложить дары дочерям Змея.', 'verse', 5, NULL, 'Потратьте 2 золота за персонажа.', NULL, NULL, FALSE, NULL, NULL, NULL);
INSERT INTO options (id, verse_id, position, type, text, target_type, target_verse_dn, target_location_dn, requirement, result, hidden, once, condition_group, conditional_targets, children) VALUES (1263, 557, 6, 'choice', 'Присоединиться к их песне.', 'verse', 7, NULL, 'Нужна часть 1 или 2 достижения «Песни Авалона».', NULL, NULL, FALSE, NULL, NULL, NULL);
INSERT INTO options (id, verse_id, position, type, text, target_type, target_verse_dn, target_location_dn, requirement, result, hidden, once, condition_group, conditional_targets, children) VALUES (1264, 557, 7, 'choice', 'Уйти.', 'end', NULL, NULL, NULL, 'Исследование окончено.', NULL, FALSE, NULL, NULL, NULL);
INSERT INTO verses (id, location_id, display_number) VALUES (558, 39, 5);
INSERT INTO options (id, verse_id, position, type, text, target_type, target_verse_dn, target_location_dn, requirement, result, hidden, once, condition_group, conditional_targets, children) VALUES (1265, 558, 0, 'choice', 'Продолжить.', 'verse', 3, NULL, NULL, NULL, NULL, FALSE, NULL, NULL, NULL);
INSERT INTO verses (id, location_id, display_number) VALUES (559, 39, 6);
INSERT INTO options (id, verse_id, position, type, text, target_type, target_verse_dn, target_location_dn, requirement, result, hidden, once, condition_group, conditional_targets, children) VALUES (1266, 559, 0, 'choice', 'Продолжить.', 'verse', 3, NULL, NULL, NULL, NULL, FALSE, NULL, NULL, NULL);
INSERT INTO verses (id, location_id, display_number) VALUES (560, 39, 7);
INSERT INTO options (id, verse_id, position, type, text, target_type, target_verse_dn, target_location_dn, requirement, result, hidden, once, condition_group, conditional_targets, children) VALUES (1267, 560, 0, 'choice', 'Продолжить.', 'verse', 3, NULL, NULL, 'Получите часть 3 достижения «Песни Авалона».', NULL, FALSE, NULL, NULL, NULL);
INSERT INTO verses (id, location_id, display_number) VALUES (561, 39, 8);
INSERT INTO options (id, verse_id, position, type, text, target_type, target_verse_dn, target_location_dn, requirement, result, hidden, once, condition_group, conditional_targets, children) VALUES (1268, 561, 0, 'choice', 'Продолжить.', 'verse', 3, NULL, NULL, NULL, NULL, FALSE, NULL, NULL, NULL);
INSERT INTO verses (id, location_id, display_number) VALUES (562, 39, 9);
INSERT INTO options (id, verse_id, position, type, text, target_type, target_verse_dn, target_location_dn, requirement, result, hidden, once, condition_group, conditional_targets, children) VALUES (1269, 562, 0, 'condition', 'Продолжить.', 'cross_location', 372, 999, NULL, NULL, NULL, FALSE, NULL, NULL, NULL);

INSERT INTO locations (id, campaign_id, display_number, name) VALUES (40, 1, 140, 'Берёзовые кручи');
INSERT INTO verses (id, location_id, display_number) VALUES (563, 40, 0);
INSERT INTO options (id, verse_id, position, type, text, target_type, target_verse_dn, target_location_dn, requirement, result, hidden, once, condition_group, conditional_targets, children) VALUES (1270, 563, 0, 'condition', 'Если вы проходите главу 9 или 10.', 'verse', 16, NULL, NULL, NULL, NULL, FALSE, NULL, NULL, NULL);
INSERT INTO options (id, verse_id, position, type, text, target_type, target_verse_dn, target_location_dn, requirement, result, hidden, once, condition_group, conditional_targets, children) VALUES (1271, 563, 1, 'condition', 'Если у вас есть часть 3 достижения «Горькая правда».', 'verse', 2, NULL, NULL, NULL, NULL, FALSE, NULL, NULL, NULL);
INSERT INTO options (id, verse_id, position, type, text, target_type, target_verse_dn, target_location_dn, requirement, result, hidden, once, condition_group, conditional_targets, children) VALUES (1272, 563, 2, 'condition', 'В противном случае.', 'verse', 20, NULL, NULL, NULL, NULL, FALSE, NULL, NULL, NULL);
INSERT INTO verses (id, location_id, display_number) VALUES (564, 40, 1);
INSERT INTO options (id, verse_id, position, type, text, target_type, target_verse_dn, target_location_dn, requirement, result, hidden, once, condition_group, conditional_targets, children) VALUES (1273, 564, 0, 'choice', 'Продолжить.', 'end', NULL, NULL, NULL, 'Получите часть 4 достижения «Кто не рискует».  Исследование окончено.', NULL, FALSE, NULL, NULL, NULL);
INSERT INTO verses (id, location_id, display_number) VALUES (565, 40, 2);
INSERT INTO options (id, verse_id, position, type, text, target_type, target_verse_dn, target_location_dn, requirement, result, hidden, once, condition_group, conditional_targets, children) VALUES (1274, 565, 0, 'choice', '2 @Energy@ Подплыть к кораблю.', 'verse', 4, NULL, NULL, NULL, NULL, FALSE, NULL, NULL, NULL);
INSERT INTO options (id, verse_id, position, type, text, target_type, target_verse_dn, target_location_dn, requirement, result, hidden, once, condition_group, conditional_targets, children) VALUES (1275, 565, 1, 'choice', '1 @Energy@ Разыскать янтарное отродье.', 'verse', 14, NULL, 'Нужна часть 1 достижения «Следопыт».', NULL, NULL, FALSE, NULL, NULL, NULL);
INSERT INTO options (id, verse_id, position, type, text, target_type, target_verse_dn, target_location_dn, requirement, result, hidden, once, condition_group, conditional_targets, children) VALUES (1276, 565, 2, 'choice', 'Навестить укротителя избушек и его стадо.', 'verse', 8, NULL, NULL, NULL, NULL, FALSE, NULL, NULL, NULL);
INSERT INTO options (id, verse_id, position, type, text, target_type, target_verse_dn, target_location_dn, requirement, result, hidden, once, condition_group, conditional_targets, children) VALUES (1277, 565, 3, 'choice', 'Уйти.', 'end', NULL, NULL, NULL, 'Исследование окончено.', NULL, FALSE, NULL, NULL, NULL);
INSERT INTO verses (id, location_id, display_number) VALUES (566, 40, 3);
INSERT INTO options (id, verse_id, position, type, text, target_type, target_verse_dn, target_location_dn, requirement, result, hidden, once, condition_group, conditional_targets, children) VALUES (1278, 566, 0, 'choice', 'Если количество равно хотя бы 2 + 1 за персонажа.', 'verse', 5, NULL, NULL, NULL, NULL, FALSE, NULL, NULL, NULL);
INSERT INTO options (id, verse_id, position, type, text, target_type, target_verse_dn, target_location_dn, requirement, result, hidden, once, condition_group, conditional_targets, children) VALUES (1279, 566, 1, 'choice', 'В противном случае.', 'end', NULL, NULL, NULL, 'Ещё много избушек носились беспризорными, а пойманные грозились со временем разбежаться. Не зевайте!  Исследование окончено.', NULL, FALSE, NULL, NULL, NULL);
INSERT INTO verses (id, location_id, display_number) VALUES (567, 40, 4);
INSERT INTO options (id, verse_id, position, type, text, target_type, target_verse_dn, target_location_dn, requirement, result, hidden, once, condition_group, conditional_targets, children) VALUES (1280, 567, 0, 'condition', 'Если у вас есть часть 4 достижения «Препятствия».', 'verse', 19, NULL, NULL, NULL, NULL, FALSE, NULL, NULL, NULL);
INSERT INTO options (id, verse_id, position, type, text, target_type, target_verse_dn, target_location_dn, requirement, result, hidden, once, condition_group, conditional_targets, children) VALUES (1281, 567, 1, 'condition', 'Если вы не проходите главу 9Б и у вас есть хотя бы одна часть достижения «Время идёт (глава 8)».', 'verse', 15, NULL, NULL, NULL, NULL, FALSE, NULL, NULL, NULL);
INSERT INTO options (id, verse_id, position, type, text, target_type, target_verse_dn, target_location_dn, requirement, result, hidden, once, condition_group, conditional_targets, children) VALUES (1282, 567, 2, 'condition', 'Если вы играете за Юнис.', 'verse', 10, NULL, NULL, NULL, NULL, FALSE, NULL, NULL, NULL);
INSERT INTO options (id, verse_id, position, type, text, target_type, target_verse_dn, target_location_dn, requirement, result, hidden, once, condition_group, conditional_targets, children) VALUES (1283, 567, 3, 'condition', 'В противном случае.', 'verse', 17, NULL, NULL, NULL, NULL, FALSE, NULL, NULL, NULL);
INSERT INTO verses (id, location_id, display_number) VALUES (568, 40, 5);
INSERT INTO options (id, verse_id, position, type, text, target_type, target_verse_dn, target_location_dn, requirement, result, hidden, once, condition_group, conditional_targets, children) VALUES (1284, 568, 0, 'choice', 'Продолжить.', 'verse', 8, NULL, NULL, 'Если у вас нет части 3 достижения «Горькая правда», получите 2 золота и 1 предмет В. Затем получите часть 3 достижения «Горькая правда».', NULL, FALSE, NULL, NULL, NULL);
INSERT INTO verses (id, location_id, display_number) VALUES (569, 40, 6);
INSERT INTO options (id, verse_id, position, type, text, target_type, target_verse_dn, target_location_dn, requirement, result, hidden, once, condition_group, conditional_targets, children) VALUES (1285, 569, 0, 'choice', 'Продолжить.', 'end', NULL, NULL, NULL, 'Если у вас нет карты секрета 33, получите 3 магии и карту секрета 33.  Исследование окончено.', NULL, FALSE, NULL, NULL, NULL);
INSERT INTO verses (id, location_id, display_number) VALUES (570, 40, 7);
INSERT INTO options (id, verse_id, position, type, text, target_type, target_verse_dn, target_location_dn, requirement, result, hidden, once, condition_group, conditional_targets, children) VALUES (1286, 570, 0, 'choice', 'Спросить их, кто они и как здесь оказались.', 'verse', 9, NULL, NULL, NULL, NULL, FALSE, NULL, NULL, NULL);
INSERT INTO options (id, verse_id, position, type, text, target_type, target_verse_dn, target_location_dn, requirement, result, hidden, once, condition_group, conditional_targets, children) VALUES (1287, 570, 1, 'choice', 'Спросить капитана, не зовут ли его Варегардом и не поможет ли он вашему делу.', 'verse', 18, NULL, 'Только если вы проходите главу 9Б, часть 4.', NULL, NULL, FALSE, NULL, NULL, NULL);
INSERT INTO options (id, verse_id, position, type, text, target_type, target_verse_dn, target_location_dn, requirement, result, hidden, once, condition_group, conditional_targets, children) VALUES (1288, 570, 2, 'choice', 'Попросить их присоединиться к Союзу Чернолесья.', 'verse', 11, NULL, 'Только если вы проходите главу 8А. Нужна часть 9 достижения «Путь Венедии».', NULL, NULL, FALSE, NULL, NULL, NULL);
INSERT INTO options (id, verse_id, position, type, text, target_type, target_verse_dn, target_location_dn, requirement, result, hidden, once, condition_group, conditional_targets, children) VALUES (1289, 570, 3, 'choice', 'Уйти.', 'end', NULL, NULL, NULL, 'Исследование окончено.', NULL, FALSE, NULL, NULL, NULL);
INSERT INTO verses (id, location_id, display_number) VALUES (571, 40, 8);
INSERT INTO options (id, verse_id, position, type, text, target_type, target_verse_dn, target_location_dn, requirement, result, hidden, once, condition_group, conditional_targets, children) VALUES (1290, 571, 0, 'choice', '1 @Energy@ Обыскать избушки.', 'verse', 6, NULL, NULL, NULL, NULL, FALSE, NULL, NULL, NULL);
INSERT INTO options (id, verse_id, position, type, text, target_type, target_verse_dn, target_location_dn, requirement, result, hidden, once, condition_group, conditional_targets, children) VALUES (1291, 571, 1, 'choice', 'Спросить укротителя, смогли бы избушки послужить Союзу Чернолесья.', 'verse', 13, NULL, 'Нужна часть 9 достижения «Путь Венедии».', NULL, NULL, FALSE, NULL, NULL, NULL);
INSERT INTO options (id, verse_id, position, type, text, target_type, target_verse_dn, target_location_dn, requirement, result, hidden, once, condition_group, conditional_targets, children) VALUES (1292, 571, 2, 'choice', 'Уйти.', 'end', NULL, NULL, NULL, 'Исследование окончено.', NULL, FALSE, NULL, NULL, NULL);
INSERT INTO verses (id, location_id, display_number) VALUES (572, 40, 9);
INSERT INTO options (id, verse_id, position, type, text, target_type, target_verse_dn, target_location_dn, requirement, result, hidden, once, condition_group, conditional_targets, children) VALUES (1293, 572, 0, 'choice', 'Спросить его, поможет ли он вам в вашем деле.', 'verse', 18, NULL, 'Только если вы проходите главу 9Б, часть 4.', NULL, NULL, FALSE, NULL, NULL, NULL);
INSERT INTO options (id, verse_id, position, type, text, target_type, target_verse_dn, target_location_dn, requirement, result, hidden, once, condition_group, conditional_targets, children) VALUES (1294, 572, 1, 'choice', 'Попросить его присоединиться к Союзу Чернолесья.', 'verse', 11, NULL, 'Только если вы проходите главу 8А. Нужна часть 9 достижения «Путь Венедии».', NULL, NULL, FALSE, NULL, NULL, NULL);
INSERT INTO options (id, verse_id, position, type, text, target_type, target_verse_dn, target_location_dn, requirement, result, hidden, once, condition_group, conditional_targets, children) VALUES (1295, 572, 2, 'choice', 'Уйти.', 'end', NULL, NULL, NULL, 'Исследование окончено.', NULL, FALSE, NULL, NULL, NULL);
INSERT INTO verses (id, location_id, display_number) VALUES (573, 40, 10);
INSERT INTO options (id, verse_id, position, type, text, target_type, target_verse_dn, target_location_dn, requirement, result, hidden, once, condition_group, conditional_targets, children) VALUES (1296, 573, 0, 'choice', 'Продолжить.', 'verse', 7, NULL, NULL, NULL, NULL, FALSE, NULL, NULL, NULL);
INSERT INTO verses (id, location_id, display_number) VALUES (574, 40, 11);
INSERT INTO options (id, verse_id, position, type, text, target_type, target_verse_dn, target_location_dn, requirement, result, hidden, once, condition_group, conditional_targets, children) VALUES (1297, 574, 0, 'choice', 'Продолжить.', 'end', NULL, NULL, NULL, 'Получите часть 4 достижения «Препятствия».  Исследование окончено.', NULL, FALSE, NULL, NULL, NULL);
INSERT INTO verses (id, location_id, display_number) VALUES (575, 40, 12);
INSERT INTO options (id, verse_id, position, type, text, target_type, target_verse_dn, target_location_dn, requirement, result, hidden, once, condition_group, conditional_targets, children) VALUES (1298, 575, 0, 'choice', 'Продолжить.', 'end', NULL, NULL, NULL, 'Исследование окончено.', NULL, FALSE, NULL, NULL, NULL);
INSERT INTO verses (id, location_id, display_number) VALUES (576, 40, 13);
INSERT INTO options (id, verse_id, position, type, text, target_type, target_verse_dn, target_location_dn, requirement, result, hidden, once, condition_group, conditional_targets, children) VALUES (1299, 576, 0, 'condition', 'Если у вас есть хотя бы три части достижения «Союз Чернолесья».', 'cross_location', 980, 1001, NULL, 'Получите часть 4 достижения «Союз Чернолесья».', NULL, FALSE, NULL, NULL, NULL);
INSERT INTO options (id, verse_id, position, type, text, target_type, target_verse_dn, target_location_dn, requirement, result, hidden, once, condition_group, conditional_targets, children) VALUES (1300, 576, 1, 'condition', 'В противном случае.', 'end', NULL, NULL, NULL, 'Получите часть 4 достижения «Союз Чернолесья».  Исследование окончено.', NULL, FALSE, NULL, NULL, NULL);
INSERT INTO verses (id, location_id, display_number) VALUES (577, 40, 14);
INSERT INTO options (id, verse_id, position, type, text, target_type, target_verse_dn, target_location_dn, requirement, result, hidden, once, condition_group, conditional_targets, children) VALUES (1301, 577, 0, 'condition', 'Продолжить.', 'cross_location', 889, 1001, NULL, NULL, NULL, FALSE, NULL, NULL, NULL);
INSERT INTO verses (id, location_id, display_number) VALUES (578, 40, 15);
INSERT INTO options (id, verse_id, position, type, text, target_type, target_verse_dn, target_location_dn, requirement, result, hidden, once, condition_group, conditional_targets, children) VALUES (1302, 578, 0, 'choice', 'Продолжить.', 'end', NULL, NULL, NULL, 'Исследование окончено.', NULL, FALSE, NULL, NULL, NULL);
INSERT INTO verses (id, location_id, display_number) VALUES (579, 40, 16);
INSERT INTO options (id, verse_id, position, type, text, target_type, target_verse_dn, target_location_dn, requirement, result, hidden, once, condition_group, conditional_targets, children) VALUES (1303, 579, 0, 'choice', '2 @Energy@ Подплыть к кораблю.', 'verse', 4, NULL, 'Только если вы проходите главу 9Б, часть 4.', NULL, NULL, FALSE, NULL, NULL, NULL);
INSERT INTO options (id, verse_id, position, type, text, target_type, target_verse_dn, target_location_dn, requirement, result, hidden, once, condition_group, conditional_targets, children) VALUES (1304, 579, 1, 'choice', 'Уйти.', 'end', NULL, NULL, NULL, 'Исследование окончено.', NULL, FALSE, NULL, NULL, NULL);
INSERT INTO verses (id, location_id, display_number) VALUES (580, 40, 17);
INSERT INTO options (id, verse_id, position, type, text, target_type, target_verse_dn, target_location_dn, requirement, result, hidden, once, condition_group, conditional_targets, children) VALUES (1305, 580, 0, 'condition', 'Если хотя бы половина членов команды в искажённой форме или у вас есть хотя бы 4 очка @Aggression@.', 'verse', 7, NULL, NULL, NULL, NULL, FALSE, NULL, NULL, NULL);
INSERT INTO options (id, verse_id, position, type, text, target_type, target_verse_dn, target_location_dn, requirement, result, hidden, once, condition_group, conditional_targets, children) VALUES (1306, 580, 1, 'condition', 'В противном случае.', 'verse', 21, NULL, NULL, NULL, NULL, FALSE, NULL, NULL, NULL);
INSERT INTO verses (id, location_id, display_number) VALUES (581, 40, 18);
INSERT INTO options (id, verse_id, position, type, text, target_type, target_verse_dn, target_location_dn, requirement, result, hidden, once, condition_group, conditional_targets, children) VALUES (1307, 581, 0, 'choice', 'Продолжить.', 'end', NULL, NULL, NULL, 'Получите часть 4 достижения «Препятствия».  Исследование окончено.', NULL, FALSE, NULL, NULL, NULL);
INSERT INTO verses (id, location_id, display_number) VALUES (582, 40, 19);
INSERT INTO options (id, verse_id, position, type, text, target_type, target_verse_dn, target_location_dn, requirement, result, hidden, once, condition_group, conditional_targets, children) VALUES (1308, 582, 0, 'choice', 'Продолжить.', 'end', NULL, NULL, NULL, 'Исследование окончено.', NULL, FALSE, NULL, NULL, NULL);
INSERT INTO verses (id, location_id, display_number) VALUES (583, 40, 20);
INSERT INTO options (id, verse_id, position, type, text, target_type, target_verse_dn, target_location_dn, requirement, result, hidden, once, condition_group, conditional_targets, children) VALUES (1309, 583, 0, 'choice', '2 @Energy@ Подплыть к кораблю.', 'verse', 4, NULL, NULL, NULL, NULL, FALSE, NULL, NULL, NULL);
INSERT INTO options (id, verse_id, position, type, text, target_type, target_verse_dn, target_location_dn, requirement, result, hidden, once, condition_group, conditional_targets, children) VALUES (1310, 583, 1, 'choice', '2 @Energy@ Укротить избушки.', 'verse', 3, NULL, 'Нужна часть 4 достижения «Кто не рискует».', NULL, NULL, FALSE, NULL, NULL, NULL);
INSERT INTO options (id, verse_id, position, type, text, target_type, target_verse_dn, target_location_dn, requirement, result, hidden, once, condition_group, conditional_targets, children) VALUES (1311, 583, 2, 'choice', '1 @Energy@ Разыскать янтарное отродье.', 'verse', 14, NULL, 'Нужна часть 1 достижения «Следопыт».', NULL, NULL, FALSE, NULL, NULL, NULL);
INSERT INTO options (id, verse_id, position, type, text, target_type, target_verse_dn, target_location_dn, requirement, result, hidden, once, condition_group, conditional_targets, children) VALUES (1312, 583, 3, 'choice', 'Поговорить с укротителем избушек.', 'verse', 1, NULL, NULL, NULL, NULL, FALSE, NULL, NULL, NULL);
INSERT INTO options (id, verse_id, position, type, text, target_type, target_verse_dn, target_location_dn, requirement, result, hidden, once, condition_group, conditional_targets, children) VALUES (1313, 583, 4, 'choice', 'Уйти.', 'end', NULL, NULL, NULL, 'Исследование окончено.', NULL, FALSE, NULL, NULL, NULL);
INSERT INTO verses (id, location_id, display_number) VALUES (584, 40, 21);
INSERT INTO options (id, verse_id, position, type, text, target_type, target_verse_dn, target_location_dn, requirement, result, hidden, once, condition_group, conditional_targets, children) VALUES (1314, 584, 0, 'condition', 'Если вы победили за 3 активации или меньше.', 'verse', 7, NULL, NULL, NULL, NULL, FALSE, NULL, NULL, NULL);
INSERT INTO options (id, verse_id, position, type, text, target_type, target_verse_dn, target_location_dn, requirement, result, hidden, once, condition_group, conditional_targets, children) VALUES (1315, 584, 1, 'condition', 'В противном случае.', 'verse', 12, NULL, NULL, NULL, NULL, FALSE, NULL, NULL, NULL);

INSERT INTO locations (id, campaign_id, display_number, name) VALUES (41, 1, 141, 'Сердце чащ');
INSERT INTO verses (id, location_id, display_number) VALUES (585, 41, 0);
INSERT INTO options (id, verse_id, position, type, text, target_type, target_verse_dn, target_location_dn, requirement, result, hidden, once, condition_group, conditional_targets, children) VALUES (1316, 585, 0, 'condition', 'Если открыто особое событие Е.', 'verse', 2, NULL, NULL, NULL, NULL, FALSE, NULL, NULL, NULL);
INSERT INTO options (id, verse_id, position, type, text, target_type, target_verse_dn, target_location_dn, requirement, result, hidden, once, condition_group, conditional_targets, children) VALUES (1317, 585, 1, 'condition', 'Если вы проходите главу 6А, часть 2 или 3.', 'verse', 3, NULL, NULL, NULL, NULL, FALSE, NULL, NULL, NULL);
INSERT INTO options (id, verse_id, position, type, text, target_type, target_verse_dn, target_location_dn, requirement, result, hidden, once, condition_group, conditional_targets, children) VALUES (1318, 585, 2, 'choice', '2 @Energy@ Успокоить древомудров.', 'verse', 1, NULL, 'Нужны части 3 и 4 достижения «Путь Венедии».', NULL, NULL, FALSE, NULL, NULL, NULL);
INSERT INTO options (id, verse_id, position, type, text, target_type, target_verse_dn, target_location_dn, requirement, result, hidden, once, condition_group, conditional_targets, children) VALUES (1319, 585, 3, 'choice', 'Отступить из чащи.', 'end', NULL, NULL, NULL, 'Исследование окончено.', NULL, FALSE, NULL, NULL, NULL);
INSERT INTO verses (id, location_id, display_number) VALUES (586, 41, 1);
INSERT INTO options (id, verse_id, position, type, text, target_type, target_verse_dn, target_location_dn, requirement, result, hidden, once, condition_group, conditional_targets, children) VALUES (1320, 586, 0, 'choice', 'Продолжить.', 'end', NULL, NULL, NULL, 'Получите 1 предмет В.', NULL, FALSE, NULL, NULL, '[{"type": "choice", "text": "Выслушать его. Ответить ему, что желаете узнать, как вернуть себе прежний облик.", "conditionalTargets": [{"condition": "Продолжить.", "location": 999, "verse": 331}]}, {"type": "choice", "text": "Отказаться. Ответить ему, что вы довольны своим новым телом.", "target": "end", "children": [{"type": "condition", "text": "Продолжить.", "target": {"location": 999, "verse": 274}}]}]'::jsonb);
INSERT INTO verses (id, location_id, display_number) VALUES (587, 41, 2);
INSERT INTO options (id, verse_id, position, type, text, target_type, target_verse_dn, target_location_dn, requirement, result, hidden, once, condition_group, conditional_targets, children) VALUES (1321, 587, 0, 'choice', 'Продолжить.', 'end', NULL, NULL, NULL, 'Исследование окончено.', NULL, FALSE, NULL, NULL, NULL);
INSERT INTO verses (id, location_id, display_number) VALUES (588, 41, 3);
INSERT INTO options (id, verse_id, position, type, text, target_type, target_verse_dn, target_location_dn, requirement, result, hidden, once, condition_group, conditional_targets, children) VALUES (1322, 588, 0, 'choice', 'Продолжить.', 'end', NULL, NULL, NULL, 'Исследование окончено.', NULL, FALSE, NULL, NULL, NULL);
INSERT INTO verses (id, location_id, display_number) VALUES (589, 41, 4);

INSERT INTO locations (id, campaign_id, display_number, name) VALUES (42, 1, 150, 'Тропа рабов');
INSERT INTO verses (id, location_id, display_number) VALUES (590, 42, 0);
INSERT INTO options (id, verse_id, position, type, text, target_type, target_verse_dn, target_location_dn, requirement, result, hidden, once, condition_group, conditional_targets, children) VALUES (1323, 590, 0, 'choice', 'Пойти на юг, в Фоморскую провинцию.', 'verse', 1, NULL, 'Нужны все персонажи.', NULL, NULL, FALSE, NULL, NULL, NULL);
INSERT INTO options (id, verse_id, position, type, text, target_type, target_verse_dn, target_location_dn, requirement, result, hidden, once, condition_group, conditional_targets, children) VALUES (1324, 590, 1, 'choice', 'Уйти.', 'end', NULL, NULL, NULL, 'Исследование окончено.', NULL, FALSE, NULL, NULL, NULL);
INSERT INTO verses (id, location_id, display_number) VALUES (591, 42, 1);
INSERT INTO options (id, verse_id, position, type, text, target_type, target_verse_dn, target_location_dn, requirement, result, hidden, once, condition_group, conditional_targets, children) VALUES (1325, 591, 0, 'condition', 'Если вы проходите главу 5.', 'verse', 2, NULL, NULL, NULL, NULL, FALSE, NULL, NULL, NULL);
INSERT INTO options (id, verse_id, position, type, text, target_type, target_verse_dn, target_location_dn, requirement, result, hidden, once, condition_group, conditional_targets, children) VALUES (1326, 591, 1, 'condition', 'Если вы проходите главу 6, часть 1.', 'cross_location', 419, 999, NULL, NULL, NULL, FALSE, NULL, NULL, NULL);
INSERT INTO options (id, verse_id, position, type, text, target_type, target_verse_dn, target_location_dn, requirement, result, hidden, once, condition_group, conditional_targets, children) VALUES (1327, 591, 2, 'condition', 'Если вы проходите главу 6A, 7A или 8A.', 'verse', 4, NULL, NULL, NULL, NULL, FALSE, NULL, NULL, NULL);
INSERT INTO options (id, verse_id, position, type, text, target_type, target_verse_dn, target_location_dn, requirement, result, hidden, once, condition_group, conditional_targets, children) VALUES (1328, 591, 3, 'condition', 'Если вы проходите главу 9А, часть 1.', 'verse', 3, NULL, NULL, NULL, NULL, FALSE, NULL, NULL, NULL);
INSERT INTO options (id, verse_id, position, type, text, target_type, target_verse_dn, target_location_dn, requirement, result, hidden, once, condition_group, conditional_targets, children) VALUES (1329, 591, 4, 'choice', 'Продолжить.', 'cross_location', 446, 999, NULL, NULL, NULL, FALSE, NULL, NULL, NULL);
INSERT INTO verses (id, location_id, display_number) VALUES (592, 42, 2);
INSERT INTO options (id, verse_id, position, type, text, target_type, target_verse_dn, target_location_dn, requirement, result, hidden, once, condition_group, conditional_targets, children) VALUES (1330, 592, 0, 'choice', 'Продолжить.', 'end', NULL, NULL, NULL, 'Исследование окончено.', NULL, FALSE, NULL, NULL, NULL);
INSERT INTO verses (id, location_id, display_number) VALUES (593, 42, 3);
INSERT INTO options (id, verse_id, position, type, text, target_type, target_verse_dn, target_location_dn, requirement, result, hidden, once, condition_group, conditional_targets, children) VALUES (1331, 593, 0, 'condition', 'Продолжить.', 'cross_location', 143, 999, NULL, NULL, NULL, FALSE, NULL, NULL, NULL);
INSERT INTO verses (id, location_id, display_number) VALUES (594, 42, 4);
INSERT INTO options (id, verse_id, position, type, text, target_type, target_verse_dn, target_location_dn, requirement, result, hidden, once, condition_group, conditional_targets, children) VALUES (1332, 594, 0, 'choice', 'Продолжить.', 'end', NULL, NULL, NULL, 'Исследование окончено.', NULL, FALSE, NULL, NULL, NULL);

INSERT INTO locations (id, campaign_id, display_number, name) VALUES (43, 1, 151, 'Северная пристань');
INSERT INTO verses (id, location_id, display_number) VALUES (595, 43, 0);
INSERT INTO options (id, verse_id, position, type, text, target_type, target_verse_dn, target_location_dn, requirement, result, hidden, once, condition_group, conditional_targets, children) VALUES (1333, 595, 0, 'condition', 'Если у вас нет части 1 достижения «Бюрократия».', 'verse', 2, NULL, NULL, 'Поместите 2 @LightTT@ в эту локацию.', NULL, FALSE, NULL, NULL, NULL);
INSERT INTO options (id, verse_id, position, type, text, target_type, target_verse_dn, target_location_dn, requirement, result, hidden, once, condition_group, conditional_targets, children) VALUES (1334, 595, 1, 'condition', 'Если в этой локации нет @LightTT@.', 'end', NULL, NULL, NULL, 'Поместите в неё 2 @LightTT@, возьмите синюю карту встречи и проведите её. Затем исследование окончено.', NULL, FALSE, NULL, NULL, NULL);
INSERT INTO options (id, verse_id, position, type, text, target_type, target_verse_dn, target_location_dn, requirement, result, hidden, once, condition_group, conditional_targets, children) VALUES (1335, 595, 2, 'choice', '1 @Energy@ Поторговать на аванпосте.', 'verse', 3, NULL, NULL, NULL, NULL, FALSE, NULL, NULL, NULL);
INSERT INTO options (id, verse_id, position, type, text, target_type, target_verse_dn, target_location_dn, requirement, result, hidden, once, condition_group, conditional_targets, children) VALUES (1336, 595, 3, 'choice', 'Поплыть на лодке к перевалу Короля.', 'verse', 8, NULL, 'Нужны все персонажи. Потратьте 2 золота за персонажа.', NULL, NULL, FALSE, NULL, NULL, NULL);
INSERT INTO options (id, verse_id, position, type, text, target_type, target_verse_dn, target_location_dn, requirement, result, hidden, once, condition_group, conditional_targets, children) VALUES (1337, 595, 4, 'choice', 'Пойти по Тропе рабов к перевалу Короля.', 'verse', 9, NULL, 'Нужны все персонажи. Потратьте 1 @Energy@ за персонажа.', NULL, NULL, FALSE, NULL, NULL, NULL);
INSERT INTO options (id, verse_id, position, type, text, target_type, target_verse_dn, target_location_dn, requirement, result, hidden, once, condition_group, conditional_targets, children) VALUES (1338, 595, 5, 'choice', 'Воспользоваться фоморским прибрежным транспортом.', 'cross_location', 2, 999, NULL, NULL, NULL, FALSE, NULL, NULL, NULL);
INSERT INTO options (id, verse_id, position, type, text, target_type, target_verse_dn, target_location_dn, requirement, result, hidden, once, condition_group, conditional_targets, children) VALUES (1339, 595, 6, 'choice', 'Уйти.', 'end', NULL, NULL, NULL, 'Исследование окончено.', NULL, FALSE, NULL, NULL, NULL);
INSERT INTO verses (id, location_id, display_number) VALUES (596, 43, 1);
INSERT INTO options (id, verse_id, position, type, text, target_type, target_verse_dn, target_location_dn, requirement, result, hidden, once, condition_group, conditional_targets, children) VALUES (1340, 596, 0, 'condition', 'Если вы проходите главу 9А.', 'cross_location', 144, 999, NULL, NULL, NULL, FALSE, NULL, NULL, NULL);
INSERT INTO options (id, verse_id, position, type, text, target_type, target_verse_dn, target_location_dn, requirement, result, hidden, once, condition_group, conditional_targets, children) VALUES (1341, 596, 1, 'condition', 'Если вы играете за Юнис.', 'cross_location', 238, 999, NULL, NULL, NULL, FALSE, NULL, NULL, NULL);
INSERT INTO options (id, verse_id, position, type, text, target_type, target_verse_dn, target_location_dn, requirement, result, hidden, once, condition_group, conditional_targets, children) VALUES (1342, 596, 2, 'choice', 'Продолжить.', 'cross_location', 256, 999, NULL, NULL, NULL, FALSE, 'В противном случае.', NULL, NULL);
INSERT INTO verses (id, location_id, display_number) VALUES (597, 43, 2);
INSERT INTO options (id, verse_id, position, type, text, target_type, target_verse_dn, target_location_dn, requirement, result, hidden, once, condition_group, conditional_targets, children) VALUES (1343, 597, 0, 'choice', 'Продолжить.', 'verse', 1, NULL, NULL, NULL, NULL, FALSE, NULL, NULL, NULL);
INSERT INTO verses (id, location_id, display_number) VALUES (598, 43, 3);
INSERT INTO options (id, verse_id, position, type, text, target_type, target_verse_dn, target_location_dn, requirement, result, hidden, once, condition_group, conditional_targets, children) VALUES (1344, 598, 0, 'condition', 'Если у вас есть часть 1 достижения «Засуха».', 'end', NULL, NULL, NULL, 'Всё снаряжение было отправлено на войну.  Исследование окончено.', NULL, FALSE, NULL, NULL, NULL);
INSERT INTO options (id, verse_id, position, type, text, target_type, target_verse_dn, target_location_dn, requirement, result, hidden, once, condition_group, conditional_targets, children) VALUES (1345, 598, 1, 'choice', 'Купить еду.', 'verse', 3, NULL, 'Потратьте 2 золота.', 'Получите 1 еду.  Сделайте новый выбор.', NULL, FALSE, NULL, NULL, NULL);
INSERT INTO options (id, verse_id, position, type, text, target_type, target_verse_dn, target_location_dn, requirement, result, hidden, once, condition_group, conditional_targets, children) VALUES (1346, 598, 2, 'choice', 'Продать еду.', 'verse', 3, NULL, 'Потратьте 2 еды.', 'Получите 1 золото.  Сделайте новый выбор.', NULL, FALSE, NULL, NULL, NULL);
INSERT INTO options (id, verse_id, position, type, text, target_type, target_verse_dn, target_location_dn, requirement, result, hidden, once, condition_group, conditional_targets, children) VALUES (1347, 598, 3, 'choice', 'Продать снаряжение.', 'verse', 3, NULL, 'Сбросьте 1 предмет.', 'Получите 1 золото.  Сделайте новый выбор.', NULL, FALSE, NULL, NULL, NULL);
INSERT INTO options (id, verse_id, position, type, text, target_type, target_verse_dn, target_location_dn, requirement, result, hidden, once, condition_group, conditional_targets, children) VALUES (1348, 598, 4, 'choice', 'Купить дивосвечу.', 'verse', 3, NULL, 'Потратьте 1 золото.', 'Получите одноразовый предмет «Дивосвеча» (если он доступен).', NULL, FALSE, NULL, NULL, NULL);
INSERT INTO options (id, verse_id, position, type, text, target_type, target_verse_dn, target_location_dn, requirement, result, hidden, once, condition_group, conditional_targets, children) VALUES (1349, 598, 5, 'choice', 'Купить одноразовые предметы.', 'verse', 3, NULL, NULL, 'Возьмите 2 одноразовых предмета. Можете купить любые из них, потратив 1 золото за каждый. Замешайте некупленное обратно в колоду одноразовых предметов.  Сделайте новый выбор (в этом исследовании выбрать этот вариант больше нельзя).', NULL, FALSE, NULL, NULL, NULL);
INSERT INTO options (id, verse_id, position, type, text, target_type, target_verse_dn, target_location_dn, requirement, result, hidden, once, condition_group, conditional_targets, children) VALUES (1350, 598, 6, 'choice', 'Поговорить с армикустодом.', 'verse', 5, NULL, 'Только если вы проходите главу 6—8B.', NULL, NULL, FALSE, NULL, NULL, NULL);
INSERT INTO options (id, verse_id, position, type, text, target_type, target_verse_dn, target_location_dn, requirement, result, hidden, once, condition_group, conditional_targets, children) VALUES (1351, 598, 7, 'choice', 'Уйти.', 'end', NULL, NULL, NULL, 'Исследование окончено.', NULL, FALSE, NULL, NULL, NULL);
INSERT INTO verses (id, location_id, display_number) VALUES (599, 43, 4);
INSERT INTO options (id, verse_id, position, type, text, target_type, target_verse_dn, target_location_dn, requirement, result, hidden, once, condition_group, conditional_targets, children) VALUES (1352, 599, 0, 'choice', 'Продолжить.', 'end', NULL, NULL, NULL, 'Получите часть 5 достижения «Слухи и сплетни».   Исследование окончено.', NULL, FALSE, NULL, NULL, NULL);
INSERT INTO verses (id, location_id, display_number) VALUES (600, 43, 5);
INSERT INTO options (id, verse_id, position, type, text, target_type, target_verse_dn, target_location_dn, requirement, result, hidden, once, condition_group, conditional_targets, children) VALUES (1353, 600, 0, 'condition', 'Если у вас есть хотя бы две части достижения «Время идёт» для текущей главы.', 'end', NULL, NULL, NULL, 'Армикустод уехал в Колонию-Мариану.  Исследование окончено.', NULL, FALSE, NULL, NULL, NULL);
INSERT INTO options (id, verse_id, position, type, text, target_type, target_verse_dn, target_location_dn, requirement, result, hidden, once, condition_group, conditional_targets, children) VALUES (1354, 600, 1, 'choice', '1 @Energy@ Спросить его о Нонии.', 'verse', 4, NULL, NULL, NULL, NULL, FALSE, NULL, NULL, NULL);
INSERT INTO options (id, verse_id, position, type, text, target_type, target_verse_dn, target_location_dn, requirement, result, hidden, once, condition_group, conditional_targets, children) VALUES (1355, 600, 2, 'choice', 'Спросить его о магистрате.', 'verse', 7, NULL, NULL, NULL, NULL, FALSE, NULL, NULL, NULL);
INSERT INTO options (id, verse_id, position, type, text, target_type, target_verse_dn, target_location_dn, requirement, result, hidden, once, condition_group, conditional_targets, children) VALUES (1356, 600, 3, 'choice', 'Привести ему рабов.', 'verse', 6, NULL, 'Нужна карта секрета 25. Только если у вас нет части 1 достижения «Угнетатель».', NULL, NULL, FALSE, NULL, NULL, NULL);
INSERT INTO options (id, verse_id, position, type, text, target_type, target_verse_dn, target_location_dn, requirement, result, hidden, once, condition_group, conditional_targets, children) VALUES (1357, 600, 4, 'choice', 'Уйти.', 'end', NULL, NULL, NULL, 'Исследование окончено.', NULL, FALSE, NULL, NULL, NULL);
INSERT INTO verses (id, location_id, display_number) VALUES (601, 43, 6);
INSERT INTO options (id, verse_id, position, type, text, target_type, target_verse_dn, target_location_dn, requirement, result, hidden, once, condition_group, conditional_targets, children) VALUES (1358, 601, 0, 'choice', 'Продолжить.', 'end', NULL, NULL, NULL, 'Получите 8 золота и 1 предмет Г.   Получите часть 1 достижения «Угнетатель».  Исследование окончено.', NULL, FALSE, NULL, NULL, NULL);
INSERT INTO verses (id, location_id, display_number) VALUES (602, 43, 7);
INSERT INTO options (id, verse_id, position, type, text, target_type, target_verse_dn, target_location_dn, requirement, result, hidden, once, condition_group, conditional_targets, children) VALUES (1359, 602, 0, 'choice', 'Продолжить.', 'verse', 5, NULL, NULL, NULL, NULL, FALSE, NULL, NULL, NULL);
INSERT INTO verses (id, location_id, display_number) VALUES (603, 43, 8);
INSERT INTO options (id, verse_id, position, type, text, target_type, target_verse_dn, target_location_dn, requirement, result, hidden, once, condition_group, conditional_targets, children) VALUES (1360, 603, 0, 'condition', 'Продолжить.', 'cross_location', 298, 999, NULL, NULL, NULL, FALSE, NULL, NULL, NULL);
INSERT INTO verses (id, location_id, display_number) VALUES (604, 43, 9);
INSERT INTO options (id, verse_id, position, type, text, target_type, target_verse_dn, target_location_dn, requirement, result, hidden, once, condition_group, conditional_targets, children) VALUES (1361, 604, 0, 'choice', '1—3.', 'verse', 10, NULL, NULL, 'Каждый персонаж теряет 1 @Health@ и получает 1 @Terror@.', NULL, FALSE, NULL, NULL, NULL);
INSERT INTO options (id, verse_id, position, type, text, target_type, target_verse_dn, target_location_dn, requirement, result, hidden, once, condition_group, conditional_targets, children) VALUES (1362, 604, 1, 'choice', '4—7.', 'verse', 10, NULL, NULL, NULL, NULL, FALSE, NULL, NULL, NULL);
INSERT INTO options (id, verse_id, position, type, text, target_type, target_verse_dn, target_location_dn, requirement, result, hidden, once, condition_group, conditional_targets, children) VALUES (1363, 604, 2, 'choice', '≥8.', 'cross_location', 298, 999, NULL, NULL, NULL, FALSE, NULL, NULL, NULL);
INSERT INTO verses (id, location_id, display_number) VALUES (605, 43, 10);
INSERT INTO options (id, verse_id, position, type, text, target_type, target_verse_dn, target_location_dn, requirement, result, hidden, once, condition_group, conditional_targets, children) VALUES (1364, 605, 0, 'condition', 'Если любой персонаж в искажённой форме.', 'cross_location', 298, 999, 'Найдите карту встречи 209 «Хранители тропы» (зелёная) и проведите её.  Если вы победили.', NULL, NULL, FALSE, NULL, NULL, NULL);
INSERT INTO options (id, verse_id, position, type, text, target_type, target_verse_dn, target_location_dn, requirement, result, hidden, once, condition_group, conditional_targets, children) VALUES (1365, 605, 1, 'condition', 'Если любой персонаж в искажённой форме.', 'end', NULL, NULL, NULL, 'Исследование окончено.', NULL, FALSE, NULL, NULL, NULL);
INSERT INTO options (id, verse_id, position, type, text, target_type, target_verse_dn, target_location_dn, requirement, result, hidden, once, condition_group, conditional_targets, children) VALUES (1366, 605, 2, 'condition', 'Если никто из персонажей не в искажённой форме.', 'end', NULL, NULL, 'Найдите секретную карту встречи 249 «Фоморы-раболовы» (синяя, сложность 4) и проведите её.  Если развязка @RedOutcome@.', 'Исследование окончено.', NULL, FALSE, NULL, NULL, NULL);
INSERT INTO options (id, verse_id, position, type, text, target_type, target_verse_dn, target_location_dn, requirement, result, hidden, once, condition_group, conditional_targets, children) VALUES (1367, 605, 3, 'condition', 'Если никто из персонажей не в искажённой форме.', 'cross_location', 298, 999, NULL, NULL, NULL, FALSE, NULL, NULL, NULL);

INSERT INTO locations (id, campaign_id, display_number, name) VALUES (44, 1, 152, 'Виллы-рустики');
INSERT INTO verses (id, location_id, display_number) VALUES (606, 44, 0);
INSERT INTO options (id, verse_id, position, type, text, target_type, target_verse_dn, target_location_dn, requirement, result, hidden, once, condition_group, conditional_targets, children) VALUES (1368, 606, 0, 'choice', '2 @Energy@ Встретиться с порабощёнными людьми.', 'cross_location', 147, 999, 'Нужна часть 7 достижения «Случайные встречи». Только если у вас нет части 4 достижения «Планы и интриги».', NULL, NULL, FALSE, NULL, NULL, NULL);
INSERT INTO options (id, verse_id, position, type, text, target_type, target_verse_dn, target_location_dn, requirement, result, hidden, once, condition_group, conditional_targets, children) VALUES (1369, 606, 1, 'choice', '1 @Energy@ Подойти к усадьбе Нония.', 'verse', 10, NULL, NULL, NULL, NULL, FALSE, NULL, NULL, NULL);
INSERT INTO options (id, verse_id, position, type, text, target_type, target_verse_dn, target_location_dn, requirement, result, hidden, once, condition_group, conditional_targets, children) VALUES (1370, 606, 2, 'choice', '1 @Energy@ Осмотреть лес.', 'verse', 5, NULL, NULL, NULL, NULL, FALSE, NULL, NULL, NULL);
INSERT INTO options (id, verse_id, position, type, text, target_type, target_verse_dn, target_location_dn, requirement, result, hidden, once, condition_group, conditional_targets, children) VALUES (1371, 606, 3, 'choice', 'Посетить виллу Октавии.', 'verse', 2, NULL, NULL, NULL, NULL, FALSE, NULL, NULL, NULL);
INSERT INTO options (id, verse_id, position, type, text, target_type, target_verse_dn, target_location_dn, requirement, result, hidden, once, condition_group, conditional_targets, children) VALUES (1372, 606, 4, 'choice', 'Найти дворец Капреллиды.', 'verse', 3, NULL, 'Нужна часть 5 достижения «Слухи и сплетни».', NULL, NULL, FALSE, NULL, NULL, NULL);
INSERT INTO options (id, verse_id, position, type, text, target_type, target_verse_dn, target_location_dn, requirement, result, hidden, once, condition_group, conditional_targets, children) VALUES (1373, 606, 5, 'choice', 'Получить лицензию на охоту.', 'verse', 1, NULL, 'Только если у вас нет части 2 достижения «Бюрократия».', NULL, NULL, FALSE, NULL, NULL, NULL);
INSERT INTO options (id, verse_id, position, type, text, target_type, target_verse_dn, target_location_dn, requirement, result, hidden, once, condition_group, conditional_targets, children) VALUES (1374, 606, 6, 'choice', 'Уйти.', 'end', NULL, NULL, NULL, 'Исследование окончено.', NULL, FALSE, NULL, NULL, NULL);
INSERT INTO verses (id, location_id, display_number) VALUES (607, 44, 1);
INSERT INTO options (id, verse_id, position, type, text, target_type, target_verse_dn, target_location_dn, requirement, result, hidden, once, condition_group, conditional_targets, children) VALUES (1375, 607, 0, 'choice', 'Купить лицензию на охоту (потратьте 4 золота или 6 магии).', 'end', NULL, NULL, NULL, 'Получите часть 2 достижения «Бюрократия».  Исследование окончено.', NULL, FALSE, NULL, NULL, NULL);
INSERT INTO options (id, verse_id, position, type, text, target_type, target_verse_dn, target_location_dn, requirement, result, hidden, once, condition_group, conditional_targets, children) VALUES (1376, 607, 1, 'choice', '1 @Energy@ Убедите их дать вам лицензию.', 'verse', 6, NULL, NULL, NULL, NULL, FALSE, NULL, NULL, NULL);
INSERT INTO options (id, verse_id, position, type, text, target_type, target_verse_dn, target_location_dn, requirement, result, hidden, once, condition_group, conditional_targets, children) VALUES (1377, 607, 2, 'choice', 'Уйти.', 'end', NULL, NULL, NULL, 'Исследование окончено.', NULL, FALSE, NULL, NULL, NULL);
INSERT INTO verses (id, location_id, display_number) VALUES (608, 44, 2);
INSERT INTO options (id, verse_id, position, type, text, target_type, target_verse_dn, target_location_dn, requirement, result, hidden, once, condition_group, conditional_targets, children) VALUES (1378, 608, 0, 'condition', 'Если вы играете за Юнис и у вас нет части 7 достижения «Личные дела».', 'cross_location', 615, 1001, NULL, NULL, NULL, FALSE, NULL, NULL, NULL);
INSERT INTO options (id, verse_id, position, type, text, target_type, target_verse_dn, target_location_dn, requirement, result, hidden, once, condition_group, conditional_targets, children) VALUES (1379, 608, 1, 'condition', 'Если вы проходите главу 7—8.', 'verse', 7, NULL, NULL, NULL, NULL, FALSE, NULL, NULL, NULL);
INSERT INTO options (id, verse_id, position, type, text, target_type, target_verse_dn, target_location_dn, requirement, result, hidden, once, condition_group, conditional_targets, children) VALUES (1380, 608, 2, 'condition', 'В противном случае.', 'end', NULL, NULL, NULL, 'Вы узнали, что Октавия сейчас пребывает в Колонии-Мариане и управляющий не пускает тех, кто не  знаком с Октавией лично.  Исследование конечно.', NULL, FALSE, NULL, NULL, NULL);
INSERT INTO verses (id, location_id, display_number) VALUES (609, 44, 3);
INSERT INTO options (id, verse_id, position, type, text, target_type, target_verse_dn, target_location_dn, requirement, result, hidden, once, condition_group, conditional_targets, children) VALUES (1381, 609, 0, 'condition', 'Если вы проходите главу главу 9—10.', 'end', NULL, NULL, NULL, 'Капреллида больше не в своём поместье.  Исследование окончено.', NULL, FALSE, NULL, NULL, NULL);
INSERT INTO options (id, verse_id, position, type, text, target_type, target_verse_dn, target_location_dn, requirement, result, hidden, once, condition_group, conditional_targets, children) VALUES (1382, 609, 1, 'condition', 'Если у вас нет ни одной части достижения «Время идёт» для текущей главы.', 'end', NULL, NULL, NULL, 'Капреллида пока не вернулась домой.  Исследование окончено.', NULL, FALSE, NULL, NULL, NULL);
INSERT INTO options (id, verse_id, position, type, text, target_type, target_verse_dn, target_location_dn, requirement, result, hidden, once, condition_group, conditional_targets, children) VALUES (1383, 609, 2, 'choice', 'Продолжить.', 'end', NULL, NULL, NULL, 'Получите часть 8 достижения «Смутная догадка».  Исследование окончено.', NULL, FALSE, NULL, NULL, NULL);
INSERT INTO verses (id, location_id, display_number) VALUES (610, 44, 4);
INSERT INTO options (id, verse_id, position, type, text, target_type, target_verse_dn, target_location_dn, requirement, result, hidden, once, condition_group, conditional_targets, children) VALUES (1384, 610, 0, 'condition', 'Если у вас есть синий светофильтр.', 'verse', 4, NULL, NULL, 'А рядом было ещё одно дупло…   Получите 1 еду.', NULL, FALSE, NULL, NULL, NULL);
INSERT INTO options (id, verse_id, position, type, text, target_type, target_verse_dn, target_location_dn, requirement, result, hidden, once, condition_group, conditional_targets, children) VALUES (1385, 610, 1, 'choice', 'Продолжить.', 'end', NULL, NULL, NULL, 'Если у вас нет части 10 достижения «Добытчик», получите 5 еды и часть 10 достижения «Добытчик».  Исследование окончено.', NULL, FALSE, NULL, NULL, NULL);
INSERT INTO verses (id, location_id, display_number) VALUES (611, 44, 5);
INSERT INTO options (id, verse_id, position, type, text, target_type, target_verse_dn, target_location_dn, requirement, result, hidden, once, condition_group, conditional_targets, children) VALUES (1386, 611, 0, 'condition', 'Если вы играете за Гердвин и у вас нет части 4 достижения «Случайные встречи».', 'cross_location', 567, 999, NULL, NULL, NULL, FALSE, NULL, NULL, NULL);
INSERT INTO options (id, verse_id, position, type, text, target_type, target_verse_dn, target_location_dn, requirement, result, hidden, once, condition_group, conditional_targets, children) VALUES (1387, 611, 1, 'choice', '1—5.', 'verse', 8, NULL, NULL, 'К вам приближалась группа фоморских лесников…', NULL, FALSE, NULL, NULL, NULL);
INSERT INTO options (id, verse_id, position, type, text, target_type, target_verse_dn, target_location_dn, requirement, result, hidden, once, condition_group, conditional_targets, children) VALUES (1388, 611, 2, 'choice', '6—8.', 'verse', 4, NULL, NULL, NULL, NULL, FALSE, NULL, NULL, NULL);
INSERT INTO options (id, verse_id, position, type, text, target_type, target_verse_dn, target_location_dn, requirement, result, hidden, once, condition_group, conditional_targets, children) VALUES (1389, 611, 3, 'choice', '≥9+.', 'cross_location', 637, 1001, NULL, NULL, NULL, FALSE, NULL, NULL, NULL);
INSERT INTO verses (id, location_id, display_number) VALUES (612, 44, 6);
INSERT INTO options (id, verse_id, position, type, text, target_type, target_verse_dn, target_location_dn, requirement, result, hidden, once, condition_group, conditional_targets, children) VALUES (1390, 612, 0, 'condition', 'Если развязка @GreenOutcome@.', 'end', NULL, NULL, NULL, 'Получите часть 2 достижения «Бюрократия».  Исследование окончено.', NULL, FALSE, NULL, NULL, NULL);
INSERT INTO options (id, verse_id, position, type, text, target_type, target_verse_dn, target_location_dn, requirement, result, hidden, once, condition_group, conditional_targets, children) VALUES (1391, 612, 1, 'condition', 'В противном случае.', 'end', NULL, NULL, NULL, 'Исследование окончено.', NULL, FALSE, NULL, NULL, NULL);
INSERT INTO verses (id, location_id, display_number) VALUES (613, 44, 7);
INSERT INTO options (id, verse_id, position, type, text, target_type, target_verse_dn, target_location_dn, requirement, result, hidden, once, condition_group, conditional_targets, children) VALUES (1392, 613, 0, 'condition', 'Если у вас есть часть 2 достижения «Грехи владыки» и нет части 4 достижения «Грехи владыки».', 'cross_location', 299, 999, NULL, NULL, NULL, FALSE, NULL, NULL, NULL);
INSERT INTO options (id, verse_id, position, type, text, target_type, target_verse_dn, target_location_dn, requirement, result, hidden, once, condition_group, conditional_targets, children) VALUES (1393, 613, 1, 'choice', 'Продолжить.', 'end', NULL, NULL, NULL, 'Каждый член команды может потратить 2 @Energy@, чтобы получить 1 @Health@ и потерять 1 @Terror@.  Исследование окончено.', NULL, FALSE, NULL, NULL, NULL);
INSERT INTO verses (id, location_id, display_number) VALUES (614, 44, 8);
INSERT INTO options (id, verse_id, position, type, text, target_type, target_verse_dn, target_location_dn, requirement, result, hidden, once, condition_group, conditional_targets, children) VALUES (1394, 614, 0, 'condition', 'Если у вас есть часть 2 достижения «Бюрократия».', 'end', NULL, NULL, NULL, 'Лесники помогли вам найти обратную дорогу.  Исследование окончено.', NULL, FALSE, NULL, NULL, NULL);
INSERT INTO options (id, verse_id, position, type, text, target_type, target_verse_dn, target_location_dn, requirement, result, hidden, once, condition_group, conditional_targets, children) VALUES (1395, 614, 1, 'choice', 'Продолжить.', 'end', NULL, NULL, NULL, 'Найдите секретную карту встречи 246 «Фомор-сборщик налогов» (синяя, сложность 3) и проведите её.    Вне зависимости от её итога исследование окончено.', NULL, FALSE, NULL, NULL, NULL);
INSERT INTO verses (id, location_id, display_number) VALUES (615, 44, 9);
INSERT INTO options (id, verse_id, position, type, text, target_type, target_verse_dn, target_location_dn, requirement, result, hidden, once, condition_group, conditional_targets, children) VALUES (1396, 615, 0, 'choice', '2 @Energy@ Тщательно осмотреть дом.', 'verse', 12, NULL, NULL, NULL, NULL, FALSE, NULL, NULL, NULL);
INSERT INTO options (id, verse_id, position, type, text, target_type, target_verse_dn, target_location_dn, requirement, result, hidden, once, condition_group, conditional_targets, children) VALUES (1397, 615, 1, 'choice', 'Найти карту для сенатора.', 'verse', 14, NULL, 'Нужна часть 3 достижения «Бюрократия».', NULL, NULL, FALSE, NULL, NULL, NULL);
INSERT INTO options (id, verse_id, position, type, text, target_type, target_verse_dn, target_location_dn, requirement, result, hidden, once, condition_group, conditional_targets, children) VALUES (1398, 615, 2, 'choice', 'Посетить комнаты рабов.', 'verse', 13, NULL, 'Нужна часть 7 достижения «Смутная догадка».', NULL, NULL, FALSE, NULL, NULL, NULL);
INSERT INTO options (id, verse_id, position, type, text, target_type, target_verse_dn, target_location_dn, requirement, result, hidden, once, condition_group, conditional_targets, children) VALUES (1399, 615, 3, 'choice', 'Уйти.', 'end', NULL, NULL, NULL, 'Исследование окончено.', NULL, FALSE, NULL, NULL, NULL);
INSERT INTO verses (id, location_id, display_number) VALUES (616, 44, 10);
INSERT INTO options (id, verse_id, position, type, text, target_type, target_verse_dn, target_location_dn, requirement, result, hidden, once, condition_group, conditional_targets, children) VALUES (1400, 616, 0, 'condition', 'Если у вас есть часть 7 достижения «Дипломат».', 'verse', 9, NULL, NULL, NULL, NULL, FALSE, NULL, NULL, NULL);
INSERT INTO options (id, verse_id, position, type, text, target_type, target_verse_dn, target_location_dn, requirement, result, hidden, once, condition_group, conditional_targets, children) VALUES (1401, 616, 1, 'choice', 'Воззвать к чувствам фирболга.', 'verse', 11, NULL, 'Нужно хотя бы 3 @Empathy@.', NULL, NULL, FALSE, NULL, NULL, NULL);
INSERT INTO options (id, verse_id, position, type, text, target_type, target_verse_dn, target_location_dn, requirement, result, hidden, once, condition_group, conditional_targets, children) VALUES (1402, 616, 2, 'choice', 'Подкупить фирболга, чтобы он пропустил вас.', 'verse', 15, NULL, 'Потратьте 3 золота за персонажа.', NULL, NULL, FALSE, NULL, NULL, NULL);
INSERT INTO options (id, verse_id, position, type, text, target_type, target_verse_dn, target_location_dn, requirement, result, hidden, once, condition_group, conditional_targets, children) VALUES (1403, 616, 3, 'choice', 'Показать пропуск.', 'verse', 15, NULL, 'Нужна часть 3 достижения «Бюрократия».', NULL, NULL, FALSE, NULL, NULL, NULL);
INSERT INTO options (id, verse_id, position, type, text, target_type, target_verse_dn, target_location_dn, requirement, result, hidden, once, condition_group, conditional_targets, children) VALUES (1404, 616, 4, 'choice', 'Уйти.', 'end', NULL, NULL, NULL, 'Исследование окончено.', NULL, FALSE, NULL, NULL, NULL);
INSERT INTO verses (id, location_id, display_number) VALUES (617, 44, 11);
INSERT INTO options (id, verse_id, position, type, text, target_type, target_verse_dn, target_location_dn, requirement, result, hidden, once, condition_group, conditional_targets, children) VALUES (1405, 617, 0, 'choice', 'Продолжить.', 'verse', 9, NULL, NULL, 'Получите часть 7 достижения «Дипломат».', NULL, FALSE, NULL, NULL, NULL);
INSERT INTO verses (id, location_id, display_number) VALUES (618, 44, 12);
INSERT INTO options (id, verse_id, position, type, text, target_type, target_verse_dn, target_location_dn, requirement, result, hidden, once, condition_group, conditional_targets, children) VALUES (1406, 618, 0, 'condition', 'Если у вас нет части 5 достижения «Грехи владыки».', 'cross_location', 56, 999, NULL, NULL, NULL, FALSE, NULL, NULL, NULL);
INSERT INTO options (id, verse_id, position, type, text, target_type, target_verse_dn, target_location_dn, requirement, result, hidden, once, condition_group, conditional_targets, children) VALUES (1407, 618, 1, 'choice', 'Осмотреть искажённую сталь.', 'verse', 16, NULL, NULL, NULL, NULL, FALSE, NULL, NULL, NULL);
INSERT INTO options (id, verse_id, position, type, text, target_type, target_verse_dn, target_location_dn, requirement, result, hidden, once, condition_group, conditional_targets, children) VALUES (1408, 618, 2, 'choice', 'Уйти.', 'end', NULL, NULL, NULL, 'Исследование окончено.', NULL, FALSE, NULL, NULL, NULL);
INSERT INTO verses (id, location_id, display_number) VALUES (619, 44, 13);
INSERT INTO options (id, verse_id, position, type, text, target_type, target_verse_dn, target_location_dn, requirement, result, hidden, once, condition_group, conditional_targets, children) VALUES (1409, 619, 0, 'condition', 'Если у какого-либо персонажа есть карта секрета 18.', 'verse', 9, NULL, NULL, 'Здесь больше ничего не удастся найти.', NULL, FALSE, NULL, NULL, NULL);
INSERT INTO options (id, verse_id, position, type, text, target_type, target_verse_dn, target_location_dn, requirement, result, hidden, once, condition_group, conditional_targets, children) VALUES (1410, 619, 1, 'choice', 'Продолжить.', 'end', NULL, NULL, NULL, 'Получите карту секрета 18.  Исследование окончено.', NULL, FALSE, NULL, NULL, NULL);
INSERT INTO verses (id, location_id, display_number) VALUES (620, 44, 14);
INSERT INTO options (id, verse_id, position, type, text, target_type, target_verse_dn, target_location_dn, requirement, result, hidden, once, condition_group, conditional_targets, children) VALUES (1411, 620, 0, 'condition', 'Если у вас есть часть 3 достижения «Дружба со знатью» или у какого-либо персонажа есть карта секрета 3.', 'verse', 9, NULL, NULL, 'Здесь больше ничего нет.', NULL, FALSE, NULL, NULL, NULL);
INSERT INTO options (id, verse_id, position, type, text, target_type, target_verse_dn, target_location_dn, requirement, result, hidden, once, condition_group, conditional_targets, children) VALUES (1412, 620, 1, 'choice', 'Продолжить.', 'end', NULL, NULL, NULL, 'Получите карту секрета 3.  Исследование окончено.', NULL, FALSE, NULL, NULL, NULL);
INSERT INTO verses (id, location_id, display_number) VALUES (621, 44, 15);
INSERT INTO options (id, verse_id, position, type, text, target_type, target_verse_dn, target_location_dn, requirement, result, hidden, once, condition_group, conditional_targets, children) VALUES (1413, 621, 0, 'choice', 'Продолжить.', 'verse', 9, NULL, NULL, 'Получите часть 7 достижения «Дипломат».', NULL, FALSE, NULL, NULL, NULL);
INSERT INTO verses (id, location_id, display_number) VALUES (622, 44, 16);
INSERT INTO options (id, verse_id, position, type, text, target_type, target_verse_dn, target_location_dn, requirement, result, hidden, once, condition_group, conditional_targets, children) VALUES (1414, 622, 0, 'choice', 'Продолжить.', 'end', NULL, NULL, NULL, 'Каждый член команды получает 3 @Terror@ (−1 за каждое очко своей @Spirituality@).   Получите 1 магию.  Исследование окончено.', NULL, FALSE, NULL, NULL, NULL);

INSERT INTO locations (id, campaign_id, display_number, name) VALUES (45, 1, 153, 'Угрюмый хребет');
INSERT INTO verses (id, location_id, display_number) VALUES (623, 45, 0);
INSERT INTO options (id, verse_id, position, type, text, target_type, target_verse_dn, target_location_dn, requirement, result, hidden, once, condition_group, conditional_targets, children) VALUES (1415, 623, 0, 'condition', 'Если вы проходите главу 7Б, часть 4.', 'cross_location', 1024, 1001, NULL, NULL, NULL, FALSE, NULL, NULL, NULL);
INSERT INTO options (id, verse_id, position, type, text, target_type, target_verse_dn, target_location_dn, requirement, result, hidden, once, condition_group, conditional_targets, children) VALUES (1416, 623, 1, 'condition', 'Если вы проходите главу 6Б, часть 2.', 'verse', 5, NULL, NULL, NULL, NULL, FALSE, NULL, NULL, NULL);
INSERT INTO options (id, verse_id, position, type, text, target_type, target_verse_dn, target_location_dn, requirement, result, hidden, once, condition_group, conditional_targets, children) VALUES (1417, 623, 2, 'condition', 'Если вы проходите главу 6Б, часть 3.', 'verse', 6, NULL, NULL, NULL, NULL, FALSE, NULL, NULL, NULL);
INSERT INTO options (id, verse_id, position, type, text, target_type, target_verse_dn, target_location_dn, requirement, result, hidden, once, condition_group, conditional_targets, children) VALUES (1418, 623, 3, 'condition', 'Если вы проходите главу 8Б и у вас нет части 7 достижения «Случайные встречи».', 'cross_location', 207, 999, NULL, NULL, NULL, FALSE, NULL, NULL, NULL);
INSERT INTO options (id, verse_id, position, type, text, target_type, target_verse_dn, target_location_dn, requirement, result, hidden, once, condition_group, conditional_targets, children) VALUES (1419, 623, 4, 'choice', '2 @Energy@ Обыскать поле боя.', 'verse', 12, NULL, NULL, NULL, NULL, FALSE, NULL, NULL, NULL);
INSERT INTO options (id, verse_id, position, type, text, target_type, target_verse_dn, target_location_dn, requirement, result, hidden, once, condition_group, conditional_targets, children) VALUES (1420, 623, 5, 'choice', '1 @Energy@ Осмотреть горное озеро.', 'verse', 3, NULL, NULL, NULL, NULL, FALSE, NULL, NULL, NULL);
INSERT INTO options (id, verse_id, position, type, text, target_type, target_verse_dn, target_location_dn, requirement, result, hidden, once, condition_group, conditional_targets, children) VALUES (1421, 623, 6, 'choice', 'Воспользоваться подсказками Капреллиды.', 'verse', 13, NULL, 'Нужна часть 8 достижения «Смутная догадка».', NULL, NULL, FALSE, NULL, NULL, NULL);
INSERT INTO options (id, verse_id, position, type, text, target_type, target_verse_dn, target_location_dn, requirement, result, hidden, once, condition_group, conditional_targets, children) VALUES (1422, 623, 7, 'choice', 'Уйти.', 'end', NULL, NULL, NULL, 'Исследование окончено.', NULL, FALSE, NULL, NULL, NULL);
INSERT INTO verses (id, location_id, display_number) VALUES (624, 45, 1);
INSERT INTO options (id, verse_id, position, type, text, target_type, target_verse_dn, target_location_dn, requirement, result, hidden, once, condition_group, conditional_targets, children) VALUES (1423, 624, 0, 'choice', 'Продолжить.', 'cross_location', 306, 999, NULL, 'Получите часть 2 достижения «Свобода».', NULL, FALSE, NULL, NULL, NULL);
INSERT INTO verses (id, location_id, display_number) VALUES (625, 45, 2);
INSERT INTO options (id, verse_id, position, type, text, target_type, target_verse_dn, target_location_dn, requirement, result, hidden, once, condition_group, conditional_targets, children) VALUES (1424, 625, 0, 'choice', 'Схватить раба.', 'verse', 8, NULL, NULL, NULL, NULL, FALSE, NULL, NULL, NULL);
INSERT INTO options (id, verse_id, position, type, text, target_type, target_verse_dn, target_location_dn, requirement, result, hidden, once, condition_group, conditional_targets, children) VALUES (1425, 625, 1, 'choice', 'Отпустить его.', 'verse', 1, NULL, NULL, NULL, NULL, FALSE, NULL, NULL, NULL);
INSERT INTO options (id, verse_id, position, type, text, target_type, target_verse_dn, target_location_dn, requirement, result, hidden, once, condition_group, conditional_targets, children) VALUES (1426, 625, 2, 'choice', 'Попросить о доказательстве для Октавии, прежде чем отпустить.', 'verse', 9, NULL, NULL, NULL, NULL, FALSE, NULL, NULL, NULL);
INSERT INTO verses (id, location_id, display_number) VALUES (626, 45, 3);
INSERT INTO options (id, verse_id, position, type, text, target_type, target_verse_dn, target_location_dn, requirement, result, hidden, once, condition_group, conditional_targets, children) VALUES (1427, 626, 0, 'condition', 'Если у вас есть синий светофильтр.', 'verse', 3, NULL, NULL, 'Это озеро почти наверняка было создано не природой. Быть может, это вообще не озеро: оно больше походило на затопленный тоннель, прорезавший горный склон. Здесь чувствовались магия и искаженье — не место для кого‑то вроде вас.', NULL, FALSE, NULL, NULL, NULL);
INSERT INTO options (id, verse_id, position, type, text, target_type, target_verse_dn, target_location_dn, requirement, result, hidden, once, condition_group, conditional_targets, children) VALUES (1428, 626, 1, 'choice', '1 @Energy@ Нырнуть.', 'verse', 11, NULL, NULL, NULL, NULL, FALSE, NULL, NULL, NULL);
INSERT INTO options (id, verse_id, position, type, text, target_type, target_verse_dn, target_location_dn, requirement, result, hidden, once, condition_group, conditional_targets, children) VALUES (1429, 626, 2, 'choice', 'Поразмышлять о своём прошлом. Вы уселись поудобнее и глотнули ледяной воды. Верные ли пути вы избирали?', 'cross_location', 1000, 1001, NULL, NULL, NULL, FALSE, NULL, NULL, NULL);
INSERT INTO options (id, verse_id, position, type, text, target_type, target_verse_dn, target_location_dn, requirement, result, hidden, once, condition_group, conditional_targets, children) VALUES (1430, 626, 3, 'choice', 'Уйти.', 'end', NULL, NULL, NULL, 'Исследование окончено.', NULL, FALSE, NULL, NULL, NULL);
INSERT INTO verses (id, location_id, display_number) VALUES (627, 45, 4);
INSERT INTO options (id, verse_id, position, type, text, target_type, target_verse_dn, target_location_dn, requirement, result, hidden, once, condition_group, conditional_targets, children) VALUES (1431, 627, 0, 'condition', 'Если у вас есть синий светофильтр.', 'verse', 7, NULL, NULL, NULL, NULL, FALSE, NULL, NULL, NULL);
INSERT INTO options (id, verse_id, position, type, text, target_type, target_verse_dn, target_location_dn, requirement, result, hidden, once, condition_group, conditional_targets, children) VALUES (1432, 627, 1, 'choice', '1—6.', 'verse', 10, NULL, NULL, 'Вы не знали, где и начать.', NULL, FALSE, 'В противном случае.', NULL, NULL);
INSERT INTO options (id, verse_id, position, type, text, target_type, target_verse_dn, target_location_dn, requirement, result, hidden, once, condition_group, conditional_targets, children) VALUES (1433, 627, 2, 'choice', '≥7.', 'verse', 2, NULL, NULL, 'Кажется, вы увидали тропинку…', NULL, FALSE, 'В противном случае.', NULL, NULL);
INSERT INTO verses (id, location_id, display_number) VALUES (628, 45, 5);
INSERT INTO options (id, verse_id, position, type, text, target_type, target_verse_dn, target_location_dn, requirement, result, hidden, once, condition_group, conditional_targets, children) VALUES (1434, 628, 0, 'choice', 'Продолжить.', 'end', NULL, NULL, NULL, 'Исследование окончено.', NULL, FALSE, NULL, NULL, NULL);
INSERT INTO verses (id, location_id, display_number) VALUES (629, 45, 6);
INSERT INTO options (id, verse_id, position, type, text, target_type, target_verse_dn, target_location_dn, requirement, result, hidden, once, condition_group, conditional_targets, children) VALUES (1435, 629, 0, 'choice', 'Отыскать раба Октавии.', 'verse', 4, NULL, 'Нужны все персонажи.', NULL, NULL, FALSE, NULL, NULL, NULL);
INSERT INTO options (id, verse_id, position, type, text, target_type, target_verse_dn, target_location_dn, requirement, result, hidden, once, condition_group, conditional_targets, children) VALUES (1436, 629, 1, 'choice', 'Уйти.', 'end', NULL, NULL, NULL, 'Исследование окончено.', NULL, FALSE, NULL, NULL, NULL);
INSERT INTO verses (id, location_id, display_number) VALUES (630, 45, 7);
INSERT INTO options (id, verse_id, position, type, text, target_type, target_verse_dn, target_location_dn, requirement, result, hidden, once, condition_group, conditional_targets, children) VALUES (1437, 630, 0, 'choice', 'Продолжить.', 'verse', 2, NULL, NULL, NULL, NULL, FALSE, NULL, NULL, NULL);
INSERT INTO verses (id, location_id, display_number) VALUES (631, 45, 8);
INSERT INTO options (id, verse_id, position, type, text, target_type, target_verse_dn, target_location_dn, requirement, result, hidden, once, condition_group, conditional_targets, children) VALUES (1438, 631, 0, 'choice', 'Продолжить.', 'cross_location', 306, 999, NULL, NULL, NULL, FALSE, NULL, NULL, NULL);
INSERT INTO verses (id, location_id, display_number) VALUES (632, 45, 9);
INSERT INTO options (id, verse_id, position, type, text, target_type, target_verse_dn, target_location_dn, requirement, result, hidden, once, condition_group, conditional_targets, children) VALUES (1439, 632, 0, 'choice', 'Продолжить.', 'cross_location', 306, 999, NULL, 'Получите часть 2 достижения «Свобода».  Получите часть 5 достижения «Бессердечность».  Каждый член команды получает 2 @Terror@.', NULL, FALSE, NULL, NULL, NULL);
INSERT INTO verses (id, location_id, display_number) VALUES (633, 45, 10);
INSERT INTO options (id, verse_id, position, type, text, target_type, target_verse_dn, target_location_dn, requirement, result, hidden, once, condition_group, conditional_targets, children) VALUES (1440, 633, 0, 'choice', 'Продолжить.', 'cross_location', 306, 999, NULL, 'Получите часть 2 достижения «Свобода».', NULL, FALSE, NULL, NULL, NULL);
INSERT INTO verses (id, location_id, display_number) VALUES (634, 45, 11);
INSERT INTO options (id, verse_id, position, type, text, target_type, target_verse_dn, target_location_dn, requirement, result, hidden, once, condition_group, conditional_targets, children) VALUES (1441, 634, 0, 'choice', 'Продолжить.', 'end', NULL, NULL, NULL, 'Получите 2 магии.   Каждый член команды теряет 4 @Health@ (−1 за каждое очко своей  @Aggression@) и получает 4 @Terror@ (−1 за каждое очко своей @Spirituality@).  Исследование окончено.', NULL, FALSE, NULL, NULL, NULL);
INSERT INTO verses (id, location_id, display_number) VALUES (635, 45, 12);
INSERT INTO options (id, verse_id, position, type, text, target_type, target_verse_dn, target_location_dn, requirement, result, hidden, once, condition_group, conditional_targets, children) VALUES (1442, 635, 0, 'condition', 'Если вы проходите главу 9 и у вас нет части 1 достижения «Грехи владыки».', 'cross_location', 950, 1001, NULL, NULL, NULL, FALSE, NULL, NULL, NULL);
INSERT INTO options (id, verse_id, position, type, text, target_type, target_verse_dn, target_location_dn, requirement, result, hidden, once, condition_group, conditional_targets, children) VALUES (1443, 635, 1, 'choice', '1.', 'end', NULL, NULL, NULL, 'Кое‑что заинтересовалось вами…  Возьмите фиолетовую карту встречи и проведите её. Затем исследование окончено.', NULL, FALSE, NULL, NULL, NULL);
INSERT INTO options (id, verse_id, position, type, text, target_type, target_verse_dn, target_location_dn, requirement, result, hidden, once, condition_group, conditional_targets, children) VALUES (1444, 635, 2, 'choice', '2—4.', 'end', NULL, NULL, NULL, 'Блеснуло золото.  Получите 1 золото.  Исследование окончено.', NULL, FALSE, NULL, NULL, NULL);
INSERT INTO options (id, verse_id, position, type, text, target_type, target_verse_dn, target_location_dn, requirement, result, hidden, once, condition_group, conditional_targets, children) VALUES (1445, 635, 3, 'choice', '5.', 'end', NULL, NULL, NULL, 'Эта вещь могла бы вам пригодиться.  Получите 1 одноразовый предмет.  Исследование окончено.', NULL, FALSE, NULL, NULL, NULL);
INSERT INTO options (id, verse_id, position, type, text, target_type, target_verse_dn, target_location_dn, requirement, result, hidden, once, condition_group, conditional_targets, children) VALUES (1446, 635, 4, 'choice', '≥6.', 'end', NULL, NULL, NULL, 'Надо же, ещё целое…  Если у вас нет части 11 достижения «Добытчик», получите 1 предмет Г и часть 11 достижения «Добытчик».   В противном случае получите 2 золота.  Исследование окончено.', NULL, FALSE, NULL, NULL, NULL);
INSERT INTO verses (id, location_id, display_number) VALUES (636, 45, 13);
INSERT INTO options (id, verse_id, position, type, text, target_type, target_verse_dn, target_location_dn, requirement, result, hidden, once, condition_group, conditional_targets, children) VALUES (1447, 636, 0, 'condition', 'Если у вас нет части 1 достижения «Грехи владыки».', 'end', NULL, NULL, NULL, 'Здесь больше ничего нет.  Исследование окончено.', NULL, FALSE, NULL, NULL, NULL);
INSERT INTO options (id, verse_id, position, type, text, target_type, target_verse_dn, target_location_dn, requirement, result, hidden, once, condition_group, conditional_targets, children) VALUES (1448, 636, 1, 'choice', 'Продолжить', 'end', NULL, NULL, NULL, 'Получите часть 1 достижения «Грехи владыки».  Исследование окончено.', NULL, FALSE, NULL, NULL, NULL);

INSERT INTO locations (id, campaign_id, display_number, name) VALUES (46, 1, 154, 'Латифундии');
INSERT INTO verses (id, location_id, display_number) VALUES (637, 46, 0);
INSERT INTO options (id, verse_id, position, type, text, target_type, target_verse_dn, target_location_dn, requirement, result, hidden, once, condition_group, conditional_targets, children) VALUES (1449, 637, 0, 'choice', '2 @Energy@ Фоморские исследователи изголодались по развлечениям — это по вашей части.', 'verse', 4, NULL, 'Нужен Осберт. Только если у вас есть часть 3 достижения «Выступления».', NULL, NULL, FALSE, NULL, NULL, NULL);
INSERT INTO options (id, verse_id, position, type, text, target_type, target_verse_dn, target_location_dn, requirement, result, hidden, once, condition_group, conditional_targets, children) VALUES (1450, 637, 1, 'choice', 'Предложить свои услуги приказчику.', 'verse', 1, NULL, NULL, NULL, NULL, FALSE, NULL, NULL, NULL);
INSERT INTO options (id, verse_id, position, type, text, target_type, target_verse_dn, target_location_dn, requirement, result, hidden, once, condition_group, conditional_targets, children) VALUES (1451, 637, 2, 'choice', 'Осмотреть латифундии.', 'verse', 2, NULL, NULL, NULL, NULL, FALSE, NULL, NULL, NULL);
INSERT INTO options (id, verse_id, position, type, text, target_type, target_verse_dn, target_location_dn, requirement, result, hidden, once, condition_group, conditional_targets, children) VALUES (1452, 637, 3, 'choice', 'Купить рабов.', 'verse', 3, NULL, 'Только если ни у кого нет карты секрета 25.  Потратьте 6 золота.', NULL, NULL, FALSE, NULL, NULL, NULL);
INSERT INTO options (id, verse_id, position, type, text, target_type, target_verse_dn, target_location_dn, requirement, result, hidden, once, condition_group, conditional_targets, children) VALUES (1453, 637, 4, 'choice', 'Встретиться с заговорщиками из Угрюмого хребта.', 'cross_location', 334, 999, 'Нужны части 4 и 5 достижения «Планы и интриги».', NULL, NULL, FALSE, NULL, NULL, NULL);
INSERT INTO options (id, verse_id, position, type, text, target_type, target_verse_dn, target_location_dn, requirement, result, hidden, once, condition_group, conditional_targets, children) VALUES (1454, 637, 5, 'choice', 'Уйти.', 'end', NULL, NULL, NULL, 'Исследование окончено.', NULL, FALSE, NULL, NULL, NULL);
INSERT INTO verses (id, location_id, display_number) VALUES (638, 46, 1);
INSERT INTO options (id, verse_id, position, type, text, target_type, target_verse_dn, target_location_dn, requirement, result, hidden, once, condition_group, conditional_targets, children) VALUES (1455, 638, 0, 'choice', 'Помочь приказчику поймать беглого раба.', 'verse', 5, NULL, 'Только если у вас нет части 2 достижения «Угнетатель».', NULL, NULL, FALSE, NULL, NULL, NULL);
INSERT INTO options (id, verse_id, position, type, text, target_type, target_verse_dn, target_location_dn, requirement, result, hidden, once, condition_group, conditional_targets, children) VALUES (1456, 638, 1, 'choice', 'Уйти.', 'end', NULL, NULL, NULL, 'Исследование окончено.', NULL, FALSE, NULL, NULL, NULL);
INSERT INTO verses (id, location_id, display_number) VALUES (639, 46, 2);
INSERT INTO options (id, verse_id, position, type, text, target_type, target_verse_dn, target_location_dn, requirement, result, hidden, once, condition_group, conditional_targets, children) VALUES (1457, 639, 0, 'choice', 'Продолжить.', 'end', NULL, NULL, NULL, 'Если у вас нет части 1 достижения «Страхи и напасти», каждый член команды получает 3 @Terror@ (−1 за каждое очко своей @Courage@). Затем получите часть 1 достижения «Страхи и напасти».  Исследование окончено.', NULL, FALSE, NULL, NULL, NULL);
INSERT INTO verses (id, location_id, display_number) VALUES (640, 46, 3);
INSERT INTO options (id, verse_id, position, type, text, target_type, target_verse_dn, target_location_dn, requirement, result, hidden, once, condition_group, conditional_targets, children) VALUES (1458, 640, 0, 'choice', 'Тут же освободить их.', 'end', NULL, NULL, NULL, 'Получите часть 3 достижения «Свобода».  Исследование окончено.', NULL, FALSE, NULL, NULL, NULL);
INSERT INTO options (id, verse_id, position, type, text, target_type, target_verse_dn, target_location_dn, requirement, result, hidden, once, condition_group, conditional_targets, children) VALUES (1459, 640, 1, 'choice', 'Оставить их себе.', 'end', NULL, NULL, NULL, 'Получите карту секрета 25.  Исследование окончено.', NULL, FALSE, NULL, NULL, NULL);
INSERT INTO verses (id, location_id, display_number) VALUES (641, 46, 4);
INSERT INTO options (id, verse_id, position, type, text, target_type, target_verse_dn, target_location_dn, requirement, result, hidden, once, condition_group, conditional_targets, children) VALUES (1460, 641, 0, 'choice', 'Продолжить.', 'end', NULL, NULL, NULL, 'Поздравляем! Вы освоили новое действие боя или дипломатии. Получите секретные карты 138 (карта боя «Трюки Кливара») и 143 (карта боя «Трюки Кливара»). Выберите одну из них и замешайте в соответствующую колоду. Уберите другую карту из игры.  Осберт получает 1 опыт.   Получите часть 3 достижения «Выступление».  Исследование окончено.', NULL, FALSE, NULL, NULL, NULL);
INSERT INTO verses (id, location_id, display_number) VALUES (642, 46, 5);
INSERT INTO options (id, verse_id, position, type, text, target_type, target_verse_dn, target_location_dn, requirement, result, hidden, once, condition_group, conditional_targets, children) VALUES (1461, 642, 0, 'choice', 'Продолжить.', 'end', NULL, NULL, NULL, 'Получите часть 2 достижения «Угнетатель».   Получите 4 золота.  Исследование окончено.', NULL, FALSE, NULL, NULL, NULL);

INSERT INTO locations (id, campaign_id, display_number, name) VALUES (47, 1, 155, 'Колония-Мариана, запад');
INSERT INTO verses (id, location_id, display_number) VALUES (643, 47, 0);
INSERT INTO options (id, verse_id, position, type, text, target_type, target_verse_dn, target_location_dn, requirement, result, hidden, once, condition_group, conditional_targets, children) VALUES (1462, 643, 0, 'condition', 'Если у вас нет части 1 достижения «Празднество».', 'cross_location', 131, 999, NULL, NULL, NULL, FALSE, NULL, NULL, NULL);
INSERT INTO options (id, verse_id, position, type, text, target_type, target_verse_dn, target_location_dn, requirement, result, hidden, once, condition_group, conditional_targets, children) VALUES (1463, 643, 1, 'choice', '1 @Energy@ Посетить торговый район.', 'verse', 6, NULL, NULL, NULL, NULL, FALSE, NULL, NULL, NULL);
INSERT INTO options (id, verse_id, position, type, text, target_type, target_verse_dn, target_location_dn, requirement, result, hidden, once, condition_group, conditional_targets, children) VALUES (1464, 643, 2, 'choice', 'Нанять кого-нибудь для расшифровки письма', 'cross_location', 101, 999, 'Нужна карта секрета 14 или 32. Потратьте 2 золота.', NULL, NULL, FALSE, NULL, NULL, NULL);
INSERT INTO options (id, verse_id, position, type, text, target_type, target_verse_dn, target_location_dn, requirement, result, hidden, once, condition_group, conditional_targets, children) VALUES (1465, 643, 3, 'choice', 'Поискать работу.', 'verse', 2, NULL, NULL, NULL, NULL, FALSE, NULL, NULL, NULL);
INSERT INTO options (id, verse_id, position, type, text, target_type, target_verse_dn, target_location_dn, requirement, result, hidden, once, condition_group, conditional_targets, children) VALUES (1466, 643, 4, 'choice', 'Осмотреть город.', 'verse', 1, NULL, NULL, NULL, NULL, FALSE, NULL, NULL, NULL);
INSERT INTO options (id, verse_id, position, type, text, target_type, target_verse_dn, target_location_dn, requirement, result, hidden, once, condition_group, conditional_targets, children) VALUES (1467, 643, 5, 'choice', 'Посетить Октавию.', 'verse', 12, NULL, 'Нужны все персонажи.', NULL, NULL, FALSE, NULL, NULL, NULL);
INSERT INTO options (id, verse_id, position, type, text, target_type, target_verse_dn, target_location_dn, requirement, result, hidden, once, condition_group, conditional_targets, children) VALUES (1468, 643, 6, 'choice', 'Уйти.', 'end', NULL, NULL, NULL, 'Исследование окончено.', NULL, FALSE, NULL, NULL, NULL);
INSERT INTO verses (id, location_id, display_number) VALUES (644, 47, 1);
INSERT INTO options (id, verse_id, position, type, text, target_type, target_verse_dn, target_location_dn, requirement, result, hidden, once, condition_group, conditional_targets, children) VALUES (1469, 644, 0, 'condition', 'Если вы проходите главу 8 и у вас нет части 2 достижения «Празднество».', 'cross_location', 742, 1001, NULL, NULL, NULL, FALSE, NULL, NULL, NULL);
INSERT INTO options (id, verse_id, position, type, text, target_type, target_verse_dn, target_location_dn, requirement, result, hidden, once, condition_group, conditional_targets, children) VALUES (1470, 644, 1, 'choice', '1 @Energy@ Посмотреть на знаменитый водопровод.', 'verse', 7, NULL, NULL, NULL, NULL, FALSE, NULL, NULL, NULL);
INSERT INTO options (id, verse_id, position, type, text, target_type, target_verse_dn, target_location_dn, requirement, result, hidden, once, condition_group, conditional_targets, children) VALUES (1471, 644, 2, 'choice', 'Посетить ремесленный район.', 'verse', 5, NULL, 'Нужен Элган. Только если у вас нет части 8 достижения «Личные дела».', NULL, NULL, FALSE, NULL, NULL, NULL);
INSERT INTO options (id, verse_id, position, type, text, target_type, target_verse_dn, target_location_dn, requirement, result, hidden, once, condition_group, conditional_targets, children) VALUES (1472, 644, 3, 'choice', 'Поспрашивать о Капреллиде.', 'verse', 9, NULL, 'Нужна часть 5 достижения «Слухи и сплетни».', NULL, NULL, FALSE, NULL, NULL, NULL);
INSERT INTO options (id, verse_id, position, type, text, target_type, target_verse_dn, target_location_dn, requirement, result, hidden, once, condition_group, conditional_targets, children) VALUES (1473, 644, 4, 'choice', 'Уйти.', 'end', NULL, NULL, NULL, 'Исследование окончено.', NULL, FALSE, NULL, NULL, NULL);
INSERT INTO verses (id, location_id, display_number) VALUES (645, 47, 2);
INSERT INTO options (id, verse_id, position, type, text, target_type, target_verse_dn, target_location_dn, requirement, result, hidden, once, condition_group, conditional_targets, children) VALUES (1474, 645, 0, 'condition', 'Если у вас есть карта секрета 3 и вы хотите отдать её сенатору.', 'verse', 3, NULL, NULL, NULL, NULL, FALSE, NULL, NULL, NULL);
INSERT INTO options (id, verse_id, position, type, text, target_type, target_verse_dn, target_location_dn, requirement, result, hidden, once, condition_group, conditional_targets, children) VALUES (1475, 645, 1, 'condition', 'Если вы проходите главу 6Б.', 'verse', 8, NULL, NULL, NULL, NULL, FALSE, NULL, NULL, NULL);
INSERT INTO options (id, verse_id, position, type, text, target_type, target_verse_dn, target_location_dn, requirement, result, hidden, once, condition_group, conditional_targets, children) VALUES (1476, 645, 2, 'condition', 'Если вы проходите главу 8Б и у вас есть часть 3 достижения «Дружба со знатью».', 'verse', 11, NULL, NULL, NULL, NULL, FALSE, NULL, NULL, NULL);
INSERT INTO options (id, verse_id, position, type, text, target_type, target_verse_dn, target_location_dn, requirement, result, hidden, once, condition_group, conditional_targets, children) VALUES (1477, 645, 3, 'condition', 'В противном случае.', 'end', NULL, NULL, NULL, 'Для вас работы нет.  Исследование окончено.', NULL, FALSE, NULL, NULL, NULL);
INSERT INTO verses (id, location_id, display_number) VALUES (646, 47, 3);
INSERT INTO options (id, verse_id, position, type, text, target_type, target_verse_dn, target_location_dn, requirement, result, hidden, once, condition_group, conditional_targets, children) VALUES (1478, 646, 0, 'choice', 'Продолжить.', 'end', NULL, NULL, NULL, 'Каждый персонаж получает 1 опыт.   Получите 5 золота.   Получите часть 3 достижения «Дружба со знатью».  Исследование окончено.', NULL, FALSE, NULL, NULL, NULL);
INSERT INTO verses (id, location_id, display_number) VALUES (647, 47, 4);
INSERT INTO options (id, verse_id, position, type, text, target_type, target_verse_dn, target_location_dn, requirement, result, hidden, once, condition_group, conditional_targets, children) VALUES (1479, 647, 0, 'condition', 'Продолжить.', 'cross_location', 101, 999, NULL, NULL, NULL, FALSE, NULL, NULL, NULL);
INSERT INTO verses (id, location_id, display_number) VALUES (648, 47, 5);
INSERT INTO options (id, verse_id, position, type, text, target_type, target_verse_dn, target_location_dn, requirement, result, hidden, once, condition_group, conditional_targets, children) VALUES (1480, 648, 0, 'choice', 'Продолжить.', 'end', NULL, NULL, NULL, 'Поздравляем! Вы освоили новое действие боя  или дипломатии. Получите секретные карты 108 (карта боя «Фоморские ингредиенты») и 113 (карта дипломатии «Фоморские ингредиенты»). Выберите одну из них и замешайте в соответствующую колоду. Уберите другую карту из игры.  Элган получает 1 опыт.   Получите часть 8 достижения «Личные дела».  Исследование окончено.', NULL, FALSE, NULL, NULL, NULL);
INSERT INTO verses (id, location_id, display_number) VALUES (649, 47, 6);
INSERT INTO options (id, verse_id, position, type, text, target_type, target_verse_dn, target_location_dn, requirement, result, hidden, once, condition_group, conditional_targets, children) VALUES (1481, 649, 0, 'condition', 'Если вы играете за Юнис и у вас нет части 9 достижения «Личные дела».', 'verse', 10, NULL, NULL, NULL, NULL, FALSE, NULL, NULL, NULL);
INSERT INTO options (id, verse_id, position, type, text, target_type, target_verse_dn, target_location_dn, requirement, result, hidden, once, condition_group, conditional_targets, children) VALUES (1482, 649, 1, 'choice', 'Купить карту сокровищ. Фоморка в улыбающейся маске обещала несметные богатства.', 'cross_location', 8, 999, 'Только если у вас нет ни части 7, ни части 8 достижения «Диковинки». Потратьте 1 золото за персонажа.', NULL, NULL, FALSE, NULL, NULL, NULL);
INSERT INTO options (id, verse_id, position, type, text, target_type, target_verse_dn, target_location_dn, requirement, result, hidden, once, condition_group, conditional_targets, children) VALUES (1483, 649, 2, 'choice', 'Купить дивосвечу.', 'end', NULL, NULL, 'Потратьте 1 золото.', 'Получите 1 одноразовый предмет «Дивосвеча» (если он доступен).  Исследование окончено.', NULL, FALSE, NULL, NULL, NULL);
INSERT INTO options (id, verse_id, position, type, text, target_type, target_verse_dn, target_location_dn, requirement, result, hidden, once, condition_group, conditional_targets, children) VALUES (1484, 649, 3, 'choice', 'Купить или продать снаряжение.', 'cross_location', 639, 1001, NULL, NULL, NULL, FALSE, NULL, NULL, NULL);
INSERT INTO verses (id, location_id, display_number) VALUES (650, 47, 7);
INSERT INTO options (id, verse_id, position, type, text, target_type, target_verse_dn, target_location_dn, requirement, result, hidden, once, condition_group, conditional_targets, children) VALUES (1485, 650, 0, 'choice', 'Поискать убежище.', 'verse', 14, NULL, 'Нужна часть 2 достижения «Ключи и пароли».', NULL, NULL, FALSE, NULL, NULL, NULL);
INSERT INTO options (id, verse_id, position, type, text, target_type, target_verse_dn, target_location_dn, requirement, result, hidden, once, condition_group, conditional_targets, children) VALUES (1486, 650, 1, 'choice', 'Уйти. Вы не были уверены в том, что вам здесь искать.', 'end', NULL, NULL, NULL, 'Исследование окончено.', NULL, FALSE, NULL, NULL, NULL);
INSERT INTO verses (id, location_id, display_number) VALUES (651, 47, 8);
INSERT INTO options (id, verse_id, position, type, text, target_type, target_verse_dn, target_location_dn, requirement, result, hidden, once, condition_group, conditional_targets, children) VALUES (1487, 651, 0, 'condition', 'Если у вас есть часть 3 достижения «Бюрократия».', 'end', NULL, NULL, NULL, 'Сенатор не станет разговаривать с вами сейчас.  Исследование окончено.', NULL, FALSE, NULL, NULL, NULL);
INSERT INTO options (id, verse_id, position, type, text, target_type, target_verse_dn, target_location_dn, requirement, result, hidden, once, condition_group, conditional_targets, children) VALUES (1488, 651, 1, 'choice', 'Продолжить.', 'end', NULL, NULL, NULL, 'Получите часть 3 достижения «Бюрократия».  Исследование окончено.', NULL, FALSE, NULL, NULL, NULL);
INSERT INTO verses (id, location_id, display_number) VALUES (652, 47, 9);
INSERT INTO options (id, verse_id, position, type, text, target_type, target_verse_dn, target_location_dn, requirement, result, hidden, once, condition_group, conditional_targets, children) VALUES (1489, 652, 0, 'condition', 'Если вы проходите главы 9—10.', 'end', NULL, NULL, NULL, 'Фоморы удивились вашим вопросам и отказались отвечать.  Исследование окончено.', NULL, FALSE, NULL, NULL, NULL);
INSERT INTO options (id, verse_id, position, type, text, target_type, target_verse_dn, target_location_dn, requirement, result, hidden, once, condition_group, conditional_targets, children) VALUES (1490, 652, 1, 'condition', 'Нажмите сюда, если хотите увидеть подсказку.', 'verse', 9, NULL, NULL, 'Вы можете встретиться с Капреллидой в её усадьбе, но только когда у вас будет хотя бы одна часть достижения «Время идёт» для текущей главы.', NULL, FALSE, NULL, NULL, NULL);
INSERT INTO options (id, verse_id, position, type, text, target_type, target_verse_dn, target_location_dn, requirement, result, hidden, once, condition_group, conditional_targets, children) VALUES (1491, 652, 2, 'choice', 'Продолжить.', 'end', NULL, NULL, NULL, 'Исследование окончено.', NULL, FALSE, NULL, NULL, NULL);
INSERT INTO verses (id, location_id, display_number) VALUES (653, 47, 10);
INSERT INTO options (id, verse_id, position, type, text, target_type, target_verse_dn, target_location_dn, requirement, result, hidden, once, condition_group, conditional_targets, children) VALUES (1492, 653, 0, 'choice', 'Продолжить.', 'end', NULL, NULL, NULL, 'Исследование окончено.', NULL, FALSE, NULL, NULL, NULL);
INSERT INTO verses (id, location_id, display_number) VALUES (654, 47, 11);
INSERT INTO options (id, verse_id, position, type, text, target_type, target_verse_dn, target_location_dn, requirement, result, hidden, once, condition_group, conditional_targets, children) VALUES (1493, 654, 0, 'condition', 'Если у вас есть часть 4 достижения «Древние знания».', 'end', NULL, NULL, NULL, 'Сенатора Кульпиана тут больше нет.  Исследование окончено.', NULL, FALSE, NULL, NULL, NULL);
INSERT INTO options (id, verse_id, position, type, text, target_type, target_verse_dn, target_location_dn, requirement, result, hidden, once, condition_group, conditional_targets, children) VALUES (1494, 654, 1, 'choice', 'Продолжить.', 'end', NULL, NULL, NULL, 'Получите часть 4 достижения «Древние знания».  Исследование окончено.', NULL, FALSE, NULL, NULL, NULL);
INSERT INTO verses (id, location_id, display_number) VALUES (655, 47, 12);
INSERT INTO options (id, verse_id, position, type, text, target_type, target_verse_dn, target_location_dn, requirement, result, hidden, once, condition_group, conditional_targets, children) VALUES (1495, 655, 0, 'condition', 'Если вы проходите главу 6Б, часть 4.', 'cross_location', 548, 999, NULL, NULL, NULL, FALSE, NULL, NULL, NULL);
INSERT INTO options (id, verse_id, position, type, text, target_type, target_verse_dn, target_location_dn, requirement, result, hidden, once, condition_group, conditional_targets, children) VALUES (1496, 655, 1, 'condition', 'Если вы проходите главу 6Б.', 'end', NULL, NULL, NULL, 'Вам сюда нельзя.  Исследование окончено.', NULL, FALSE, NULL, NULL, NULL);
INSERT INTO options (id, verse_id, position, type, text, target_type, target_verse_dn, target_location_dn, requirement, result, hidden, once, condition_group, conditional_targets, children) VALUES (1497, 655, 2, 'choice', 'Доложить о встрече на шпиле.', 'verse', 13, NULL, 'Нужна Юнис и часть 10 достижения «Личные дела».', NULL, NULL, FALSE, NULL, NULL, NULL);
INSERT INTO options (id, verse_id, position, type, text, target_type, target_verse_dn, target_location_dn, requirement, result, hidden, once, condition_group, conditional_targets, children) VALUES (1498, 655, 3, 'choice', 'Получить награду.', 'cross_location', 229, 999, 'Нужна Юнис и глава 8Б. Только если у вас нет части 6 достижения «Планы и интриги».', NULL, NULL, FALSE, NULL, NULL, NULL);
INSERT INTO options (id, verse_id, position, type, text, target_type, target_verse_dn, target_location_dn, requirement, result, hidden, once, condition_group, conditional_targets, children) VALUES (1499, 655, 4, 'choice', 'Попросить о встрече с Октавией. Она может стать ценным союзником в последнем столкновении с Нонием.', 'cross_location', 712, 1001, 'Нужна Юнис и глава 8Б. Только если у вас нет части 4 достижения «Бюрократия».', NULL, NULL, FALSE, NULL, NULL, NULL);
INSERT INTO options (id, verse_id, position, type, text, target_type, target_verse_dn, target_location_dn, requirement, result, hidden, once, condition_group, conditional_targets, children) VALUES (1500, 655, 5, 'choice', 'Уйти.', 'end', NULL, NULL, NULL, 'Исследование окончено.', NULL, FALSE, NULL, NULL, NULL);
INSERT INTO verses (id, location_id, display_number) VALUES (656, 47, 13);
INSERT INTO options (id, verse_id, position, type, text, target_type, target_verse_dn, target_location_dn, requirement, result, hidden, once, condition_group, conditional_targets, children) VALUES (1501, 656, 0, 'condition', 'Если у вас нет части 5 достижения «Осведомитель».', 'cross_location', 533, 999, NULL, NULL, NULL, FALSE, NULL, NULL, NULL);
INSERT INTO options (id, verse_id, position, type, text, target_type, target_verse_dn, target_location_dn, requirement, result, hidden, once, condition_group, conditional_targets, children) VALUES (1502, 656, 1, 'condition', 'В противном случае.', 'end', NULL, NULL, NULL, 'Октавии нечего вам сказать.  Исследование окончено.', NULL, FALSE, NULL, NULL, NULL);
INSERT INTO verses (id, location_id, display_number) VALUES (657, 47, 14);
INSERT INTO options (id, verse_id, position, type, text, target_type, target_verse_dn, target_location_dn, requirement, result, hidden, once, condition_group, conditional_targets, children) VALUES (1503, 657, 0, 'condition', 'Если у вас есть часть 9 достижения «Обыск».', 'end', NULL, NULL, NULL, 'Здесь больше нечего смотреть.  Исследование окончено.', NULL, FALSE, NULL, NULL, NULL);
INSERT INTO options (id, verse_id, position, type, text, target_type, target_verse_dn, target_location_dn, requirement, result, hidden, once, condition_group, conditional_targets, children) VALUES (1504, 657, 1, 'choice', 'Продолжить.', 'end', NULL, NULL, NULL, 'Получите 3 золота, 1 случайный предмет Д и часть 9 достижения «Обыск».  Исследование окончено.', NULL, FALSE, NULL, NULL, NULL);

INSERT INTO locations (id, campaign_id, display_number, name) VALUES (48, 1, 156, 'Колония-Мариана, восток');
INSERT INTO verses (id, location_id, display_number) VALUES (658, 48, 0);
INSERT INTO options (id, verse_id, position, type, text, target_type, target_verse_dn, target_location_dn, requirement, result, hidden, once, condition_group, conditional_targets, children) VALUES (1505, 658, 0, 'choice', '1 @Energy@ Углубиться в город.', 'verse', 5, NULL, NULL, NULL, NULL, FALSE, NULL, NULL, NULL);
INSERT INTO options (id, verse_id, position, type, text, target_type, target_verse_dn, target_location_dn, requirement, result, hidden, once, condition_group, conditional_targets, children) VALUES (1506, 658, 1, 'choice', 'Забраться на стену и полюбоваться Угрюмым хребтом.', 'verse', 4, NULL, 'Потратьте 1 @Energy@ за члена команды.', NULL, NULL, FALSE, NULL, NULL, NULL);
INSERT INTO options (id, verse_id, position, type, text, target_type, target_verse_dn, target_location_dn, requirement, result, hidden, once, condition_group, conditional_targets, children) VALUES (1507, 658, 2, 'choice', 'Воспользоваться фоморским прибрежным транспортом.', 'cross_location', 2, 999, NULL, NULL, NULL, FALSE, NULL, NULL, NULL);
INSERT INTO options (id, verse_id, position, type, text, target_type, target_verse_dn, target_location_dn, requirement, result, hidden, once, condition_group, conditional_targets, children) VALUES (1508, 658, 3, 'choice', 'Встретиться с Капреллидой.', 'verse', 6, NULL, 'Нужны все персонажи.', NULL, NULL, FALSE, NULL, NULL, NULL);
INSERT INTO options (id, verse_id, position, type, text, target_type, target_verse_dn, target_location_dn, requirement, result, hidden, once, condition_group, conditional_targets, children) VALUES (1509, 658, 4, 'choice', 'Посетить совещание у колизея.', 'cross_location', 273, 999, 'Нужна Юнис и часть 6 достижения «Засуха». Только если у вас нет части 6 достижения «Планы и интриги».', NULL, NULL, FALSE, NULL, NULL, NULL);
INSERT INTO options (id, verse_id, position, type, text, target_type, target_verse_dn, target_location_dn, requirement, result, hidden, once, condition_group, conditional_targets, children) VALUES (1510, 658, 5, 'choice', 'Войти в сенат.', 'cross_location', 938, 1001, 'Нужна часть 7 достижения «Свобода». Только если у вас нет части 5 достижения «Бюрократия».', NULL, NULL, FALSE, NULL, NULL, NULL);
INSERT INTO options (id, verse_id, position, type, text, target_type, target_verse_dn, target_location_dn, requirement, result, hidden, once, condition_group, conditional_targets, children) VALUES (1511, 658, 6, 'choice', 'Уйти.', 'end', NULL, NULL, NULL, 'Исследование окончено.', NULL, FALSE, NULL, NULL, NULL);
INSERT INTO verses (id, location_id, display_number) VALUES (659, 48, 1);
INSERT INTO options (id, verse_id, position, type, text, target_type, target_verse_dn, target_location_dn, requirement, result, hidden, once, condition_group, conditional_targets, children) VALUES (1512, 659, 0, 'choice', 'Продолжить.', 'end', NULL, NULL, NULL, 'Каждый член команды полчает 2 @Health@. Если вы играете за Юнис, вы также теряете 1 @Terror@.  Исследование окончено.', NULL, FALSE, NULL, NULL, NULL);
INSERT INTO verses (id, location_id, display_number) VALUES (660, 48, 2);
INSERT INTO options (id, verse_id, position, type, text, target_type, target_verse_dn, target_location_dn, requirement, result, hidden, once, condition_group, conditional_targets, children) VALUES (1513, 660, 0, 'choice', 'Продолжить.', 'end', NULL, NULL, NULL, 'Осберт получает 1 опыт.   Получите часть 6 достижения «Странные уроки».  Исследование окончено.', NULL, FALSE, NULL, NULL, NULL);
INSERT INTO verses (id, location_id, display_number) VALUES (661, 48, 3);
INSERT INTO options (id, verse_id, position, type, text, target_type, target_verse_dn, target_location_dn, requirement, result, hidden, once, condition_group, conditional_targets, children) VALUES (1514, 661, 0, 'choice', 'Вернуть беглых рабов за награду.', 'cross_location', 593, 999, NULL, NULL, NULL, FALSE, NULL, NULL, NULL);
INSERT INTO options (id, verse_id, position, type, text, target_type, target_verse_dn, target_location_dn, requirement, result, hidden, once, condition_group, conditional_targets, children) VALUES (1515, 661, 1, 'choice', 'Отпустить их.', 'cross_location', 569, 999, NULL, NULL, NULL, FALSE, NULL, NULL, NULL);
INSERT INTO options (id, verse_id, position, type, text, target_type, target_verse_dn, target_location_dn, requirement, result, hidden, once, condition_group, conditional_targets, children) VALUES (1516, 661, 2, 'choice', 'Отпустить их, не забирая свои вещи.', 'cross_location', 555, 999, 'Потеряйте 2 еды и 2 золота.', NULL, NULL, FALSE, NULL, NULL, NULL);
INSERT INTO verses (id, location_id, display_number) VALUES (662, 48, 4);
INSERT INTO options (id, verse_id, position, type, text, target_type, target_verse_dn, target_location_dn, requirement, result, hidden, once, condition_group, conditional_targets, children) VALUES (1517, 662, 0, 'choice', 'Продолжить.', 'end', NULL, NULL, NULL, 'Каждый член команды теряет 1 @Terror@.  Исследование окончено.', NULL, FALSE, NULL, NULL, NULL);
INSERT INTO verses (id, location_id, display_number) VALUES (663, 48, 5);
INSERT INTO options (id, verse_id, position, type, text, target_type, target_verse_dn, target_location_dn, requirement, result, hidden, once, condition_group, conditional_targets, children) VALUES (1518, 663, 0, 'condition', 'Если у вас есть часть 1 достижения «Засуха».', 'verse', 9, NULL, NULL, NULL, NULL, FALSE, NULL, NULL, NULL);
INSERT INTO options (id, verse_id, position, type, text, target_type, target_verse_dn, target_location_dn, requirement, result, hidden, once, condition_group, conditional_targets, children) VALUES (1519, 663, 1, 'condition', 'Если у вас нет части 6 достижения «Случайные встречи».', 'verse', 10, NULL, NULL, NULL, NULL, FALSE, NULL, NULL, NULL);
INSERT INTO options (id, verse_id, position, type, text, target_type, target_verse_dn, target_location_dn, requirement, result, hidden, once, condition_group, conditional_targets, children) VALUES (1520, 663, 2, 'choice', 'Поискать свою семью.', 'cross_location', 13, 999, 'Нужен Элган и часть 6 достижения «Личные дела».', NULL, NULL, FALSE, NULL, NULL, NULL);
INSERT INTO options (id, verse_id, position, type, text, target_type, target_verse_dn, target_location_dn, requirement, result, hidden, once, condition_group, conditional_targets, children) VALUES (1521, 663, 3, 'choice', 'Посетить мастерскую Лиссы.', 'cross_location', 714, 1001, 'Только если в этой локации нет @LightTT@. Нужен Элган и часть 15 достижения «Личные дела».', NULL, NULL, FALSE, NULL, NULL, NULL);
INSERT INTO options (id, verse_id, position, type, text, target_type, target_verse_dn, target_location_dn, requirement, result, hidden, once, condition_group, conditional_targets, children) VALUES (1522, 663, 4, 'choice', 'Посетить библиотеку.', 'verse', 2, NULL, 'Нужен Осберт. Только если у вас нет части 6 достижения «Странные уроки».', NULL, NULL, FALSE, NULL, NULL, NULL);
INSERT INTO options (id, verse_id, position, type, text, target_type, target_verse_dn, target_location_dn, requirement, result, hidden, once, condition_group, conditional_targets, children) VALUES (1523, 663, 5, 'choice', 'Посетить баню.', 'verse', 1, NULL, 'Потратьте 1 золото за члена команды.', NULL, NULL, FALSE, NULL, NULL, NULL);
INSERT INTO options (id, verse_id, position, type, text, target_type, target_verse_dn, target_location_dn, requirement, result, hidden, once, condition_group, conditional_targets, children) VALUES (1524, 663, 6, 'choice', 'Освободить нескольких рабов-людей.', 'verse', 8, NULL, 'Только если у вас нет части 4 достижения «Свобода». Потратьте 5 золота за персонажа.', NULL, NULL, FALSE, NULL, NULL, NULL);
INSERT INTO options (id, verse_id, position, type, text, target_type, target_verse_dn, target_location_dn, requirement, result, hidden, once, condition_group, conditional_targets, children) VALUES (1525, 663, 7, 'choice', 'Пойти по наводке из Угрюмого хребта.', 'cross_location', 188, 999, 'Нужна часть 7 достижения «Случайные встречи». Только если у вас нет части 5 достижения «Планы и интриги».', NULL, NULL, FALSE, NULL, NULL, NULL);
INSERT INTO options (id, verse_id, position, type, text, target_type, target_verse_dn, target_location_dn, requirement, result, hidden, once, condition_group, conditional_targets, children) VALUES (1526, 663, 8, 'choice', 'Уйти.', 'end', NULL, NULL, NULL, 'Исследование окончено.', NULL, FALSE, NULL, NULL, NULL);
INSERT INTO verses (id, location_id, display_number) VALUES (664, 48, 6);
INSERT INTO options (id, verse_id, position, type, text, target_type, target_verse_dn, target_location_dn, requirement, result, hidden, once, condition_group, conditional_targets, children) VALUES (1527, 664, 0, 'condition', 'Если у вас есть часть 1 достижения «Засуха».', 'verse', 11, NULL, NULL, NULL, NULL, FALSE, NULL, NULL, NULL);
INSERT INTO options (id, verse_id, position, type, text, target_type, target_verse_dn, target_location_dn, requirement, result, hidden, once, condition_group, conditional_targets, children) VALUES (1528, 664, 1, 'condition', 'Если вы проходите главу 7Б, часть 2.', 'verse', 7, NULL, NULL, NULL, NULL, FALSE, NULL, NULL, NULL);
INSERT INTO options (id, verse_id, position, type, text, target_type, target_verse_dn, target_location_dn, requirement, result, hidden, once, condition_group, conditional_targets, children) VALUES (1529, 664, 2, 'condition', 'Если вы проходите главу 8Б и у вас нет части 4 достижения «Бюрократия».', 'cross_location', 729, 1001, NULL, NULL, NULL, FALSE, NULL, NULL, NULL);
INSERT INTO options (id, verse_id, position, type, text, target_type, target_verse_dn, target_location_dn, requirement, result, hidden, once, condition_group, conditional_targets, children) VALUES (1530, 664, 3, 'condition', 'В противном случае.', 'end', NULL, NULL, NULL, 'Капреллида не станет встречаться с вами прямо сейчас.  Исследование окончено.', NULL, FALSE, NULL, NULL, NULL);
INSERT INTO verses (id, location_id, display_number) VALUES (665, 48, 7);
INSERT INTO options (id, verse_id, position, type, text, target_type, target_verse_dn, target_location_dn, requirement, result, hidden, once, condition_group, conditional_targets, children) VALUES (1531, 665, 0, 'choice', 'Продолжить.', 'end', NULL, NULL, NULL, 'Каждый персонаж получает 1 опыт.  Исследование окончено.', NULL, FALSE, NULL, NULL, NULL);
INSERT INTO verses (id, location_id, display_number) VALUES (666, 48, 8);
INSERT INTO options (id, verse_id, position, type, text, target_type, target_verse_dn, target_location_dn, requirement, result, hidden, once, condition_group, conditional_targets, children) VALUES (1532, 666, 0, 'choice', 'Продолжить.', 'end', NULL, NULL, NULL, 'Каждый член команды теряет 2 @Terror@.   Получите часть 4 достижения «Свобода».   Исследование окончено.', NULL, FALSE, NULL, NULL, NULL);
INSERT INTO verses (id, location_id, display_number) VALUES (667, 48, 9);
INSERT INTO options (id, verse_id, position, type, text, target_type, target_verse_dn, target_location_dn, requirement, result, hidden, once, condition_group, conditional_targets, children) VALUES (1533, 667, 0, 'choice', 'Поискать свою семью.', 'cross_location', 13, 999, 'Нужен Элган и часть 6 достижения «Личные дела».', NULL, NULL, FALSE, NULL, NULL, NULL);
INSERT INTO options (id, verse_id, position, type, text, target_type, target_verse_dn, target_location_dn, requirement, result, hidden, once, condition_group, conditional_targets, children) VALUES (1534, 667, 1, 'choice', 'Посетить баню.', 'verse', 1, NULL, 'Потратьте 1 золото за члена команды.', NULL, NULL, FALSE, NULL, NULL, NULL);
INSERT INTO options (id, verse_id, position, type, text, target_type, target_verse_dn, target_location_dn, requirement, result, hidden, once, condition_group, conditional_targets, children) VALUES (1535, 667, 2, 'choice', 'Посетить мастерскую Лиссы.', 'cross_location', 714, 1001, 'Только если в этой локации нет @LightTT@. Нужен Элган и часть 15 достижения «Личные дела».', NULL, NULL, FALSE, NULL, NULL, NULL);
INSERT INTO options (id, verse_id, position, type, text, target_type, target_verse_dn, target_location_dn, requirement, result, hidden, once, condition_group, conditional_targets, children) VALUES (1536, 667, 3, 'choice', 'Уйти.', 'end', NULL, NULL, NULL, 'Исследование окончено.', NULL, FALSE, NULL, NULL, NULL);
INSERT INTO verses (id, location_id, display_number) VALUES (668, 48, 10);
INSERT INTO options (id, verse_id, position, type, text, target_type, target_verse_dn, target_location_dn, requirement, result, hidden, once, condition_group, conditional_targets, children) VALUES (1537, 668, 0, 'condition', 'Если у вас хотя бы 3 очка @Practicality@.', 'verse', 3, NULL, NULL, 'Получите часть 6 достижения «Случайные встречи».', NULL, FALSE, NULL, NULL, NULL);
INSERT INTO options (id, verse_id, position, type, text, target_type, target_verse_dn, target_location_dn, requirement, result, hidden, once, condition_group, conditional_targets, children) VALUES (1538, 668, 1, 'choice', '1—5.', 'end', NULL, NULL, NULL, 'Вы не смогли отыскать их в запутанной сети фоморских улиц.  Потеряйте  2 золота и 2 еды.  Исследование окончено.', NULL, FALSE, 'В противном случае.', NULL, NULL);
INSERT INTO options (id, verse_id, position, type, text, target_type, target_verse_dn, target_location_dn, requirement, result, hidden, once, condition_group, conditional_targets, children) VALUES (1539, 668, 2, 'choice', '', 'verse', 3, NULL, NULL, 'Вы пустились по их следу…', NULL, FALSE, 'В противном случае.', NULL, NULL);
INSERT INTO verses (id, location_id, display_number) VALUES (669, 48, 11);
INSERT INTO options (id, verse_id, position, type, text, target_type, target_verse_dn, target_location_dn, requirement, result, hidden, once, condition_group, conditional_targets, children) VALUES (1540, 669, 0, 'condition', 'Если вы проходите главу 9А, часть 3, и у вас нет части 3 достижения «Засуха».', 'cross_location', 1027, 1001, NULL, 'Капреллида отменила все свои приёмы на сегодня и пригласила вас внутрь.', NULL, FALSE, NULL, NULL, NULL);
INSERT INTO options (id, verse_id, position, type, text, target_type, target_verse_dn, target_location_dn, requirement, result, hidden, once, condition_group, conditional_targets, children) VALUES (1541, 669, 1, 'condition', 'Если вы проходите главу 9А, часть 3, и у вас есть часть 4 достижения «Засуха».', 'cross_location', 1008, 1001, NULL, NULL, NULL, FALSE, NULL, NULL, NULL);
INSERT INTO options (id, verse_id, position, type, text, target_type, target_verse_dn, target_location_dn, requirement, result, hidden, once, condition_group, conditional_targets, children) VALUES (1542, 669, 2, 'condition', 'В противном случае.', 'end', NULL, NULL, NULL, 'Капреллида нашла минутку поприветствовать вас и обменяться любезностями, и ничего больше.   Исследование окончено.', NULL, FALSE, NULL, NULL, NULL);

INSERT INTO locations (id, campaign_id, display_number, name) VALUES (49, 1, 157, 'Хутор фирболгов');
INSERT INTO verses (id, location_id, display_number) VALUES (670, 49, 0);
INSERT INTO options (id, verse_id, position, type, text, target_type, target_verse_dn, target_location_dn, requirement, result, hidden, once, condition_group, conditional_targets, children) VALUES (1543, 670, 0, 'choice', '2 @Energy@ Встретиться с историком.', 'verse', 1, NULL, 'Нужна часть 2 или 3 достижения «Засуха».', NULL, NULL, FALSE, NULL, NULL, NULL);
INSERT INTO options (id, verse_id, position, type, text, target_type, target_verse_dn, target_location_dn, requirement, result, hidden, once, condition_group, conditional_targets, children) VALUES (1544, 670, 1, 'choice', '1 @Energy@ Пройтись по берегу.', 'verse', 4, NULL, NULL, NULL, NULL, FALSE, NULL, NULL, NULL);
INSERT INTO options (id, verse_id, position, type, text, target_type, target_verse_dn, target_location_dn, requirement, result, hidden, once, condition_group, conditional_targets, children) VALUES (1545, 670, 2, 'choice', 'Посетить хутор.', 'verse', 2, NULL, NULL, NULL, NULL, FALSE, NULL, NULL, NULL);
INSERT INTO options (id, verse_id, position, type, text, target_type, target_verse_dn, target_location_dn, requirement, result, hidden, once, condition_group, conditional_targets, children) VALUES (1546, 670, 3, 'choice', 'Уйти.', 'end', NULL, NULL, NULL, 'Исследование окончено.', NULL, FALSE, NULL, NULL, NULL);
INSERT INTO verses (id, location_id, display_number) VALUES (671, 49, 1);
INSERT INTO options (id, verse_id, position, type, text, target_type, target_verse_dn, target_location_dn, requirement, result, hidden, once, condition_group, conditional_targets, children) VALUES (1547, 671, 0, 'choice', 'Продолжить.', 'end', NULL, NULL, NULL, 'Исследование окончено.', NULL, FALSE, NULL, NULL, NULL);
INSERT INTO verses (id, location_id, display_number) VALUES (672, 49, 2);
INSERT INTO options (id, verse_id, position, type, text, target_type, target_verse_dn, target_location_dn, requirement, result, hidden, once, condition_group, conditional_targets, children) VALUES (1548, 672, 0, 'choice', '1 @Energy@ Зайти к ремесленнику.', 'verse', 6, NULL, NULL, NULL, NULL, FALSE, NULL, NULL, NULL);
INSERT INTO options (id, verse_id, position, type, text, target_type, target_verse_dn, target_location_dn, requirement, result, hidden, once, condition_group, conditional_targets, children) VALUES (1549, 672, 1, 'choice', 'Подойти к рабочим, роющим канаву.', 'verse', 3, NULL, 'Только если у вас нет части 1 достижения «Засуха».', NULL, NULL, FALSE, NULL, NULL, NULL);
INSERT INTO options (id, verse_id, position, type, text, target_type, target_verse_dn, target_location_dn, requirement, result, hidden, once, condition_group, conditional_targets, children) VALUES (1550, 672, 2, 'choice', 'Попробовать пищу фирболгов.', 'verse', 5, NULL, 'Потратьте 1 золото за члена команды.', NULL, NULL, FALSE, NULL, NULL, NULL);
INSERT INTO options (id, verse_id, position, type, text, target_type, target_verse_dn, target_location_dn, requirement, result, hidden, once, condition_group, conditional_targets, children) VALUES (1551, 672, 3, 'choice', 'Уйти.', 'end', NULL, NULL, NULL, 'Исследование окончено.', NULL, FALSE, NULL, NULL, NULL);
INSERT INTO verses (id, location_id, display_number) VALUES (673, 49, 3);
INSERT INTO options (id, verse_id, position, type, text, target_type, target_verse_dn, target_location_dn, requirement, result, hidden, once, condition_group, conditional_targets, children) VALUES (1552, 673, 0, 'choice', 'Помочь им материально.', 'cross_location', 499, 999, 'Только если у вас нет части 10 достижения «Небольшая услуга». Потратьте 10 золота.', NULL, NULL, FALSE, NULL, NULL, NULL);
INSERT INTO options (id, verse_id, position, type, text, target_type, target_verse_dn, target_location_dn, requirement, result, hidden, once, condition_group, conditional_targets, children) VALUES (1553, 673, 1, 'choice', 'Уйти.', 'end', NULL, NULL, NULL, 'Исследование окончено.', NULL, FALSE, NULL, NULL, NULL);
INSERT INTO verses (id, location_id, display_number) VALUES (674, 49, 4);
INSERT INTO options (id, verse_id, position, type, text, target_type, target_verse_dn, target_location_dn, requirement, result, hidden, once, condition_group, conditional_targets, children) VALUES (1554, 674, 0, 'choice', '2 @Energy@ Искупаться в море.', 'end', NULL, NULL, NULL, NULL, NULL, FALSE, NULL, NULL, '[{"type": "condition", "text": "Если у вас хотя бы 4 очка @Spirituality@.", "target": {"location": 999, "verse": 476}}, {"type": "choice", "text": "Продолжить.", "target": "end", "result": "Получите 1 магию.  Исследование окончено.", "conditionGroup": "В противном случае."}]'::jsonb);
INSERT INTO options (id, verse_id, position, type, text, target_type, target_verse_dn, target_location_dn, requirement, result, hidden, once, condition_group, conditional_targets, children) VALUES (1555, 674, 1, 'choice', 'Вы заметили одинокую фигуру под сенью хижины, построенной из выброшенной на берег древесины…', 'end', NULL, NULL, 'Нужна глава 7Б, часть 1—3, и часть 1 достижения «Празднество». Только если у вас нет части 1 достижения «Изолют».', NULL, NULL, FALSE, NULL, NULL, '[{"type": "condition", "text": "Если вы не хотите, чтобы Изолют присоединилась к вам.", "target": "end", "result": "Исследование окончено."}, {"type": "condition", "text": "Если вы хотите, чтобы она присоединилась к вам.", "target": "end", "result": "Получите часть 1 достижения «Изолют» и часть 4 достижения «Спутники».  Получите секретную карту 307 и ознакомьтесь с правилами на ней.  Исследование окончено."}]'::jsonb);
INSERT INTO options (id, verse_id, position, type, text, target_type, target_verse_dn, target_location_dn, requirement, result, hidden, once, condition_group, conditional_targets, children) VALUES (1556, 674, 2, 'choice', 'Уйти.', 'end', NULL, NULL, NULL, 'Исследование окончено.', NULL, FALSE, NULL, NULL, NULL);
INSERT INTO verses (id, location_id, display_number) VALUES (675, 49, 5);
INSERT INTO options (id, verse_id, position, type, text, target_type, target_verse_dn, target_location_dn, requirement, result, hidden, once, condition_group, conditional_targets, children) VALUES (1557, 675, 0, 'choice', 'Продолжить.', 'end', NULL, NULL, NULL, 'Каждый член команды получает 2 @Health@ и теряет 2 @Terror@ .  Исследование окончено.', NULL, FALSE, 'Если у вас есть хотя бы 4 очка @Courage@.', NULL, NULL);
INSERT INTO options (id, verse_id, position, type, text, target_type, target_verse_dn, target_location_dn, requirement, result, hidden, once, condition_group, conditional_targets, children) VALUES (1558, 675, 1, 'choice', 'Продолжить.', 'end', NULL, NULL, NULL, 'Каждый член команды получает 1 @Health@ или теряет 1 @Terror@ .  Исследование окончено.', NULL, FALSE, NULL, NULL, NULL);
INSERT INTO verses (id, location_id, display_number) VALUES (676, 49, 6);
INSERT INTO options (id, verse_id, position, type, text, target_type, target_verse_dn, target_location_dn, requirement, result, hidden, once, condition_group, conditional_targets, children) VALUES (1559, 676, 0, 'choice', 'Купить одноразовые предметы.', 'verse', 6, NULL, NULL, 'Возьмите 2 одноразовых предмета. Можете купить любые из них, потратив 1 золото за каждый. Замешайте некупленное обратно в колоду одноразовых предметов.   Сделайте новый выбор (в этом исследовании выбрать этот вариант больше нельзя).', NULL, FALSE, NULL, NULL, NULL);
INSERT INTO options (id, verse_id, position, type, text, target_type, target_verse_dn, target_location_dn, requirement, result, hidden, once, condition_group, conditional_targets, children) VALUES (1560, 676, 1, 'choice', 'Продать снаряжение.', 'verse', 6, NULL, 'Сбросьте 1 предмет.', 'Получите 1 еду.   Сделайте новый выбор.', NULL, FALSE, NULL, NULL, NULL);
INSERT INTO options (id, verse_id, position, type, text, target_type, target_verse_dn, target_location_dn, requirement, result, hidden, once, condition_group, conditional_targets, children) VALUES (1561, 676, 2, 'choice', 'Уйти.', 'end', NULL, NULL, NULL, 'Исследование окончено.', NULL, FALSE, NULL, NULL, NULL);
INSERT INTO verses (id, location_id, display_number) VALUES (677, 49, 7);

INSERT INTO locations (id, campaign_id, display_number, name) VALUES (50, 1, 158, 'Одинокий шпиль');
INSERT INTO verses (id, location_id, display_number) VALUES (678, 50, 0);
INSERT INTO options (id, verse_id, position, type, text, target_type, target_verse_dn, target_location_dn, requirement, result, hidden, once, condition_group, conditional_targets, children) VALUES (1562, 678, 0, 'condition', 'Если вы проходите главу 7Б, часть 4.', 'cross_location', 1024, 1001, NULL, NULL, NULL, FALSE, NULL, NULL, NULL);
INSERT INTO options (id, verse_id, position, type, text, target_type, target_verse_dn, target_location_dn, requirement, result, hidden, once, condition_group, conditional_targets, children) VALUES (1563, 678, 1, 'choice', 'Подойти к башне.', 'verse', 5, NULL, NULL, NULL, NULL, FALSE, NULL, NULL, NULL);
INSERT INTO options (id, verse_id, position, type, text, target_type, target_verse_dn, target_location_dn, requirement, result, hidden, once, condition_group, conditional_targets, children) VALUES (1564, 678, 2, 'choice', 'Войти в город.', 'verse', 2, NULL, NULL, NULL, NULL, FALSE, NULL, NULL, NULL);
INSERT INTO options (id, verse_id, position, type, text, target_type, target_verse_dn, target_location_dn, requirement, result, hidden, once, condition_group, conditional_targets, children) VALUES (1565, 678, 3, 'choice', 'Уйти.', 'end', NULL, NULL, NULL, 'Исследование окончено.', NULL, FALSE, NULL, NULL, NULL);
INSERT INTO verses (id, location_id, display_number) VALUES (679, 50, 1);
INSERT INTO options (id, verse_id, position, type, text, target_type, target_verse_dn, target_location_dn, requirement, result, hidden, once, condition_group, conditional_targets, children) VALUES (1566, 679, 0, 'choice', 'Продолжить.', 'verse', 3, NULL, NULL, 'Каждый член команды не в искажённой форме теряет 2 @Health@ и получает 2 @Terror@; за каждую характеристику значением хотя бы 3 он теряет на 1 @Health@ меньше или получает на 1 @Terror@ меньше.', NULL, FALSE, NULL, NULL, NULL);
INSERT INTO verses (id, location_id, display_number) VALUES (680, 50, 2);
INSERT INTO options (id, verse_id, position, type, text, target_type, target_verse_dn, target_location_dn, requirement, result, hidden, once, condition_group, conditional_targets, children) VALUES (1567, 680, 0, 'choice', 'Пробраться в Зверинец.', 'cross_location', 32, 999, 'Нужно хотя бы 4 очка @Caution@.', NULL, NULL, FALSE, NULL, NULL, NULL);
INSERT INTO options (id, verse_id, position, type, text, target_type, target_verse_dn, target_location_dn, requirement, result, hidden, once, condition_group, conditional_targets, children) VALUES (1568, 680, 1, 'choice', 'Уйти.', 'end', NULL, NULL, NULL, 'Исследование окончено.', NULL, FALSE, NULL, NULL, NULL);
INSERT INTO verses (id, location_id, display_number) VALUES (681, 50, 3);
INSERT INTO options (id, verse_id, position, type, text, target_type, target_verse_dn, target_location_dn, requirement, result, hidden, once, condition_group, conditional_targets, children) VALUES (1569, 681, 0, 'condition', 'Если вы проходите главу 7Б, часть 1, и у вас нет части 8 достижения «Топография».', 'cross_location', 456, 999, NULL, NULL, NULL, FALSE, NULL, NULL, NULL);
INSERT INTO options (id, verse_id, position, type, text, target_type, target_verse_dn, target_location_dn, requirement, result, hidden, once, condition_group, conditional_targets, children) VALUES (1570, 681, 1, 'condition', 'Если играете за Юнис и у вас нет части 10 достижения «Личные дела».', 'cross_location', 434, 999, NULL, 'Получите 1 предмет Д и часть 5 достижения «Случайные встречи».', NULL, FALSE, NULL, NULL, NULL);
INSERT INTO options (id, verse_id, position, type, text, target_type, target_verse_dn, target_location_dn, requirement, result, hidden, once, condition_group, conditional_targets, children) VALUES (1571, 681, 2, 'condition', 'В противном случае.', 'end', NULL, NULL, NULL, 'Получите 1 предмет Д и часть 5 достижения «Случайные встречи».  Исследование окончено.', NULL, FALSE, NULL, NULL, NULL);
INSERT INTO verses (id, location_id, display_number) VALUES (682, 50, 4);
INSERT INTO options (id, verse_id, position, type, text, target_type, target_verse_dn, target_location_dn, requirement, result, hidden, once, condition_group, conditional_targets, children) VALUES (1572, 682, 0, 'choice', 'Продолжить.', 'end', NULL, NULL, NULL, 'Исследование окончено.', NULL, FALSE, NULL, NULL, NULL);
INSERT INTO verses (id, location_id, display_number) VALUES (683, 50, 5);
INSERT INTO options (id, verse_id, position, type, text, target_type, target_verse_dn, target_location_dn, requirement, result, hidden, once, condition_group, conditional_targets, children) VALUES (1573, 683, 0, 'choice', 'Войти в башню. Для неискажённых существ это может оказаться смертельным.', 'verse', 1, NULL, 'Нужны все персонажи. Только если у вас нет части 5 достижения «Случайные встречи».', NULL, NULL, FALSE, NULL, NULL, NULL);
INSERT INTO options (id, verse_id, position, type, text, target_type, target_verse_dn, target_location_dn, requirement, result, hidden, once, condition_group, conditional_targets, children) VALUES (1574, 683, 1, 'choice', 'Осмотреть окрестности.', 'verse', 4, NULL, NULL, NULL, NULL, FALSE, NULL, NULL, NULL);
INSERT INTO options (id, verse_id, position, type, text, target_type, target_verse_dn, target_location_dn, requirement, result, hidden, once, condition_group, conditional_targets, children) VALUES (1575, 683, 2, 'choice', 'Уйти.', 'end', NULL, NULL, NULL, 'Исследование окончено.', NULL, FALSE, NULL, NULL, NULL);

INSERT INTO locations (id, campaign_id, display_number, name) VALUES (51, 1, 159, 'Кузница искаженья');
INSERT INTO verses (id, location_id, display_number) VALUES (684, 51, 0);
INSERT INTO options (id, verse_id, position, type, text, target_type, target_verse_dn, target_location_dn, requirement, result, hidden, once, condition_group, conditional_targets, children) VALUES (1576, 684, 0, 'condition', 'Если вы проходите главу 7Б, часть 4.', 'cross_location', 1024, 1001, NULL, NULL, NULL, FALSE, NULL, NULL, NULL);
INSERT INTO options (id, verse_id, position, type, text, target_type, target_verse_dn, target_location_dn, requirement, result, hidden, once, condition_group, conditional_targets, children) VALUES (1577, 684, 1, 'choice', '2 @Energy@ Отправиться в искаженье.', 'verse', 6, NULL, NULL, NULL, NULL, FALSE, NULL, NULL, NULL);
INSERT INTO options (id, verse_id, position, type, text, target_type, target_verse_dn, target_location_dn, requirement, result, hidden, once, condition_group, conditional_targets, children) VALUES (1578, 684, 2, 'choice', 'Подойти к вратам.', 'verse', 1, NULL, NULL, NULL, NULL, FALSE, NULL, NULL, NULL);
INSERT INTO options (id, verse_id, position, type, text, target_type, target_verse_dn, target_location_dn, requirement, result, hidden, once, condition_group, conditional_targets, children) VALUES (1579, 684, 3, 'choice', 'Уйти.', 'end', NULL, NULL, NULL, 'Исследование окончено.', NULL, FALSE, NULL, NULL, NULL);
INSERT INTO verses (id, location_id, display_number) VALUES (685, 51, 1);
INSERT INTO options (id, verse_id, position, type, text, target_type, target_verse_dn, target_location_dn, requirement, result, hidden, once, condition_group, conditional_targets, children) VALUES (1580, 685, 0, 'condition', 'Если у вас нет части 4 достижения «Дружба со знатью».', 'verse', 2, NULL, NULL, NULL, NULL, FALSE, NULL, NULL, NULL);
INSERT INTO options (id, verse_id, position, type, text, target_type, target_verse_dn, target_location_dn, requirement, result, hidden, once, condition_group, conditional_targets, children) VALUES (1581, 685, 1, 'choice', '2 @Energy@ Помочь с экспериментами.', 'end', NULL, NULL, NULL, 'Получите 4 золота и 2 @Terror@.  Исследование окончено.', NULL, FALSE, NULL, NULL, NULL);
INSERT INTO options (id, verse_id, position, type, text, target_type, target_verse_dn, target_location_dn, requirement, result, hidden, once, condition_group, conditional_targets, children) VALUES (1582, 685, 2, 'choice', 'Разузнать побольше о Кузнице искаженья.', 'verse', 3, NULL, NULL, NULL, NULL, FALSE, NULL, NULL, NULL);
INSERT INTO options (id, verse_id, position, type, text, target_type, target_verse_dn, target_location_dn, requirement, result, hidden, once, condition_group, conditional_targets, children) VALUES (1583, 685, 3, 'choice', 'Уйти.', 'end', NULL, NULL, NULL, 'Исследование окончено.', NULL, FALSE, NULL, NULL, NULL);
INSERT INTO verses (id, location_id, display_number) VALUES (686, 51, 2);
INSERT INTO options (id, verse_id, position, type, text, target_type, target_verse_dn, target_location_dn, requirement, result, hidden, once, condition_group, conditional_targets, children) VALUES (1584, 686, 0, 'condition', 'Если у вас есть часть 2 достижения «Страхи и напасти».', 'verse', 5, NULL, NULL, NULL, NULL, FALSE, NULL, NULL, NULL);
INSERT INTO options (id, verse_id, position, type, text, target_type, target_verse_dn, target_location_dn, requirement, result, hidden, once, condition_group, conditional_targets, children) VALUES (1585, 686, 1, 'choice', 'Продолжить.', 'end', NULL, NULL, NULL, 'Исследование окончено.', NULL, FALSE, NULL, NULL, NULL);
INSERT INTO verses (id, location_id, display_number) VALUES (687, 51, 3);
INSERT INTO options (id, verse_id, position, type, text, target_type, target_verse_dn, target_location_dn, requirement, result, hidden, once, condition_group, conditional_targets, children) VALUES (1586, 687, 0, 'choice', 'Продолжить.', 'end', NULL, NULL, NULL, 'Исследование окончено.', NULL, FALSE, NULL, NULL, NULL);
INSERT INTO verses (id, location_id, display_number) VALUES (688, 51, 4);
INSERT INTO options (id, verse_id, position, type, text, target_type, target_verse_dn, target_location_dn, requirement, result, hidden, once, condition_group, conditional_targets, children) VALUES (1587, 688, 0, 'choice', 'Продолжить.', 'end', NULL, NULL, NULL, 'Получите 3 магии и потеряйте 2 @Terror@.  Исследование окончено.', NULL, FALSE, NULL, NULL, NULL);
INSERT INTO verses (id, location_id, display_number) VALUES (689, 51, 5);
INSERT INTO options (id, verse_id, position, type, text, target_type, target_verse_dn, target_location_dn, requirement, result, hidden, once, condition_group, conditional_targets, children) VALUES (1588, 689, 0, 'choice', 'Продолжить.', 'verse', 1, NULL, NULL, 'Каждый персонаж получает 1 опыт.   Получите часть 4 достижения «Дружба со знатью».', NULL, FALSE, NULL, NULL, NULL);
INSERT INTO verses (id, location_id, display_number) VALUES (690, 51, 6);
INSERT INTO options (id, verse_id, position, type, text, target_type, target_verse_dn, target_location_dn, requirement, result, hidden, once, condition_group, conditional_targets, children) VALUES (1589, 690, 0, 'condition', 'Если у вас хотя бы 4 очка @Practicality@.', 'verse', 4, NULL, NULL, NULL, NULL, FALSE, NULL, NULL, NULL);
INSERT INTO options (id, verse_id, position, type, text, target_type, target_verse_dn, target_location_dn, requirement, result, hidden, once, condition_group, conditional_targets, children) VALUES (1590, 690, 1, 'choice', '1—3.', 'end', NULL, NULL, NULL, 'Ваше тело впитало немного искаженья…  Получите 2 магии и 1 @Terror@.  Исследование окончено.', NULL, FALSE, 'В противном случае.', NULL, NULL);
INSERT INTO options (id, verse_id, position, type, text, target_type, target_verse_dn, target_location_dn, requirement, result, hidden, once, condition_group, conditional_targets, children) VALUES (1591, 690, 2, 'choice', '4—5.', 'end', NULL, NULL, NULL, 'Вы набрели на снаряжение погибшего путника…  Получите 1 магию, 1 золото, 1 еду и 1 @Terror@.  Исследование окончено.', NULL, FALSE, 'В противном случае.', NULL, NULL);
INSERT INTO options (id, verse_id, position, type, text, target_type, target_verse_dn, target_location_dn, requirement, result, hidden, once, condition_group, conditional_targets, children) VALUES (1592, 690, 3, 'choice', '≥6.', 'end', NULL, NULL, NULL, 'Кто‑то запрятал клад в искаженье. Теперь он ваш...  Получите 2 магии, 2 золота и 2 @Terror@.  Исследование окончено.', NULL, FALSE, 'В противном случае.', NULL, NULL);

INSERT INTO locations (id, campaign_id, display_number, name) VALUES (52, 1, 160, 'Первый Шаг');
INSERT INTO verses (id, location_id, display_number) VALUES (691, 52, 0);
INSERT INTO options (id, verse_id, position, type, text, target_type, target_verse_dn, target_location_dn, requirement, result, hidden, once, condition_group, conditional_targets, children) VALUES (1593, 691, 0, 'condition', 'Если у вас есть часть 1 достижения «Засуха».', 'verse', 6, NULL, NULL, NULL, NULL, FALSE, NULL, NULL, NULL);
INSERT INTO options (id, verse_id, position, type, text, target_type, target_verse_dn, target_location_dn, requirement, result, hidden, once, condition_group, conditional_targets, children) VALUES (1594, 691, 1, 'choice', '1 @Energy@ Подойти к фонтану в центре форпоста.', 'verse', 7, NULL, NULL, NULL, NULL, FALSE, NULL, NULL, NULL);
INSERT INTO options (id, verse_id, position, type, text, target_type, target_verse_dn, target_location_dn, requirement, result, hidden, once, condition_group, conditional_targets, children) VALUES (1595, 691, 2, 'choice', 'Воспользоваться фоморским прибрежным транспортом.', 'cross_location', 2, 999, NULL, NULL, NULL, FALSE, NULL, NULL, NULL);
INSERT INTO options (id, verse_id, position, type, text, target_type, target_verse_dn, target_location_dn, requirement, result, hidden, once, condition_group, conditional_targets, children) VALUES (1596, 691, 3, 'choice', 'Встретиться с сенатором Кульпианом.', 'verse', 1, NULL, 'Нужна часть 4 достижения «Древние знания». Только если у вас нет части 4 достижения «Обыск».', NULL, NULL, FALSE, NULL, NULL, NULL);
INSERT INTO options (id, verse_id, position, type, text, target_type, target_verse_dn, target_location_dn, requirement, result, hidden, once, condition_group, conditional_targets, children) VALUES (1597, 691, 4, 'choice', 'Пойти по маршруту на карте.', 'verse', 3, NULL, 'Нужна карта секрета 3.', NULL, NULL, FALSE, NULL, NULL, NULL);
INSERT INTO options (id, verse_id, position, type, text, target_type, target_verse_dn, target_location_dn, requirement, result, hidden, once, condition_group, conditional_targets, children) VALUES (1598, 691, 5, 'choice', 'Упомянуть Амбофтальма.', 'verse', 4, NULL, 'Нужны все персонажи и глава 7Б, часть 3.', NULL, NULL, FALSE, NULL, NULL, NULL);
INSERT INTO options (id, verse_id, position, type, text, target_type, target_verse_dn, target_location_dn, requirement, result, hidden, once, condition_group, conditional_targets, children) VALUES (1599, 691, 6, 'choice', 'Уйти.', 'end', NULL, NULL, NULL, 'Исследование окончено.', NULL, FALSE, NULL, NULL, NULL);
INSERT INTO verses (id, location_id, display_number) VALUES (692, 52, 1);
INSERT INTO options (id, verse_id, position, type, text, target_type, target_verse_dn, target_location_dn, requirement, result, hidden, once, condition_group, conditional_targets, children) VALUES (1600, 692, 0, 'condition', 'Если у вас есть синий светофильтр.', 'verse', 2, NULL, NULL, 'Сквозь искажень-стекло вы рассмотрели магические следы. По ним вы дошли до маленькой пещерки, где обнаружился источник насыщенной магии. И тайник внизу…', NULL, FALSE, NULL, NULL, NULL);
INSERT INTO options (id, verse_id, position, type, text, target_type, target_verse_dn, target_location_dn, requirement, result, hidden, once, condition_group, conditional_targets, children) VALUES (1601, 692, 1, 'condition', 'Если у вас 3 очка @Caution@ или меньше.', 'end', NULL, NULL, NULL, 'Вы ничего не смогли найти.  Исследование окончено.', NULL, FALSE, NULL, NULL, NULL);
INSERT INTO options (id, verse_id, position, type, text, target_type, target_verse_dn, target_location_dn, requirement, result, hidden, once, condition_group, conditional_targets, children) VALUES (1602, 692, 2, 'condition', 'В противном случае.', 'verse', 9, NULL, NULL, NULL, NULL, FALSE, NULL, NULL, NULL);
INSERT INTO verses (id, location_id, display_number) VALUES (693, 52, 2);
INSERT INTO options (id, verse_id, position, type, text, target_type, target_verse_dn, target_location_dn, requirement, result, hidden, once, condition_group, conditional_targets, children) VALUES (1603, 693, 0, 'choice', 'Продолжить.', 'end', NULL, NULL, NULL, 'Получите часть 4 достижения «Обыск».   Получите 8 золота.  Исследование окончено.', NULL, FALSE, NULL, NULL, NULL);
INSERT INTO verses (id, location_id, display_number) VALUES (694, 52, 3);
INSERT INTO options (id, verse_id, position, type, text, target_type, target_verse_dn, target_location_dn, requirement, result, hidden, once, condition_group, conditional_targets, children) VALUES (1604, 694, 0, 'condition', 'Если у вас есть синий светофильтр.', 'verse', 5, NULL, NULL, 'Сквозь искажень-стекло вы рассмотрели магические следы. По ним вы дошли до маленькой пещерки, где обнаружился источник насыщенной магии. И тайник внизу…', NULL, FALSE, NULL, NULL, NULL);
INSERT INTO options (id, verse_id, position, type, text, target_type, target_verse_dn, target_location_dn, requirement, result, hidden, once, condition_group, conditional_targets, children) VALUES (1605, 694, 1, 'condition', 'Если у вас 3 очка @Caution@ или меньше.', 'end', NULL, NULL, NULL, 'Вы ничего не смогли найти.  Исследование окончено.', NULL, FALSE, NULL, NULL, NULL);
INSERT INTO options (id, verse_id, position, type, text, target_type, target_verse_dn, target_location_dn, requirement, result, hidden, once, condition_group, conditional_targets, children) VALUES (1606, 694, 2, 'condition', 'В противном случае.', 'verse', 10, NULL, NULL, NULL, NULL, FALSE, NULL, NULL, NULL);
INSERT INTO verses (id, location_id, display_number) VALUES (695, 52, 4);
INSERT INTO options (id, verse_id, position, type, text, target_type, target_verse_dn, target_location_dn, requirement, result, hidden, once, condition_group, conditional_targets, children) VALUES (1607, 695, 0, 'choice', 'Продолжить.', 'cross_location', 444, 999, NULL, NULL, NULL, FALSE, NULL, NULL, NULL);
INSERT INTO verses (id, location_id, display_number) VALUES (696, 52, 5);
INSERT INTO options (id, verse_id, position, type, text, target_type, target_verse_dn, target_location_dn, requirement, result, hidden, once, condition_group, conditional_targets, children) VALUES (1608, 696, 0, 'condition', 'Продолжить.', 'cross_location', 63, 999, NULL, NULL, NULL, FALSE, NULL, NULL, NULL);
INSERT INTO verses (id, location_id, display_number) VALUES (697, 52, 6);
INSERT INTO options (id, verse_id, position, type, text, target_type, target_verse_dn, target_location_dn, requirement, result, hidden, once, condition_group, conditional_targets, children) VALUES (1609, 697, 0, 'choice', 'Воспользоваться фоморским прибрежным транспортом.', 'cross_location', 2, 999, NULL, NULL, NULL, FALSE, NULL, NULL, NULL);
INSERT INTO options (id, verse_id, position, type, text, target_type, target_verse_dn, target_location_dn, requirement, result, hidden, once, condition_group, conditional_targets, children) VALUES (1610, 697, 1, 'choice', 'Взять в союзники Октавию.', 'cross_location', 1022, 1001, 'Нужна глава 9A, часть 3 и часть 2 достижения «Засуха».', NULL, NULL, FALSE, NULL, NULL, NULL);
INSERT INTO options (id, verse_id, position, type, text, target_type, target_verse_dn, target_location_dn, requirement, result, hidden, once, condition_group, conditional_targets, children) VALUES (1611, 697, 2, 'choice', '1 @Energy@ Подойти к фонтану в центре рыночной площади.', 'verse', 7, NULL, NULL, NULL, NULL, FALSE, NULL, NULL, NULL);
INSERT INTO options (id, verse_id, position, type, text, target_type, target_verse_dn, target_location_dn, requirement, result, hidden, once, condition_group, conditional_targets, children) VALUES (1612, 697, 3, 'choice', 'Уйти.', 'end', NULL, NULL, NULL, 'Исследование окончено.', NULL, FALSE, NULL, NULL, NULL);
INSERT INTO verses (id, location_id, display_number) VALUES (698, 52, 7);
INSERT INTO options (id, verse_id, position, type, text, target_type, target_verse_dn, target_location_dn, requirement, result, hidden, once, condition_group, conditional_targets, children) VALUES (1613, 698, 0, 'choice', '1 @Energy@ Расспросить о фонтане.', 'verse', 8, NULL, NULL, NULL, NULL, FALSE, NULL, NULL, NULL);
INSERT INTO options (id, verse_id, position, type, text, target_type, target_verse_dn, target_location_dn, requirement, result, hidden, once, condition_group, conditional_targets, children) VALUES (1614, 698, 1, 'choice', 'Бросить монетку в фонтан.', 'cross_location', 296, 999, 'Потратьте 1 золото.', NULL, NULL, FALSE, NULL, NULL, NULL);
INSERT INTO options (id, verse_id, position, type, text, target_type, target_verse_dn, target_location_dn, requirement, result, hidden, once, condition_group, conditional_targets, children) VALUES (1615, 698, 2, 'choice', 'Взять себе то, что осталось в фонтане. Повсюду вокруг вас были фоморы. Так ли уж хороша эта мысль?', 'cross_location', 1043, 1001, NULL, NULL, NULL, FALSE, NULL, NULL, NULL);
INSERT INTO options (id, verse_id, position, type, text, target_type, target_verse_dn, target_location_dn, requirement, result, hidden, once, condition_group, conditional_targets, children) VALUES (1616, 698, 3, 'choice', 'Уйти.', 'end', NULL, NULL, NULL, 'Исследование окончено.', NULL, FALSE, NULL, NULL, NULL);
INSERT INTO verses (id, location_id, display_number) VALUES (699, 52, 8);
INSERT INTO options (id, verse_id, position, type, text, target_type, target_verse_dn, target_location_dn, requirement, result, hidden, once, condition_group, conditional_targets, children) VALUES (1617, 699, 0, 'choice', 'Продолжить.', 'verse', 7, NULL, NULL, NULL, NULL, FALSE, NULL, NULL, NULL);
INSERT INTO verses (id, location_id, display_number) VALUES (700, 52, 9);
INSERT INTO options (id, verse_id, position, type, text, target_type, target_verse_dn, target_location_dn, requirement, result, hidden, once, condition_group, conditional_targets, children) VALUES (1618, 700, 0, 'choice', 'Продолжить.', 'verse', 2, NULL, NULL, NULL, NULL, FALSE, NULL, NULL, NULL);
INSERT INTO verses (id, location_id, display_number) VALUES (701, 52, 10);
INSERT INTO options (id, verse_id, position, type, text, target_type, target_verse_dn, target_location_dn, requirement, result, hidden, once, condition_group, conditional_targets, children) VALUES (1619, 701, 0, 'choice', 'Продолжить.', 'verse', 5, NULL, NULL, NULL, NULL, FALSE, NULL, NULL, NULL);

INSERT INTO locations (id, campaign_id, display_number, name) VALUES (53, 1, 161, 'Вороний приют');
INSERT INTO verses (id, location_id, display_number) VALUES (702, 53, 0);
INSERT INTO options (id, verse_id, position, type, text, target_type, target_verse_dn, target_location_dn, requirement, result, hidden, once, condition_group, conditional_targets, children) VALUES (1620, 702, 0, 'choice', '2 @Energy@ Осмотреть фоморский лагерь/', 'verse', 6, NULL, 'Нужны все персонажи и глава 7Б, часть 1.', NULL, NULL, FALSE, NULL, NULL, NULL);
INSERT INTO options (id, verse_id, position, type, text, target_type, target_verse_dn, target_location_dn, requirement, result, hidden, once, condition_group, conditional_targets, children) VALUES (1621, 702, 1, 'choice', 'Подойти к деревне.', 'verse', 1, NULL, NULL, NULL, NULL, FALSE, NULL, NULL, NULL);
INSERT INTO options (id, verse_id, position, type, text, target_type, target_verse_dn, target_location_dn, requirement, result, hidden, once, condition_group, conditional_targets, children) VALUES (1622, 702, 2, 'choice', 'Углубиться в лес секвой.', 'verse', 8, NULL, NULL, NULL, NULL, FALSE, NULL, NULL, NULL);
INSERT INTO options (id, verse_id, position, type, text, target_type, target_verse_dn, target_location_dn, requirement, result, hidden, once, condition_group, conditional_targets, children) VALUES (1623, 702, 3, 'choice', 'Пройтись по старому полю боя.', 'verse', 10, NULL, 'Нужна Гердвин. Только если у вас нет части 3 достижения «Древние знания».', NULL, NULL, FALSE, NULL, NULL, NULL);
INSERT INTO options (id, verse_id, position, type, text, target_type, target_verse_dn, target_location_dn, requirement, result, hidden, once, condition_group, conditional_targets, children) VALUES (1624, 702, 4, 'choice', 'Уйти.', 'end', NULL, NULL, NULL, 'Исследование окончено.', NULL, FALSE, NULL, NULL, NULL);
INSERT INTO verses (id, location_id, display_number) VALUES (703, 53, 1);
INSERT INTO options (id, verse_id, position, type, text, target_type, target_verse_dn, target_location_dn, requirement, result, hidden, once, condition_group, conditional_targets, children) VALUES (1625, 703, 0, 'condition', 'Если хотя бы 1 член команды в искажённой форме.', 'verse', 4, NULL, NULL, NULL, NULL, FALSE, NULL, NULL, NULL);
INSERT INTO options (id, verse_id, position, type, text, target_type, target_verse_dn, target_location_dn, requirement, result, hidden, once, condition_group, conditional_targets, children) VALUES (1626, 703, 1, 'condition', 'В противном случае.', 'verse', 7, NULL, NULL, NULL, NULL, FALSE, NULL, NULL, NULL);
INSERT INTO verses (id, location_id, display_number) VALUES (704, 53, 2);
INSERT INTO options (id, verse_id, position, type, text, target_type, target_verse_dn, target_location_dn, requirement, result, hidden, once, condition_group, conditional_targets, children) VALUES (1627, 704, 0, 'choice', 'Узнать больше о Вороньем приюте.', 'verse', 3, NULL, NULL, NULL, NULL, FALSE, NULL, NULL, NULL);
INSERT INTO options (id, verse_id, position, type, text, target_type, target_verse_dn, target_location_dn, requirement, result, hidden, once, condition_group, conditional_targets, children) VALUES (1628, 704, 1, 'choice', 'Спросить, слышал ли кто-нибудь о ком-то по имени Сэрик.', 'cross_location', 439, 999, 'Нужна карта секрета 18. Только если у вас нет части 3 достижения «Грехи владыки».', NULL, NULL, FALSE, NULL, NULL, NULL);
INSERT INTO options (id, verse_id, position, type, text, target_type, target_verse_dn, target_location_dn, requirement, result, hidden, once, condition_group, conditional_targets, children) VALUES (1629, 704, 2, 'choice', 'Уйти.', 'end', NULL, NULL, NULL, 'Исследование окончено.', NULL, FALSE, NULL, NULL, NULL);
INSERT INTO verses (id, location_id, display_number) VALUES (705, 53, 3);
INSERT INTO options (id, verse_id, position, type, text, target_type, target_verse_dn, target_location_dn, requirement, result, hidden, once, condition_group, conditional_targets, children) VALUES (1630, 705, 0, 'choice', 'Продолжить.', 'verse', 2, NULL, NULL, NULL, NULL, FALSE, NULL, NULL, NULL);
INSERT INTO verses (id, location_id, display_number) VALUES (706, 53, 4);
INSERT INTO options (id, verse_id, position, type, text, target_type, target_verse_dn, target_location_dn, requirement, result, hidden, once, condition_group, conditional_targets, children) VALUES (1631, 706, 0, 'choice', 'Продолжить.', 'verse', 2, NULL, NULL, 'Каждый член команды может потратить 1 @Energy@, чтобы потерять 1 @Terror@.', NULL, FALSE, NULL, NULL, NULL);
INSERT INTO verses (id, location_id, display_number) VALUES (707, 53, 5);
INSERT INTO options (id, verse_id, position, type, text, target_type, target_verse_dn, target_location_dn, requirement, result, hidden, once, condition_group, conditional_targets, children) VALUES (1632, 707, 0, 'choice', 'Взять топор и завершить начатое его прежним владельцем.', 'cross_location', 497, 999, 'Нужно хотя бы 4 очка @Aggression@. Только если у вас нет части 6 достижения «Страхи и напасти».', 'Каждый член команды теряет 1 @Terror@.', NULL, FALSE, NULL, NULL, NULL);
INSERT INTO options (id, verse_id, position, type, text, target_type, target_verse_dn, target_location_dn, requirement, result, hidden, once, condition_group, conditional_targets, children) VALUES (1633, 707, 1, 'choice', 'Уйти.', 'end', NULL, NULL, NULL, 'Каждый член команды теряет 1 @Terror@.  Исследование окончено.', NULL, FALSE, NULL, NULL, NULL);
INSERT INTO verses (id, location_id, display_number) VALUES (708, 53, 6);
INSERT INTO options (id, verse_id, position, type, text, target_type, target_verse_dn, target_location_dn, requirement, result, hidden, once, condition_group, conditional_targets, children) VALUES (1634, 708, 0, 'choice', '1—5.', 'verse', 14, NULL, NULL, 'Они заметили вас и бросились в вашу сторону.', NULL, FALSE, NULL, NULL, NULL);
INSERT INTO options (id, verse_id, position, type, text, target_type, target_verse_dn, target_location_dn, requirement, result, hidden, once, condition_group, conditional_targets, children) VALUES (1635, 708, 1, 'choice', '≥6.', 'verse', 12, NULL, NULL, 'Они вас не заметили.', NULL, FALSE, NULL, NULL, NULL);
INSERT INTO verses (id, location_id, display_number) VALUES (709, 53, 7);
INSERT INTO options (id, verse_id, position, type, text, target_type, target_verse_dn, target_location_dn, requirement, result, hidden, once, condition_group, conditional_targets, children) VALUES (1636, 709, 0, 'condition', 'Если развязка @GreenOutcome@ или @GrayOutcome@.', 'verse', 2, NULL, NULL, NULL, NULL, FALSE, NULL, NULL, NULL);
INSERT INTO options (id, verse_id, position, type, text, target_type, target_verse_dn, target_location_dn, requirement, result, hidden, once, condition_group, conditional_targets, children) VALUES (1637, 709, 1, 'condition', 'В противном случае.', 'end', NULL, NULL, NULL, 'Исследование окончено.', NULL, FALSE, NULL, NULL, NULL);
INSERT INTO verses (id, location_id, display_number) VALUES (710, 53, 8);
INSERT INTO options (id, verse_id, position, type, text, target_type, target_verse_dn, target_location_dn, requirement, result, hidden, once, condition_group, conditional_targets, children) VALUES (1638, 710, 0, 'choice', '2 @Energy@ Осмотреть чащобу.', 'verse', 5, NULL, NULL, NULL, NULL, FALSE, NULL, NULL, NULL);
INSERT INTO options (id, verse_id, position, type, text, target_type, target_verse_dn, target_location_dn, requirement, result, hidden, once, condition_group, conditional_targets, children) VALUES (1639, 710, 1, 'choice', '1 @Energy@ Осмотреть лесные окраины.', 'end', NULL, NULL, NULL, 'Получите 1 еду.  Возьмите зелёную карту встречи и проведите её.', NULL, FALSE, NULL, NULL, NULL);
INSERT INTO options (id, verse_id, position, type, text, target_type, target_verse_dn, target_location_dn, requirement, result, hidden, once, condition_group, conditional_targets, children) VALUES (1640, 710, 2, 'choice', '1 @Energy@ Осмотреть лесные окраины.', 'cross_location', 655, 1001, 'Если у вас есть синий светофильтр.', NULL, NULL, FALSE, NULL, NULL, NULL);
INSERT INTO options (id, verse_id, position, type, text, target_type, target_verse_dn, target_location_dn, requirement, result, hidden, once, condition_group, conditional_targets, children) VALUES (1641, 710, 3, 'choice', '1 @Energy@ Осмотреть лесные окраины.', 'end', NULL, NULL, NULL, 'Исследование окончено.', NULL, FALSE, NULL, NULL, NULL);
INSERT INTO options (id, verse_id, position, type, text, target_type, target_verse_dn, target_location_dn, requirement, result, hidden, once, condition_group, conditional_targets, children) VALUES (1642, 710, 4, 'choice', 'Уйти.', 'end', NULL, NULL, NULL, 'Исследование окончено.', NULL, FALSE, NULL, NULL, NULL);
INSERT INTO verses (id, location_id, display_number) VALUES (711, 53, 9);
INSERT INTO options (id, verse_id, position, type, text, target_type, target_verse_dn, target_location_dn, requirement, result, hidden, once, condition_group, conditional_targets, children) VALUES (1643, 711, 0, 'choice', 'Пора назад.', 'verse', 13, NULL, NULL, NULL, NULL, FALSE, NULL, NULL, NULL);
INSERT INTO options (id, verse_id, position, type, text, target_type, target_verse_dn, target_location_dn, requirement, result, hidden, once, condition_group, conditional_targets, children) VALUES (1644, 711, 1, 'choice', 'Подойти к рабам-людям, рубящим лес на востоке.', 'cross_location', 460, 999, 'Нужно хотя бы 3 очка 3 @Empathy@ или чтобы в команде не было членов в искажённой форме.', NULL, NULL, FALSE, NULL, NULL, NULL);
INSERT INTO options (id, verse_id, position, type, text, target_type, target_verse_dn, target_location_dn, requirement, result, hidden, once, condition_group, conditional_targets, children) VALUES (1645, 711, 2, 'choice', 'Похитить фомора, идущего в лагерь.', 'cross_location', 475, 999, 'Нужно хотя бы 3 очка @Courage@ или хотя бы 3 очка @Aggression@.', NULL, NULL, FALSE, NULL, NULL, NULL);
INSERT INTO verses (id, location_id, display_number) VALUES (712, 53, 10);
INSERT INTO options (id, verse_id, position, type, text, target_type, target_verse_dn, target_location_dn, requirement, result, hidden, once, condition_group, conditional_targets, children) VALUES (1646, 712, 0, 'choice', 'Продолжить.', 'end', NULL, NULL, NULL, 'Гердвин теряет 2 @Terror@ и получает 1 опыт.   Получите часть 3 достижения «Древние знания».  Исследование окончено.', NULL, FALSE, NULL, NULL, NULL);
INSERT INTO verses (id, location_id, display_number) VALUES (713, 53, 11);
INSERT INTO options (id, verse_id, position, type, text, target_type, target_verse_dn, target_location_dn, requirement, result, hidden, once, condition_group, conditional_targets, children) VALUES (1647, 713, 0, 'choice', '1—3.', 'verse', 13, NULL, NULL, 'На вас наткнулся патруль и сразу напал. Вы едва сбежали.   Каждый член команды теряет 2 @Health@.', NULL, FALSE, NULL, NULL, NULL);
INSERT INTO options (id, verse_id, position, type, text, target_type, target_verse_dn, target_location_dn, requirement, result, hidden, once, condition_group, conditional_targets, children) VALUES (1648, 713, 1, 'choice', '≥4.', 'verse', 15, NULL, NULL, 'Вы пробрались к лагерю и подслушали разговор стражников.', NULL, FALSE, NULL, NULL, NULL);
INSERT INTO verses (id, location_id, display_number) VALUES (714, 53, 12);
INSERT INTO options (id, verse_id, position, type, text, target_type, target_verse_dn, target_location_dn, requirement, result, hidden, once, condition_group, conditional_targets, children) VALUES (1649, 714, 0, 'choice', 'Придумать что-нибудь другое.', 'verse', 9, NULL, NULL, NULL, NULL, FALSE, NULL, NULL, NULL);
INSERT INTO options (id, verse_id, position, type, text, target_type, target_verse_dn, target_location_dn, requirement, result, hidden, once, condition_group, conditional_targets, children) VALUES (1650, 714, 1, 'choice', 'Подобраться к лагерю.', 'verse', 11, NULL, NULL, NULL, NULL, FALSE, NULL, NULL, NULL);
INSERT INTO verses (id, location_id, display_number) VALUES (715, 53, 13);
INSERT INTO options (id, verse_id, position, type, text, target_type, target_verse_dn, target_location_dn, requirement, result, hidden, once, condition_group, conditional_targets, children) VALUES (1651, 715, 0, 'condition', 'Продолжить.', 'cross_location', 487, 999, NULL, NULL, NULL, FALSE, NULL, NULL, NULL);
INSERT INTO verses (id, location_id, display_number) VALUES (716, 53, 14);
INSERT INTO options (id, verse_id, position, type, text, target_type, target_verse_dn, target_location_dn, requirement, result, hidden, once, condition_group, conditional_targets, children) VALUES (1652, 716, 0, 'condition', 'Если развязка @GreenOutcome@.', 'verse', 12, NULL, NULL, 'Вы смогли отделаться от них.', NULL, FALSE, NULL, NULL, NULL);
INSERT INTO options (id, verse_id, position, type, text, target_type, target_verse_dn, target_location_dn, requirement, result, hidden, once, condition_group, conditional_targets, children) VALUES (1653, 716, 1, 'condition', 'В противном случае.', 'verse', 13, NULL, NULL, NULL, NULL, FALSE, NULL, NULL, NULL);
INSERT INTO verses (id, location_id, display_number) VALUES (717, 53, 15);
INSERT INTO options (id, verse_id, position, type, text, target_type, target_verse_dn, target_location_dn, requirement, result, hidden, once, condition_group, conditional_targets, children) VALUES (1654, 717, 0, 'choice', 'Продолжить.', 'verse', 9, NULL, NULL, 'Поместите 1 красный маркер на карту секрета 50.', NULL, FALSE, NULL, NULL, NULL);

INSERT INTO locations (id, campaign_id, display_number, name) VALUES (54, 1, 162, 'Аква-­Монс');
INSERT INTO verses (id, location_id, display_number) VALUES (718, 54, 0);
INSERT INTO options (id, verse_id, position, type, text, target_type, target_verse_dn, target_location_dn, requirement, result, hidden, once, condition_group, conditional_targets, children) VALUES (1655, 718, 0, 'condition', 'Если вы проходите главу 8Б или 9А.', 'verse', 1, NULL, NULL, NULL, NULL, FALSE, NULL, NULL, NULL);
INSERT INTO options (id, verse_id, position, type, text, target_type, target_verse_dn, target_location_dn, requirement, result, hidden, once, condition_group, conditional_targets, children) VALUES (1656, 718, 1, 'condition', 'В противном случае.', 'end', NULL, NULL, NULL, 'Здесь больше ничего нет.  Переместите всех членов команды в локацию 158.  Исследование окончено.', NULL, FALSE, NULL, NULL, NULL);
INSERT INTO verses (id, location_id, display_number) VALUES (719, 54, 1);
INSERT INTO options (id, verse_id, position, type, text, target_type, target_verse_dn, target_location_dn, requirement, result, hidden, once, condition_group, conditional_targets, children) VALUES (1657, 719, 0, 'choice', 'Вступить в столкновение с Нонием.', 'cross_location', 141, 999, NULL, NULL, NULL, FALSE, NULL, NULL, NULL);
INSERT INTO options (id, verse_id, position, type, text, target_type, target_verse_dn, target_location_dn, requirement, result, hidden, once, condition_group, conditional_targets, children) VALUES (1658, 719, 1, 'choice', 'Уйти.', 'end', NULL, NULL, NULL, 'Переместите всех членов команды в локацию 158 .  Исследование окончено.', NULL, FALSE, NULL, NULL, NULL);

INSERT INTO locations (id, campaign_id, display_number, name) VALUES (55, 1, 165, 'Тропа великанов');
INSERT INTO verses (id, location_id, display_number) VALUES (720, 55, 0);
INSERT INTO options (id, verse_id, position, type, text, target_type, target_verse_dn, target_location_dn, requirement, result, hidden, once, condition_group, conditional_targets, children) VALUES (1659, 720, 0, 'choice', 'Если у вас есть синий светофильтр.', 'verse', 6, NULL, '1 @Energy@ Осмотреть колонны.', NULL, NULL, FALSE, NULL, NULL, NULL);
INSERT INTO options (id, verse_id, position, type, text, target_type, target_verse_dn, target_location_dn, requirement, result, hidden, once, condition_group, conditional_targets, children) VALUES (1660, 720, 1, 'choice', '1 @Energy@ Обыскать повозку и трупы.', 'verse', 1, NULL, NULL, NULL, NULL, FALSE, NULL, NULL, NULL);
INSERT INTO options (id, verse_id, position, type, text, target_type, target_verse_dn, target_location_dn, requirement, result, hidden, once, condition_group, conditional_targets, children) VALUES (1661, 720, 2, 'choice', 'Разбить лагерь и отдохнуть. После перехода через Туатан вам необходима передышка.', 'verse', 2, NULL, 'Потратьте 1 @Energy@ за члена команды.', NULL, NULL, FALSE, NULL, NULL, NULL);
INSERT INTO options (id, verse_id, position, type, text, target_type, target_verse_dn, target_location_dn, requirement, result, hidden, once, condition_group, conditional_targets, children) VALUES (1662, 720, 3, 'choice', 'Уйти.', 'end', NULL, NULL, NULL, 'Исследование окончено.', NULL, FALSE, NULL, NULL, NULL);
INSERT INTO verses (id, location_id, display_number) VALUES (721, 55, 1);
INSERT INTO options (id, verse_id, position, type, text, target_type, target_verse_dn, target_location_dn, requirement, result, hidden, once, condition_group, conditional_targets, children) VALUES (1663, 721, 0, 'condition', 'Если у вас хотя бы 3 очка @Practicality@.', 'verse', 3, NULL, NULL, NULL, NULL, FALSE, NULL, NULL, NULL);
INSERT INTO options (id, verse_id, position, type, text, target_type, target_verse_dn, target_location_dn, requirement, result, hidden, once, condition_group, conditional_targets, children) VALUES (1664, 721, 1, 'condition', 'В противном случае.', 'verse', 5, NULL, NULL, NULL, NULL, FALSE, NULL, NULL, NULL);
INSERT INTO verses (id, location_id, display_number) VALUES (722, 55, 2);
INSERT INTO options (id, verse_id, position, type, text, target_type, target_verse_dn, target_location_dn, requirement, result, hidden, once, condition_group, conditional_targets, children) VALUES (1665, 722, 0, 'choice', 'Продолжить.', 'end', NULL, NULL, NULL, 'Каждый член команды получает 1 @Health@ и теряет 1 @Terror@.  Исследование окончено.', NULL, FALSE, NULL, NULL, NULL);
INSERT INTO verses (id, location_id, display_number) VALUES (723, 55, 3);
INSERT INTO options (id, verse_id, position, type, text, target_type, target_verse_dn, target_location_dn, requirement, result, hidden, once, condition_group, conditional_targets, children) VALUES (1666, 723, 0, 'choice', 'Продолжить.', 'verse', 5, NULL, NULL, NULL, NULL, FALSE, NULL, NULL, NULL);
INSERT INTO verses (id, location_id, display_number) VALUES (724, 55, 4);
INSERT INTO options (id, verse_id, position, type, text, target_type, target_verse_dn, target_location_dn, requirement, result, hidden, once, condition_group, conditional_targets, children) VALUES (1667, 724, 0, 'choice', 'Продолжить.', 'verse', 5, NULL, NULL, NULL, NULL, FALSE, NULL, NULL, NULL);
INSERT INTO verses (id, location_id, display_number) VALUES (725, 55, 5);
INSERT INTO options (id, verse_id, position, type, text, target_type, target_verse_dn, target_location_dn, requirement, result, hidden, once, condition_group, conditional_targets, children) VALUES (1668, 725, 0, 'choice', '1 @Energy@ Собрать кости. Вы набили свои мешки останками людей и животных.', 'verse', 5, NULL, NULL, 'Каждый член команды получает  1 @Terror@.   Получите карту секрета 13, если у вас её ещё нет.   Затем сделайте выбор снова.', NULL, FALSE, NULL, NULL, NULL);
INSERT INTO options (id, verse_id, position, type, text, target_type, target_verse_dn, target_location_dn, requirement, result, hidden, once, condition_group, conditional_targets, children) VALUES (1669, 725, 1, 'choice', 'Спросить предтечу об этой экспедиции.', 'verse', 4, NULL, NULL, NULL, NULL, FALSE, NULL, NULL, NULL);
INSERT INTO options (id, verse_id, position, type, text, target_type, target_verse_dn, target_location_dn, requirement, result, hidden, once, condition_group, conditional_targets, children) VALUES (1670, 725, 2, 'choice', 'Уйти.', 'end', NULL, NULL, NULL, 'Исследование окончено.', NULL, FALSE, NULL, NULL, NULL);
INSERT INTO verses (id, location_id, display_number) VALUES (726, 55, 6);
INSERT INTO options (id, verse_id, position, type, text, target_type, target_verse_dn, target_location_dn, requirement, result, hidden, once, condition_group, conditional_targets, children) VALUES (1671, 726, 0, 'choice', '2 @Energy@ Попробовать расшифровать надписи', 'verse', 7, NULL, 'Только если у вас нет части 4 достижения «Поворот судьбы».', NULL, NULL, FALSE, NULL, NULL, NULL);
INSERT INTO options (id, verse_id, position, type, text, target_type, target_verse_dn, target_location_dn, requirement, result, hidden, once, condition_group, conditional_targets, children) VALUES (1672, 726, 1, 'choice', 'Уйти.', 'end', NULL, NULL, NULL, 'Исследование окончено.', NULL, FALSE, NULL, NULL, NULL);
INSERT INTO verses (id, location_id, display_number) VALUES (727, 55, 7);
INSERT INTO options (id, verse_id, position, type, text, target_type, target_verse_dn, target_location_dn, requirement, result, hidden, once, condition_group, conditional_targets, children) VALUES (1673, 727, 0, 'choice', '1—5.', 'end', NULL, NULL, NULL, 'У вас ничего не получилось.  Каждый член команды получает 1 @Terror@.  Исследование окончено.', NULL, FALSE, NULL, NULL, NULL);
INSERT INTO options (id, verse_id, position, type, text, target_type, target_verse_dn, target_location_dn, requirement, result, hidden, once, condition_group, conditional_targets, children) VALUES (1674, 727, 1, 'choice', '6—8.', 'verse', 8, NULL, NULL, 'Вы расшифровали несколько символов.  Поместите 1 @QuestToken@ в эту локацию.', NULL, FALSE, NULL, NULL, NULL);
INSERT INTO options (id, verse_id, position, type, text, target_type, target_verse_dn, target_location_dn, requirement, result, hidden, once, condition_group, conditional_targets, children) VALUES (1675, 727, 2, 'choice', '≥9.', 'verse', 8, NULL, NULL, 'Это прорыв! Десятки символов в одночасье стали вам совершенно понятны.   Поместите 2 @QuestToken@ в эту локацию.', NULL, FALSE, NULL, NULL, NULL);
INSERT INTO verses (id, location_id, display_number) VALUES (728, 55, 8);
INSERT INTO options (id, verse_id, position, type, text, target_type, target_verse_dn, target_location_dn, requirement, result, hidden, once, condition_group, conditional_targets, children) VALUES (1676, 728, 0, 'condition', 'Если в этой локации хотя бы 3 @QuestToken@ или больше.', 'cross_location', 1140, 1001, NULL, 'Уберите их.', NULL, FALSE, NULL, NULL, NULL);
INSERT INTO options (id, verse_id, position, type, text, target_type, target_verse_dn, target_location_dn, requirement, result, hidden, once, condition_group, conditional_targets, children) VALUES (1677, 728, 1, 'condition', 'В противном случае.', 'end', NULL, NULL, NULL, 'Исследование окончено.', NULL, FALSE, NULL, NULL, NULL);

INSERT INTO locations (id, campaign_id, display_number, name) VALUES (56, 1, 166, 'Багровая колыбель');
INSERT INTO verses (id, location_id, display_number) VALUES (729, 56, 0);
INSERT INTO options (id, verse_id, position, type, text, target_type, target_verse_dn, target_location_dn, requirement, result, hidden, once, condition_group, conditional_targets, children) VALUES (1678, 729, 0, 'condition', 'Если у вас нет части 1 достижения «Запретная земля».', 'verse', 7, NULL, NULL, NULL, NULL, FALSE, NULL, NULL, NULL);
INSERT INTO options (id, verse_id, position, type, text, target_type, target_verse_dn, target_location_dn, requirement, result, hidden, once, condition_group, conditional_targets, children) VALUES (1679, 729, 1, 'condition', 'Если у вас есть 3 красных маркера на карте секрета 5.', 'verse', 5, NULL, NULL, NULL, NULL, FALSE, NULL, NULL, NULL);
INSERT INTO options (id, verse_id, position, type, text, target_type, target_verse_dn, target_location_dn, requirement, result, hidden, once, condition_group, conditional_targets, children) VALUES (1680, 729, 2, 'choice', '2 @Energy@ Повергнуть одну из каменных колонн. Некоторые колонны вокруг озера покосились или истёрлись. Свалить их несложно.', 'verse', 3, NULL, NULL, NULL, NULL, FALSE, NULL, NULL, NULL);
INSERT INTO options (id, verse_id, position, type, text, target_type, target_verse_dn, target_location_dn, requirement, result, hidden, once, condition_group, conditional_targets, children) VALUES (1681, 729, 3, 'choice', 'Подойти к Колыбели.', 'verse', 1, NULL, NULL, NULL, NULL, FALSE, NULL, NULL, NULL);
INSERT INTO options (id, verse_id, position, type, text, target_type, target_verse_dn, target_location_dn, requirement, result, hidden, once, condition_group, conditional_targets, children) VALUES (1682, 729, 4, 'choice', 'Уйти.', 'end', NULL, NULL, NULL, 'Исследование окончено.', NULL, FALSE, NULL, NULL, NULL);
INSERT INTO verses (id, location_id, display_number) VALUES (730, 56, 1);
INSERT INTO options (id, verse_id, position, type, text, target_type, target_verse_dn, target_location_dn, requirement, result, hidden, once, condition_group, conditional_targets, children) VALUES (1683, 730, 0, 'condition', 'Если у вас есть часть 2 достижения «Запретная земля».', 'verse', 10, NULL, NULL, NULL, NULL, FALSE, NULL, NULL, NULL);
INSERT INTO options (id, verse_id, position, type, text, target_type, target_verse_dn, target_location_dn, requirement, result, hidden, once, condition_group, conditional_targets, children) VALUES (1684, 730, 1, 'choice', '1 @Energy@ Бросить останки в Багровую колыбель. По слухам, если что-нибудь отдать Колыбели, она будет обязана отдать что-нибудь в ответ.', 'verse', 12, NULL, 'Нужна карта секрета 13.', NULL, NULL, FALSE, NULL, NULL, NULL);
INSERT INTO options (id, verse_id, position, type, text, target_type, target_verse_dn, target_location_dn, requirement, result, hidden, once, condition_group, conditional_targets, children) VALUES (1685, 730, 2, 'choice', 'Помочиться в Колыбель.', 'verse', 8, NULL, NULL, NULL, NULL, FALSE, NULL, NULL, NULL);
INSERT INTO options (id, verse_id, position, type, text, target_type, target_verse_dn, target_location_dn, requirement, result, hidden, once, condition_group, conditional_targets, children) VALUES (1686, 730, 3, 'choice', 'Попросить Колыбель о даре. Она могла снабдить вас всем необходимым, что только можно было представить.', 'verse', 6, NULL, NULL, NULL, NULL, FALSE, NULL, NULL, NULL);
INSERT INTO options (id, verse_id, position, type, text, target_type, target_verse_dn, target_location_dn, requirement, result, hidden, once, condition_group, conditional_targets, children) VALUES (1687, 730, 4, 'choice', 'Принести Колыбели дар. Оставаться в долгу перед этим пугающим местом вам было не по себе.', 'verse', 4, NULL, NULL, NULL, NULL, FALSE, NULL, NULL, NULL);
INSERT INTO options (id, verse_id, position, type, text, target_type, target_verse_dn, target_location_dn, requirement, result, hidden, once, condition_group, conditional_targets, children) VALUES (1688, 730, 5, 'choice', 'Уйти.', 'end', NULL, NULL, NULL, 'Исследование окончено.', NULL, FALSE, NULL, NULL, NULL);
INSERT INTO verses (id, location_id, display_number) VALUES (731, 56, 2);
INSERT INTO options (id, verse_id, position, type, text, target_type, target_verse_dn, target_location_dn, requirement, result, hidden, once, condition_group, conditional_targets, children) VALUES (1689, 731, 0, 'choice', 'Продолжить.', 'end', NULL, NULL, NULL, 'Найдите открытую локацию с наименьшим номером, в которой есть король краха, и замените этого короля краха красным маркером. Уберите с поля чудовище Колыбели.  Исследование окончено.', NULL, FALSE, NULL, NULL, NULL);
INSERT INTO verses (id, location_id, display_number) VALUES (732, 56, 3);
INSERT INTO options (id, verse_id, position, type, text, target_type, target_verse_dn, target_location_dn, requirement, result, hidden, once, condition_group, conditional_targets, children) VALUES (1690, 732, 0, 'choice', 'Продолжить.', 'end', NULL, NULL, NULL, 'Если в этой локации нет @QuestToken@, поместите 1 @QuestToken@ в неё.   Получите часть 2 достижения «Запретная земля», если у вас её нет.  Исследование окончено.', NULL, FALSE, NULL, NULL, NULL);
INSERT INTO verses (id, location_id, display_number) VALUES (733, 56, 4);
INSERT INTO options (id, verse_id, position, type, text, target_type, target_verse_dn, target_location_dn, requirement, result, hidden, once, condition_group, conditional_targets, children) VALUES (1691, 733, 0, 'condition', 'Нажмите сюда, если хотите увидеть подсказку.', 'verse', 4, NULL, NULL, 'Если вы принесёте Колыбели дары, можете безопасно попросить у неё ответных.', NULL, FALSE, NULL, NULL, NULL);
INSERT INTO options (id, verse_id, position, type, text, target_type, target_verse_dn, target_location_dn, requirement, result, hidden, once, condition_group, conditional_targets, children) VALUES (1692, 733, 1, 'choice', 'Отдать золото.', 'verse', 4, NULL, 'Потратьте 2 золотаза персонажа.', 'Получите одну часть достижения «Возмещение». Затем сделайте новый выбор.', NULL, FALSE, NULL, NULL, NULL);
INSERT INTO options (id, verse_id, position, type, text, target_type, target_verse_dn, target_location_dn, requirement, result, hidden, once, condition_group, conditional_targets, children) VALUES (1693, 733, 2, 'choice', 'Отдать еду.', 'verse', 4, NULL, 'Потратьте 2 еды за персонажа.', 'Получите одну часть достижения «Возмещение». Затем сделайте новый выбор.', NULL, FALSE, NULL, NULL, NULL);
INSERT INTO options (id, verse_id, position, type, text, target_type, target_verse_dn, target_location_dn, requirement, result, hidden, once, condition_group, conditional_targets, children) VALUES (1694, 733, 3, 'choice', 'Отдать магию.', 'verse', 4, NULL, 'Потратьте 1 магию за персонажа.', 'Получите одну часть достижения «Возмещение». Затем сделайте новый выбор.', NULL, FALSE, NULL, NULL, NULL);
INSERT INTO options (id, verse_id, position, type, text, target_type, target_verse_dn, target_location_dn, requirement, result, hidden, once, condition_group, conditional_targets, children) VALUES (1695, 733, 4, 'choice', 'Отдать ценное снаряжение.', 'verse', 4, NULL, 'Сбросьте 1 предмет В, Г или Д.', 'Получите одну часть достижения «Возмещение». Затем сделайте новый выбор.', NULL, FALSE, NULL, NULL, NULL);
INSERT INTO options (id, verse_id, position, type, text, target_type, target_verse_dn, target_location_dn, requirement, result, hidden, once, condition_group, conditional_targets, children) VALUES (1696, 733, 5, 'choice', 'Отдать свою кровь.', 'verse', 4, NULL, 'Потеряйте 1 @Health@ за персонажа.', 'Получите одну часть достижения «Возмещение». Затем сделайте новый выбор.', NULL, FALSE, NULL, NULL, NULL);
INSERT INTO options (id, verse_id, position, type, text, target_type, target_verse_dn, target_location_dn, requirement, result, hidden, once, condition_group, conditional_targets, children) VALUES (1697, 733, 6, 'choice', 'Уйти.', 'end', NULL, NULL, NULL, 'Исследование окончено.', NULL, FALSE, NULL, NULL, NULL);
INSERT INTO verses (id, location_id, display_number) VALUES (734, 56, 5);
INSERT INTO options (id, verse_id, position, type, text, target_type, target_verse_dn, target_location_dn, requirement, result, hidden, once, condition_group, conditional_targets, children) VALUES (1698, 734, 0, 'choice', 'Вернуть субстанции в Колыбель. Она полностью восстановит свою силу, а затем может даровать и вам, и предтече всё, что вы ищете.', 'cross_location', 1150, 1001, NULL, NULL, NULL, FALSE, NULL, NULL, NULL);
INSERT INTO options (id, verse_id, position, type, text, target_type, target_verse_dn, target_location_dn, requirement, result, hidden, once, condition_group, conditional_targets, children) VALUES (1699, 734, 1, 'choice', 'Накормить субстанциями Ненасытность. Это пойдёт вразрез со всеми вашими предыдущими усилиями. Колыбель ослабеет навсегда, а ваша миссия может окончиться провалом, но вам хотя бы не придётся идти на сделку с этой сущностью.', 'cross_location', 1151, 1001, NULL, NULL, NULL, FALSE, NULL, NULL, NULL);
INSERT INTO verses (id, location_id, display_number) VALUES (735, 56, 6);
INSERT INTO options (id, verse_id, position, type, text, target_type, target_verse_dn, target_location_dn, requirement, result, hidden, once, condition_group, conditional_targets, children) VALUES (1700, 735, 0, 'condition', 'Нажмите сюда, если хотите увидеть подсказку.', 'verse', 6, NULL, NULL, 'Берите от Колыбели всё, что можете взять, не оставаясь в долгу перед ней.', NULL, FALSE, NULL, NULL, NULL);
INSERT INTO options (id, verse_id, position, type, text, target_type, target_verse_dn, target_location_dn, requirement, result, hidden, once, condition_group, conditional_targets, children) VALUES (1701, 735, 1, 'choice', 'Попросить излечения и восстановления.', 'end', NULL, NULL, NULL, 'Получите две части достижения «Долг». Затем каждый персонаж получает 3 @Health@ и теряет 2 @Terror@.   Исследование окончено.', NULL, FALSE, NULL, NULL, NULL);
INSERT INTO options (id, verse_id, position, type, text, target_type, target_verse_dn, target_location_dn, requirement, result, hidden, once, condition_group, conditional_targets, children) VALUES (1702, 735, 2, 'choice', 'Попросить еды.', 'end', NULL, NULL, NULL, 'Получите 3 еды и одну часть достижения «Долг».   Исследование окончено.', NULL, FALSE, NULL, NULL, NULL);
INSERT INTO options (id, verse_id, position, type, text, target_type, target_verse_dn, target_location_dn, requirement, result, hidden, once, condition_group, conditional_targets, children) VALUES (1703, 735, 3, 'choice', 'Попросить магии.', 'end', NULL, NULL, NULL, 'Получите 2 магии и одну часть достижения «Долг».   Исследование окончено.', NULL, FALSE, NULL, NULL, NULL);
INSERT INTO options (id, verse_id, position, type, text, target_type, target_verse_dn, target_location_dn, requirement, result, hidden, once, condition_group, conditional_targets, children) VALUES (1704, 735, 4, 'choice', 'Попросить полезного снаряжения.', 'end', NULL, NULL, NULL, 'Получите 1 предмет Д и одну часть достижения «Долг».   Исследование окончено.', NULL, FALSE, NULL, NULL, NULL);
INSERT INTO options (id, verse_id, position, type, text, target_type, target_verse_dn, target_location_dn, requirement, result, hidden, once, condition_group, conditional_targets, children) VALUES (1705, 735, 5, 'choice', 'Попросить дивосвечу.', 'end', NULL, NULL, NULL, 'Получите одноразовый предмет «Дивосвеча» и одну часть достижения «Долг».   Исследование окончено.', NULL, FALSE, NULL, NULL, NULL);
INSERT INTO options (id, verse_id, position, type, text, target_type, target_verse_dn, target_location_dn, requirement, result, hidden, once, condition_group, conditional_targets, children) VALUES (1706, 735, 6, 'choice', 'Попросить путеводный камень.', 'verse', 9, NULL, NULL, 'Получите одну часть достижения «Долг».', NULL, FALSE, NULL, NULL, NULL);
INSERT INTO options (id, verse_id, position, type, text, target_type, target_verse_dn, target_location_dn, requirement, result, hidden, once, condition_group, conditional_targets, children) VALUES (1707, 735, 7, 'choice', 'Попросить помощи в борьбе с королями краха.', 'verse', 14, NULL, NULL, 'Получите одну часть достижения «Долг».', NULL, FALSE, NULL, NULL, NULL);
INSERT INTO options (id, verse_id, position, type, text, target_type, target_verse_dn, target_location_dn, requirement, result, hidden, once, condition_group, conditional_targets, children) VALUES (1708, 735, 8, 'choice', 'Попросить об управлении стражем.', 'verse', 15, NULL, 'Только если чудовище Колыбели есть в любой открытой локации.', 'Получите одну часть достижения «Долг».', NULL, FALSE, NULL, NULL, NULL);
INSERT INTO options (id, verse_id, position, type, text, target_type, target_verse_dn, target_location_dn, requirement, result, hidden, once, condition_group, conditional_targets, children) VALUES (1709, 735, 9, 'choice', 'Уйти.', 'end', NULL, NULL, NULL, 'Исследование окончено.', NULL, FALSE, NULL, NULL, NULL);
INSERT INTO verses (id, location_id, display_number) VALUES (736, 56, 7);
INSERT INTO options (id, verse_id, position, type, text, target_type, target_verse_dn, target_location_dn, requirement, result, hidden, once, condition_group, conditional_targets, children) VALUES (1710, 736, 0, 'condition', 'Если у вас есть часть 8 достижения «Будущее Авалона».', 'cross_location', 1083, 1001, NULL, NULL, NULL, FALSE, NULL, NULL, NULL);
INSERT INTO options (id, verse_id, position, type, text, target_type, target_verse_dn, target_location_dn, requirement, result, hidden, once, condition_group, conditional_targets, children) VALUES (1711, 736, 1, 'condition', 'В противном случае.', 'cross_location', 1138, 1001, NULL, NULL, NULL, FALSE, NULL, NULL, NULL);
INSERT INTO verses (id, location_id, display_number) VALUES (737, 56, 8);
INSERT INTO options (id, verse_id, position, type, text, target_type, target_verse_dn, target_location_dn, requirement, result, hidden, once, condition_group, conditional_targets, children) VALUES (1712, 737, 0, 'choice', 'Продолжить.', 'end', NULL, NULL, NULL, 'Поместите 1@LightTT@ в эту локацию.   Исследование окончено.', NULL, FALSE, NULL, NULL, NULL);
INSERT INTO verses (id, location_id, display_number) VALUES (738, 56, 9);
INSERT INTO options (id, verse_id, position, type, text, target_type, target_verse_dn, target_location_dn, requirement, result, hidden, once, condition_group, conditional_targets, children) VALUES (1713, 738, 0, 'condition', 'Нажмите сюда, если хотите увидеть подсказку.', 'verse', 9, NULL, NULL, 'Дайте озеру необходимые материалы, чтобы оно создало путеводный камень.', NULL, FALSE, NULL, NULL, NULL);
INSERT INTO options (id, verse_id, position, type, text, target_type, target_verse_dn, target_location_dn, requirement, result, hidden, once, condition_group, conditional_targets, children) VALUES (1714, 738, 1, 'choice', 'Продолжить.', 'end', NULL, NULL, NULL, 'Исследование окончено.', NULL, FALSE, NULL, NULL, NULL);
INSERT INTO verses (id, location_id, display_number) VALUES (739, 56, 10);
INSERT INTO options (id, verse_id, position, type, text, target_type, target_verse_dn, target_location_dn, requirement, result, hidden, once, condition_group, conditional_targets, children) VALUES (1715, 739, 0, 'choice', '1 @Energy@ Закатить каменную колонну в озеро.', 'verse', 11, NULL, 'Нужен @QuestToken@ в этой локации.', NULL, NULL, FALSE, NULL, NULL, NULL);
INSERT INTO options (id, verse_id, position, type, text, target_type, target_verse_dn, target_location_dn, requirement, result, hidden, once, condition_group, conditional_targets, children) VALUES (1716, 739, 1, 'choice', '1 @Energy@ Бросить останки в Багровую колыбель. По слухам, если что-нибудь отдать Колыбели, она будет обязана отдать что-нибудь в ответ.', 'verse', 12, NULL, 'Нужна карта секрета 13.', NULL, NULL, FALSE, NULL, NULL, NULL);
INSERT INTO options (id, verse_id, position, type, text, target_type, target_verse_dn, target_location_dn, requirement, result, hidden, once, condition_group, conditional_targets, children) VALUES (1717, 739, 2, 'choice', '1 @Energy@ Помочиться в Колыбель.', 'verse', 8, NULL, NULL, NULL, NULL, FALSE, NULL, NULL, NULL);
INSERT INTO options (id, verse_id, position, type, text, target_type, target_verse_dn, target_location_dn, requirement, result, hidden, once, condition_group, conditional_targets, children) VALUES (1718, 739, 3, 'choice', 'Попросить Колыбель о даре. Она могла снабдить вас всем необходимым, что только можно было представить.', 'verse', 6, NULL, NULL, NULL, NULL, FALSE, NULL, NULL, NULL);
INSERT INTO options (id, verse_id, position, type, text, target_type, target_verse_dn, target_location_dn, requirement, result, hidden, once, condition_group, conditional_targets, children) VALUES (1719, 739, 4, 'choice', 'Принести Колыбели дар. Оставаться в долгу перед этим пугающим местом вам было не по себе.', 'verse', 4, NULL, NULL, NULL, NULL, FALSE, NULL, NULL, NULL);
INSERT INTO options (id, verse_id, position, type, text, target_type, target_verse_dn, target_location_dn, requirement, result, hidden, once, condition_group, conditional_targets, children) VALUES (1720, 739, 5, 'choice', 'Уйти.', 'end', NULL, NULL, NULL, 'Исследование окончено.', NULL, FALSE, NULL, NULL, NULL);
INSERT INTO verses (id, location_id, display_number) VALUES (740, 56, 11);
INSERT INTO options (id, verse_id, position, type, text, target_type, target_verse_dn, target_location_dn, requirement, result, hidden, once, condition_group, conditional_targets, children) VALUES (1721, 740, 0, 'choice', 'Продолжить.', 'end', NULL, NULL, NULL, 'Уберите @QuestToken@ из этой локации.  Поместите путеводный камень в любой угол этой локации.  Исследование окончено.', NULL, FALSE, NULL, NULL, NULL);
INSERT INTO verses (id, location_id, display_number) VALUES (741, 56, 12);
INSERT INTO options (id, verse_id, position, type, text, target_type, target_verse_dn, target_location_dn, requirement, result, hidden, once, condition_group, conditional_targets, children) VALUES (1722, 741, 0, 'condition', 'Если в этой локации есть @LightTT@ или если на поле нет королей краха.', 'verse', 13, NULL, NULL, 'Сбросьте карту секрета 13.', NULL, FALSE, NULL, NULL, NULL);
INSERT INTO options (id, verse_id, position, type, text, target_type, target_verse_dn, target_location_dn, requirement, result, hidden, once, condition_group, conditional_targets, children) VALUES (1723, 741, 1, 'condition', 'В противном случае.', 'verse', 2, NULL, NULL, 'Сбросьте карту секрета 13.', NULL, FALSE, NULL, NULL, NULL);
INSERT INTO verses (id, location_id, display_number) VALUES (742, 56, 13);
INSERT INTO options (id, verse_id, position, type, text, target_type, target_verse_dn, target_location_dn, requirement, result, hidden, once, condition_group, conditional_targets, children) VALUES (1724, 742, 0, 'choice', 'Продолжить.', 'end', NULL, NULL, NULL, 'Найдите карту встречи «Чудовище Колыбели» (фиолетовая, сложность 4) и проведите её.  Вне зависимости от её итога исследование окончено.', NULL, FALSE, NULL, NULL, NULL);
INSERT INTO verses (id, location_id, display_number) VALUES (743, 56, 14);
INSERT INTO options (id, verse_id, position, type, text, target_type, target_verse_dn, target_location_dn, requirement, result, hidden, once, condition_group, conditional_targets, children) VALUES (1725, 743, 0, 'choice', 'Продолжить.', 'end', NULL, NULL, NULL, 'Исследование окончено.', NULL, FALSE, NULL, NULL, NULL);
INSERT INTO verses (id, location_id, display_number) VALUES (744, 56, 15);
INSERT INTO options (id, verse_id, position, type, text, target_type, target_verse_dn, target_location_dn, requirement, result, hidden, once, condition_group, conditional_targets, children) VALUES (1726, 744, 0, 'choice', 'Приказать чудовищу убить себя.', 'verse', 15, NULL, NULL, 'Уберите с поля чудовище Колыбели.  Поместите 1@LightTT@ в эту локацию.   Исследование окончено.', NULL, FALSE, NULL, NULL, NULL);
INSERT INTO options (id, verse_id, position, type, text, target_type, target_verse_dn, target_location_dn, requirement, result, hidden, once, condition_group, conditional_targets, children) VALUES (1727, 744, 1, 'choice', 'Послать чудовище навстречу королю краха.', 'verse', 2, NULL, 'Только если в любой открытой локации есть король краха.', NULL, NULL, FALSE, NULL, NULL, NULL);

INSERT INTO locations (id, campaign_id, display_number, name) VALUES (57, 1, 167, 'Окостенелый лес');
INSERT INTO verses (id, location_id, display_number) VALUES (745, 57, 0);
INSERT INTO options (id, verse_id, position, type, text, target_type, target_verse_dn, target_location_dn, requirement, result, hidden, once, condition_group, conditional_targets, children) VALUES (1728, 745, 0, 'choice', '1 @Energy@ Собрать обрывки ткани.', 'verse', 1, NULL, NULL, NULL, NULL, FALSE, NULL, NULL, NULL);
INSERT INTO options (id, verse_id, position, type, text, target_type, target_verse_dn, target_location_dn, requirement, result, hidden, once, condition_group, conditional_targets, children) VALUES (1729, 745, 1, 'choice', 'Собрать субстанцию Венеды.', 'verse', 3, NULL, 'Нужен красный маркер в этой локации.', NULL, NULL, FALSE, NULL, NULL, NULL);
INSERT INTO options (id, verse_id, position, type, text, target_type, target_verse_dn, target_location_dn, requirement, result, hidden, once, condition_group, conditional_targets, children) VALUES (1730, 745, 2, 'choice', 'Уйти.', 'end', NULL, NULL, NULL, 'Исследование окончено.', NULL, FALSE, NULL, NULL, NULL);
INSERT INTO verses (id, location_id, display_number) VALUES (746, 57, 1);
INSERT INTO options (id, verse_id, position, type, text, target_type, target_verse_dn, target_location_dn, requirement, result, hidden, once, condition_group, conditional_targets, children) VALUES (1731, 746, 0, 'choice', '1—3.', 'end', NULL, NULL, NULL, 'Вы упали с дерева, пока тянулись за обрывком ткани.   Каждый член команды теряет 1 @Health@ и получает 1 @Terror@.   Исследование окончено.', NULL, FALSE, NULL, NULL, NULL);
INSERT INTO options (id, verse_id, position, type, text, target_type, target_verse_dn, target_location_dn, requirement, result, hidden, once, condition_group, conditional_targets, children) VALUES (1732, 746, 1, 'choice', '4—6.', 'verse', 2, NULL, NULL, 'Приложив усилия, вы собрали и соединили несколько обрывков ткани.   Поместите 1 @QuestToken@ в эту локацию.', NULL, FALSE, NULL, NULL, NULL);
INSERT INTO options (id, verse_id, position, type, text, target_type, target_verse_dn, target_location_dn, requirement, result, hidden, once, condition_group, conditional_targets, children) VALUES (1733, 746, 2, 'choice', '≥7.', 'verse', 2, NULL, NULL, 'Один за другим обрывки ткани вставали на свои места, вновь становясь большим полотном.   Поместите 2 @QuestToken@ в эту локацию.', NULL, FALSE, NULL, NULL, NULL);
INSERT INTO verses (id, location_id, display_number) VALUES (747, 57, 2);
INSERT INTO options (id, verse_id, position, type, text, target_type, target_verse_dn, target_location_dn, requirement, result, hidden, once, condition_group, conditional_targets, children) VALUES (1734, 747, 0, 'condition', 'Если теперь в этой локации есть хотя бы 3 @QuestToken@.', 'cross_location', 1103, 1001, NULL, 'Уберите их все.', NULL, FALSE, NULL, NULL, NULL);
INSERT INTO options (id, verse_id, position, type, text, target_type, target_verse_dn, target_location_dn, requirement, result, hidden, once, condition_group, conditional_targets, children) VALUES (1735, 747, 1, 'condition', 'В противном случае.', 'end', NULL, NULL, NULL, 'Исследование окончено.', NULL, FALSE, NULL, NULL, NULL);
INSERT INTO verses (id, location_id, display_number) VALUES (748, 57, 3);
INSERT INTO options (id, verse_id, position, type, text, target_type, target_verse_dn, target_location_dn, requirement, result, hidden, once, condition_group, conditional_targets, children) VALUES (1736, 748, 0, 'condition', 'Если у вас есть часть 7 достижения «Запретная земля».', 'verse', 4, NULL, NULL, NULL, NULL, FALSE, NULL, NULL, NULL);
INSERT INTO options (id, verse_id, position, type, text, target_type, target_verse_dn, target_location_dn, requirement, result, hidden, once, condition_group, conditional_targets, children) VALUES (1737, 748, 1, 'condition', 'Нажмите сюда, если хотите увидеть подсказку.', 'verse', 3, NULL, NULL, 'Бой с чудовищем Колыбели недостаточно истощил королеву. Возможно, вам стоит привести ей противника помощнее?', NULL, FALSE, NULL, NULL, NULL);
INSERT INTO options (id, verse_id, position, type, text, target_type, target_verse_dn, target_location_dn, requirement, result, hidden, once, condition_group, conditional_targets, children) VALUES (1738, 748, 2, 'choice', 'Продолжить.', 'cross_location', 1044, 1001, NULL, 'Уберите красный маркер из этой локации. Поместите фигурку янтарной царицы Венеды в эту локацию.', NULL, FALSE, NULL, NULL, NULL);
INSERT INTO verses (id, location_id, display_number) VALUES (749, 57, 4);
INSERT INTO options (id, verse_id, position, type, text, target_type, target_verse_dn, target_location_dn, requirement, result, hidden, once, condition_group, conditional_targets, children) VALUES (1739, 749, 0, 'choice', 'Если у вас есть 3 красных маркера на карте секрета 5.', 'cross_location', 1074, 1001, NULL, NULL, NULL, FALSE, NULL, NULL, NULL);
INSERT INTO options (id, verse_id, position, type, text, target_type, target_verse_dn, target_location_dn, requirement, result, hidden, once, condition_group, conditional_targets, children) VALUES (1740, 749, 1, 'choice', 'В противном случае.', 'end', NULL, NULL, NULL, 'Исследование окончено.', NULL, FALSE, NULL, NULL, NULL);

INSERT INTO locations (id, campaign_id, display_number, name) VALUES (58, 1, 168, 'Сокрушённая колоннада');
INSERT INTO verses (id, location_id, display_number) VALUES (750, 58, 0);
INSERT INTO options (id, verse_id, position, type, text, target_type, target_verse_dn, target_location_dn, requirement, result, hidden, once, condition_group, conditional_targets, children) VALUES (1741, 750, 0, 'choice', '1 @Energy@ Обыскать лагерь.', 'verse', 1, NULL, NULL, NULL, NULL, FALSE, NULL, NULL, NULL);
INSERT INTO options (id, verse_id, position, type, text, target_type, target_verse_dn, target_location_dn, requirement, result, hidden, once, condition_group, conditional_targets, children) VALUES (1742, 750, 1, 'choice', 'Собрать субстанцию Клаудина.', 'verse', 2, NULL, 'Нужен красный маркер в этой локации.', NULL, NULL, FALSE, NULL, NULL, NULL);
INSERT INTO options (id, verse_id, position, type, text, target_type, target_verse_dn, target_location_dn, requirement, result, hidden, once, condition_group, conditional_targets, children) VALUES (1743, 750, 2, 'choice', 'Уйти.', 'end', NULL, NULL, NULL, 'Исследование окончено.', NULL, FALSE, NULL, NULL, NULL);
INSERT INTO verses (id, location_id, display_number) VALUES (751, 58, 1);
INSERT INTO options (id, verse_id, position, type, text, target_type, target_verse_dn, target_location_dn, requirement, result, hidden, once, condition_group, conditional_targets, children) VALUES (1744, 751, 0, 'choice', '1—3.', 'end', NULL, NULL, NULL, 'Вы раззадорили призраков, и они напали на вас, прогнав прочь.   Каждый член команды теряет 2 @Health@ и получает 1 @Terror@.  Исследование окончено.', NULL, FALSE, NULL, NULL, NULL);
INSERT INTO options (id, verse_id, position, type, text, target_type, target_verse_dn, target_location_dn, requirement, result, hidden, once, condition_group, conditional_targets, children) VALUES (1745, 751, 1, 'choice', '4—6.', 'end', NULL, NULL, NULL, 'Вы не смогли найти ничего полезного.   Исследование окончено.', NULL, FALSE, NULL, NULL, NULL);
INSERT INTO options (id, verse_id, position, type, text, target_type, target_verse_dn, target_location_dn, requirement, result, hidden, once, condition_group, conditional_targets, children) VALUES (1746, 751, 2, 'choice', '≥7.', 'cross_location', 1096, 1001, NULL, 'В одной палатке кое-что осталось…', NULL, FALSE, NULL, NULL, NULL);
INSERT INTO verses (id, location_id, display_number) VALUES (752, 58, 2);
INSERT INTO options (id, verse_id, position, type, text, target_type, target_verse_dn, target_location_dn, requirement, result, hidden, once, condition_group, conditional_targets, children) VALUES (1747, 752, 0, 'condition', 'Если у вас есть часть 6 достижения «Запретная земля».', 'verse', 3, NULL, NULL, NULL, NULL, FALSE, NULL, NULL, NULL);
INSERT INTO options (id, verse_id, position, type, text, target_type, target_verse_dn, target_location_dn, requirement, result, hidden, once, condition_group, conditional_targets, children) VALUES (1748, 752, 1, 'condition', 'Нажмите сюда, если хотите увидеть подсказку.', 'verse', 2, NULL, NULL, 'Бой с чудовищем Колыбели недостаточно истощил короля. Возможно, вам стоит привести ему противника помощнее?', NULL, FALSE, NULL, NULL, NULL);
INSERT INTO options (id, verse_id, position, type, text, target_type, target_verse_dn, target_location_dn, requirement, result, hidden, once, condition_group, conditional_targets, children) VALUES (1749, 752, 2, 'choice', 'Продолжить.', 'cross_location', 1087, 1001, NULL, 'Уберите красный маркер из этой локации.   Поместите фигурку Клаудина Непосвящённого в эту локацию.', NULL, FALSE, NULL, NULL, NULL);
INSERT INTO verses (id, location_id, display_number) VALUES (753, 58, 3);
INSERT INTO options (id, verse_id, position, type, text, target_type, target_verse_dn, target_location_dn, requirement, result, hidden, once, condition_group, conditional_targets, children) VALUES (1750, 753, 0, 'condition', 'Если у вас есть 3 красных маркера на карте секрета 5.', 'cross_location', 1074, 1001, NULL, NULL, NULL, FALSE, NULL, NULL, NULL);
INSERT INTO options (id, verse_id, position, type, text, target_type, target_verse_dn, target_location_dn, requirement, result, hidden, once, condition_group, conditional_targets, children) VALUES (1751, 753, 1, 'condition', 'В противном случае.', 'end', NULL, NULL, NULL, 'Исследование окончено.', NULL, FALSE, NULL, NULL, NULL);

INSERT INTO locations (id, campaign_id, display_number, name) VALUES (59, 1, 169, 'Пепельная равнина');
INSERT INTO verses (id, location_id, display_number) VALUES (754, 59, 0);
INSERT INTO options (id, verse_id, position, type, text, target_type, target_verse_dn, target_location_dn, requirement, result, hidden, once, condition_group, conditional_targets, children) VALUES (1752, 754, 0, 'choice', '1 @Energy@ Обыскать останки в дюнах.', 'verse', 1, NULL, NULL, NULL, NULL, FALSE, NULL, NULL, NULL);
INSERT INTO options (id, verse_id, position, type, text, target_type, target_verse_dn, target_location_dn, requirement, result, hidden, once, condition_group, conditional_targets, children) VALUES (1753, 754, 1, 'choice', 'Собрать субстанцию Нония.', 'verse', 2, NULL, 'Нужен красный маркер в этой локации.', NULL, NULL, FALSE, NULL, NULL, NULL);
INSERT INTO options (id, verse_id, position, type, text, target_type, target_verse_dn, target_location_dn, requirement, result, hidden, once, condition_group, conditional_targets, children) VALUES (1754, 754, 2, 'choice', 'Уйти.', 'end', NULL, NULL, NULL, 'Исследование окончено.', NULL, FALSE, NULL, NULL, NULL);
INSERT INTO verses (id, location_id, display_number) VALUES (755, 59, 1);
INSERT INTO options (id, verse_id, position, type, text, target_type, target_verse_dn, target_location_dn, requirement, result, hidden, once, condition_group, conditional_targets, children) VALUES (1755, 755, 0, 'choice', '1—3.', 'end', NULL, NULL, NULL, 'Вы вызвали небольшой оползень из красной почвы и грязи, который чуть не засыпал вас.   Каждый член команды теряет 2 @Health@ и получает 1 @Terror@.   Исследование окончено.', NULL, FALSE, NULL, NULL, NULL);
INSERT INTO options (id, verse_id, position, type, text, target_type, target_verse_dn, target_location_dn, requirement, result, hidden, once, condition_group, conditional_targets, children) VALUES (1756, 755, 1, 'choice', '4—6.', 'end', NULL, NULL, NULL, 'Вы не смогли найти ничего полезного.   Исследование окончено.', NULL, FALSE, NULL, NULL, NULL);
INSERT INTO options (id, verse_id, position, type, text, target_type, target_verse_dn, target_location_dn, requirement, result, hidden, once, condition_group, conditional_targets, children) VALUES (1757, 755, 2, 'choice', '≥7.', 'cross_location', 1114, 1001, NULL, 'Ваша самодельная лопата звякнула обо что‑то интересное.', NULL, FALSE, NULL, NULL, NULL);
INSERT INTO verses (id, location_id, display_number) VALUES (756, 59, 2);
INSERT INTO options (id, verse_id, position, type, text, target_type, target_verse_dn, target_location_dn, requirement, result, hidden, once, condition_group, conditional_targets, children) VALUES (1758, 756, 0, 'condition', 'Если у вас есть часть 8 достижения «Запретная земля».', 'verse', 3, NULL, NULL, NULL, NULL, FALSE, NULL, NULL, NULL);
INSERT INTO options (id, verse_id, position, type, text, target_type, target_verse_dn, target_location_dn, requirement, result, hidden, once, condition_group, conditional_targets, children) VALUES (1759, 756, 1, 'condition', 'Нажмите сюда, если хотите увидеть подсказку.', 'verse', 2, NULL, NULL, 'Бой с чудовищем Колыбели недостаточно истощил короля. Возможно, вам стоит привести ему противника помощнее?', NULL, FALSE, NULL, NULL, NULL);
INSERT INTO options (id, verse_id, position, type, text, target_type, target_verse_dn, target_location_dn, requirement, result, hidden, once, condition_group, conditional_targets, children) VALUES (1760, 756, 2, 'choice', 'Продолжить.', 'cross_location', 1106, 1001, NULL, 'Уберите красный маркер из этой локации.   Поместите фигурку Нония, владыки глубин, в эту локацию.', NULL, FALSE, NULL, NULL, NULL);
INSERT INTO verses (id, location_id, display_number) VALUES (757, 59, 3);
INSERT INTO options (id, verse_id, position, type, text, target_type, target_verse_dn, target_location_dn, requirement, result, hidden, once, condition_group, conditional_targets, children) VALUES (1761, 757, 0, 'condition', 'Если у вас есть 3 красных маркера на карте секрета 5.', 'cross_location', 1074, 1001, NULL, NULL, NULL, FALSE, NULL, NULL, NULL);
INSERT INTO options (id, verse_id, position, type, text, target_type, target_verse_dn, target_location_dn, requirement, result, hidden, once, condition_group, conditional_targets, children) VALUES (1762, 757, 1, 'condition', 'В противном случае.', 'end', NULL, NULL, NULL, 'Исследование окончено.', NULL, FALSE, NULL, NULL, NULL);

INSERT INTO locations (id, campaign_id, display_number, name) VALUES (60, 1, 203, 'Разрушенный хор');
INSERT INTO verses (id, location_id, display_number) VALUES (758, 60, 0);
INSERT INTO options (id, verse_id, position, type, text, target_type, target_verse_dn, target_location_dn, requirement, result, hidden, once, condition_group, conditional_targets, children) VALUES (1763, 758, 0, 'choice', '1 @Energy@ Обыскать лес под Хором.', 'verse', 1, NULL, NULL, NULL, NULL, FALSE, NULL, NULL, NULL);
INSERT INTO options (id, verse_id, position, type, text, target_type, target_verse_dn, target_location_dn, requirement, result, hidden, once, condition_group, conditional_targets, children) VALUES (1764, 758, 1, 'choice', '2 @Energy@ Поохотиться.', 'verse', 2, NULL, NULL, NULL, NULL, FALSE, NULL, NULL, NULL);
INSERT INTO options (id, verse_id, position, type, text, target_type, target_verse_dn, target_location_dn, requirement, result, hidden, once, condition_group, conditional_targets, children) VALUES (1765, 758, 2, 'choice', '1 @Energy@ Нырнуть в море.', 'cross_location', 397, 999, 'Нужна Юнис.', NULL, 'both_filters', FALSE, NULL, NULL, NULL);
INSERT INTO options (id, verse_id, position, type, text, target_type, target_verse_dn, target_location_dn, requirement, result, hidden, once, condition_group, conditional_targets, children) VALUES (1766, 758, 3, 'choice', 'Уйти.', 'end', NULL, NULL, NULL, 'Исследование окончено.', NULL, FALSE, NULL, NULL, NULL);
INSERT INTO options (id, verse_id, position, type, text, target_type, target_verse_dn, target_location_dn, requirement, result, hidden, once, condition_group, conditional_targets, children) VALUES (1767, 758, 4, 'choice', '1 @Energy@ Обыскать останки Хора.', 'verse', 3, NULL, NULL, NULL, 'both_filters', FALSE, NULL, NULL, NULL);
INSERT INTO verses (id, location_id, display_number) VALUES (759, 60, 1);
INSERT INTO options (id, verse_id, position, type, text, target_type, target_verse_dn, target_location_dn, requirement, result, hidden, once, condition_group, conditional_targets, children) VALUES (1768, 759, 0, 'condition', 'Если у вас есть часть 3 достижения «Что плохо лежит».', 'end', NULL, NULL, NULL, 'Здесь больше ничего не удастся найти.  Исследование окончено.', NULL, FALSE, NULL, NULL, NULL);
INSERT INTO options (id, verse_id, position, type, text, target_type, target_verse_dn, target_location_dn, requirement, result, hidden, once, condition_group, conditional_targets, children) VALUES (1769, 759, 1, 'choice', 'Забрать мешки.', 'end', NULL, NULL, NULL, 'Получите 2 золота, 1 еду и часть 3 достижения «Что плохо лежит».  Исследование окончено.', NULL, FALSE, NULL, NULL, NULL);
INSERT INTO options (id, verse_id, position, type, text, target_type, target_verse_dn, target_location_dn, requirement, result, hidden, once, condition_group, conditional_targets, children) VALUES (1770, 759, 2, 'choice', 'Оставить мешки.', 'end', NULL, NULL, NULL, 'Исследование окончено.', NULL, FALSE, NULL, NULL, NULL);
INSERT INTO verses (id, location_id, display_number) VALUES (760, 60, 2);
INSERT INTO options (id, verse_id, position, type, text, target_type, target_verse_dn, target_location_dn, requirement, result, hidden, once, condition_group, conditional_targets, children) VALUES (1771, 760, 0, 'choice', 'Продолжить.', 'end', NULL, NULL, NULL, 'Исследование окончено.', NULL, FALSE, NULL, NULL, NULL);
INSERT INTO verses (id, location_id, display_number) VALUES (761, 60, 3);
INSERT INTO options (id, verse_id, position, type, text, target_type, target_verse_dn, target_location_dn, requirement, result, hidden, once, condition_group, conditional_targets, children) VALUES (1772, 761, 0, 'condition', 'Если у вас есть часть 10 достижения «Сквозь искажень-стекло».', 'end', NULL, NULL, NULL, 'Здесь больше ничего не удастся найти.  Исследование окончено.', NULL, FALSE, NULL, NULL, NULL);
INSERT INTO options (id, verse_id, position, type, text, target_type, target_verse_dn, target_location_dn, requirement, result, hidden, once, condition_group, conditional_targets, children) VALUES (1773, 761, 1, 'choice', 'Продолжить.', 'end', NULL, NULL, NULL, 'Получите 2 золота.  Получите часть 10 достижения «Сквозь искажень-стекло».  Исследование окончено.', NULL, FALSE, NULL, NULL, NULL);

INSERT INTO locations (id, campaign_id, display_number, name) VALUES (61, 1, 205, 'Брошенный лагерь');
INSERT INTO verses (id, location_id, display_number) VALUES (762, 61, 0);
INSERT INTO options (id, verse_id, position, type, text, target_type, target_verse_dn, target_location_dn, requirement, result, hidden, once, condition_group, conditional_targets, children) VALUES (1774, 762, 0, 'choice', '1 @Energy@ Обыскать остатки лагеря.', 'verse', 1, NULL, 'Нужно хотя бы 1 очко @Caution@.', 'Если у вас есть часть 1, 2, 3 или 4 достижения «Бессердечность», каждый член команды получает 1 @Terror@.', NULL, FALSE, NULL, NULL, NULL);
INSERT INTO options (id, verse_id, position, type, text, target_type, target_verse_dn, target_location_dn, requirement, result, hidden, once, condition_group, conditional_targets, children) VALUES (1775, 762, 1, 'choice', 'Уйти.', 'end', NULL, NULL, NULL, 'Если у вас есть часть 1, 2, 3 или 4 достижения «Бессердечность», каждый член команды получает 1 @Terror@.  Исследование окончено.', NULL, FALSE, NULL, NULL, NULL);
INSERT INTO verses (id, location_id, display_number) VALUES (763, 61, 1);
INSERT INTO options (id, verse_id, position, type, text, target_type, target_verse_dn, target_location_dn, requirement, result, hidden, once, condition_group, conditional_targets, children) VALUES (1776, 763, 0, 'condition', 'Если у вас нет части 11 достижения «Сквозь искажень-стекло».', 'verse', 3, NULL, NULL, NULL, 'blue_filter', FALSE, NULL, NULL, NULL);
INSERT INTO options (id, verse_id, position, type, text, target_type, target_verse_dn, target_location_dn, requirement, result, hidden, once, condition_group, conditional_targets, children) VALUES (1777, 763, 1, 'condition', 'Если у вас есть хотя бы две части достижения «Время идёт (глава 1)» или вы проходите главу 5 или более позднюю.', 'end', NULL, NULL, NULL, 'Лагерь уже разграблен.  Исследование окончено.', 'blue_filter', FALSE, NULL, NULL, NULL);
INSERT INTO options (id, verse_id, position, type, text, target_type, target_verse_dn, target_location_dn, requirement, result, hidden, once, condition_group, conditional_targets, children) VALUES (1778, 763, 2, 'condition', 'Если у вас есть часть 2 достижения «Добытчик».', 'end', NULL, NULL, NULL, 'Здесь больше ничего не удастся найти.  Исследование окончено.', NULL, FALSE, NULL, NULL, NULL);
INSERT INTO options (id, verse_id, position, type, text, target_type, target_verse_dn, target_location_dn, requirement, result, hidden, once, condition_group, conditional_targets, children) VALUES (1779, 763, 3, 'choice', 'Идти на голос.', 'verse', 2, NULL, NULL, 'Получите 1 золото, 1 еду и часть 2 достижения «Добытчик».', NULL, FALSE, NULL, NULL, NULL);
INSERT INTO options (id, verse_id, position, type, text, target_type, target_verse_dn, target_location_dn, requirement, result, hidden, once, condition_group, conditional_targets, children) VALUES (1780, 763, 4, 'choice', 'Не обращать внимания на голос и уйти.', 'end', NULL, NULL, NULL, 'Получите 1 золото, 1 еду и часть 2 достижения «Добытчик».  Исследование окончено.', NULL, FALSE, NULL, NULL, NULL);
INSERT INTO options (id, verse_id, position, type, text, target_type, target_verse_dn, target_location_dn, requirement, result, hidden, once, condition_group, conditional_targets, children) VALUES (1781, 763, 5, 'condition', 'Если у вас есть хотя бы две части достижения «Время идёт (глава 1)» или вы проходите главу 5—10.', 'end', NULL, NULL, NULL, 'Лагерь уже разграблен.  Исследование окончено.', NULL, FALSE, NULL, NULL, NULL);
INSERT INTO verses (id, location_id, display_number) VALUES (764, 61, 2);
INSERT INTO options (id, verse_id, position, type, text, target_type, target_verse_dn, target_location_dn, requirement, result, hidden, once, condition_group, conditional_targets, children) VALUES (1782, 764, 0, 'condition', 'Если у вас есть красный светофильтр.', 'cross_location', 75, 999, NULL, NULL, NULL, FALSE, NULL, NULL, NULL);
INSERT INTO options (id, verse_id, position, type, text, target_type, target_verse_dn, target_location_dn, requirement, result, hidden, once, condition_group, conditional_targets, children) VALUES (1783, 764, 1, 'condition', 'В противном случае.', 'end', NULL, NULL, NULL, 'Исследование окончено.', NULL, FALSE, NULL, NULL, NULL);
INSERT INTO verses (id, location_id, display_number) VALUES (765, 61, 3);
INSERT INTO options (id, verse_id, position, type, text, target_type, target_verse_dn, target_location_dn, requirement, result, hidden, once, condition_group, conditional_targets, children) VALUES (1784, 765, 0, 'choice', 'Продолжить.', 'end', NULL, NULL, NULL, 'Получите 3 золота.  Получите часть 11 достижения «Сквозь искажень-стекло».  Исследование окончено.', NULL, FALSE, NULL, NULL, NULL);

INSERT INTO locations (id, campaign_id, display_number, name) VALUES (62, 1, 216, 'Лотианский лагерь');
INSERT INTO verses (id, location_id, display_number) VALUES (766, 62, 0);
INSERT INTO options (id, verse_id, position, type, text, target_type, target_verse_dn, target_location_dn, requirement, result, hidden, once, condition_group, conditional_targets, children) VALUES (1785, 766, 0, 'condition', 'Если у вас есть часть 1 достижения «Спутники», но нет части 8 достижения «Случайные встречи».', 'verse', 27, NULL, NULL, NULL, NULL, FALSE, NULL, NULL, NULL);
INSERT INTO options (id, verse_id, position, type, text, target_type, target_verse_dn, target_location_dn, requirement, result, hidden, once, condition_group, conditional_targets, children) VALUES (1786, 766, 1, 'condition', 'Если вы проходите главу 3, часть 2 или 3.', 'verse', 22, NULL, NULL, NULL, NULL, FALSE, NULL, NULL, NULL);
INSERT INTO options (id, verse_id, position, type, text, target_type, target_verse_dn, target_location_dn, requirement, result, hidden, once, condition_group, conditional_targets, children) VALUES (1787, 766, 2, 'condition', 'Если вы проходите главу 4, часть 1.', 'verse', 25, NULL, NULL, NULL, NULL, FALSE, NULL, NULL, NULL);
INSERT INTO options (id, verse_id, position, type, text, target_type, target_verse_dn, target_location_dn, requirement, result, hidden, once, condition_group, conditional_targets, children) VALUES (1788, 766, 3, 'condition', 'Если вы проходите главу 4—10.', 'verse', 26, NULL, NULL, NULL, NULL, FALSE, NULL, NULL, NULL);
INSERT INTO options (id, verse_id, position, type, text, target_type, target_verse_dn, target_location_dn, requirement, result, hidden, once, condition_group, conditional_targets, children) VALUES (1789, 766, 4, 'choice', '2 @Energy@ Построить укрепления. Для защиты лагеря и всего, что находится за ним, от тварей из Заплуталого леса будет достаточно частокола и нескольких острых кольев.', 'verse', 19, NULL, 'Только если у вас нет части 5 достижения «Восстановление Лотиана». Потратьте маркеры с карты секрета 26 в количестве 1 за персонажа.', NULL, NULL, FALSE, NULL, NULL, NULL);
INSERT INTO options (id, verse_id, position, type, text, target_type, target_verse_dn, target_location_dn, requirement, result, hidden, once, condition_group, conditional_targets, children) VALUES (1790, 766, 5, 'choice', '1 @Energy@ Поторговать в лагере.', 'verse', 1, NULL, NULL, NULL, NULL, FALSE, NULL, NULL, NULL);
INSERT INTO options (id, verse_id, position, type, text, target_type, target_verse_dn, target_location_dn, requirement, result, hidden, once, condition_group, conditional_targets, children) VALUES (1791, 766, 6, 'choice', '1 @Energy@ Найти Скорбных близнецов. Может быть, они что-то знают?', 'verse', 2, NULL, NULL, NULL, NULL, FALSE, NULL, NULL, NULL);
INSERT INTO options (id, verse_id, position, type, text, target_type, target_verse_dn, target_location_dn, requirement, result, hidden, once, condition_group, conditional_targets, children) VALUES (1792, 766, 7, 'choice', '1 @Energy@ Найти Аэда.', 'verse', 4, NULL, NULL, NULL, NULL, FALSE, NULL, NULL, NULL);
INSERT INTO options (id, verse_id, position, type, text, target_type, target_verse_dn, target_location_dn, requirement, result, hidden, once, condition_group, conditional_targets, children) VALUES (1793, 766, 8, 'choice', '1 @Energy@ Попросить аудиенции у королевы Ольфриды. Вам показалось, что от вида той странной женщины королева пришла ещё в больший ужас, чем король Лот. Интересно почему?', 'verse', 13, NULL, NULL, NULL, NULL, FALSE, NULL, NULL, NULL);
INSERT INTO options (id, verse_id, position, type, text, target_type, target_verse_dn, target_location_dn, requirement, result, hidden, once, condition_group, conditional_targets, children) VALUES (1794, 766, 9, 'choice', '1 @Energy@ Попросить аудиенции у короля Лота.', 'verse', 5, NULL, NULL, NULL, NULL, FALSE, NULL, NULL, NULL);
INSERT INTO options (id, verse_id, position, type, text, target_type, target_verse_dn, target_location_dn, requirement, result, hidden, once, condition_group, conditional_targets, children) VALUES (1795, 766, 10, 'choice', 'Посетить квартирмейстера лагеря.', 'cross_location', 228, 999, NULL, NULL, NULL, FALSE, NULL, NULL, NULL);
INSERT INTO options (id, verse_id, position, type, text, target_type, target_verse_dn, target_location_dn, requirement, result, hidden, once, condition_group, conditional_targets, children) VALUES (1796, 766, 11, 'choice', 'Уйти.', 'end', NULL, NULL, NULL, 'Исследование окончено.', NULL, FALSE, NULL, NULL, NULL);
INSERT INTO verses (id, location_id, display_number) VALUES (767, 62, 1);
INSERT INTO options (id, verse_id, position, type, text, target_type, target_verse_dn, target_location_dn, requirement, result, hidden, once, condition_group, conditional_targets, children) VALUES (1797, 767, 0, 'choice', 'Купить материалы для строительства.', 'verse', 1, NULL, 'Потратьте 1 золото или 1 магию.', 'Поместите 1 красный маркер на карту секрета 26.  Сделайте новый выбор.', NULL, FALSE, NULL, NULL, NULL);
INSERT INTO options (id, verse_id, position, type, text, target_type, target_verse_dn, target_location_dn, requirement, result, hidden, once, condition_group, conditional_targets, children) VALUES (1798, 767, 1, 'choice', 'Купить или продать еду и предметы.', 'cross_location', 698, 1001, 'Нужна глава 3—10 или хотя бы одна часть достижения «Время идёт (глава 2)».', NULL, NULL, FALSE, NULL, NULL, NULL);
INSERT INTO options (id, verse_id, position, type, text, target_type, target_verse_dn, target_location_dn, requirement, result, hidden, once, condition_group, conditional_targets, children) VALUES (1799, 767, 2, 'choice', 'Попытаться уйти.', 'end', NULL, NULL, 'Если у вас есть часть 5 достижения «Небольшая услуга».', 'Исследование окончено.', NULL, FALSE, NULL, NULL, NULL);
INSERT INTO options (id, verse_id, position, type, text, target_type, target_verse_dn, target_location_dn, requirement, result, hidden, once, condition_group, conditional_targets, children) VALUES (1800, 767, 3, 'choice', 'Попытаться уйти.', 'cross_location', 228, 999, NULL, NULL, NULL, FALSE, NULL, NULL, NULL);
INSERT INTO verses (id, location_id, display_number) VALUES (768, 62, 2);
INSERT INTO options (id, verse_id, position, type, text, target_type, target_verse_dn, target_location_dn, requirement, result, hidden, once, condition_group, conditional_targets, children) VALUES (1801, 768, 0, 'condition', 'Если у вас есть часть 1 достижения «Небольшая услуга».', 'end', NULL, NULL, NULL, 'Близнецы вас не примут.  Исследование окончено.', NULL, FALSE, NULL, NULL, NULL);
INSERT INTO options (id, verse_id, position, type, text, target_type, target_verse_dn, target_location_dn, requirement, result, hidden, once, condition_group, conditional_targets, children) VALUES (1802, 768, 1, 'condition', 'Если у вас есть часть 6 достижения «Небольшая услуга».', 'cross_location', 132, 999, NULL, NULL, NULL, FALSE, NULL, NULL, NULL);
INSERT INTO options (id, verse_id, position, type, text, target_type, target_verse_dn, target_location_dn, requirement, result, hidden, once, condition_group, conditional_targets, children) VALUES (1803, 768, 2, 'condition', 'Если у вас есть часть 3 достижения «Небольшая услуга».', 'end', NULL, NULL, NULL, 'Близнецы вас не примут.  Исследование окончено.', NULL, FALSE, NULL, NULL, NULL);
INSERT INTO options (id, verse_id, position, type, text, target_type, target_verse_dn, target_location_dn, requirement, result, hidden, once, condition_group, conditional_targets, children) VALUES (1804, 768, 3, 'condition', 'В противном случае.', 'cross_location', 136, 999, NULL, NULL, NULL, FALSE, NULL, NULL, NULL);
INSERT INTO verses (id, location_id, display_number) VALUES (769, 62, 3);
INSERT INTO options (id, verse_id, position, type, text, target_type, target_verse_dn, target_location_dn, requirement, result, hidden, once, condition_group, conditional_targets, children) VALUES (1805, 769, 0, 'condition', 'Продолжить.', 'cross_location', 228, 999, NULL, NULL, NULL, FALSE, NULL, NULL, NULL);
INSERT INTO verses (id, location_id, display_number) VALUES (770, 62, 4);
INSERT INTO options (id, verse_id, position, type, text, target_type, target_verse_dn, target_location_dn, requirement, result, hidden, once, condition_group, conditional_targets, children) VALUES (1806, 770, 0, 'condition', 'Если у вас есть часть 9 достижения «Небольшая услуга».', 'end', NULL, NULL, NULL, 'Аэд куда-то запропастился и вы не смогли его найти.  Исследование окончено.', NULL, FALSE, NULL, NULL, NULL);
INSERT INTO options (id, verse_id, position, type, text, target_type, target_verse_dn, target_location_dn, requirement, result, hidden, once, condition_group, conditional_targets, children) VALUES (1807, 770, 1, 'condition', 'Если в этой локации есть @LightTT@.', 'end', NULL, NULL, NULL, 'Аэд вас сейчас не примет.  Исследование окончено.', NULL, FALSE, NULL, NULL, NULL);
INSERT INTO options (id, verse_id, position, type, text, target_type, target_verse_dn, target_location_dn, requirement, result, hidden, once, condition_group, conditional_targets, children) VALUES (1808, 770, 2, 'choice', 'Согласиться и бросить кости. Всё-таки на кону не ваши деньги.', 'verse', 10, NULL, 'Бросьте кубик. Если результат 3 или меньше.', NULL, NULL, FALSE, NULL, NULL, NULL);
INSERT INTO options (id, verse_id, position, type, text, target_type, target_verse_dn, target_location_dn, requirement, result, hidden, once, condition_group, conditional_targets, children) VALUES (1809, 770, 3, 'choice', 'Согласиться и бросить кости. Всё-таки на кону не ваши деньги.', 'verse', 8, NULL, NULL, NULL, NULL, FALSE, NULL, NULL, NULL);
INSERT INTO options (id, verse_id, position, type, text, target_type, target_verse_dn, target_location_dn, requirement, result, hidden, once, condition_group, conditional_targets, children) VALUES (1810, 770, 4, 'choice', 'Согласиться и смошенничать. Вы знаете, как склонить чашу весов в вашу пользу.', 'verse', 8, NULL, 'Нужен Осберт или хотя бы 2 очка @Practicality@.', 'Получите часть 5 достижения «Что плохо лежит».', NULL, FALSE, NULL, NULL, NULL);
INSERT INTO options (id, verse_id, position, type, text, target_type, target_verse_dn, target_location_dn, requirement, result, hidden, once, condition_group, conditional_targets, children) VALUES (1811, 770, 5, 'choice', 'Отказаться. Пусть полагается на свою удачу.', 'verse', 6, NULL, NULL, NULL, NULL, FALSE, NULL, NULL, NULL);
INSERT INTO verses (id, location_id, display_number) VALUES (771, 62, 5);
INSERT INTO options (id, verse_id, position, type, text, target_type, target_verse_dn, target_location_dn, requirement, result, hidden, once, condition_group, conditional_targets, children) VALUES (1812, 771, 0, 'condition', 'Если вы проходите главу 2, часть 2, и у вас есть и часть 2, и часть 3 достижения «Восстановление Лотиана».', 'verse', 9, NULL, NULL, NULL, NULL, FALSE, NULL, NULL, NULL);
INSERT INTO options (id, verse_id, position, type, text, target_type, target_verse_dn, target_location_dn, requirement, result, hidden, once, condition_group, conditional_targets, children) VALUES (1813, 771, 1, 'condition', 'Если вы проходите главу 2, часть 2, и у вас есть или часть 2, или часть 3 достижения «Восстановление Лотиана».', 'verse', 7, NULL, NULL, NULL, NULL, FALSE, NULL, NULL, NULL);
INSERT INTO options (id, verse_id, position, type, text, target_type, target_verse_dn, target_location_dn, requirement, result, hidden, once, condition_group, conditional_targets, children) VALUES (1814, 771, 2, 'choice', 'Спросить его про увиденную женщину.', 'cross_location', 39, 999, NULL, NULL, NULL, FALSE, NULL, NULL, NULL);
INSERT INTO options (id, verse_id, position, type, text, target_type, target_verse_dn, target_location_dn, requirement, result, hidden, once, condition_group, conditional_targets, children) VALUES (1815, 771, 3, 'choice', 'Сообщить ему о просьбе его супруги. Королеве Ольфриде это не понравится…', 'cross_location', 258, 999, 'Нужна часть 2 достижения «Небольшая услуга».', NULL, NULL, FALSE, NULL, NULL, NULL);
INSERT INTO options (id, verse_id, position, type, text, target_type, target_verse_dn, target_location_dn, requirement, result, hidden, once, condition_group, conditional_targets, children) VALUES (1816, 771, 4, 'choice', 'Сообщить ему о просьбе его сына. Аэду это не понравится…', 'cross_location', 255, 999, 'Нужна часть 4 достижения «Небольшая услуга».', NULL, NULL, FALSE, NULL, NULL, NULL);
INSERT INTO options (id, verse_id, position, type, text, target_type, target_verse_dn, target_location_dn, requirement, result, hidden, once, condition_group, conditional_targets, children) VALUES (1817, 771, 5, 'choice', 'Сообщить ему о просьбе близнецов. Близнецам это не понравится…', 'cross_location', 251, 999, 'Нужна часть 3 достижения «Небольшая услуга».', NULL, NULL, FALSE, NULL, NULL, NULL);
INSERT INTO options (id, verse_id, position, type, text, target_type, target_verse_dn, target_location_dn, requirement, result, hidden, once, condition_group, conditional_targets, children) VALUES (1818, 771, 6, 'choice', 'Уйти.', 'end', NULL, NULL, NULL, 'Исследование окончено.', NULL, FALSE, NULL, NULL, NULL);
INSERT INTO verses (id, location_id, display_number) VALUES (772, 62, 6);
INSERT INTO options (id, verse_id, position, type, text, target_type, target_verse_dn, target_location_dn, requirement, result, hidden, once, condition_group, conditional_targets, children) VALUES (1819, 772, 0, 'choice', 'Продолжить.', 'end', NULL, NULL, NULL, 'Поместите в эту локацию 1 @LightTT@.  Исследование окончено.', NULL, FALSE, NULL, NULL, NULL);
INSERT INTO verses (id, location_id, display_number) VALUES (773, 62, 7);
INSERT INTO options (id, verse_id, position, type, text, target_type, target_verse_dn, target_location_dn, requirement, result, hidden, once, condition_group, conditional_targets, children) VALUES (1820, 773, 0, 'choice', 'Если у вас нет части 3 достижения «Слухи и сплетни».', 'verse', 12, NULL, NULL, NULL, NULL, FALSE, NULL, NULL, NULL);
INSERT INTO options (id, verse_id, position, type, text, target_type, target_verse_dn, target_location_dn, requirement, result, hidden, once, condition_group, conditional_targets, children) VALUES (1821, 773, 1, 'choice', 'В противном случае.', 'verse', 21, NULL, NULL, NULL, NULL, FALSE, NULL, NULL, NULL);
INSERT INTO verses (id, location_id, display_number) VALUES (774, 62, 8);
INSERT INTO options (id, verse_id, position, type, text, target_type, target_verse_dn, target_location_dn, requirement, result, hidden, once, condition_group, conditional_targets, children) VALUES (1822, 774, 0, 'choice', 'Продолжить.', 'verse', 11, NULL, NULL, 'Получите часть 2 достижения «Дружба со знатью».', NULL, FALSE, NULL, NULL, NULL);
INSERT INTO verses (id, location_id, display_number) VALUES (775, 62, 9);
INSERT INTO options (id, verse_id, position, type, text, target_type, target_verse_dn, target_location_dn, requirement, result, hidden, once, condition_group, conditional_targets, children) VALUES (1823, 775, 0, 'choice', 'Если у вас нет части 3 достижения «Слухи и сплетни».', 'verse', 12, NULL, NULL, 'Получите 1 золото.', NULL, FALSE, NULL, NULL, NULL);
INSERT INTO options (id, verse_id, position, type, text, target_type, target_verse_dn, target_location_dn, requirement, result, hidden, once, condition_group, conditional_targets, children) VALUES (1824, 775, 1, 'choice', 'В противном случае.', 'verse', 21, NULL, NULL, 'Получите 1 золото.', NULL, FALSE, NULL, NULL, NULL);
INSERT INTO verses (id, location_id, display_number) VALUES (776, 62, 10);
INSERT INTO options (id, verse_id, position, type, text, target_type, target_verse_dn, target_location_dn, requirement, result, hidden, once, condition_group, conditional_targets, children) VALUES (1825, 776, 0, 'choice', 'Продолжить.', 'verse', 11, NULL, NULL, NULL, NULL, FALSE, NULL, NULL, NULL);
INSERT INTO verses (id, location_id, display_number) VALUES (777, 62, 11);
INSERT INTO options (id, verse_id, position, type, text, target_type, target_verse_dn, target_location_dn, requirement, result, hidden, once, condition_group, conditional_targets, children) VALUES (1826, 777, 0, 'choice', 'Отдать ему браслет.', 'verse', 14, NULL, 'Нужна карта секрета 15.', NULL, NULL, FALSE, NULL, NULL, NULL);
INSERT INTO options (id, verse_id, position, type, text, target_type, target_verse_dn, target_location_dn, requirement, result, hidden, once, condition_group, conditional_targets, children) VALUES (1827, 777, 1, 'choice', 'Уйти.', 'end', NULL, NULL, NULL, 'Поместите в эту локацию 1 @LightTT@.   Исследование окончено.', NULL, FALSE, NULL, NULL, NULL);
INSERT INTO verses (id, location_id, display_number) VALUES (778, 62, 12);
INSERT INTO options (id, verse_id, position, type, text, target_type, target_verse_dn, target_location_dn, requirement, result, hidden, once, condition_group, conditional_targets, children) VALUES (1828, 778, 0, 'choice', 'Продолжить.', 'end', NULL, NULL, NULL, 'Исследование окончено.', NULL, FALSE, NULL, NULL, NULL);
INSERT INTO verses (id, location_id, display_number) VALUES (779, 62, 13);
INSERT INTO options (id, verse_id, position, type, text, target_type, target_verse_dn, target_location_dn, requirement, result, hidden, once, condition_group, conditional_targets, children) VALUES (1829, 779, 0, 'condition', 'Если у вас есть карта секрета 12.', 'verse', 20, NULL, NULL, NULL, NULL, FALSE, NULL, NULL, NULL);
INSERT INTO options (id, verse_id, position, type, text, target_type, target_verse_dn, target_location_dn, requirement, result, hidden, once, condition_group, conditional_targets, children) VALUES (1830, 779, 1, 'choice', 'Продолжить.', 'end', NULL, NULL, NULL, 'Исследование окончено.', NULL, FALSE, NULL, NULL, NULL);
INSERT INTO verses (id, location_id, display_number) VALUES (780, 62, 14);
INSERT INTO options (id, verse_id, position, type, text, target_type, target_verse_dn, target_location_dn, requirement, result, hidden, once, condition_group, conditional_targets, children) VALUES (1831, 780, 0, 'choice', 'Продолжить.', 'end', NULL, NULL, NULL, 'Сбросьте карту секрета 15.  Каждый персонаж получает 1 опыт и 1 золото.  Получите часть 9 достижения «Небольшая услуга».  Исследование окончено.', NULL, FALSE, NULL, NULL, NULL);
INSERT INTO verses (id, location_id, display_number) VALUES (781, 62, 15);
INSERT INTO options (id, verse_id, position, type, text, target_type, target_verse_dn, target_location_dn, requirement, result, hidden, once, condition_group, conditional_targets, children) VALUES (1832, 781, 0, 'condition', 'Продолжить.', 'cross_location', 258, 999, NULL, NULL, NULL, FALSE, NULL, NULL, NULL);
INSERT INTO verses (id, location_id, display_number) VALUES (782, 62, 16);
INSERT INTO options (id, verse_id, position, type, text, target_type, target_verse_dn, target_location_dn, requirement, result, hidden, once, condition_group, conditional_targets, children) VALUES (1833, 782, 0, 'condition', 'Продолжить.', 'cross_location', 255, 999, NULL, NULL, NULL, FALSE, NULL, NULL, NULL);
INSERT INTO verses (id, location_id, display_number) VALUES (783, 62, 17);
INSERT INTO options (id, verse_id, position, type, text, target_type, target_verse_dn, target_location_dn, requirement, result, hidden, once, condition_group, conditional_targets, children) VALUES (1834, 783, 0, 'condition', 'Продолжить.', 'cross_location', 251, 999, NULL, NULL, NULL, FALSE, NULL, NULL, NULL);
INSERT INTO verses (id, location_id, display_number) VALUES (784, 62, 18);
INSERT INTO options (id, verse_id, position, type, text, target_type, target_verse_dn, target_location_dn, requirement, result, hidden, once, condition_group, conditional_targets, children) VALUES (1835, 784, 0, 'condition', 'Продолжить.', 'cross_location', 39, 999, NULL, NULL, NULL, FALSE, NULL, NULL, NULL);
INSERT INTO verses (id, location_id, display_number) VALUES (785, 62, 19);
INSERT INTO options (id, verse_id, position, type, text, target_type, target_verse_dn, target_location_dn, requirement, result, hidden, once, condition_group, conditional_targets, children) VALUES (1836, 785, 0, 'choice', 'Продолжить.', 'end', NULL, NULL, NULL, 'Получите карту секрета 17 и часть 5 достижения «Восстановление Лотиана».  Исследование окончено.', NULL, FALSE, NULL, NULL, NULL);
INSERT INTO verses (id, location_id, display_number) VALUES (786, 62, 20);
INSERT INTO options (id, verse_id, position, type, text, target_type, target_verse_dn, target_location_dn, requirement, result, hidden, once, condition_group, conditional_targets, children) VALUES (1837, 786, 0, 'choice', 'Отдать ей фолиант.', 'cross_location', 6, 999, NULL, NULL, NULL, FALSE, NULL, NULL, NULL);
INSERT INTO options (id, verse_id, position, type, text, target_type, target_verse_dn, target_location_dn, requirement, result, hidden, once, condition_group, conditional_targets, children) VALUES (1838, 786, 1, 'choice', 'Уйти.', 'end', NULL, NULL, NULL, 'Исследование окончено.', NULL, FALSE, NULL, NULL, NULL);
INSERT INTO verses (id, location_id, display_number) VALUES (787, 62, 21);
INSERT INTO options (id, verse_id, position, type, text, target_type, target_verse_dn, target_location_dn, requirement, result, hidden, once, condition_group, conditional_targets, children) VALUES (1839, 787, 0, 'choice', 'Продолжить.', 'verse', 12, NULL, NULL, NULL, NULL, FALSE, NULL, NULL, NULL);
INSERT INTO verses (id, location_id, display_number) VALUES (788, 62, 22);
INSERT INTO options (id, verse_id, position, type, text, target_type, target_verse_dn, target_location_dn, requirement, result, hidden, once, condition_group, conditional_targets, children) VALUES (1840, 788, 0, 'choice', '2 @Energy@ Изучить место преступления.', 'cross_location', 504, 999, 'Только если у вас нет части 2 достижения «Семейные тайны».', NULL, NULL, FALSE, NULL, NULL, NULL);
INSERT INTO options (id, verse_id, position, type, text, target_type, target_verse_dn, target_location_dn, requirement, result, hidden, once, condition_group, conditional_targets, children) VALUES (1841, 788, 1, 'choice', '2 @Energy@ Поговорить со всеми членами королевской семьи, которые остались в живых.', 'cross_location', 415, 999, 'Только если у вас есть не более одной части достижения «Время идёт» для текущей главы.', NULL, NULL, FALSE, NULL, NULL, NULL);
INSERT INTO options (id, verse_id, position, type, text, target_type, target_verse_dn, target_location_dn, requirement, result, hidden, once, condition_group, conditional_targets, children) VALUES (1842, 788, 2, 'choice', '2 @Energy@ Построить укрепления. Для защиты лагеря от тварей из Заплуталого леса будет достаточно частокола и нескольких острых кольев.', 'verse', 19, NULL, 'Только если у вас нет части 5 достижения «Восстановление Лотиана». Потратьте маркеры с карты секрета 26 в количестве 1 за персонажа.', NULL, NULL, FALSE, NULL, NULL, NULL);
INSERT INTO options (id, verse_id, position, type, text, target_type, target_verse_dn, target_location_dn, requirement, result, hidden, once, condition_group, conditional_targets, children) VALUES (1843, 788, 3, 'choice', '1 @Energy@ Поторговать в лагере.', 'verse', 1, NULL, NULL, NULL, NULL, FALSE, NULL, NULL, NULL);
INSERT INTO options (id, verse_id, position, type, text, target_type, target_verse_dn, target_location_dn, requirement, result, hidden, once, condition_group, conditional_targets, children) VALUES (1844, 788, 4, 'choice', 'Уйти.', 'end', NULL, NULL, NULL, 'Исследование окончено.', NULL, FALSE, NULL, NULL, NULL);
INSERT INTO verses (id, location_id, display_number) VALUES (789, 62, 23);
INSERT INTO options (id, verse_id, position, type, text, target_type, target_verse_dn, target_location_dn, requirement, result, hidden, once, condition_group, conditional_targets, children) VALUES (1845, 789, 0, 'condition', 'Продолжить.', 'cross_location', 504, 999, NULL, NULL, NULL, FALSE, NULL, NULL, NULL);
INSERT INTO verses (id, location_id, display_number) VALUES (790, 62, 24);
INSERT INTO options (id, verse_id, position, type, text, target_type, target_verse_dn, target_location_dn, requirement, result, hidden, once, condition_group, conditional_targets, children) VALUES (1846, 790, 0, 'condition', 'Продолжить.', 'cross_location', 415, 999, NULL, NULL, NULL, FALSE, NULL, NULL, NULL);
INSERT INTO verses (id, location_id, display_number) VALUES (791, 62, 25);
INSERT INTO options (id, verse_id, position, type, text, target_type, target_verse_dn, target_location_dn, requirement, result, hidden, once, condition_group, conditional_targets, children) VALUES (1847, 791, 0, 'choice', 'Предъявить обвинение убийце.', 'cross_location', 335, 999, 'Нужны хотя бы две части достижения «Семейные тайны».', NULL, NULL, FALSE, NULL, NULL, NULL);
INSERT INTO options (id, verse_id, position, type, text, target_type, target_verse_dn, target_location_dn, requirement, result, hidden, once, condition_group, conditional_targets, children) VALUES (1848, 791, 1, 'choice', 'Ещё раз ознакомиться с собранной информацией.', 'cross_location', 340, 999, 'Нужны хотя бы две части достижения «Семейные тайны».', NULL, NULL, FALSE, NULL, NULL, NULL);
INSERT INTO options (id, verse_id, position, type, text, target_type, target_verse_dn, target_location_dn, requirement, result, hidden, once, condition_group, conditional_targets, children) VALUES (1849, 791, 2, 'choice', 'Не предъявлять обвинение и рассказать о том, что вы нашли в Сурлузе.', 'cross_location', 350, 999, NULL, NULL, NULL, FALSE, NULL, NULL, NULL);
INSERT INTO options (id, verse_id, position, type, text, target_type, target_verse_dn, target_location_dn, requirement, result, hidden, once, condition_group, conditional_targets, children) VALUES (1850, 791, 3, 'choice', 'Посетить лагерь.', 'verse', 22, NULL, NULL, NULL, NULL, FALSE, NULL, NULL, NULL);
INSERT INTO options (id, verse_id, position, type, text, target_type, target_verse_dn, target_location_dn, requirement, result, hidden, once, condition_group, conditional_targets, children) VALUES (1851, 791, 4, 'choice', 'Уйти.', 'end', NULL, NULL, NULL, 'Исследование окончено.', NULL, FALSE, NULL, NULL, NULL);
INSERT INTO verses (id, location_id, display_number) VALUES (792, 62, 26);
INSERT INTO options (id, verse_id, position, type, text, target_type, target_verse_dn, target_location_dn, requirement, result, hidden, once, condition_group, conditional_targets, children) VALUES (1852, 792, 0, 'choice', 'Продолжить.', 'end', NULL, NULL, NULL, 'Исследование окончено.', NULL, FALSE, NULL, NULL, NULL);
INSERT INTO verses (id, location_id, display_number) VALUES (793, 62, 27);
INSERT INTO options (id, verse_id, position, type, text, target_type, target_verse_dn, target_location_dn, requirement, result, hidden, once, condition_group, conditional_targets, children) VALUES (1853, 793, 0, 'choice', 'Продолжить.', 'end', NULL, NULL, NULL, 'Получите часть 8 достижения «Случайные встречи».  Исследование окончено.', NULL, FALSE, NULL, NULL, NULL);

INSERT INTO locations (id, campaign_id, display_number, name) VALUES (63, 1, 217, 'Восстановленный замок');
INSERT INTO verses (id, location_id, display_number) VALUES (794, 63, 0);
INSERT INTO options (id, verse_id, position, type, text, target_type, target_verse_dn, target_location_dn, requirement, result, hidden, once, condition_group, conditional_targets, children) VALUES (1854, 794, 0, 'choice', '3 @Energy@ Посетить библиотеку в замке.', 'verse', 4, NULL, 'Нужны Элган или Гердвин.', NULL, NULL, FALSE, NULL, NULL, NULL);
INSERT INTO options (id, verse_id, position, type, text, target_type, target_verse_dn, target_location_dn, requirement, result, hidden, once, condition_group, conditional_targets, children) VALUES (1855, 794, 1, 'choice', '3 @Energy@ Потренироваться на плацу.', 'verse', 6, NULL, 'Нужны Юнис или Осберт.', NULL, NULL, FALSE, NULL, NULL, NULL);
INSERT INTO options (id, verse_id, position, type, text, target_type, target_verse_dn, target_location_dn, requirement, result, hidden, once, condition_group, conditional_targets, children) VALUES (1856, 794, 2, 'choice', '1 @Energy@ Поторговать в замке.', 'cross_location', 634, 1001, NULL, NULL, NULL, FALSE, NULL, NULL, NULL);
INSERT INTO options (id, verse_id, position, type, text, target_type, target_verse_dn, target_location_dn, requirement, result, hidden, once, condition_group, conditional_targets, children) VALUES (1857, 794, 3, 'choice', '1 @Energy@ Поискать редкие товары.', 'verse', 13, NULL, 'Только если в этой локации нет @LightTT@.', NULL, NULL, FALSE, NULL, NULL, NULL);
INSERT INTO options (id, verse_id, position, type, text, target_type, target_verse_dn, target_location_dn, requirement, result, hidden, once, condition_group, conditional_targets, children) VALUES (1858, 794, 4, 'choice', '1 @Energy@ Устроить представление в замке.', 'verse', 12, NULL, 'Нужен Осберт. Только если у вас нет части 4 достижения «Выступления».', NULL, NULL, FALSE, NULL, NULL, NULL);
INSERT INTO options (id, verse_id, position, type, text, target_type, target_verse_dn, target_location_dn, requirement, result, hidden, once, condition_group, conditional_targets, children) VALUES (1859, 794, 5, 'choice', 'Побродить по замку.', 'verse', 8, NULL, NULL, NULL, NULL, FALSE, NULL, NULL, NULL);
INSERT INTO options (id, verse_id, position, type, text, target_type, target_verse_dn, target_location_dn, requirement, result, hidden, once, condition_group, conditional_targets, children) VALUES (1860, 794, 6, 'choice', 'Предстать перед королевской семьёй.', 'verse', 1, NULL, 'Нужны все персонажи. Только если у вас нет ни одной части достижения «Будущее Авалона».', NULL, NULL, FALSE, NULL, NULL, NULL);
INSERT INTO options (id, verse_id, position, type, text, target_type, target_verse_dn, target_location_dn, requirement, result, hidden, once, condition_group, conditional_targets, children) VALUES (1861, 794, 7, 'choice', 'Уйти.', 'end', NULL, NULL, NULL, 'Исследование окончено.', NULL, FALSE, NULL, NULL, NULL);
INSERT INTO verses (id, location_id, display_number) VALUES (795, 63, 1);
INSERT INTO options (id, verse_id, position, type, text, target_type, target_verse_dn, target_location_dn, requirement, result, hidden, once, condition_group, conditional_targets, children) VALUES (1862, 795, 0, 'condition', 'Если у вас нет части 6 достижения «Дипломат».', 'verse', 10, NULL, NULL, NULL, NULL, FALSE, NULL, NULL, NULL);
INSERT INTO options (id, verse_id, position, type, text, target_type, target_verse_dn, target_location_dn, requirement, result, hidden, once, condition_group, conditional_targets, children) VALUES (1863, 795, 1, 'choice', 'Продолжить.', 'verse', 10, NULL, NULL, 'Получите 1 золото за персонажа.', NULL, FALSE, NULL, NULL, NULL);
INSERT INTO verses (id, location_id, display_number) VALUES (796, 63, 2);
INSERT INTO options (id, verse_id, position, type, text, target_type, target_verse_dn, target_location_dn, requirement, result, hidden, once, condition_group, conditional_targets, children) VALUES (1864, 796, 0, 'condition', 'Продолжить.', 'cross_location', 108, 999, NULL, NULL, NULL, FALSE, NULL, NULL, NULL);
INSERT INTO verses (id, location_id, display_number) VALUES (797, 63, 3);
INSERT INTO options (id, verse_id, position, type, text, target_type, target_verse_dn, target_location_dn, requirement, result, hidden, once, condition_group, conditional_targets, children) VALUES (1865, 797, 0, 'condition', 'Продолжить.', 'cross_location', 634, 1001, NULL, NULL, NULL, FALSE, NULL, NULL, NULL);
INSERT INTO verses (id, location_id, display_number) VALUES (798, 63, 4);
INSERT INTO options (id, verse_id, position, type, text, target_type, target_verse_dn, target_location_dn, requirement, result, hidden, once, condition_group, conditional_targets, children) VALUES (1866, 798, 0, 'condition', 'Если вы играете за Элгана и у вас нет части 5 достижения «Заготовки».', 'verse', 4, NULL, NULL, 'Среди записей об опасных древних культах вы нашли детальное описание благовония, которое делает собеседников склонными соглашаться на ваши уговоры. Наверняка у вас получится его воссоздать.  Поздравляем! Вы освоили новое действие дипломатии. Получите секретную карту 111 (карта дипломатии «Завораживающая свеча») и замешайте её в колоду дипломатии Элгана. Получите часть 5 достижения «Заготовки».', NULL, FALSE, NULL, NULL, NULL);
INSERT INTO options (id, verse_id, position, type, text, target_type, target_verse_dn, target_location_dn, requirement, result, hidden, once, condition_group, conditional_targets, children) VALUES (1867, 798, 1, 'condition', 'Если вы играете за Гердвин и у вас нет части 6 достижения «Заготовки».', 'verse', 4, NULL, NULL, 'Вы с головой погрузились в летописи былых войн, полные грандиозных и вдохновляющих цитат полководцев. Это позволило вам получше узнать, как уверенно убеждать окружающих в непростых обстоятельствах.  Поздравляем! Вы освоили новое действие дипломатии. Получите секретную карту 121 (карта дипломатии «Категоричные приказы») и замешайте её в колоду дипломатии Гердвин. Получите часть 6 достижения «Заготовки».', NULL, FALSE, NULL, NULL, NULL);
INSERT INTO options (id, verse_id, position, type, text, target_type, target_verse_dn, target_location_dn, requirement, result, hidden, once, condition_group, conditional_targets, children) VALUES (1868, 798, 2, 'choice', 'Продолжить.', 'end', NULL, NULL, NULL, 'Исследование окончено.', NULL, FALSE, NULL, NULL, NULL);
INSERT INTO verses (id, location_id, display_number) VALUES (799, 63, 5);
INSERT INTO options (id, verse_id, position, type, text, target_type, target_verse_dn, target_location_dn, requirement, result, hidden, once, condition_group, conditional_targets, children) VALUES (1869, 799, 0, 'condition', 'Продолжить.', 'cross_location', 102, 999, NULL, NULL, NULL, FALSE, NULL, NULL, NULL);
INSERT INTO verses (id, location_id, display_number) VALUES (800, 63, 6);
INSERT INTO options (id, verse_id, position, type, text, target_type, target_verse_dn, target_location_dn, requirement, result, hidden, once, condition_group, conditional_targets, children) VALUES (1870, 800, 0, 'condition', 'Если вы играете за Осберта и у вас нет части 7 достижения «Заготовки».', 'verse', 6, NULL, NULL, 'Неподалёку от тренирующихся рыцарей вы встретили королевских разведчиков Лотиана, обучавшихся мастерству шпионажа и хитроумным уловкам. Несмотря на их насмешки, их старый учитель признал ваш очевидный талант и решил научить вас нескольким полезным приёмам.  Поздравляем! Вы освоили новое действие боя. Получите секретную карту 136 (карта боя «Поживиться») и замешайте её в колоду боя Осберта. Получите часть 7 достижения «Заготовки».', NULL, FALSE, NULL, NULL, NULL);
INSERT INTO options (id, verse_id, position, type, text, target_type, target_verse_dn, target_location_dn, requirement, result, hidden, once, condition_group, conditional_targets, children) VALUES (1871, 800, 1, 'condition', 'Если вы играете за Юнис и у вас нет части 8 достижения «Заготовки».', 'verse', 6, NULL, NULL, 'Сойтись в тренировочном бою с настоящими рыцарями-людьми — это было то, о чём вы всегда мечтали. И вы, и они обзавелись несколькими впечатляющими синяками и освоили пару новых приёмов. А бдительная защитная стойка, которую вы переняли у них, когда-нибудь может спасти вам жизнь!  Поздравляем! Вы освоили новое действие боя. Получите секретную карту 126 (карта боя «Прицельная оборона») и замешайте её в колоду боя Юнис. Получите часть 8 достижения «Заготовки».', NULL, FALSE, NULL, NULL, NULL);
INSERT INTO options (id, verse_id, position, type, text, target_type, target_verse_dn, target_location_dn, requirement, result, hidden, once, condition_group, conditional_targets, children) VALUES (1872, 800, 2, 'choice', 'Продолжить.', 'end', NULL, NULL, NULL, 'Исследование окончено.', NULL, FALSE, NULL, NULL, NULL);
INSERT INTO verses (id, location_id, display_number) VALUES (801, 63, 7);
INSERT INTO options (id, verse_id, position, type, text, target_type, target_verse_dn, target_location_dn, requirement, result, hidden, once, condition_group, conditional_targets, children) VALUES (1873, 801, 0, 'condition', 'Продолжить.', 'cross_location', 111, 999, NULL, NULL, NULL, FALSE, NULL, NULL, NULL);
INSERT INTO verses (id, location_id, display_number) VALUES (802, 63, 8);
INSERT INTO options (id, verse_id, position, type, text, target_type, target_verse_dn, target_location_dn, requirement, result, hidden, once, condition_group, conditional_targets, children) VALUES (1874, 802, 0, 'condition', 'Если у вас есть синий светофильтр.', 'cross_location', 365, 999, 'Если у вас нет части 4 достижения «Семейные тайны».', NULL, NULL, FALSE, NULL, NULL, NULL);
INSERT INTO options (id, verse_id, position, type, text, target_type, target_verse_dn, target_location_dn, requirement, result, hidden, once, condition_group, conditional_targets, children) VALUES (1875, 802, 1, 'choice', 'Продолжить.', 'end', NULL, NULL, NULL, 'Исследование окончено.', NULL, FALSE, NULL, NULL, NULL);
INSERT INTO verses (id, location_id, display_number) VALUES (803, 63, 9);
INSERT INTO options (id, verse_id, position, type, text, target_type, target_verse_dn, target_location_dn, requirement, result, hidden, once, condition_group, conditional_targets, children) VALUES (1876, 803, 0, 'condition', 'Продолжить.', 'cross_location', 192, 999, NULL, NULL, NULL, FALSE, NULL, NULL, NULL);
INSERT INTO verses (id, location_id, display_number) VALUES (804, 63, 10);
INSERT INTO options (id, verse_id, position, type, text, target_type, target_verse_dn, target_location_dn, requirement, result, hidden, once, condition_group, conditional_targets, children) VALUES (1877, 804, 0, 'condition', 'Если у вас есть часть 4 достижения «Осведомитель».', 'cross_location', 438, 999, NULL, NULL, NULL, FALSE, NULL, NULL, NULL);
INSERT INTO options (id, verse_id, position, type, text, target_type, target_verse_dn, target_location_dn, requirement, result, hidden, once, condition_group, conditional_targets, children) VALUES (1878, 804, 1, 'condition', 'Если у вас есть часть 7 достижения «Семейные тайны».', 'cross_location', 102, 999, NULL, NULL, NULL, FALSE, NULL, NULL, NULL);
INSERT INTO options (id, verse_id, position, type, text, target_type, target_verse_dn, target_location_dn, requirement, result, hidden, once, condition_group, conditional_targets, children) VALUES (1879, 804, 2, 'condition', 'Если у вас есть часть 8 достижения «Семейные тайны».', 'cross_location', 108, 999, NULL, NULL, NULL, FALSE, NULL, NULL, NULL);
INSERT INTO options (id, verse_id, position, type, text, target_type, target_verse_dn, target_location_dn, requirement, result, hidden, once, condition_group, conditional_targets, children) VALUES (1880, 804, 3, 'condition', 'Если у вас есть часть 9 достижения «Семейные тайны».', 'cross_location', 111, 999, NULL, NULL, NULL, FALSE, NULL, NULL, NULL);
INSERT INTO options (id, verse_id, position, type, text, target_type, target_verse_dn, target_location_dn, requirement, result, hidden, once, condition_group, conditional_targets, children) VALUES (1881, 804, 4, 'condition', 'Если у вас есть часть 10 достижения «Семейные тайны».', 'cross_location', 192, 999, NULL, NULL, NULL, FALSE, NULL, NULL, NULL);
INSERT INTO options (id, verse_id, position, type, text, target_type, target_verse_dn, target_location_dn, requirement, result, hidden, once, condition_group, conditional_targets, children) VALUES (1882, 804, 5, 'condition', 'Если у вас есть часть 1 достижения «Королевские похороны».', 'cross_location', 108, 999, NULL, NULL, NULL, FALSE, NULL, NULL, NULL);
INSERT INTO options (id, verse_id, position, type, text, target_type, target_verse_dn, target_location_dn, requirement, result, hidden, once, condition_group, conditional_targets, children) VALUES (1883, 804, 6, 'condition', 'В противном случае.', 'cross_location', 116, 999, NULL, NULL, NULL, FALSE, NULL, NULL, NULL);
INSERT INTO verses (id, location_id, display_number) VALUES (805, 63, 11);
INSERT INTO options (id, verse_id, position, type, text, target_type, target_verse_dn, target_location_dn, requirement, result, hidden, once, condition_group, conditional_targets, children) VALUES (1884, 805, 0, 'condition', 'Продолжить.', 'cross_location', 438, 999, NULL, NULL, NULL, FALSE, NULL, NULL, NULL);
INSERT INTO verses (id, location_id, display_number) VALUES (806, 63, 12);
INSERT INTO options (id, verse_id, position, type, text, target_type, target_verse_dn, target_location_dn, requirement, result, hidden, once, condition_group, conditional_targets, children) VALUES (1885, 806, 0, 'choice', 'Продолжить.', 'end', NULL, NULL, NULL, 'Получите 3 золота и часть 4 достижения «Выступления».  Исследование окончено.', NULL, FALSE, NULL, NULL, NULL);
INSERT INTO verses (id, location_id, display_number) VALUES (807, 63, 13);
INSERT INTO options (id, verse_id, position, type, text, target_type, target_verse_dn, target_location_dn, requirement, result, hidden, once, condition_group, conditional_targets, children) VALUES (1886, 807, 0, 'choice', '0—5.', 'end', NULL, NULL, NULL, 'Несколько часов вы рылись в никчёмных побрякушках, но наконец заключили, что ничего ценного сейчас никто не продаёт.  Исследование окончено.', NULL, FALSE, NULL, NULL, NULL);
INSERT INTO options (id, verse_id, position, type, text, target_type, target_verse_dn, target_location_dn, requirement, result, hidden, once, condition_group, conditional_targets, children) VALUES (1887, 807, 1, 'choice', '≥6.', 'verse', 14, NULL, NULL, 'Вы нашли среди товаров кое-что интересное!', NULL, FALSE, NULL, NULL, NULL);
INSERT INTO verses (id, location_id, display_number) VALUES (808, 63, 14);
INSERT INTO options (id, verse_id, position, type, text, target_type, target_verse_dn, target_location_dn, requirement, result, hidden, once, condition_group, conditional_targets, children) VALUES (1888, 808, 0, 'choice', 'Продолжить.', 'end', NULL, NULL, NULL, 'Исследование окончено.', NULL, FALSE, NULL, NULL, NULL);

INSERT INTO locations (id, campaign_id, display_number, name) VALUES (64, 1, 218, 'Восстановленная лесопилка');
INSERT INTO verses (id, location_id, display_number) VALUES (809, 64, 0);
INSERT INTO options (id, verse_id, position, type, text, target_type, target_verse_dn, target_location_dn, requirement, result, hidden, once, condition_group, conditional_targets, children) VALUES (1889, 809, 0, 'condition', 'Если вы играете за Гердвин и у вас нет части 2 достижения «Слухи и сплетни».', 'cross_location', 165, 999, NULL, NULL, NULL, FALSE, NULL, NULL, NULL);
INSERT INTO options (id, verse_id, position, type, text, target_type, target_verse_dn, target_location_dn, requirement, result, hidden, once, condition_group, conditional_targets, children) VALUES (1890, 809, 1, 'condition', 'Если вы проходите главу 5 или более позднюю.', 'verse', 9, NULL, NULL, NULL, NULL, FALSE, NULL, NULL, NULL);
INSERT INTO options (id, verse_id, position, type, text, target_type, target_verse_dn, target_location_dn, requirement, result, hidden, once, condition_group, conditional_targets, children) VALUES (1891, 809, 2, 'condition', 'Если вы проходите главу 3, часть 2 или 3, либо главу 4.', 'verse', 7, NULL, NULL, NULL, NULL, FALSE, NULL, NULL, NULL);
INSERT INTO options (id, verse_id, position, type, text, target_type, target_verse_dn, target_location_dn, requirement, result, hidden, once, condition_group, conditional_targets, children) VALUES (1892, 809, 3, 'condition', 'В противном случае.', 'verse', 9, NULL, NULL, NULL, NULL, FALSE, NULL, NULL, NULL);
INSERT INTO verses (id, location_id, display_number) VALUES (810, 64, 1);
INSERT INTO options (id, verse_id, position, type, text, target_type, target_verse_dn, target_location_dn, requirement, result, hidden, once, condition_group, conditional_targets, children) VALUES (1893, 810, 0, 'condition', 'Продолжить.', 'cross_location', 165, 999, NULL, NULL, NULL, FALSE, NULL, NULL, NULL);
INSERT INTO verses (id, location_id, display_number) VALUES (811, 64, 2);
INSERT INTO options (id, verse_id, position, type, text, target_type, target_verse_dn, target_location_dn, requirement, result, hidden, once, condition_group, conditional_targets, children) VALUES (1894, 811, 0, 'condition', 'Если у вас есть хотя бы две части достижения «Время идёт (глава 2)» или если вы проходите главу 3—10.', 'verse', 4, NULL, NULL, NULL, NULL, FALSE, NULL, NULL, NULL);
INSERT INTO options (id, verse_id, position, type, text, target_type, target_verse_dn, target_location_dn, requirement, result, hidden, once, condition_group, conditional_targets, children) VALUES (1895, 811, 1, 'choice', 'Если у вас хотя бы 2 очка @Caution@.', 'verse', 5, NULL, NULL, 'Получите часть 7 достижения «Небольшая услуга».  Получите карту секрета 15.', NULL, FALSE, NULL, NULL, NULL);
INSERT INTO options (id, verse_id, position, type, text, target_type, target_verse_dn, target_location_dn, requirement, result, hidden, once, condition_group, conditional_targets, children) VALUES (1896, 811, 2, 'choice', 'В противном случае.', 'end', NULL, NULL, NULL, 'Получите часть 7 достижения «Небольшая услуга».  Получите карту секрета 15.  Исследование окончено.', NULL, FALSE, NULL, NULL, NULL);
INSERT INTO verses (id, location_id, display_number) VALUES (812, 64, 3);
INSERT INTO options (id, verse_id, position, type, text, target_type, target_verse_dn, target_location_dn, requirement, result, hidden, once, condition_group, conditional_targets, children) VALUES (1897, 812, 0, 'choice', '1 @Energy@ Выполнить просьбу Аэда. Всего-то час-другой с лопатой, если, конечно, вам это не слишком противно.', 'verse', 2, NULL, 'Только если у вас нет части 7 достижения «Небольшая услуга». Нужна часть 4 достижения «Небольшая услуга».', NULL, NULL, FALSE, NULL, NULL, NULL);
INSERT INTO options (id, verse_id, position, type, text, target_type, target_verse_dn, target_location_dn, requirement, result, hidden, once, condition_group, conditional_targets, children) VALUES (1898, 812, 1, 'choice', 'Уйти.', 'end', NULL, NULL, NULL, 'Исследование окончено.', NULL, FALSE, NULL, NULL, NULL);
INSERT INTO verses (id, location_id, display_number) VALUES (813, 64, 4);
INSERT INTO options (id, verse_id, position, type, text, target_type, target_verse_dn, target_location_dn, requirement, result, hidden, once, condition_group, conditional_targets, children) VALUES (1899, 813, 0, 'choice', 'Продолжить.', 'end', NULL, NULL, NULL, 'Исследование окончено.', NULL, FALSE, NULL, NULL, NULL);
INSERT INTO verses (id, location_id, display_number) VALUES (814, 64, 5);
INSERT INTO options (id, verse_id, position, type, text, target_type, target_verse_dn, target_location_dn, requirement, result, hidden, once, condition_group, conditional_targets, children) VALUES (1900, 814, 0, 'choice', 'Продолжить.', 'end', NULL, NULL, NULL, 'Исследование окончено.', NULL, FALSE, NULL, NULL, NULL);
INSERT INTO verses (id, location_id, display_number) VALUES (815, 64, 6);
INSERT INTO options (id, verse_id, position, type, text, target_type, target_verse_dn, target_location_dn, requirement, result, hidden, once, condition_group, conditional_targets, children) VALUES (1901, 815, 0, 'choice', 'Продолжить.', 'end', NULL, NULL, NULL, 'Исследование окончено.', NULL, FALSE, NULL, NULL, NULL);
INSERT INTO verses (id, location_id, display_number) VALUES (816, 64, 7);
INSERT INTO options (id, verse_id, position, type, text, target_type, target_verse_dn, target_location_dn, requirement, result, hidden, once, condition_group, conditional_targets, children) VALUES (1902, 816, 0, 'condition', 'Если фигурка Клаудина Непосвящённого не на поле и здесь нет @LightTT@.', 'cross_location', 610, 1001, NULL, NULL, NULL, FALSE, NULL, NULL, NULL);
INSERT INTO options (id, verse_id, position, type, text, target_type, target_verse_dn, target_location_dn, requirement, result, hidden, once, condition_group, conditional_targets, children) VALUES (1903, 816, 1, 'condition', 'В противном случае.', 'verse', 9, NULL, NULL, NULL, NULL, FALSE, NULL, NULL, NULL);
INSERT INTO verses (id, location_id, display_number) VALUES (817, 64, 8);
INSERT INTO options (id, verse_id, position, type, text, target_type, target_verse_dn, target_location_dn, requirement, result, hidden, once, condition_group, conditional_targets, children) VALUES (1904, 817, 0, 'condition', 'Продолжить.', 'cross_location', 610, 1001, NULL, NULL, NULL, FALSE, NULL, NULL, NULL);
INSERT INTO verses (id, location_id, display_number) VALUES (818, 64, 9);
INSERT INTO options (id, verse_id, position, type, text, target_type, target_verse_dn, target_location_dn, requirement, result, hidden, once, condition_group, conditional_targets, children) VALUES (1905, 818, 0, 'choice', '2 @Energy@ Построить укрепления. Звери из Заплуталого леса вряд ли зайдут с севера, но мало ли какая ещё опасность появится?', 'verse', 6, NULL, 'Только если у вас нет части 6 достижения «Восстановление Лотиана». Потратьте маркеры с карты секрета 26 в количестве 1 за персонажа.', NULL, NULL, FALSE, NULL, NULL, NULL);
INSERT INTO options (id, verse_id, position, type, text, target_type, target_verse_dn, target_location_dn, requirement, result, hidden, once, condition_group, conditional_targets, children) VALUES (1906, 818, 1, 'choice', '1 @Energy@ Исследовать местное кладбище. Судя по рядам ничем не примечательных надгробий, здесь хоронили бедняков из ближайших к замку поселений.', 'verse', 3, NULL, NULL, NULL, NULL, FALSE, NULL, NULL, NULL);
INSERT INTO options (id, verse_id, position, type, text, target_type, target_verse_dn, target_location_dn, requirement, result, hidden, once, condition_group, conditional_targets, children) VALUES (1907, 818, 2, 'choice', 'Прочесать пустоши на севере. Из-за холмов до вас доносились отчаянные хриплые крики.', 'verse', 10, NULL, 'Только если вы проходите главу 2—4.', NULL, NULL, FALSE, NULL, NULL, NULL);
INSERT INTO options (id, verse_id, position, type, text, target_type, target_verse_dn, target_location_dn, requirement, result, hidden, once, condition_group, conditional_targets, children) VALUES (1908, 818, 3, 'choice', 'Уйти.', 'end', NULL, NULL, NULL, 'Исследование окончено.', NULL, FALSE, NULL, NULL, NULL);
INSERT INTO verses (id, location_id, display_number) VALUES (819, 64, 10);
INSERT INTO options (id, verse_id, position, type, text, target_type, target_verse_dn, target_location_dn, requirement, result, hidden, once, condition_group, conditional_targets, children) VALUES (1909, 819, 0, 'condition', 'Если у вас нет части 1 достижения «Спутники».', 'cross_location', 447, 999, NULL, NULL, NULL, FALSE, NULL, NULL, NULL);
INSERT INTO options (id, verse_id, position, type, text, target_type, target_verse_dn, target_location_dn, requirement, result, hidden, once, condition_group, conditional_targets, children) VALUES (1910, 819, 1, 'choice', 'Продолжить.', 'end', NULL, NULL, NULL, 'Исследование окончено.', NULL, FALSE, NULL, NULL, NULL);

INSERT INTO locations (id, campaign_id, display_number, name) VALUES (65, 1, 219, 'Восстановленная водяная мельница');
INSERT INTO verses (id, location_id, display_number) VALUES (820, 65, 0);
INSERT INTO options (id, verse_id, position, type, text, target_type, target_verse_dn, target_location_dn, requirement, result, hidden, once, condition_group, conditional_targets, children) VALUES (1911, 820, 0, 'condition', 'Если вы играете за Элгана и у вас нет части 1 достижения «Личные дела».', 'cross_location', 254, 999, NULL, NULL, NULL, FALSE, NULL, NULL, NULL);
INSERT INTO options (id, verse_id, position, type, text, target_type, target_verse_dn, target_location_dn, requirement, result, hidden, once, condition_group, conditional_targets, children) VALUES (1912, 820, 1, 'choice', '2 @Energy@ Построить укрепления. Звери из Заплуталого леса вряд ли забредут так далеко, но мало ли какая ещё опасность появится?', 'verse', 2, NULL, 'Только если у вас нет части 7 достижения «Восстановление Лотиана». Потратьте маркеры с карты секрета 26 в количестве 1 за персонажа.', NULL, NULL, FALSE, NULL, NULL, NULL);
INSERT INTO options (id, verse_id, position, type, text, target_type, target_verse_dn, target_location_dn, requirement, result, hidden, once, condition_group, conditional_targets, children) VALUES (1913, 820, 2, 'choice', '2 @Energy@ Помочь на водяной мельнице.', 'end', NULL, NULL, NULL, 'Получите 1 золото.  Исследование окончено.', NULL, FALSE, NULL, NULL, NULL);
INSERT INTO options (id, verse_id, position, type, text, target_type, target_verse_dn, target_location_dn, requirement, result, hidden, once, condition_group, conditional_targets, children) VALUES (1914, 820, 3, 'choice', 'Уйти.', 'end', NULL, NULL, NULL, 'Исследование окончено.', NULL, FALSE, NULL, NULL, NULL);
INSERT INTO verses (id, location_id, display_number) VALUES (821, 65, 1);
INSERT INTO options (id, verse_id, position, type, text, target_type, target_verse_dn, target_location_dn, requirement, result, hidden, once, condition_group, conditional_targets, children) VALUES (1915, 821, 0, 'condition', 'Продолжить.', 'cross_location', 254, 999, NULL, NULL, NULL, FALSE, NULL, NULL, NULL);
INSERT INTO verses (id, location_id, display_number) VALUES (822, 65, 2);
INSERT INTO options (id, verse_id, position, type, text, target_type, target_verse_dn, target_location_dn, requirement, result, hidden, once, condition_group, conditional_targets, children) VALUES (1916, 822, 0, 'choice', 'Продолжить.', 'end', NULL, NULL, NULL, 'Исследование окончено.', NULL, FALSE, NULL, NULL, NULL);

INSERT INTO locations (id, campaign_id, display_number, name) VALUES (66, 1, 232, 'Праздник венков');
INSERT INTO verses (id, location_id, display_number) VALUES (823, 66, 0);
INSERT INTO options (id, verse_id, position, type, text, target_type, target_verse_dn, target_location_dn, requirement, result, hidden, once, condition_group, conditional_targets, children) VALUES (1917, 823, 0, 'choice', 'Продолжить.', 'cross_location', 801, 1001, NULL, 'Уберите все @DarkTT@ из этой локации.  Замените локацию 132-Б на 132 («Жеремье»).', NULL, FALSE, 'Если вы проходите главу 7А, часть 3.', NULL, NULL);
INSERT INTO options (id, verse_id, position, type, text, target_type, target_verse_dn, target_location_dn, requirement, result, hidden, once, condition_group, conditional_targets, children) VALUES (1918, 823, 1, 'condition', 'Если вы проходите главу 8—10.', 'end', NULL, NULL, NULL, 'Здесь больше нечего смотреть.  Исследование окончено.', NULL, FALSE, NULL, NULL, NULL);
INSERT INTO options (id, verse_id, position, type, text, target_type, target_verse_dn, target_location_dn, requirement, result, hidden, once, condition_group, conditional_targets, children) VALUES (1919, 823, 2, 'condition', 'Если у вас есть часть 5 достижения «Путь Венедии».', 'verse', 1, NULL, NULL, NULL, NULL, FALSE, NULL, NULL, NULL);
INSERT INTO options (id, verse_id, position, type, text, target_type, target_verse_dn, target_location_dn, requirement, result, hidden, once, condition_group, conditional_targets, children) VALUES (1920, 823, 3, 'choice', 'Принять участие в празднике.', 'cross_location', 474, 999, 'Нужны все персонажи.', NULL, NULL, FALSE, 'Если у вас есть часть 2 достижения «Путь Венедии».', NULL, NULL);
INSERT INTO options (id, verse_id, position, type, text, target_type, target_verse_dn, target_location_dn, requirement, result, hidden, once, condition_group, conditional_targets, children) VALUES (1921, 823, 4, 'choice', 'Уйти.', 'end', NULL, NULL, NULL, 'Исследование окончено.', NULL, FALSE, 'Если у вас есть часть 2 достижения «Путь Венедии».', NULL, NULL);
INSERT INTO options (id, verse_id, position, type, text, target_type, target_verse_dn, target_location_dn, requirement, result, hidden, once, condition_group, conditional_targets, children) VALUES (1922, 823, 5, 'choice', 'Зайти на постоялый двор.', 'verse', 9, NULL, 'Нужны все персонажи.', NULL, NULL, FALSE, 'В противном случае.', NULL, NULL);
INSERT INTO options (id, verse_id, position, type, text, target_type, target_verse_dn, target_location_dn, requirement, result, hidden, once, condition_group, conditional_targets, children) VALUES (1923, 823, 6, 'choice', 'Уйти.', 'end', NULL, NULL, NULL, 'Исследование окончено.', NULL, FALSE, 'В противном случае.', NULL, NULL);
INSERT INTO verses (id, location_id, display_number) VALUES (824, 66, 1);
INSERT INTO options (id, verse_id, position, type, text, target_type, target_verse_dn, target_location_dn, requirement, result, hidden, once, condition_group, conditional_targets, children) VALUES (1924, 824, 0, 'choice', '2 @Energy@ Выступить в Жеремье.', 'verse', 3, NULL, 'Нужен Осберт. Только если у вас нет части 3 достижения «Выступления».', NULL, NULL, FALSE, NULL, NULL, NULL);
INSERT INTO options (id, verse_id, position, type, text, target_type, target_verse_dn, target_location_dn, requirement, result, hidden, once, condition_group, conditional_targets, children) VALUES (1925, 824, 1, 'choice', '1 @Energy@ Искать свят-медовуху.', 'verse', 2, NULL, NULL, NULL, NULL, FALSE, NULL, NULL, NULL);
INSERT INTO options (id, verse_id, position, type, text, target_type, target_verse_dn, target_location_dn, requirement, result, hidden, once, condition_group, conditional_targets, children) VALUES (1926, 824, 2, 'choice', '1 @Energy@ Нанять резчиков.', 'verse', 4, NULL, 'Нужна часть 3 достижения «Случайные встречи».', NULL, NULL, FALSE, NULL, NULL, NULL);
INSERT INTO options (id, verse_id, position, type, text, target_type, target_verse_dn, target_location_dn, requirement, result, hidden, once, condition_group, conditional_targets, children) VALUES (1927, 824, 3, 'choice', '1 @Energy@ Убедить какого-нибудь незнакомца стать «сладостным святым».', 'end', NULL, NULL, 'Нужна часть 7 достижения «Дипломат».', NULL, NULL, FALSE, NULL, NULL, '[{"type": "condition", "text": "Если у вас есть часть 6 достижения «Бессердечность».", "target": {"verse": 5}}, {"type": "choice", "text": "Продолжить.", "target": "end", "result": "Поместите 2 @LightTT@ в локацию 129.  Получите часть 6 достижения «Бессердечность».  Исследование окончено."}]'::jsonb);
INSERT INTO options (id, verse_id, position, type, text, target_type, target_verse_dn, target_location_dn, requirement, result, hidden, once, condition_group, conditional_targets, children) VALUES (1928, 824, 4, 'choice', '1 @Energy@ Дать взятку, чтобы праздник закончился пораньше.', 'end', NULL, NULL, 'Потратьте 2 золота или 2 еды.', 'Уберите 1 @DarkTT@ из этой локации.  Исследование окончено.', NULL, FALSE, NULL, NULL, NULL);
INSERT INTO options (id, verse_id, position, type, text, target_type, target_verse_dn, target_location_dn, requirement, result, hidden, once, condition_group, conditional_targets, children) VALUES (1929, 824, 5, 'choice', '1 @Energy@ Пожертвовать ресурсы, чтобы праздник продлился подольше.', 'end', NULL, NULL, 'Потратьте 3 золота или 2 еды.', 'Поместите 1 @DarkTT@ в эту локацию.  Исследование окончено.', NULL, FALSE, NULL, NULL, NULL);
INSERT INTO options (id, verse_id, position, type, text, target_type, target_verse_dn, target_location_dn, requirement, result, hidden, once, condition_group, conditional_targets, children) VALUES (1930, 824, 6, 'choice', 'Посетить Валеску, защитницу очагов Жеремья.', 'verse', 6, NULL, NULL, NULL, NULL, FALSE, NULL, NULL, NULL);
INSERT INTO options (id, verse_id, position, type, text, target_type, target_verse_dn, target_location_dn, requirement, result, hidden, once, condition_group, conditional_targets, children) VALUES (1931, 824, 7, 'choice', 'Расспросить о стране Венедии.', 'verse', 8, NULL, NULL, NULL, NULL, FALSE, NULL, NULL, NULL);
INSERT INTO options (id, verse_id, position, type, text, target_type, target_verse_dn, target_location_dn, requirement, result, hidden, once, condition_group, conditional_targets, children) VALUES (1932, 824, 8, 'choice', 'Расспросить о янтарной царице Венеде.', 'verse', 7, NULL, 'Только если у вас нет части 10 достижения «Путь Венедии».', NULL, NULL, FALSE, NULL, NULL, NULL);
INSERT INTO options (id, verse_id, position, type, text, target_type, target_verse_dn, target_location_dn, requirement, result, hidden, once, condition_group, conditional_targets, children) VALUES (1933, 824, 9, 'choice', 'Уйти.', 'end', NULL, NULL, NULL, 'Исследование окончено.', NULL, FALSE, NULL, NULL, NULL);
INSERT INTO verses (id, location_id, display_number) VALUES (825, 66, 2);
INSERT INTO options (id, verse_id, position, type, text, target_type, target_verse_dn, target_location_dn, requirement, result, hidden, once, condition_group, conditional_targets, children) VALUES (1934, 825, 0, 'choice', 'Заплатить ему, сколько просит. Он быстро спрятал своё новообретённое богатство и протянул вам глиняный пузырёк, в котором плескалась какая-то жидкость.', 'end', NULL, NULL, 'Потратьте в общей сложности 10 магии и/или золота за персонажа.', 'Получите часть 3 достижения «Путь Венедии».  Исследование окончено.', NULL, FALSE, NULL, NULL, NULL);
INSERT INTO options (id, verse_id, position, type, text, target_type, target_verse_dn, target_location_dn, requirement, result, hidden, once, condition_group, conditional_targets, children) VALUES (1935, 825, 1, 'choice', 'Уйти.', 'end', NULL, NULL, NULL, 'Исследование окончено.', NULL, FALSE, NULL, NULL, NULL);
INSERT INTO verses (id, location_id, display_number) VALUES (826, 66, 3);
INSERT INTO options (id, verse_id, position, type, text, target_type, target_verse_dn, target_location_dn, requirement, result, hidden, once, condition_group, conditional_targets, children) VALUES (1936, 826, 0, 'condition', 'Продолжить.', 'cross_location', 683, 1001, NULL, NULL, NULL, FALSE, NULL, NULL, NULL);
INSERT INTO verses (id, location_id, display_number) VALUES (827, 66, 4);
INSERT INTO options (id, verse_id, position, type, text, target_type, target_verse_dn, target_location_dn, requirement, result, hidden, once, condition_group, conditional_targets, children) VALUES (1937, 827, 0, 'condition', 'Нажмите сюда, если хотите увидеть подсказку.', 'verse', 4, NULL, NULL, 'Попробуйте вернуться сюда, когда гулянья окончатся. Или сделайте так, чтобы они окончились поскорее.', NULL, FALSE, NULL, NULL, NULL);
INSERT INTO options (id, verse_id, position, type, text, target_type, target_verse_dn, target_location_dn, requirement, result, hidden, once, condition_group, conditional_targets, children) VALUES (1938, 827, 1, 'choice', 'Продолжить.', 'end', NULL, NULL, NULL, 'Исследование окончено.', NULL, FALSE, NULL, NULL, NULL);
INSERT INTO verses (id, location_id, display_number) VALUES (828, 66, 5);
INSERT INTO options (id, verse_id, position, type, text, target_type, target_verse_dn, target_location_dn, requirement, result, hidden, once, condition_group, conditional_targets, children) VALUES (1939, 828, 0, 'choice', 'Продолжить.', 'end', NULL, NULL, NULL, 'Исследование окончено.', NULL, FALSE, NULL, NULL, NULL);
INSERT INTO verses (id, location_id, display_number) VALUES (829, 66, 6);
INSERT INTO options (id, verse_id, position, type, text, target_type, target_verse_dn, target_location_dn, requirement, result, hidden, once, condition_group, conditional_targets, children) VALUES (1940, 829, 0, 'condition', 'Продолжить.', 'cross_location', 654, 1001, NULL, NULL, NULL, FALSE, NULL, NULL, NULL);
INSERT INTO verses (id, location_id, display_number) VALUES (830, 66, 7);
INSERT INTO options (id, verse_id, position, type, text, target_type, target_verse_dn, target_location_dn, requirement, result, hidden, once, condition_group, conditional_targets, children) VALUES (1941, 830, 0, 'choice', 'Продолжить.', 'end', NULL, NULL, NULL, 'Исследование окончено.', NULL, FALSE, NULL, NULL, NULL);
INSERT INTO verses (id, location_id, display_number) VALUES (831, 66, 8);
INSERT INTO options (id, verse_id, position, type, text, target_type, target_verse_dn, target_location_dn, requirement, result, hidden, once, condition_group, conditional_targets, children) VALUES (1942, 831, 0, 'choice', 'Продолжить.', 'end', NULL, NULL, NULL, 'Исследование окончено.', NULL, FALSE, NULL, NULL, NULL);
INSERT INTO verses (id, location_id, display_number) VALUES (832, 66, 9);
INSERT INTO options (id, verse_id, position, type, text, target_type, target_verse_dn, target_location_dn, requirement, result, hidden, once, condition_group, conditional_targets, children) VALUES (1943, 832, 0, 'condition', 'Продолжить.', 'cross_location', 458, 999, NULL, NULL, NULL, FALSE, NULL, NULL, NULL);

INSERT INTO locations (id, campaign_id, display_number, name) VALUES (67, 1, 241, 'Тихое Сердце чащ');
INSERT INTO verses (id, location_id, display_number) VALUES (833, 67, 0);
INSERT INTO options (id, verse_id, position, type, text, target_type, target_verse_dn, target_location_dn, requirement, result, hidden, once, condition_group, conditional_targets, children) VALUES (1944, 833, 0, 'condition', 'Если у вас есть часть 3 достижения «Тлеющие угольки».', 'verse', 15, NULL, NULL, NULL, NULL, FALSE, NULL, NULL, NULL);
INSERT INTO options (id, verse_id, position, type, text, target_type, target_verse_dn, target_location_dn, requirement, result, hidden, once, condition_group, conditional_targets, children) VALUES (1945, 833, 1, 'choice', '2 @Energy@ Добыть еду в Сердце чащ.', 'verse', 6, NULL, NULL, NULL, NULL, FALSE, NULL, NULL, NULL);
INSERT INTO options (id, verse_id, position, type, text, target_type, target_verse_dn, target_location_dn, requirement, result, hidden, once, condition_group, conditional_targets, children) VALUES (1946, 833, 2, 'choice', '1 @Energy@ Разыскать янтарное отродье.', 'verse', 13, NULL, 'Нужны части 8 и 9 достижения «Путь Венедии».', NULL, NULL, FALSE, NULL, NULL, NULL);
INSERT INTO options (id, verse_id, position, type, text, target_type, target_verse_dn, target_location_dn, requirement, result, hidden, once, condition_group, conditional_targets, children) VALUES (1947, 833, 3, 'choice', '1 @Energy@ Навестить древомудров. Интересно, почему они повздорили с янтарной царицей…', 'verse', 3, NULL, NULL, NULL, NULL, FALSE, NULL, NULL, NULL);
INSERT INTO options (id, verse_id, position, type, text, target_type, target_verse_dn, target_location_dn, requirement, result, hidden, once, condition_group, conditional_targets, children) VALUES (1948, 833, 4, 'choice', 'Поговорить со жрецом чащ. Он что-то рассказывал о том, как избавить вас от последствий искаженья.', 'verse', 2, NULL, NULL, NULL, NULL, FALSE, NULL, NULL, NULL);
INSERT INTO options (id, verse_id, position, type, text, target_type, target_verse_dn, target_location_dn, requirement, result, hidden, once, condition_group, conditional_targets, children) VALUES (1949, 833, 5, 'choice', 'Уйти.', 'end', NULL, NULL, NULL, 'Исследование окончено.', NULL, FALSE, NULL, NULL, NULL);
INSERT INTO verses (id, location_id, display_number) VALUES (834, 67, 1);
INSERT INTO options (id, verse_id, position, type, text, target_type, target_verse_dn, target_location_dn, requirement, result, hidden, once, condition_group, conditional_targets, children) VALUES (1950, 834, 0, 'condition', 'Если у вас есть часть 8 достижения «Дипломат».', 'end', NULL, NULL, NULL, 'У древомудров закончились загадки для вас.  Исследование окончено.', NULL, FALSE, NULL, NULL, NULL);
INSERT INTO options (id, verse_id, position, type, text, target_type, target_verse_dn, target_location_dn, requirement, result, hidden, once, condition_group, conditional_targets, children) VALUES (1951, 834, 1, 'choice', 'Согласиться. Вы умели решать загадки и были не прочь побиться об заклад.', 'verse', 12, NULL, NULL, NULL, NULL, FALSE, NULL, NULL, NULL);
INSERT INTO options (id, verse_id, position, type, text, target_type, target_verse_dn, target_location_dn, requirement, result, hidden, once, condition_group, conditional_targets, children) VALUES (1952, 834, 2, 'choice', 'Отказаться. Древомудры, по рассказам, необычайно хитроумны. Наверное, не стоит в это ввязываться.', 'end', NULL, NULL, NULL, 'Исследование окончено.', NULL, FALSE, NULL, NULL, NULL);
INSERT INTO verses (id, location_id, display_number) VALUES (835, 67, 2);
INSERT INTO options (id, verse_id, position, type, text, target_type, target_verse_dn, target_location_dn, requirement, result, hidden, once, condition_group, conditional_targets, children) VALUES (1953, 835, 0, 'choice', 'Попросить его рассказать, что поможет вам избавиться от искажённой формы.', 'verse', 4, NULL, NULL, NULL, NULL, FALSE, NULL, NULL, NULL);
INSERT INTO options (id, verse_id, position, type, text, target_type, target_verse_dn, target_location_dn, requirement, result, hidden, once, condition_group, conditional_targets, children) VALUES (1954, 835, 1, 'choice', 'Спросить его, можно ли добывать еду в Сердце чащ.', 'verse', 11, NULL, NULL, NULL, NULL, FALSE, NULL, NULL, NULL);
INSERT INTO options (id, verse_id, position, type, text, target_type, target_verse_dn, target_location_dn, requirement, result, hidden, once, condition_group, conditional_targets, children) VALUES (1955, 835, 2, 'choice', 'Уйти.', 'end', NULL, NULL, NULL, 'Исследование окончено.', NULL, FALSE, NULL, NULL, NULL);
INSERT INTO verses (id, location_id, display_number) VALUES (836, 67, 3);
INSERT INTO options (id, verse_id, position, type, text, target_type, target_verse_dn, target_location_dn, requirement, result, hidden, once, condition_group, conditional_targets, children) VALUES (1956, 836, 0, 'choice', '1 @Energy@ Поиграть с древомудрами в загадки.', 'verse', 1, NULL, NULL, NULL, NULL, FALSE, NULL, NULL, NULL);
INSERT INTO options (id, verse_id, position, type, text, target_type, target_verse_dn, target_location_dn, requirement, result, hidden, once, condition_group, conditional_targets, children) VALUES (1957, 836, 1, 'choice', '1 @Energy@ Поучаствовать в беседе древомудров. Их глубоко философскую беседу смертному сложно понять, не то что поддержать.', 'verse', 10, NULL, 'Нужно хотя бы 4 очка @Spirituality@.', NULL, NULL, FALSE, NULL, NULL, NULL);
INSERT INTO options (id, verse_id, position, type, text, target_type, target_verse_dn, target_location_dn, requirement, result, hidden, once, condition_group, conditional_targets, children) VALUES (1958, 836, 2, 'choice', 'Спросить древомудров, почему Венеда изуродовала их лики.', 'verse', 5, NULL, NULL, NULL, NULL, FALSE, NULL, NULL, NULL);
INSERT INTO options (id, verse_id, position, type, text, target_type, target_verse_dn, target_location_dn, requirement, result, hidden, once, condition_group, conditional_targets, children) VALUES (1959, 836, 3, 'choice', 'Спросить их о вашей куколке.', 'verse', 14, NULL, 'Нужна карта секрета 7 или 31.', NULL, NULL, FALSE, NULL, NULL, NULL);
INSERT INTO options (id, verse_id, position, type, text, target_type, target_verse_dn, target_location_dn, requirement, result, hidden, once, condition_group, conditional_targets, children) VALUES (1960, 836, 4, 'choice', 'Уйти.', 'end', NULL, NULL, NULL, 'Исследование окончено.', NULL, FALSE, NULL, NULL, NULL);
INSERT INTO verses (id, location_id, display_number) VALUES (837, 67, 4);
INSERT INTO options (id, verse_id, position, type, text, target_type, target_verse_dn, target_location_dn, requirement, result, hidden, once, condition_group, conditional_targets, children) VALUES (1961, 837, 0, 'condition', 'Продолжить.', 'cross_location', 331, 999, NULL, NULL, NULL, FALSE, NULL, NULL, NULL);
INSERT INTO verses (id, location_id, display_number) VALUES (838, 67, 5);
INSERT INTO options (id, verse_id, position, type, text, target_type, target_verse_dn, target_location_dn, requirement, result, hidden, once, condition_group, conditional_targets, children) VALUES (1962, 838, 0, 'condition', 'Если у вас есть часть 8 или 9 достижения «Дипломат».', 'verse', 7, NULL, NULL, NULL, NULL, FALSE, NULL, NULL, NULL);
INSERT INTO options (id, verse_id, position, type, text, target_type, target_verse_dn, target_location_dn, requirement, result, hidden, once, condition_group, conditional_targets, children) VALUES (1963, 838, 1, 'choice', 'Продолжить.', 'end', NULL, NULL, NULL, 'Каждый член команды получает 1 @Terror@ и теряет 1 @Health@.  Исследование окончено.', NULL, FALSE, NULL, NULL, NULL);
INSERT INTO verses (id, location_id, display_number) VALUES (839, 67, 6);
INSERT INTO options (id, verse_id, position, type, text, target_type, target_verse_dn, target_location_dn, requirement, result, hidden, once, condition_group, conditional_targets, children) VALUES (1964, 839, 0, 'condition', 'Если в этой локации есть @LightTT@.', 'verse', 8, NULL, NULL, NULL, NULL, FALSE, NULL, NULL, NULL);
INSERT INTO options (id, verse_id, position, type, text, target_type, target_verse_dn, target_location_dn, requirement, result, hidden, once, condition_group, conditional_targets, children) VALUES (1965, 839, 1, 'condition', 'Если итоговый результат 8 или больше.', 'verse', 8, NULL, NULL, NULL, NULL, FALSE, 'В противном случае.', NULL, NULL);
INSERT INTO options (id, verse_id, position, type, text, target_type, target_verse_dn, target_location_dn, requirement, result, hidden, once, condition_group, conditional_targets, children) VALUES (1966, 839, 2, 'condition', 'В противном случае.', 'verse', 9, NULL, NULL, NULL, NULL, FALSE, 'В противном случае.', NULL, NULL);
INSERT INTO verses (id, location_id, display_number) VALUES (840, 67, 7);
INSERT INTO options (id, verse_id, position, type, text, target_type, target_verse_dn, target_location_dn, requirement, result, hidden, once, condition_group, conditional_targets, children) VALUES (1967, 840, 0, 'condition', 'Продолжить.', 'cross_location', 891, 1001, NULL, NULL, NULL, FALSE, NULL, NULL, NULL);
INSERT INTO verses (id, location_id, display_number) VALUES (841, 67, 8);
INSERT INTO options (id, verse_id, position, type, text, target_type, target_verse_dn, target_location_dn, requirement, result, hidden, once, condition_group, conditional_targets, children) VALUES (1968, 841, 0, 'choice', 'Продолжить.', 'end', NULL, NULL, NULL, 'Исследование окончено.', NULL, FALSE, NULL, NULL, NULL);
INSERT INTO verses (id, location_id, display_number) VALUES (842, 67, 9);
INSERT INTO options (id, verse_id, position, type, text, target_type, target_verse_dn, target_location_dn, requirement, result, hidden, once, condition_group, conditional_targets, children) VALUES (1969, 842, 0, 'choice', 'Продолжить.', 'end', NULL, NULL, NULL, 'Получите столько еды, сколько у вас очков @Practicality@.   Поместите 2 @LightTT@ в эту локацию.   Исследование окончено.', NULL, FALSE, NULL, NULL, NULL);
INSERT INTO verses (id, location_id, display_number) VALUES (843, 67, 10);
INSERT INTO options (id, verse_id, position, type, text, target_type, target_verse_dn, target_location_dn, requirement, result, hidden, once, condition_group, conditional_targets, children) VALUES (1970, 843, 0, 'choice', 'Продолжить.', 'end', NULL, NULL, NULL, 'Получите часть 9 достижения «Дипломат».  Исследование окончено.', NULL, FALSE, NULL, NULL, NULL);
INSERT INTO verses (id, location_id, display_number) VALUES (844, 67, 11);
INSERT INTO options (id, verse_id, position, type, text, target_type, target_verse_dn, target_location_dn, requirement, result, hidden, once, condition_group, conditional_targets, children) VALUES (1971, 844, 0, 'choice', '2 @Energy@ Добыть еду в Сердце чащ.', 'verse', 6, NULL, NULL, NULL, NULL, FALSE, NULL, NULL, NULL);
INSERT INTO options (id, verse_id, position, type, text, target_type, target_verse_dn, target_location_dn, requirement, result, hidden, once, condition_group, conditional_targets, children) VALUES (1972, 844, 1, 'choice', 'Попросить его рассказать, что поможет вам избавиться от искажённой формы.', 'verse', 4, NULL, NULL, NULL, NULL, FALSE, NULL, NULL, NULL);
INSERT INTO options (id, verse_id, position, type, text, target_type, target_verse_dn, target_location_dn, requirement, result, hidden, once, condition_group, conditional_targets, children) VALUES (1973, 844, 2, 'choice', 'Уйти.', 'end', NULL, NULL, NULL, 'Исследование окончено.', NULL, FALSE, NULL, NULL, NULL);
INSERT INTO verses (id, location_id, display_number) VALUES (845, 67, 12);
INSERT INTO options (id, verse_id, position, type, text, target_type, target_verse_dn, target_location_dn, requirement, result, hidden, once, condition_group, conditional_targets, children) VALUES (1974, 845, 0, 'condition', 'Продолжить.', 'cross_location', 882, 1001, NULL, NULL, NULL, FALSE, NULL, NULL, NULL);
INSERT INTO verses (id, location_id, display_number) VALUES (846, 67, 13);
INSERT INTO options (id, verse_id, position, type, text, target_type, target_verse_dn, target_location_dn, requirement, result, hidden, once, condition_group, conditional_targets, children) VALUES (1975, 846, 0, 'condition', 'Продолжить.', 'cross_location', 553, 999, NULL, NULL, NULL, FALSE, NULL, NULL, NULL);
INSERT INTO verses (id, location_id, display_number) VALUES (847, 67, 14);
INSERT INTO options (id, verse_id, position, type, text, target_type, target_verse_dn, target_location_dn, requirement, result, hidden, once, condition_group, conditional_targets, children) VALUES (1976, 847, 0, 'choice', 'Продолжить.', 'end', NULL, NULL, NULL, 'Если у вас нет части 9 достижения «Смутная догадка», получите 3 магии и часть 9 достижения «Смутная догадка».  Исследование окончено.', NULL, FALSE, NULL, NULL, NULL);
INSERT INTO verses (id, location_id, display_number) VALUES (848, 67, 15);
INSERT INTO options (id, verse_id, position, type, text, target_type, target_verse_dn, target_location_dn, requirement, result, hidden, once, condition_group, conditional_targets, children) VALUES (1977, 848, 0, 'condition', 'Если у вас нет части 4 достижения «Тлеющие угольки».', 'cross_location', 1010, 1001, NULL, NULL, NULL, FALSE, NULL, NULL, NULL);
INSERT INTO options (id, verse_id, position, type, text, target_type, target_verse_dn, target_location_dn, requirement, result, hidden, once, condition_group, conditional_targets, children) VALUES (1978, 848, 1, 'choice', 'Посетить Орлофа.', 'verse', 16, NULL, 'Нужна часть 3 достижения «Путь Венедии».', NULL, NULL, FALSE, NULL, NULL, NULL);
INSERT INTO options (id, verse_id, position, type, text, target_type, target_verse_dn, target_location_dn, requirement, result, hidden, once, condition_group, conditional_targets, children) VALUES (1979, 848, 2, 'choice', 'Уйти.', 'end', NULL, NULL, NULL, 'Исследование окончено.', NULL, FALSE, NULL, NULL, NULL);
INSERT INTO verses (id, location_id, display_number) VALUES (849, 67, 16);
INSERT INTO options (id, verse_id, position, type, text, target_type, target_verse_dn, target_location_dn, requirement, result, hidden, once, condition_group, conditional_targets, children) VALUES (1980, 849, 0, 'condition', 'Если у вас есть часть 5 достижения «Тлеющие угольки».', 'verse', 17, NULL, NULL, NULL, NULL, FALSE, NULL, NULL, NULL);
INSERT INTO options (id, verse_id, position, type, text, target_type, target_verse_dn, target_location_dn, requirement, result, hidden, once, condition_group, conditional_targets, children) VALUES (1981, 849, 1, 'choice', 'Продолжить.', 'verse', 17, NULL, NULL, NULL, NULL, FALSE, NULL, NULL, NULL);
INSERT INTO verses (id, location_id, display_number) VALUES (850, 67, 17);
INSERT INTO options (id, verse_id, position, type, text, target_type, target_verse_dn, target_location_dn, requirement, result, hidden, once, condition_group, conditional_targets, children) VALUES (1982, 850, 0, 'choice', 'Спросить Орлофа, известно ли ему что-нибудь о слабостях Венеды.', 'verse', 18, NULL, NULL, NULL, NULL, FALSE, NULL, NULL, NULL);
INSERT INTO options (id, verse_id, position, type, text, target_type, target_verse_dn, target_location_dn, requirement, result, hidden, once, condition_group, conditional_targets, children) VALUES (1983, 850, 1, 'choice', 'Спросить древомудра, почему Венеда изуродовала их лики.', 'verse', 7, NULL, NULL, NULL, NULL, FALSE, NULL, NULL, NULL);
INSERT INTO options (id, verse_id, position, type, text, target_type, target_verse_dn, target_location_dn, requirement, result, hidden, once, condition_group, conditional_targets, children) VALUES (1984, 850, 2, 'choice', 'Спросить Орлофа о Железной дружине.', 'verse', 19, NULL, 'Нужна Гердвин.', NULL, NULL, FALSE, NULL, NULL, NULL);
INSERT INTO options (id, verse_id, position, type, text, target_type, target_verse_dn, target_location_dn, requirement, result, hidden, once, condition_group, conditional_targets, children) VALUES (1985, 850, 3, 'choice', 'Спросить Орлофа о вашей грамоте.', 'verse', 20, NULL, 'Нужен Осберт.', NULL, NULL, FALSE, NULL, NULL, NULL);
INSERT INTO options (id, verse_id, position, type, text, target_type, target_verse_dn, target_location_dn, requirement, result, hidden, once, condition_group, conditional_targets, children) VALUES (1986, 850, 4, 'choice', 'Спросить древомудра о вашей куколке.', 'verse', 14, NULL, 'Нужна карта секрета 7 или 31.', NULL, NULL, FALSE, NULL, NULL, NULL);
INSERT INTO options (id, verse_id, position, type, text, target_type, target_verse_dn, target_location_dn, requirement, result, hidden, once, condition_group, conditional_targets, children) VALUES (1987, 850, 5, 'choice', 'Уйти.', 'end', NULL, NULL, NULL, 'Исследование окончено.', NULL, FALSE, NULL, NULL, NULL);
INSERT INTO verses (id, location_id, display_number) VALUES (851, 67, 18);
INSERT INTO options (id, verse_id, position, type, text, target_type, target_verse_dn, target_location_dn, requirement, result, hidden, once, condition_group, conditional_targets, children) VALUES (1988, 851, 0, 'choice', 'Продолжить.', 'verse', 17, NULL, NULL, NULL, NULL, FALSE, NULL, NULL, NULL);
INSERT INTO verses (id, location_id, display_number) VALUES (852, 67, 19);
INSERT INTO options (id, verse_id, position, type, text, target_type, target_verse_dn, target_location_dn, requirement, result, hidden, once, condition_group, conditional_targets, children) VALUES (1989, 852, 0, 'choice', 'Продолжить.', 'verse', 17, NULL, NULL, NULL, NULL, FALSE, NULL, NULL, NULL);
INSERT INTO verses (id, location_id, display_number) VALUES (853, 67, 20);
INSERT INTO options (id, verse_id, position, type, text, target_type, target_verse_dn, target_location_dn, requirement, result, hidden, once, condition_group, conditional_targets, children) VALUES (1990, 853, 0, 'choice', 'Продолжить.', 'verse', 17, NULL, NULL, NULL, NULL, FALSE, NULL, NULL, NULL);

INSERT INTO locations (id, campaign_id, display_number, name) VALUES (68, 1, 252, 'Разгромленные виллы');
INSERT INTO verses (id, location_id, display_number) VALUES (854, 68, 0);
INSERT INTO options (id, verse_id, position, type, text, target_type, target_verse_dn, target_location_dn, requirement, result, hidden, once, condition_group, conditional_targets, children) VALUES (1991, 854, 0, 'choice', '1 @Energy@ Осмотреть развалины.', 'verse', 1, NULL, NULL, NULL, NULL, FALSE, NULL, NULL, NULL);
INSERT INTO options (id, verse_id, position, type, text, target_type, target_verse_dn, target_location_dn, requirement, result, hidden, once, condition_group, conditional_targets, children) VALUES (1992, 854, 1, 'choice', '1 @Energy@ Подойти к уцелевшему зданию.', 'verse', 4, NULL, NULL, NULL, NULL, FALSE, NULL, NULL, NULL);
INSERT INTO options (id, verse_id, position, type, text, target_type, target_verse_dn, target_location_dn, requirement, result, hidden, once, condition_group, conditional_targets, children) VALUES (1993, 854, 2, 'choice', '1 @Energy@ Осмотреть лес.', 'verse', 3, NULL, NULL, NULL, NULL, FALSE, NULL, NULL, NULL);
INSERT INTO options (id, verse_id, position, type, text, target_type, target_verse_dn, target_location_dn, requirement, result, hidden, once, condition_group, conditional_targets, children) VALUES (1994, 854, 3, 'choice', 'Отдохнуть в развалинах вилл.', 'end', NULL, NULL, 'Потратьте 3 @Energy@ за члена команды.', 'Каждый член команды получает 2 @Health@ и теряет 1 @Terror@.  Исследование окончено.', NULL, FALSE, NULL, NULL, NULL);
INSERT INTO options (id, verse_id, position, type, text, target_type, target_verse_dn, target_location_dn, requirement, result, hidden, once, condition_group, conditional_targets, children) VALUES (1995, 854, 4, 'choice', 'Уйти.', 'end', NULL, NULL, NULL, 'Исследование окончено.', NULL, FALSE, NULL, NULL, NULL);
INSERT INTO verses (id, location_id, display_number) VALUES (855, 68, 1);
INSERT INTO options (id, verse_id, position, type, text, target_type, target_verse_dn, target_location_dn, requirement, result, hidden, once, condition_group, conditional_targets, children) VALUES (1996, 855, 0, 'condition', 'Если у вас есть часть 2 достижения «Грехи владыки» и нет части 4 достижения «Грехи владыки».', 'cross_location', 146, 999, NULL, NULL, NULL, FALSE, NULL, NULL, NULL);
INSERT INTO options (id, verse_id, position, type, text, target_type, target_verse_dn, target_location_dn, requirement, result, hidden, once, condition_group, conditional_targets, children) VALUES (1997, 855, 1, 'choice', 'Продолжить.', 'end', NULL, NULL, NULL, 'Каждый член команды может получить 1 @Terror@, чтобы получить 1 еду.  Исследование окончено.', NULL, FALSE, NULL, NULL, NULL);
INSERT INTO verses (id, location_id, display_number) VALUES (856, 68, 2);
INSERT INTO options (id, verse_id, position, type, text, target_type, target_verse_dn, target_location_dn, requirement, result, hidden, once, condition_group, conditional_targets, children) VALUES (1998, 856, 0, 'condition', 'Если у вас есть синий светофильтр.', 'verse', 2, NULL, NULL, 'А рядом было ещё одно дупло…  Получите 1 еду.', NULL, FALSE, NULL, NULL, NULL);
INSERT INTO options (id, verse_id, position, type, text, target_type, target_verse_dn, target_location_dn, requirement, result, hidden, once, condition_group, conditional_targets, children) VALUES (1999, 856, 1, 'choice', 'Продолжить.', 'end', NULL, NULL, NULL, 'Если у вас нет части 10 достижения «Добытчик», получите 5 еды и часть 10 достижения «Добытчик».  Исследование окончено.', NULL, FALSE, NULL, NULL, NULL);
INSERT INTO verses (id, location_id, display_number) VALUES (857, 68, 3);
INSERT INTO options (id, verse_id, position, type, text, target_type, target_verse_dn, target_location_dn, requirement, result, hidden, once, condition_group, conditional_targets, children) VALUES (2000, 857, 0, 'choice', '1—5.', 'end', NULL, NULL, NULL, 'На вас вышел бродячий зверь…   Возьмите зелёную карту боевой встречи и проведите её. Вне зависимости от её итога исследование окончено.', NULL, FALSE, NULL, NULL, NULL);
INSERT INTO options (id, verse_id, position, type, text, target_type, target_verse_dn, target_location_dn, requirement, result, hidden, once, condition_group, conditional_targets, children) VALUES (2001, 857, 1, 'choice', '6—8.', 'verse', 2, NULL, NULL, NULL, NULL, FALSE, NULL, NULL, NULL);
INSERT INTO options (id, verse_id, position, type, text, target_type, target_verse_dn, target_location_dn, requirement, result, hidden, once, condition_group, conditional_targets, children) VALUES (2002, 857, 2, 'choice', '≥9.', 'cross_location', 637, 1001, NULL, NULL, NULL, FALSE, NULL, NULL, NULL);
INSERT INTO verses (id, location_id, display_number) VALUES (858, 68, 4);
INSERT INTO options (id, verse_id, position, type, text, target_type, target_verse_dn, target_location_dn, requirement, result, hidden, once, condition_group, conditional_targets, children) VALUES (2003, 858, 0, 'choice', '2 @Energy@ Тщательно осмотреть дом.', 'verse', 5, NULL, NULL, NULL, NULL, FALSE, NULL, NULL, NULL);
INSERT INTO options (id, verse_id, position, type, text, target_type, target_verse_dn, target_location_dn, requirement, result, hidden, once, condition_group, conditional_targets, children) VALUES (2004, 858, 1, 'choice', 'Посетить комнаты рабов.', 'verse', 6, NULL, 'Нужна часть 7 достижения «Смутная догадка».', NULL, NULL, FALSE, NULL, NULL, NULL);
INSERT INTO options (id, verse_id, position, type, text, target_type, target_verse_dn, target_location_dn, requirement, result, hidden, once, condition_group, conditional_targets, children) VALUES (2005, 858, 2, 'choice', 'Уйти.', 'end', NULL, NULL, NULL, 'Исследование окончено.', NULL, FALSE, NULL, NULL, NULL);
INSERT INTO verses (id, location_id, display_number) VALUES (859, 68, 5);
INSERT INTO options (id, verse_id, position, type, text, target_type, target_verse_dn, target_location_dn, requirement, result, hidden, once, condition_group, conditional_targets, children) VALUES (2006, 859, 0, 'condition', 'Если у вас нет части 5 достижения «Грехи владыки».', 'cross_location', 56, 999, NULL, NULL, NULL, FALSE, NULL, NULL, NULL);
INSERT INTO options (id, verse_id, position, type, text, target_type, target_verse_dn, target_location_dn, requirement, result, hidden, once, condition_group, conditional_targets, children) VALUES (2007, 859, 1, 'choice', 'Осмотреть искажённую сталь.', 'verse', 7, NULL, NULL, NULL, NULL, FALSE, NULL, NULL, NULL);
INSERT INTO options (id, verse_id, position, type, text, target_type, target_verse_dn, target_location_dn, requirement, result, hidden, once, condition_group, conditional_targets, children) VALUES (2008, 859, 2, 'choice', 'Уйти.', 'end', NULL, NULL, NULL, 'Исследование окончено.', NULL, FALSE, NULL, NULL, NULL);
INSERT INTO verses (id, location_id, display_number) VALUES (860, 68, 6);
INSERT INTO options (id, verse_id, position, type, text, target_type, target_verse_dn, target_location_dn, requirement, result, hidden, once, condition_group, conditional_targets, children) VALUES (2009, 860, 0, 'condition', 'Если у какого-либо персонажа есть карта секрета18.', 'verse', 4, NULL, NULL, 'Здесь больше ничего не удастся найти.', NULL, FALSE, NULL, NULL, NULL);
INSERT INTO options (id, verse_id, position, type, text, target_type, target_verse_dn, target_location_dn, requirement, result, hidden, once, condition_group, conditional_targets, children) VALUES (2010, 860, 1, 'choice', 'Продолжить.', 'end', NULL, NULL, NULL, 'Получите карту секрета 18.  Исследование окончено.', NULL, FALSE, NULL, NULL, NULL);
INSERT INTO verses (id, location_id, display_number) VALUES (861, 68, 7);
INSERT INTO options (id, verse_id, position, type, text, target_type, target_verse_dn, target_location_dn, requirement, result, hidden, once, condition_group, conditional_targets, children) VALUES (2011, 861, 0, 'choice', 'Продолжить.', 'end', NULL, NULL, NULL, 'Каждый член команды получает 3 @Terror@ (−1 за каждое очко своей @Spirituality@).   Получите 1 магию.  Исследование окончено.', NULL, FALSE, NULL, NULL, NULL);

INSERT INTO locations (id, campaign_id, display_number, name) VALUES (69, 1, 254, 'Обгорелые развалины');
INSERT INTO verses (id, location_id, display_number) VALUES (862, 69, 0);
INSERT INTO options (id, verse_id, position, type, text, target_type, target_verse_dn, target_location_dn, requirement, result, hidden, once, condition_group, conditional_targets, children) VALUES (2012, 862, 0, 'condition', 'Если вы проходите главу 9A и у вас нет части 7 достижения «Засуха».', 'cross_location', 1042, 1001, NULL, NULL, NULL, FALSE, NULL, NULL, NULL);
INSERT INTO options (id, verse_id, position, type, text, target_type, target_verse_dn, target_location_dn, requirement, result, hidden, once, condition_group, conditional_targets, children) VALUES (2013, 862, 1, 'choice', 'Осмотреть разрушенные латифундии.', 'cross_location', 275, 999, NULL, NULL, NULL, FALSE, NULL, NULL, NULL);
INSERT INTO options (id, verse_id, position, type, text, target_type, target_verse_dn, target_location_dn, requirement, result, hidden, once, condition_group, conditional_targets, children) VALUES (2014, 862, 2, 'choice', 'Уйти.', 'end', NULL, NULL, NULL, 'Исследование окончено.', NULL, FALSE, NULL, NULL, NULL);

INSERT INTO locations (id, campaign_id, display_number, name) VALUES (70, 1, 255, 'После войны');
INSERT INTO verses (id, location_id, display_number) VALUES (863, 70, 0);
INSERT INTO options (id, verse_id, position, type, text, target_type, target_verse_dn, target_location_dn, requirement, result, hidden, once, condition_group, conditional_targets, children) VALUES (2015, 863, 0, 'condition', 'Если у вас нет части 2 достижения «Празднество».', 'cross_location', 742, 1001, NULL, NULL, NULL, FALSE, NULL, NULL, NULL);
INSERT INTO options (id, verse_id, position, type, text, target_type, target_verse_dn, target_location_dn, requirement, result, hidden, once, condition_group, conditional_targets, children) VALUES (2016, 863, 1, 'choice', '1 @Energy@ Посетить торговый район.', 'cross_location', 639, 1001, NULL, NULL, NULL, FALSE, NULL, NULL, NULL);
INSERT INTO options (id, verse_id, position, type, text, target_type, target_verse_dn, target_location_dn, requirement, result, hidden, once, condition_group, conditional_targets, children) VALUES (2017, 863, 2, 'choice', 'Нанять кого-нибудь для расшифровки письма.', 'cross_location', 101, 999, 'Нужна карта секрета 14 или 32. Потратьте 2 золота.', NULL, NULL, FALSE, NULL, NULL, NULL);
INSERT INTO options (id, verse_id, position, type, text, target_type, target_verse_dn, target_location_dn, requirement, result, hidden, once, condition_group, conditional_targets, children) VALUES (2018, 863, 3, 'choice', 'Посетить Октавию.', 'verse', 1, NULL, 'Нужны все персонажи.', NULL, NULL, FALSE, NULL, NULL, NULL);
INSERT INTO options (id, verse_id, position, type, text, target_type, target_verse_dn, target_location_dn, requirement, result, hidden, once, condition_group, conditional_targets, children) VALUES (2019, 863, 4, 'choice', 'Уйти.', 'end', NULL, NULL, NULL, 'Исследование окончено.', NULL, FALSE, NULL, NULL, NULL);
INSERT INTO verses (id, location_id, display_number) VALUES (864, 70, 1);
INSERT INTO options (id, verse_id, position, type, text, target_type, target_verse_dn, target_location_dn, requirement, result, hidden, once, condition_group, conditional_targets, children) VALUES (2020, 864, 0, 'condition', 'Если у вас есть часть 1 достижения «Засуха».', 'verse', 2, NULL, NULL, NULL, NULL, FALSE, NULL, NULL, NULL);
INSERT INTO options (id, verse_id, position, type, text, target_type, target_verse_dn, target_location_dn, requirement, result, hidden, once, condition_group, conditional_targets, children) VALUES (2021, 864, 1, 'choice', 'Получить награду.', 'cross_location', 229, 999, 'Нужна Юнис и глава 8Б. Только если у вас нет части 6 достижения «Планы и интриги».', NULL, NULL, FALSE, NULL, NULL, NULL);
INSERT INTO options (id, verse_id, position, type, text, target_type, target_verse_dn, target_location_dn, requirement, result, hidden, once, condition_group, conditional_targets, children) VALUES (2022, 864, 2, 'choice', 'Попросить о встрече с Октавией. Она может стать ценным союзником в последнем столкновении с Нонием.', 'cross_location', 712, 1001, 'Нужна глава 8Б. Только если у вас нет части 4 достижения «Бюрократия».', NULL, NULL, FALSE, NULL, NULL, NULL);
INSERT INTO options (id, verse_id, position, type, text, target_type, target_verse_dn, target_location_dn, requirement, result, hidden, once, condition_group, conditional_targets, children) VALUES (2023, 864, 3, 'choice', 'Уйти.', 'end', NULL, NULL, NULL, 'Исследование окончено.', NULL, FALSE, NULL, NULL, NULL);
INSERT INTO verses (id, location_id, display_number) VALUES (865, 70, 2);
INSERT INTO options (id, verse_id, position, type, text, target_type, target_verse_dn, target_location_dn, requirement, result, hidden, once, condition_group, conditional_targets, children) VALUES (2024, 865, 0, 'condition', 'Если вы играете за Юнис и у вас нет части 9 достижения «Личные дела».', 'cross_location', 518, 999, NULL, 'Вас привели к Октавии.', NULL, FALSE, NULL, NULL, NULL);
INSERT INTO options (id, verse_id, position, type, text, target_type, target_verse_dn, target_location_dn, requirement, result, hidden, once, condition_group, conditional_targets, children) VALUES (2025, 865, 1, 'condition', 'Если вы проходите главу 9А, часть 3 и у вас нет части 2 достижения «Засуха».', 'cross_location', 1016, 1001, NULL, 'Октавии не терпится вас увидеть.', NULL, FALSE, NULL, NULL, NULL);
INSERT INTO options (id, verse_id, position, type, text, target_type, target_verse_dn, target_location_dn, requirement, result, hidden, once, condition_group, conditional_targets, children) VALUES (2026, 865, 2, 'condition', 'В противном случае.', 'end', NULL, NULL, NULL, 'Октавии нет дома. Её слуга сообщила, что она, должно быть, в Первом Шаге.  Исследование окончено.', NULL, FALSE, NULL, NULL, NULL);

INSERT INTO locations (id, campaign_id, display_number, name) VALUES (71, 1, 258, 'Павший шпиль');
INSERT INTO verses (id, location_id, display_number) VALUES (866, 71, 0);
INSERT INTO options (id, verse_id, position, type, text, target_type, target_verse_dn, target_location_dn, requirement, result, hidden, once, condition_group, conditional_targets, children) VALUES (2027, 866, 0, 'condition', 'Если у вас есть часть 1 достижения «Засуха».', 'verse', 9, NULL, NULL, NULL, NULL, FALSE, NULL, NULL, NULL);
INSERT INTO options (id, verse_id, position, type, text, target_type, target_verse_dn, target_location_dn, requirement, result, hidden, once, condition_group, conditional_targets, children) VALUES (2028, 866, 1, 'choice', 'Войти в город.', 'verse', 5, NULL, NULL, NULL, NULL, FALSE, NULL, NULL, NULL);
INSERT INTO options (id, verse_id, position, type, text, target_type, target_verse_dn, target_location_dn, requirement, result, hidden, once, condition_group, conditional_targets, children) VALUES (2029, 866, 2, 'choice', 'Обыскать Павший шпиль.', 'verse', 2, NULL, NULL, NULL, NULL, FALSE, NULL, NULL, NULL);
INSERT INTO options (id, verse_id, position, type, text, target_type, target_verse_dn, target_location_dn, requirement, result, hidden, once, condition_group, conditional_targets, children) VALUES (2030, 866, 3, 'choice', 'Подойти к развороченному склону.', 'verse', 3, NULL, NULL, NULL, NULL, FALSE, NULL, NULL, NULL);
INSERT INTO options (id, verse_id, position, type, text, target_type, target_verse_dn, target_location_dn, requirement, result, hidden, once, condition_group, conditional_targets, children) VALUES (2031, 866, 4, 'choice', 'Уйти.', 'end', NULL, NULL, NULL, 'Исследование окончено.', NULL, FALSE, NULL, NULL, NULL);
INSERT INTO verses (id, location_id, display_number) VALUES (867, 71, 1);
INSERT INTO options (id, verse_id, position, type, text, target_type, target_verse_dn, target_location_dn, requirement, result, hidden, once, condition_group, conditional_targets, children) VALUES (2032, 867, 0, 'condition', 'Если у вас есть синий светофильтр.', 'end', NULL, NULL, NULL, 'Сквозь искажень-стекло стал виден вход в подземное сооружение. Вы пробрались внутрь, обнаружив сложную сеть тоннелей, напоминающую раскидистые корни, протянувшиеся во всех направлениях. Увы, все ходы обрушились. Однако в ответвлении вам удалось обнаружить небольшую реликвию.  Если у вас нет части 9 достижения «Диковинки», получите 1 предмет Д и часть 9 достижения «Диковинки».  Получите 1 еду.  Исследование окончено.', NULL, FALSE, NULL, NULL, NULL);
INSERT INTO options (id, verse_id, position, type, text, target_type, target_verse_dn, target_location_dn, requirement, result, hidden, once, condition_group, conditional_targets, children) VALUES (2033, 867, 1, 'choice', 'Продолжить.', 'end', NULL, NULL, NULL, 'Получите 1 еду.  Исследование окончено.', NULL, FALSE, NULL, NULL, NULL);
INSERT INTO verses (id, location_id, display_number) VALUES (868, 71, 2);
INSERT INTO options (id, verse_id, position, type, text, target_type, target_verse_dn, target_location_dn, requirement, result, hidden, once, condition_group, conditional_targets, children) VALUES (2034, 868, 0, 'choice', '2 @Energy@ Обыскать верхнюю часть.', 'verse', 7, NULL, NULL, NULL, NULL, FALSE, NULL, NULL, NULL);
INSERT INTO options (id, verse_id, position, type, text, target_type, target_verse_dn, target_location_dn, requirement, result, hidden, once, condition_group, conditional_targets, children) VALUES (2035, 868, 1, 'choice', '2 @Energy@ Обыскать нижнюю часть.', 'verse', 1, NULL, NULL, NULL, NULL, FALSE, NULL, NULL, NULL);
INSERT INTO options (id, verse_id, position, type, text, target_type, target_verse_dn, target_location_dn, requirement, result, hidden, once, condition_group, conditional_targets, children) VALUES (2036, 868, 2, 'choice', 'Уйти.', 'end', NULL, NULL, NULL, 'Исследование окончено.', NULL, FALSE, NULL, NULL, NULL);
INSERT INTO verses (id, location_id, display_number) VALUES (869, 71, 3);
INSERT INTO options (id, verse_id, position, type, text, target_type, target_verse_dn, target_location_dn, requirement, result, hidden, once, condition_group, conditional_targets, children) VALUES (2037, 869, 0, 'choice', 'Пройти по тоннелю в горах.', 'verse', 6, NULL, 'Нужна часть 10 достижения «Топография». Потратьте 1 @Energy@ за члена команды.', NULL, NULL, FALSE, NULL, NULL, NULL);
INSERT INTO options (id, verse_id, position, type, text, target_type, target_verse_dn, target_location_dn, requirement, result, hidden, once, condition_group, conditional_targets, children) VALUES (2038, 869, 1, 'choice', 'Войти в потайную нишу.', 'verse', 8, NULL, 'Нужна часть 10 достижения «Топография».', NULL, NULL, FALSE, NULL, NULL, NULL);
INSERT INTO options (id, verse_id, position, type, text, target_type, target_verse_dn, target_location_dn, requirement, result, hidden, once, condition_group, conditional_targets, children) VALUES (2039, 869, 2, 'choice', '2 @Energy@ Осмотреть склон.', 'verse', 4, NULL, 'Только если у вас нет части 10достижения «Топография».', NULL, NULL, FALSE, NULL, NULL, NULL);
INSERT INTO options (id, verse_id, position, type, text, target_type, target_verse_dn, target_location_dn, requirement, result, hidden, once, condition_group, conditional_targets, children) VALUES (2040, 869, 3, 'choice', 'Уйти.', 'end', NULL, NULL, NULL, 'Исследование окончено.', NULL, FALSE, NULL, NULL, NULL);
INSERT INTO verses (id, location_id, display_number) VALUES (870, 71, 4);
INSERT INTO options (id, verse_id, position, type, text, target_type, target_verse_dn, target_location_dn, requirement, result, hidden, once, condition_group, conditional_targets, children) VALUES (2041, 870, 0, 'choice', 'Продолжить.', 'cross_location', 901, 1001, NULL, NULL, NULL, FALSE, NULL, NULL, NULL);
INSERT INTO verses (id, location_id, display_number) VALUES (871, 71, 5);
INSERT INTO options (id, verse_id, position, type, text, target_type, target_verse_dn, target_location_dn, requirement, result, hidden, once, condition_group, conditional_targets, children) VALUES (2042, 871, 0, 'condition', 'Если у вас есть часть 8 достижения «Свобода».', 'cross_location', 107, 999, NULL, NULL, NULL, FALSE, NULL, NULL, NULL);
INSERT INTO options (id, verse_id, position, type, text, target_type, target_verse_dn, target_location_dn, requirement, result, hidden, once, condition_group, conditional_targets, children) VALUES (2043, 871, 1, 'choice', 'Поддержать жителей, передав оружие и броню.', 'end', NULL, NULL, 'Сбросьте в общей сложности 4 предмета с ключевыми словами «оружие», «броня» или «щит».', 'Получите часть 2 достижения «Народный герой».   Исследование окончено.', NULL, FALSE, NULL, NULL, NULL);
INSERT INTO options (id, verse_id, position, type, text, target_type, target_verse_dn, target_location_dn, requirement, result, hidden, once, condition_group, conditional_targets, children) VALUES (2044, 871, 2, 'choice', 'Уйти.', 'end', NULL, NULL, NULL, 'Исследование окончено.', NULL, FALSE, NULL, NULL, NULL);
INSERT INTO verses (id, location_id, display_number) VALUES (872, 71, 6);
INSERT INTO options (id, verse_id, position, type, text, target_type, target_verse_dn, target_location_dn, requirement, result, hidden, once, condition_group, conditional_targets, children) VALUES (2045, 872, 0, 'choice', 'Продолжить.', 'end', NULL, NULL, NULL, 'Переместите всех членов команды в локацию 162.  Исследование окончено.', NULL, FALSE, NULL, NULL, NULL);
INSERT INTO verses (id, location_id, display_number) VALUES (873, 71, 7);
INSERT INTO options (id, verse_id, position, type, text, target_type, target_verse_dn, target_location_dn, requirement, result, hidden, once, condition_group, conditional_targets, children) VALUES (2046, 873, 0, 'choice', 'Продолжить.', 'end', NULL, NULL, NULL, 'Получите 2 магии и 1 @Terror@.  Исследование окончено.', NULL, FALSE, NULL, NULL, NULL);
INSERT INTO verses (id, location_id, display_number) VALUES (874, 71, 8);
INSERT INTO options (id, verse_id, position, type, text, target_type, target_verse_dn, target_location_dn, requirement, result, hidden, once, condition_group, conditional_targets, children) VALUES (2047, 874, 0, 'choice', 'Продолжить.', 'end', NULL, NULL, NULL, 'Вы можете потратить 1 магию за персонажа и 1 золото или 1 еду за персонажа, чтобы поместить путеводный камень в верхний левый угол локации 158.  Исследование окончено.', NULL, FALSE, NULL, NULL, NULL);
INSERT INTO verses (id, location_id, display_number) VALUES (875, 71, 9);
INSERT INTO options (id, verse_id, position, type, text, target_type, target_verse_dn, target_location_dn, requirement, result, hidden, once, condition_group, conditional_targets, children) VALUES (2048, 875, 0, 'choice', 'Обыскать Павший шпиль.', 'verse', 2, NULL, NULL, NULL, NULL, FALSE, NULL, NULL, NULL);
INSERT INTO options (id, verse_id, position, type, text, target_type, target_verse_dn, target_location_dn, requirement, result, hidden, once, condition_group, conditional_targets, children) VALUES (2049, 875, 1, 'choice', 'Встретиться с союзником-предтечей.', 'cross_location', 1062, 1001, 'Нужны все персонажи и глава 9А, часть 4. Только если у вас нет части 5 достижения «Засуха».', NULL, NULL, FALSE, NULL, NULL, NULL);
INSERT INTO options (id, verse_id, position, type, text, target_type, target_verse_dn, target_location_dn, requirement, result, hidden, once, condition_group, conditional_targets, children) VALUES (2050, 875, 2, 'choice', 'Войти в гору с союзником-предтечей.', 'cross_location', 1048, 1001, 'Нужны все персонажи и глава 9А, часть 5.', NULL, NULL, FALSE, NULL, NULL, NULL);
INSERT INTO options (id, verse_id, position, type, text, target_type, target_verse_dn, target_location_dn, requirement, result, hidden, once, condition_group, conditional_targets, children) VALUES (2051, 875, 3, 'choice', 'Уйти.', 'end', NULL, NULL, NULL, 'Исследование окончено.', NULL, FALSE, NULL, NULL, NULL);

INSERT INTO locations (id, campaign_id, display_number, name) VALUES (72, 1, 259, 'Водоворот');
INSERT INTO verses (id, location_id, display_number) VALUES (876, 72, 0);
INSERT INTO options (id, verse_id, position, type, text, target_type, target_verse_dn, target_location_dn, requirement, result, hidden, once, condition_group, conditional_targets, children) VALUES (2052, 876, 0, 'condition', 'Если вы проходите главу 9А, часть 4, и у вас есть часть 5 достижения «Засуха».', 'cross_location', 1017, 1001, NULL, NULL, NULL, FALSE, NULL, NULL, NULL);
INSERT INTO options (id, verse_id, position, type, text, target_type, target_verse_dn, target_location_dn, requirement, result, hidden, once, condition_group, conditional_targets, children) VALUES (2053, 876, 1, 'condition', 'В противном случае.', 'end', NULL, NULL, NULL, 'Исследование окончено.', NULL, FALSE, NULL, NULL, NULL);

INSERT INTO locations (id, campaign_id, display_number, name) VALUES (73, 1, 261, 'Нарост');
INSERT INTO verses (id, location_id, display_number) VALUES (877, 73, 0);
INSERT INTO options (id, verse_id, position, type, text, target_type, target_verse_dn, target_location_dn, requirement, result, hidden, once, condition_group, conditional_targets, children) VALUES (2054, 877, 0, 'choice', '2 @Energy@ Обойти Нарост и пойти в лес секвой.', 'verse', 1, NULL, NULL, NULL, NULL, FALSE, NULL, NULL, NULL);
INSERT INTO options (id, verse_id, position, type, text, target_type, target_verse_dn, target_location_dn, requirement, result, hidden, once, condition_group, conditional_targets, children) VALUES (2055, 877, 1, 'choice', '2 @Energy@ Поискать выживших из Вороньего приюта.', 'cross_location', 222, 999, 'Только если у вас нет части 1 достижения «Засуха».', NULL, NULL, FALSE, NULL, NULL, NULL);
INSERT INTO options (id, verse_id, position, type, text, target_type, target_verse_dn, target_location_dn, requirement, result, hidden, once, condition_group, conditional_targets, children) VALUES (2056, 877, 2, 'choice', '2 @Energy@ Осмотреть разрушенную деревню.', 'verse', 2, NULL, NULL, NULL, NULL, FALSE, NULL, NULL, NULL);
INSERT INTO options (id, verse_id, position, type, text, target_type, target_verse_dn, target_location_dn, requirement, result, hidden, once, condition_group, conditional_targets, children) VALUES (2057, 877, 3, 'choice', 'Уйти.', 'end', NULL, NULL, NULL, 'Исследование окончено.', NULL, FALSE, NULL, NULL, NULL);
INSERT INTO verses (id, location_id, display_number) VALUES (878, 73, 1);
INSERT INTO options (id, verse_id, position, type, text, target_type, target_verse_dn, target_location_dn, requirement, result, hidden, once, condition_group, conditional_targets, children) VALUES (2058, 878, 0, 'choice', 'Взять топор и завершить начатое его прежним владельцем.', 'cross_location', 497, 999, 'Нужно хотя бы 4 очка @Aggression@. Только если у вас нет части 6 достижения «Страхи и напасти».', 'Каждый член команды теряет 1 @Terror@.', NULL, FALSE, NULL, NULL, NULL);
INSERT INTO options (id, verse_id, position, type, text, target_type, target_verse_dn, target_location_dn, requirement, result, hidden, once, condition_group, conditional_targets, children) VALUES (2059, 878, 1, 'choice', 'Уйти.', 'end', NULL, NULL, NULL, 'Каждый член команды теряет 1 @Terror@.  Исследование окончено.', NULL, FALSE, NULL, NULL, NULL);
INSERT INTO verses (id, location_id, display_number) VALUES (879, 73, 2);
INSERT INTO options (id, verse_id, position, type, text, target_type, target_verse_dn, target_location_dn, requirement, result, hidden, once, condition_group, conditional_targets, children) VALUES (2060, 879, 0, 'condition', 'Если у вас есть карта секрета 18 и нет части 3 достижения «Грехи владыки».', 'cross_location', 1021, 1001, NULL, 'Вы окрикнули кого-то по имени с медальона.', NULL, FALSE, NULL, NULL, NULL);
INSERT INTO options (id, verse_id, position, type, text, target_type, target_verse_dn, target_location_dn, requirement, result, hidden, once, condition_group, conditional_targets, children) VALUES (2061, 879, 1, 'choice', '1—2.', 'end', NULL, NULL, NULL, 'Вы ничего не нашли.  Исследование окончено.', NULL, FALSE, 'В противном случае.', NULL, NULL);
INSERT INTO options (id, verse_id, position, type, text, target_type, target_verse_dn, target_location_dn, requirement, result, hidden, once, condition_group, conditional_targets, children) VALUES (2062, 879, 2, 'choice', '3—5.', 'end', NULL, NULL, NULL, 'Уцелевшие припасы…  Получите 1 еду.  Исследование окончено.', NULL, FALSE, 'В противном случае.', NULL, NULL);
INSERT INTO options (id, verse_id, position, type, text, target_type, target_verse_dn, target_location_dn, requirement, result, hidden, once, condition_group, conditional_targets, children) VALUES (2063, 879, 3, 'choice', '≥6.', 'end', NULL, NULL, NULL, 'Брошенная драгоценность…  Получите 1 золото.  Исследование окончено.', NULL, FALSE, 'В противном случае.', NULL, NULL);

INSERT INTO locations (id, campaign_id, display_number, name) VALUES (74, 1, 332, 'Костёр до небес');
INSERT INTO verses (id, location_id, display_number) VALUES (880, 74, 0);
INSERT INTO options (id, verse_id, position, type, text, target_type, target_verse_dn, target_location_dn, requirement, result, hidden, once, condition_group, conditional_targets, children) VALUES (2064, 880, 0, 'condition', 'Если у вас нет части 7 достижения «Великие деяния».', 'verse', 1, NULL, NULL, NULL, NULL, FALSE, NULL, NULL, NULL);
INSERT INTO options (id, verse_id, position, type, text, target_type, target_verse_dn, target_location_dn, requirement, result, hidden, once, condition_group, conditional_targets, children) VALUES (2065, 880, 1, 'condition', 'В противном случае.', 'verse', 2, NULL, NULL, NULL, NULL, FALSE, NULL, NULL, NULL);
INSERT INTO verses (id, location_id, display_number) VALUES (881, 74, 1);
INSERT INTO options (id, verse_id, position, type, text, target_type, target_verse_dn, target_location_dn, requirement, result, hidden, once, condition_group, conditional_targets, children) VALUES (2066, 881, 0, 'condition', 'Продолжить.', 'cross_location', 995, 1001, NULL, NULL, NULL, FALSE, NULL, NULL, NULL);
INSERT INTO verses (id, location_id, display_number) VALUES (882, 74, 2);
INSERT INTO options (id, verse_id, position, type, text, target_type, target_verse_dn, target_location_dn, requirement, result, hidden, once, condition_group, conditional_targets, children) VALUES (2067, 882, 0, 'choice', '2 @Energy@ Выступить перед беженцами.', 'verse', 6, NULL, 'Нужен Осберт. Только если у вас нет части 3 достижения «Выступления».', NULL, NULL, FALSE, NULL, NULL, NULL);
INSERT INTO options (id, verse_id, position, type, text, target_type, target_verse_dn, target_location_dn, requirement, result, hidden, once, condition_group, conditional_targets, children) VALUES (2068, 882, 1, 'choice', '1 @Energy@ Искать свят-медовуху.', 'verse', 3, NULL, NULL, NULL, NULL, FALSE, NULL, NULL, NULL);
INSERT INTO options (id, verse_id, position, type, text, target_type, target_verse_dn, target_location_dn, requirement, result, hidden, once, condition_group, conditional_targets, children) VALUES (2069, 882, 2, 'choice', '1 @Energy@ Поторговать с местными.', 'verse', 4, NULL, NULL, NULL, NULL, FALSE, NULL, NULL, NULL);
INSERT INTO options (id, verse_id, position, type, text, target_type, target_verse_dn, target_location_dn, requirement, result, hidden, once, condition_group, conditional_targets, children) VALUES (2070, 882, 3, 'choice', 'Узнать, что случилось с Жеремьем.', 'verse', 5, NULL, NULL, NULL, NULL, FALSE, NULL, NULL, NULL);
INSERT INTO options (id, verse_id, position, type, text, target_type, target_verse_dn, target_location_dn, requirement, result, hidden, once, condition_group, conditional_targets, children) VALUES (2071, 882, 4, 'choice', 'Уйти.', 'end', NULL, NULL, NULL, 'Исследование окончено.', NULL, FALSE, NULL, NULL, NULL);
INSERT INTO verses (id, location_id, display_number) VALUES (883, 74, 3);
INSERT INTO options (id, verse_id, position, type, text, target_type, target_verse_dn, target_location_dn, requirement, result, hidden, once, condition_group, conditional_targets, children) VALUES (2072, 883, 0, 'choice', 'Продолжить.', 'end', NULL, NULL, NULL, 'Исследование окончено.', NULL, FALSE, NULL, NULL, NULL);
INSERT INTO verses (id, location_id, display_number) VALUES (884, 74, 4);
INSERT INTO options (id, verse_id, position, type, text, target_type, target_verse_dn, target_location_dn, requirement, result, hidden, once, condition_group, conditional_targets, children) VALUES (2073, 884, 0, 'condition', 'Продолжить.', 'cross_location', 639, 1001, NULL, NULL, NULL, FALSE, NULL, NULL, NULL);
INSERT INTO verses (id, location_id, display_number) VALUES (885, 74, 5);
INSERT INTO options (id, verse_id, position, type, text, target_type, target_verse_dn, target_location_dn, requirement, result, hidden, once, condition_group, conditional_targets, children) VALUES (2074, 885, 0, 'choice', 'Продолжить.', 'end', NULL, NULL, NULL, 'Исследование окончено.', NULL, FALSE, NULL, NULL, NULL);
INSERT INTO verses (id, location_id, display_number) VALUES (886, 74, 6);
INSERT INTO options (id, verse_id, position, type, text, target_type, target_verse_dn, target_location_dn, requirement, result, hidden, once, condition_group, conditional_targets, children) VALUES (2075, 886, 0, 'condition', 'Продолжить.', 'cross_location', 683, 1001, NULL, NULL, NULL, FALSE, NULL, NULL, NULL);

INSERT INTO locations (id, campaign_id, display_number, name) VALUES (75, 1, 999, 'Книга секретов');
INSERT INTO verses (id, location_id, display_number) VALUES (887, 75, 0);
INSERT INTO verses (id, location_id, display_number) VALUES (888, 75, 1);
INSERT INTO options (id, verse_id, position, type, text, target_type, target_verse_dn, target_location_dn, requirement, result, hidden, once, condition_group, conditional_targets, children) VALUES (2076, 888, 0, 'choice', 'Продолжить.', 'end', NULL, NULL, NULL, 'Исследование окончено.', NULL, FALSE, NULL, NULL, NULL);
INSERT INTO verses (id, location_id, display_number) VALUES (889, 75, 2);
INSERT INTO options (id, verse_id, position, type, text, target_type, target_verse_dn, target_location_dn, requirement, result, hidden, once, condition_group, conditional_targets, children) VALUES (2077, 889, 0, 'choice', 'Продолжить.', 'end', NULL, NULL, NULL, 'Исследование окончено.', NULL, FALSE, NULL, NULL, NULL);
INSERT INTO verses (id, location_id, display_number) VALUES (890, 75, 3);
INSERT INTO options (id, verse_id, position, type, text, target_type, target_verse_dn, target_location_dn, requirement, result, hidden, once, condition_group, conditional_targets, children) VALUES (2078, 890, 0, 'choice', 'Пусть сначала покажет, что внутри.', 'verse', 9, NULL, NULL, NULL, NULL, FALSE, NULL, NULL, NULL);
INSERT INTO options (id, verse_id, position, type, text, target_type, target_verse_dn, target_location_dn, requirement, result, hidden, once, condition_group, conditional_targets, children) VALUES (2079, 890, 1, 'choice', 'Согласиться. Вы отнесёте эту ношу в Жеремье, пусть вы и не знаете туда дорогу.', 'verse', 12, NULL, NULL, NULL, NULL, FALSE, NULL, NULL, NULL);
INSERT INTO options (id, verse_id, position, type, text, target_type, target_verse_dn, target_location_dn, requirement, result, hidden, once, condition_group, conditional_targets, children) VALUES (2080, 890, 2, 'choice', 'Отказаться. Вам хватало своих проблем…', 'verse', 22, NULL, NULL, NULL, NULL, FALSE, NULL, NULL, NULL);
INSERT INTO verses (id, location_id, display_number) VALUES (891, 75, 4);
INSERT INTO options (id, verse_id, position, type, text, target_type, target_verse_dn, target_location_dn, requirement, result, hidden, once, condition_group, conditional_targets, children) VALUES (2081, 891, 0, 'condition', 'Если у вас хотя бы 1 очко @Practicality@.', 'verse', 14, NULL, NULL, NULL, NULL, FALSE, NULL, NULL, NULL);
INSERT INTO options (id, verse_id, position, type, text, target_type, target_verse_dn, target_location_dn, requirement, result, hidden, once, condition_group, conditional_targets, children) VALUES (2082, 891, 1, 'condition', 'В противном случае.', 'end', NULL, NULL, NULL, 'Исследование окончено.', NULL, FALSE, NULL, NULL, NULL);
INSERT INTO verses (id, location_id, display_number) VALUES (892, 75, 5);
INSERT INTO options (id, verse_id, position, type, text, target_type, target_verse_dn, target_location_dn, requirement, result, hidden, once, condition_group, conditional_targets, children) VALUES (2083, 892, 0, 'choice', 'Поддержать разговор про горы.', 'verse', 11, NULL, NULL, NULL, NULL, FALSE, NULL, NULL, NULL);
INSERT INTO options (id, verse_id, position, type, text, target_type, target_verse_dn, target_location_dn, requirement, result, hidden, once, condition_group, conditional_targets, children) VALUES (2084, 892, 1, 'choice', 'Возразить, что нужно наблюдать за тем, что происходит вокруг, ведь здесь опасно.', 'verse', 29, NULL, NULL, NULL, NULL, FALSE, NULL, NULL, NULL);
INSERT INTO verses (id, location_id, display_number) VALUES (893, 75, 6);
INSERT INTO options (id, verse_id, position, type, text, target_type, target_verse_dn, target_location_dn, requirement, result, hidden, once, condition_group, conditional_targets, children) VALUES (2085, 893, 0, 'condition', 'Если у вас есть хотя бы одна часть достижения «Время идёт (глава 2)».', 'end', NULL, NULL, NULL, 'Сбросьте карту секрета 12.  Каждый персонаж получает 1 опыт.  Получите 1 золото за персонажа.  Получите часть 8 достижения «Небольшая услуга».  Исследование окончено.', NULL, FALSE, NULL, NULL, NULL);
INSERT INTO options (id, verse_id, position, type, text, target_type, target_verse_dn, target_location_dn, requirement, result, hidden, once, condition_group, conditional_targets, children) VALUES (2086, 893, 1, 'condition', 'В противном случае.', 'cross_location', 1208, 1001, NULL, 'Сбросьте карту секрета 12.  Каждый персонаж получает 1 опыт.  Получите 1 золото за персонажа.  Получите часть 8 достижения «Небольшая услуга».', NULL, FALSE, NULL, NULL, NULL);
INSERT INTO verses (id, location_id, display_number) VALUES (894, 75, 7);
INSERT INTO options (id, verse_id, position, type, text, target_type, target_verse_dn, target_location_dn, requirement, result, hidden, once, condition_group, conditional_targets, children) VALUES (2087, 894, 0, 'choice', 'Поискать материалы для изготовления свечей.', 'verse', 19, NULL, 'Нужен Элган.', NULL, NULL, FALSE, NULL, NULL, NULL);
INSERT INTO options (id, verse_id, position, type, text, target_type, target_verse_dn, target_location_dn, requirement, result, hidden, once, condition_group, conditional_targets, children) VALUES (2088, 894, 1, 'choice', 'Поискать товары для луков.', 'verse', 73, NULL, 'Нужна Гердвин.', NULL, NULL, FALSE, NULL, NULL, NULL);
INSERT INTO options (id, verse_id, position, type, text, target_type, target_verse_dn, target_location_dn, requirement, result, hidden, once, condition_group, conditional_targets, children) VALUES (2089, 894, 2, 'choice', 'Поискать фейерверки и зажигательные смеси.', 'verse', 94, NULL, 'Нужен Осберт.', NULL, NULL, FALSE, NULL, NULL, NULL);
INSERT INTO options (id, verse_id, position, type, text, target_type, target_verse_dn, target_location_dn, requirement, result, hidden, once, condition_group, conditional_targets, children) VALUES (2090, 894, 3, 'choice', 'Поспрашивать про что-нибудь ещё.', 'verse', 61, NULL, NULL, NULL, NULL, FALSE, NULL, NULL, NULL);
INSERT INTO options (id, verse_id, position, type, text, target_type, target_verse_dn, target_location_dn, requirement, result, hidden, once, condition_group, conditional_targets, children) VALUES (2091, 894, 4, 'choice', 'Отправиться в другое место.', 'verse', 189, NULL, NULL, NULL, NULL, FALSE, NULL, NULL, NULL);
INSERT INTO verses (id, location_id, display_number) VALUES (895, 75, 8);
INSERT INTO options (id, verse_id, position, type, text, target_type, target_verse_dn, target_location_dn, requirement, result, hidden, once, condition_group, conditional_targets, children) VALUES (2092, 895, 0, 'choice', 'Продолжить.', 'end', NULL, NULL, NULL, 'Получите части 7 и 8 достижения «Диковинки».  Исследование окончено.', NULL, FALSE, NULL, NULL, NULL);
INSERT INTO verses (id, location_id, display_number) VALUES (896, 75, 9);
INSERT INTO options (id, verse_id, position, type, text, target_type, target_verse_dn, target_location_dn, requirement, result, hidden, once, condition_group, conditional_targets, children) VALUES (2093, 896, 0, 'choice', 'Согласиться. Вы отнесёте эту ношу в Жеремье, пусть вы и не знаете туда дорогу.', 'verse', 12, NULL, NULL, NULL, NULL, FALSE, NULL, NULL, NULL);
INSERT INTO options (id, verse_id, position, type, text, target_type, target_verse_dn, target_location_dn, requirement, result, hidden, once, condition_group, conditional_targets, children) VALUES (2094, 896, 1, 'choice', 'Отказаться. Таскаться со смертельно опасной ношей, да ещё и с неизвестным содержимым? Пусть вас в это дело не впутывают!', 'verse', 22, NULL, NULL, NULL, NULL, FALSE, NULL, NULL, NULL);
INSERT INTO verses (id, location_id, display_number) VALUES (897, 75, 10);
INSERT INTO options (id, verse_id, position, type, text, target_type, target_verse_dn, target_location_dn, requirement, result, hidden, once, condition_group, conditional_targets, children) VALUES (2095, 897, 0, 'choice', 'Продолжить.', 'end', NULL, NULL, NULL, 'Если у вас нет части 1 достижения «Семейные тайны», каждый персонаж получает 1 опыт.   Получите часть 1 достижения «Семейные тайны».  Уберите все @QuestToken@ из локаций 113, 114 и 115.  Исследование окончено.', NULL, FALSE, NULL, NULL, NULL);
INSERT INTO verses (id, location_id, display_number) VALUES (898, 75, 11);
INSERT INTO options (id, verse_id, position, type, text, target_type, target_verse_dn, target_location_dn, requirement, result, hidden, once, condition_group, conditional_targets, children) VALUES (2096, 898, 0, 'choice', 'Продолжить.', 'end', NULL, NULL, NULL, 'Каждый персонаж теряет 2 @Terror@.   Получите часть 3 достижения «Изолют».  Видение окончено.', NULL, FALSE, NULL, NULL, NULL);
INSERT INTO verses (id, location_id, display_number) VALUES (899, 75, 12);
INSERT INTO options (id, verse_id, position, type, text, target_type, target_verse_dn, target_location_dn, requirement, result, hidden, once, condition_group, conditional_targets, children) VALUES (2097, 899, 0, 'condition', 'Если у вас нет части 8 достижения «Топография».', 'verse', 36, NULL, NULL, 'Получите часть 1 достижения «Путь Венедии».', NULL, FALSE, NULL, NULL, NULL);
INSERT INTO options (id, verse_id, position, type, text, target_type, target_verse_dn, target_location_dn, requirement, result, hidden, once, condition_group, conditional_targets, children) VALUES (2098, 899, 1, 'condition', 'В противном случае.', 'verse', 38, NULL, NULL, 'Получите часть 1 достижения «Путь Венедии».', NULL, FALSE, NULL, NULL, NULL);
INSERT INTO verses (id, location_id, display_number) VALUES (900, 75, 13);
INSERT INTO options (id, verse_id, position, type, text, target_type, target_verse_dn, target_location_dn, requirement, result, hidden, once, condition_group, conditional_targets, children) VALUES (2099, 900, 0, 'choice', 'Продолжить.', 'end', NULL, NULL, NULL, 'Получите часть 15 достижения «Личные дела» и поместите 1 @LightTT@ в эту локацию.  Исследование окончено.', NULL, FALSE, NULL, NULL, NULL);
INSERT INTO verses (id, location_id, display_number) VALUES (901, 75, 14);
INSERT INTO options (id, verse_id, position, type, text, target_type, target_verse_dn, target_location_dn, requirement, result, hidden, once, condition_group, conditional_targets, children) VALUES (2100, 901, 0, 'choice', '2 @Energy@ Обыскать дно кипящего озера.', 'verse', 25, NULL, NULL, NULL, NULL, FALSE, NULL, NULL, NULL);
INSERT INTO options (id, verse_id, position, type, text, target_type, target_verse_dn, target_location_dn, requirement, result, hidden, once, condition_group, conditional_targets, children) VALUES (2101, 901, 1, 'choice', 'Уйти.', 'end', NULL, NULL, NULL, 'Исследование окончено.', NULL, FALSE, NULL, NULL, NULL);
INSERT INTO verses (id, location_id, display_number) VALUES (902, 75, 15);
INSERT INTO options (id, verse_id, position, type, text, target_type, target_verse_dn, target_location_dn, requirement, result, hidden, once, condition_group, conditional_targets, children) VALUES (2102, 902, 0, 'condition', 'Если вы находитесь в локации 109.', 'verse', 16, NULL, NULL, 'Получите карту секрета 8.', NULL, FALSE, NULL, NULL, NULL);
INSERT INTO options (id, verse_id, position, type, text, target_type, target_verse_dn, target_location_dn, requirement, result, hidden, once, condition_group, conditional_targets, children) VALUES (2103, 902, 1, 'condition', 'В противном случае.', 'end', NULL, NULL, NULL, 'Получите карту секрета 8.  Исследование окончено.', NULL, FALSE, NULL, NULL, NULL);
INSERT INTO verses (id, location_id, display_number) VALUES (903, 75, 16);
INSERT INTO options (id, verse_id, position, type, text, target_type, target_verse_dn, target_location_dn, requirement, result, hidden, once, condition_group, conditional_targets, children) VALUES (2104, 903, 0, 'choice', 'Продолжить.', 'verse', 51, NULL, NULL, NULL, NULL, FALSE, NULL, NULL, NULL);
INSERT INTO verses (id, location_id, display_number) VALUES (904, 75, 17);
INSERT INTO options (id, verse_id, position, type, text, target_type, target_verse_dn, target_location_dn, requirement, result, hidden, once, condition_group, conditional_targets, children) VALUES (2105, 904, 0, 'choice', 'Продолжить.', 'end', NULL, NULL, NULL, 'Каждый персонаж получает 1 опыт.  Получите часть 1 достижения «Великие деяния».  Поместите 1 @LightTT@ в эту локацию.  Исследование окончено.', NULL, FALSE, NULL, NULL, NULL);
INSERT INTO verses (id, location_id, display_number) VALUES (905, 75, 18);
INSERT INTO options (id, verse_id, position, type, text, target_type, target_verse_dn, target_location_dn, requirement, result, hidden, once, condition_group, conditional_targets, children) VALUES (2106, 905, 0, 'choice', 'Продолжить.', 'end', NULL, NULL, NULL, 'Исследование окончено.', NULL, FALSE, NULL, NULL, NULL);
INSERT INTO verses (id, location_id, display_number) VALUES (906, 75, 19);
INSERT INTO options (id, verse_id, position, type, text, target_type, target_verse_dn, target_location_dn, requirement, result, hidden, once, condition_group, conditional_targets, children) VALUES (2107, 906, 0, 'choice', 'Заплатить лавочнику.', 'verse', 124, NULL, 'Только если у вас нет части 1 достижения «Заготовки». Потратьте 2 золота.', NULL, NULL, FALSE, NULL, NULL, NULL);
INSERT INTO options (id, verse_id, position, type, text, target_type, target_verse_dn, target_location_dn, requirement, result, hidden, once, condition_group, conditional_targets, children) VALUES (2108, 906, 1, 'choice', 'Попробовать поторговаться с лавочником.', 'verse', 61, NULL, NULL, NULL, NULL, FALSE, NULL, NULL, NULL);
INSERT INTO options (id, verse_id, position, type, text, target_type, target_verse_dn, target_location_dn, requirement, result, hidden, once, condition_group, conditional_targets, children) VALUES (2109, 906, 2, 'choice', 'Отправиться в другое место.', 'verse', 189, NULL, NULL, NULL, NULL, FALSE, NULL, NULL, NULL);
INSERT INTO verses (id, location_id, display_number) VALUES (907, 75, 20);
INSERT INTO options (id, verse_id, position, type, text, target_type, target_verse_dn, target_location_dn, requirement, result, hidden, once, condition_group, conditional_targets, children) VALUES (2110, 907, 0, 'condition', 'Если вы проходите главу 5, часть 3 и у вас есть карта секрета 10.', 'verse', 74, NULL, 'Если у вас есть красный светофильтр.', NULL, NULL, FALSE, NULL, NULL, NULL);
INSERT INTO options (id, verse_id, position, type, text, target_type, target_verse_dn, target_location_dn, requirement, result, hidden, once, condition_group, conditional_targets, children) VALUES (2111, 907, 1, 'condition', 'Если у вас есть красный светофильтр.', 'verse', 52, NULL, NULL, NULL, NULL, FALSE, NULL, NULL, NULL);
INSERT INTO options (id, verse_id, position, type, text, target_type, target_verse_dn, target_location_dn, requirement, result, hidden, once, condition_group, conditional_targets, children) VALUES (2112, 907, 2, 'condition', 'В противном случае.', 'cross_location', 1209, 1001, NULL, NULL, NULL, FALSE, NULL, NULL, NULL);
INSERT INTO verses (id, location_id, display_number) VALUES (908, 75, 21);
INSERT INTO options (id, verse_id, position, type, text, target_type, target_verse_dn, target_location_dn, requirement, result, hidden, once, condition_group, conditional_targets, children) VALUES (2113, 908, 0, 'condition', 'Если у вас есть часть 9 достижения «Сквозь искажень-стекло».', 'end', NULL, NULL, NULL, 'Здесь больше ничего не удастся найти.  Исследование окончено.', NULL, FALSE, NULL, NULL, NULL);
INSERT INTO options (id, verse_id, position, type, text, target_type, target_verse_dn, target_location_dn, requirement, result, hidden, once, condition_group, conditional_targets, children) VALUES (2114, 908, 1, 'choice', 'Продолжить.', 'end', NULL, NULL, NULL, 'Получите 2 магии.  Получите часть 9 достижения «Сквозь искажень-стекло».  Исследование окончено.', NULL, FALSE, NULL, NULL, NULL);
INSERT INTO verses (id, location_id, display_number) VALUES (909, 75, 22);
INSERT INTO options (id, verse_id, position, type, text, target_type, target_verse_dn, target_location_dn, requirement, result, hidden, once, condition_group, conditional_targets, children) VALUES (2115, 909, 0, 'choice', 'Продолжить.', 'end', NULL, NULL, NULL, 'Приложите локацию 132 сверху к этой локации и поместите в неё 3 @DarkTT@.  Получите часть 8 достижения «Топография».  Исследование окончено.', NULL, FALSE, NULL, NULL, NULL);
INSERT INTO verses (id, location_id, display_number) VALUES (910, 75, 23);
INSERT INTO options (id, verse_id, position, type, text, target_type, target_verse_dn, target_location_dn, requirement, result, hidden, once, condition_group, conditional_targets, children) VALUES (2116, 910, 0, 'choice', 'Продолжить.', 'verse', 55, NULL, NULL, NULL, NULL, FALSE, NULL, NULL, NULL);
INSERT INTO verses (id, location_id, display_number) VALUES (911, 75, 24);
INSERT INTO options (id, verse_id, position, type, text, target_type, target_verse_dn, target_location_dn, requirement, result, hidden, once, condition_group, conditional_targets, children) VALUES (2117, 911, 0, 'choice', 'Заткнуть уши и дать свече догореть.', 'verse', 151, NULL, NULL, 'Элган получает 1 @Terror@.   Получите часть 2 достижения «Бессердечность».', NULL, FALSE, NULL, NULL, NULL);
INSERT INTO options (id, verse_id, position, type, text, target_type, target_verse_dn, target_location_dn, requirement, result, hidden, once, condition_group, conditional_targets, children) VALUES (2118, 911, 1, 'choice', 'Потушить свечу и уйти.', 'end', NULL, NULL, NULL, 'Исследование окончено.', NULL, FALSE, NULL, NULL, NULL);
INSERT INTO verses (id, location_id, display_number) VALUES (912, 75, 25);
INSERT INTO options (id, verse_id, position, type, text, target_type, target_verse_dn, target_location_dn, requirement, result, hidden, once, condition_group, conditional_targets, children) VALUES (2119, 912, 0, 'condition', 'Если у вас есть синий светофильтр.', 'verse', 21, NULL, 'Если у любого из персонажей есть карта секрета 21 или 30.', NULL, NULL, FALSE, NULL, NULL, NULL);
INSERT INTO options (id, verse_id, position, type, text, target_type, target_verse_dn, target_location_dn, requirement, result, hidden, once, condition_group, conditional_targets, children) VALUES (2120, 912, 1, 'condition', 'Если у любого из персонажей есть карта секрета 21 или 30.', 'end', NULL, NULL, NULL, 'Здесь больше ничего не удастся найти.  Исследование окончено.', NULL, FALSE, NULL, NULL, NULL);
INSERT INTO options (id, verse_id, position, type, text, target_type, target_verse_dn, target_location_dn, requirement, result, hidden, once, condition_group, conditional_targets, children) VALUES (2121, 912, 2, 'choice', 'Продолжить.', 'end', NULL, NULL, NULL, 'Получите карту секрета 21.  Исследование окончено.', NULL, FALSE, NULL, NULL, NULL);
INSERT INTO verses (id, location_id, display_number) VALUES (913, 75, 26);
INSERT INTO options (id, verse_id, position, type, text, target_type, target_verse_dn, target_location_dn, requirement, result, hidden, once, condition_group, conditional_targets, children) VALUES (2122, 913, 0, 'choice', 'Подыграть Рольфу. Отношения с ним можно будет выяснить в другое время, не на публике.', 'verse', 34, NULL, NULL, NULL, NULL, FALSE, NULL, NULL, NULL);
INSERT INTO options (id, verse_id, position, type, text, target_type, target_verse_dn, target_location_dn, requirement, result, hidden, once, condition_group, conditional_targets, children) VALUES (2123, 913, 1, 'choice', 'Разоблачить его. Вы решили покончить с этим здесь и сейчас, даже если это закончится кровопролитием.', 'verse', 54, NULL, NULL, NULL, NULL, FALSE, NULL, NULL, NULL);
INSERT INTO verses (id, location_id, display_number) VALUES (914, 75, 27);
INSERT INTO options (id, verse_id, position, type, text, target_type, target_verse_dn, target_location_dn, requirement, result, hidden, once, condition_group, conditional_targets, children) VALUES (2124, 914, 0, 'choice', 'Продолжить.', 'end', NULL, NULL, NULL, 'Исследование окончено.', NULL, FALSE, NULL, NULL, NULL);
INSERT INTO verses (id, location_id, display_number) VALUES (915, 75, 28);
INSERT INTO options (id, verse_id, position, type, text, target_type, target_verse_dn, target_location_dn, requirement, result, hidden, once, condition_group, conditional_targets, children) VALUES (2125, 915, 0, 'choice', 'Продолжить.', 'end', NULL, NULL, NULL, 'Получите часть 2 достижения «Наглость».  Исследование окончено.', NULL, FALSE, NULL, NULL, NULL);
INSERT INTO verses (id, location_id, display_number) VALUES (916, 75, 29);
INSERT INTO options (id, verse_id, position, type, text, target_type, target_verse_dn, target_location_dn, requirement, result, hidden, once, condition_group, conditional_targets, children) VALUES (2126, 916, 0, 'choice', 'Продолжить.', 'end', NULL, NULL, NULL, 'Получите часть 3 достижения «Изолют».  Получите часть 1 достижения «Реалист».  Видение окончено.', NULL, FALSE, NULL, NULL, NULL);
INSERT INTO verses (id, location_id, display_number) VALUES (917, 75, 30);
INSERT INTO options (id, verse_id, position, type, text, target_type, target_verse_dn, target_location_dn, requirement, result, hidden, once, condition_group, conditional_targets, children) VALUES (2127, 917, 0, 'choice', 'Продолжить.', 'verse', 27, NULL, NULL, 'Каждый член команды получает 1 @Terror@ и теряет 1 @Energy@.', NULL, FALSE, NULL, NULL, NULL);
INSERT INTO verses (id, location_id, display_number) VALUES (918, 75, 31);
INSERT INTO options (id, verse_id, position, type, text, target_type, target_verse_dn, target_location_dn, requirement, result, hidden, once, condition_group, conditional_targets, children) VALUES (2128, 918, 0, 'condition', 'Если у вас есть часть 1 достижения «Поворот судьбы».', 'verse', 46, NULL, NULL, NULL, NULL, FALSE, NULL, NULL, NULL);
INSERT INTO options (id, verse_id, position, type, text, target_type, target_verse_dn, target_location_dn, requirement, result, hidden, once, condition_group, conditional_targets, children) VALUES (2129, 918, 1, 'choice', 'Сделать пожертвование, чтобы они вместо этого стали молиться за вас.', 'verse', 44, NULL, 'Потратьте 1 золото за персонажа.', NULL, NULL, FALSE, NULL, NULL, NULL);
INSERT INTO options (id, verse_id, position, type, text, target_type, target_verse_dn, target_location_dn, requirement, result, hidden, once, condition_group, conditional_targets, children) VALUES (2130, 918, 2, 'choice', 'Уйти.', 'end', NULL, NULL, NULL, 'Исследование окончено.', NULL, FALSE, NULL, NULL, NULL);
INSERT INTO verses (id, location_id, display_number) VALUES (919, 75, 32);
INSERT INTO options (id, verse_id, position, type, text, target_type, target_verse_dn, target_location_dn, requirement, result, hidden, once, condition_group, conditional_targets, children) VALUES (2131, 919, 0, 'choice', 'Поддержать жителей, передав оружие и броню.', 'end', NULL, NULL, 'Сбросьте 4 предмета с ключевым словом «оружие», «броня» или «щит».', 'Получите часть 2 достижения «Народный герой».  Исследование окончено.', NULL, FALSE, NULL, NULL, NULL);
INSERT INTO options (id, verse_id, position, type, text, target_type, target_verse_dn, target_location_dn, requirement, result, hidden, once, condition_group, conditional_targets, children) VALUES (2132, 919, 1, 'choice', 'Уйти.', 'end', NULL, NULL, NULL, 'Исследование окончено.', NULL, FALSE, NULL, NULL, NULL);
INSERT INTO verses (id, location_id, display_number) VALUES (920, 75, 33);
INSERT INTO options (id, verse_id, position, type, text, target_type, target_verse_dn, target_location_dn, requirement, result, hidden, once, condition_group, conditional_targets, children) VALUES (2133, 920, 0, 'condition', 'Если у вас есть хотя бы одна часть достижения «Время идёт» для текущей главы.', 'verse', 23, NULL, NULL, NULL, NULL, FALSE, NULL, NULL, NULL);
INSERT INTO options (id, verse_id, position, type, text, target_type, target_verse_dn, target_location_dn, requirement, result, hidden, once, condition_group, conditional_targets, children) VALUES (2134, 920, 1, 'choice', 'Поговорить с ним. Что такого в том, что вы простой путник?', 'verse', 61, NULL, NULL, NULL, NULL, FALSE, NULL, NULL, NULL);
INSERT INTO options (id, verse_id, position, type, text, target_type, target_verse_dn, target_location_dn, requirement, result, hidden, once, condition_group, conditional_targets, children) VALUES (2135, 920, 2, 'choice', 'Оттолкнуть его и подбежать к воротам в город.', 'verse', 40, NULL, NULL, NULL, NULL, FALSE, NULL, NULL, NULL);
INSERT INTO options (id, verse_id, position, type, text, target_type, target_verse_dn, target_location_dn, requirement, result, hidden, once, condition_group, conditional_targets, children) VALUES (2136, 920, 3, 'choice', 'Повернуть обратно и бежать в сторону рынка.', 'verse', 189, NULL, NULL, NULL, NULL, FALSE, NULL, NULL, NULL);
INSERT INTO verses (id, location_id, display_number) VALUES (921, 75, 34);
INSERT INTO options (id, verse_id, position, type, text, target_type, target_verse_dn, target_location_dn, requirement, result, hidden, once, condition_group, conditional_targets, children) VALUES (2137, 921, 0, 'choice', 'Согласиться, при условии что он перестанет грабить южан. Вы откажетесь от награды, но южане наконец будут в безопасности.', 'verse', 60, NULL, NULL, 'Поместите в эту локацию 1 @QuestToken@.', NULL, FALSE, NULL, NULL, NULL);
INSERT INTO options (id, verse_id, position, type, text, target_type, target_verse_dn, target_location_dn, requirement, result, hidden, once, condition_group, conditional_targets, children) VALUES (2138, 921, 1, 'choice', 'Согласиться, при условии что он всё-таки заплатит вам обещанную «награду».', 'verse', 60, NULL, NULL, 'Получите 2 золота за персонажа.  Возьмите 4 предмета Б, оставьте себе 2 из них и сбросьте остальные.', NULL, FALSE, NULL, NULL, NULL);
INSERT INTO options (id, verse_id, position, type, text, target_type, target_verse_dn, target_location_dn, requirement, result, hidden, once, condition_group, conditional_targets, children) VALUES (2139, 921, 2, 'choice', 'Согласиться и сообщить ему, где находится сокровищница Сурлузы, чтобы он перестал грабить южан. Вы получите свою награду и спасёте южан, но сокровища станут предметом спора, что непременно разгневает королевскую семью Лотиана.', 'verse', 60, NULL, NULL, 'Поместите в эту локацию 2 @QuestToken@.  Получите 2 золота за персонажа.  Возьмите 4 предмета Б, оставьте себе 2 из них и сбросьте остальные.', NULL, FALSE, NULL, NULL, NULL);
INSERT INTO options (id, verse_id, position, type, text, target_type, target_verse_dn, target_location_dn, requirement, result, hidden, once, condition_group, conditional_targets, children) VALUES (2140, 921, 3, 'choice', 'Отказаться. Вопрос о том, кто дальше будет главой дружины, решится здесь и сейчас в поединке.', 'verse', 81, NULL, NULL, NULL, NULL, FALSE, NULL, NULL, NULL);
INSERT INTO verses (id, location_id, display_number) VALUES (922, 75, 35);
INSERT INTO options (id, verse_id, position, type, text, target_type, target_verse_dn, target_location_dn, requirement, result, hidden, once, condition_group, conditional_targets, children) VALUES (2141, 922, 0, 'choice', 'Продолжать представление.', 'verse', 169, NULL, NULL, 'Осберт получает 1 @Terror@.  Получите часть 3 достижения «Бессердечность».', NULL, FALSE, NULL, NULL, NULL);
INSERT INTO options (id, verse_id, position, type, text, target_type, target_verse_dn, target_location_dn, requirement, result, hidden, once, condition_group, conditional_targets, children) VALUES (2142, 922, 1, 'choice', 'Дать Кливару сигнал и остановить представление.', 'verse', 43, NULL, NULL, NULL, NULL, FALSE, NULL, NULL, NULL);
INSERT INTO verses (id, location_id, display_number) VALUES (923, 75, 36);
INSERT INTO options (id, verse_id, position, type, text, target_type, target_verse_dn, target_location_dn, requirement, result, hidden, once, condition_group, conditional_targets, children) VALUES (2143, 923, 0, 'choice', 'Продолжить.', 'verse', 38, NULL, NULL, 'Получите часть 8 достижения «Топография».', NULL, FALSE, NULL, NULL, NULL);
INSERT INTO verses (id, location_id, display_number) VALUES (924, 75, 37);
INSERT INTO options (id, verse_id, position, type, text, target_type, target_verse_dn, target_location_dn, requirement, result, hidden, once, condition_group, conditional_targets, children) VALUES (2144, 924, 0, 'choice', 'Продолжить.', 'end', NULL, NULL, NULL, 'Каждый член команды получает 1 @Terror@ и 1 еду.   Получите часть 2 достижения «Изолют».  Видение окончено.', NULL, FALSE, NULL, NULL, NULL);
INSERT INTO verses (id, location_id, display_number) VALUES (925, 75, 38);
INSERT INTO options (id, verse_id, position, type, text, target_type, target_verse_dn, target_location_dn, requirement, result, hidden, once, condition_group, conditional_targets, children) VALUES (2145, 925, 0, 'choice', 'Заглянуть внутрь.', 'verse', 30, NULL, NULL, NULL, NULL, FALSE, NULL, NULL, NULL);
INSERT INTO options (id, verse_id, position, type, text, target_type, target_verse_dn, target_location_dn, requirement, result, hidden, once, condition_group, conditional_targets, children) VALUES (2146, 925, 1, 'choice', 'Идти дальше.', 'verse', 27, NULL, NULL, NULL, NULL, FALSE, NULL, NULL, NULL);
INSERT INTO options (id, verse_id, position, type, text, target_type, target_verse_dn, target_location_dn, requirement, result, hidden, once, condition_group, conditional_targets, children) VALUES (2147, 925, 2, 'choice', 'Если у вас есть синий светофильтр.', 'verse', 59, NULL, 'Посмотреть на котомку сквозь искажень-стекло. Возможно, у вас есть способ узнать, что внутри, не заглядывая в котомку…', NULL, NULL, FALSE, NULL, NULL, NULL);
INSERT INTO verses (id, location_id, display_number) VALUES (926, 75, 39);
INSERT INTO options (id, verse_id, position, type, text, target_type, target_verse_dn, target_location_dn, requirement, result, hidden, once, condition_group, conditional_targets, children) VALUES (2148, 926, 0, 'choice', 'Продолжить.', 'end', NULL, NULL, NULL, 'Исследование окончено.', NULL, FALSE, NULL, NULL, NULL);
INSERT INTO verses (id, location_id, display_number) VALUES (927, 75, 40);
INSERT INTO options (id, verse_id, position, type, text, target_type, target_verse_dn, target_location_dn, requirement, result, hidden, once, condition_group, conditional_targets, children) VALUES (2149, 927, 0, 'choice', 'Остаться и понаблюдать. Но можно ли было прохлаждаться на одном месте, когда вас ищет стражник?', 'verse', 45, NULL, NULL, NULL, NULL, FALSE, NULL, NULL, NULL);
INSERT INTO options (id, verse_id, position, type, text, target_type, target_verse_dn, target_location_dn, requirement, result, hidden, once, condition_group, conditional_targets, children) VALUES (2150, 927, 1, 'choice', 'Спросить у одного из монахов, что происходит.', 'verse', 61, NULL, NULL, NULL, NULL, FALSE, NULL, NULL, NULL);
INSERT INTO options (id, verse_id, position, type, text, target_type, target_verse_dn, target_location_dn, requirement, result, hidden, once, condition_group, conditional_targets, children) VALUES (2151, 927, 2, 'choice', 'Направиться к городским воротам.', 'verse', 55, NULL, NULL, NULL, NULL, FALSE, NULL, NULL, NULL);
INSERT INTO verses (id, location_id, display_number) VALUES (928, 75, 41);
INSERT INTO options (id, verse_id, position, type, text, target_type, target_verse_dn, target_location_dn, requirement, result, hidden, once, condition_group, conditional_targets, children) VALUES (2152, 928, 0, 'choice', 'Продолжить.', 'end', NULL, NULL, NULL, 'Получите часть 2 достижения «Изолют».  Получите часть 2 достижения «Реалист».  Видение окончено.', NULL, FALSE, NULL, NULL, NULL);
INSERT INTO verses (id, location_id, display_number) VALUES (929, 75, 42);
INSERT INTO options (id, verse_id, position, type, text, target_type, target_verse_dn, target_location_dn, requirement, result, hidden, once, condition_group, conditional_targets, children) VALUES (2153, 929, 0, 'choice', 'Продолжить.', 'verse', 15, NULL, NULL, NULL, NULL, FALSE, NULL, NULL, NULL);
INSERT INTO verses (id, location_id, display_number) VALUES (930, 75, 43);
INSERT INTO options (id, verse_id, position, type, text, target_type, target_verse_dn, target_location_dn, requirement, result, hidden, once, condition_group, conditional_targets, children) VALUES (2154, 930, 0, 'choice', 'Продолжить.', 'end', NULL, NULL, NULL, 'Исследование окончено.', NULL, FALSE, NULL, NULL, NULL);
INSERT INTO verses (id, location_id, display_number) VALUES (931, 75, 44);
INSERT INTO options (id, verse_id, position, type, text, target_type, target_verse_dn, target_location_dn, requirement, result, hidden, once, condition_group, conditional_targets, children) VALUES (2155, 931, 0, 'choice', 'Продолжить.', 'verse', 46, NULL, NULL, 'Если у вас нет части 1 достижения «Поворот судьбы», получите 1 @Terror@ и часть 1 достижения «Поворот судьбы».', NULL, FALSE, NULL, NULL, NULL);
INSERT INTO verses (id, location_id, display_number) VALUES (932, 75, 45);
INSERT INTO options (id, verse_id, position, type, text, target_type, target_verse_dn, target_location_dn, requirement, result, hidden, once, condition_group, conditional_targets, children) VALUES (2156, 932, 0, 'choice', 'Продолжить.', 'verse', 55, NULL, NULL, 'Получите часть 2 достижения «Смутная догадка».', NULL, FALSE, NULL, NULL, NULL);
INSERT INTO verses (id, location_id, display_number) VALUES (933, 75, 46);
INSERT INTO options (id, verse_id, position, type, text, target_type, target_verse_dn, target_location_dn, requirement, result, hidden, once, condition_group, conditional_targets, children) VALUES (2157, 933, 0, 'choice', 'Продолжить.', 'end', NULL, NULL, NULL, 'Исследование окончено.', NULL, FALSE, NULL, NULL, NULL);
INSERT INTO verses (id, location_id, display_number) VALUES (934, 75, 47);
INSERT INTO options (id, verse_id, position, type, text, target_type, target_verse_dn, target_location_dn, requirement, result, hidden, once, condition_group, conditional_targets, children) VALUES (2158, 934, 0, 'choice', 'Поднести им дары, чтобы задобрить.', 'verse', 49, NULL, 'Сбросьте 2 предмета или в общей сложности 4 золота и/или еды.', NULL, NULL, FALSE, NULL, NULL, NULL);
INSERT INTO options (id, verse_id, position, type, text, target_type, target_verse_dn, target_location_dn, requirement, result, hidden, once, condition_group, conditional_targets, children) VALUES (2159, 934, 1, 'choice', 'Оставить их в покое.', 'end', NULL, NULL, NULL, 'Исследование окончено.', NULL, FALSE, NULL, NULL, NULL);
INSERT INTO verses (id, location_id, display_number) VALUES (935, 75, 48);
INSERT INTO options (id, verse_id, position, type, text, target_type, target_verse_dn, target_location_dn, requirement, result, hidden, once, condition_group, conditional_targets, children) VALUES (2160, 935, 0, 'condition', 'Если у вас есть часть 3 достижения «Наглость».', 'verse', 117, NULL, NULL, NULL, NULL, FALSE, NULL, NULL, NULL);
INSERT INTO options (id, verse_id, position, type, text, target_type, target_verse_dn, target_location_dn, requirement, result, hidden, once, condition_group, conditional_targets, children) VALUES (2161, 935, 1, 'condition', 'В противном случае.', 'verse', 112, NULL, NULL, NULL, NULL, FALSE, NULL, NULL, NULL);
INSERT INTO verses (id, location_id, display_number) VALUES (936, 75, 49);
INSERT INTO options (id, verse_id, position, type, text, target_type, target_verse_dn, target_location_dn, requirement, result, hidden, once, condition_group, conditional_targets, children) VALUES (2162, 936, 0, 'choice', 'Продолжить.', 'end', NULL, NULL, NULL, 'Получите часть 4 достижения «Неудачи Непосвящённого».  Исследование окончено.', NULL, FALSE, NULL, NULL, NULL);
INSERT INTO verses (id, location_id, display_number) VALUES (937, 75, 50);
INSERT INTO options (id, verse_id, position, type, text, target_type, target_verse_dn, target_location_dn, requirement, result, hidden, once, condition_group, conditional_targets, children) VALUES (2163, 937, 0, 'condition', 'Если вы проходите главу 5—10.', 'cross_location', 602, 1001, NULL, NULL, NULL, FALSE, NULL, NULL, NULL);
INSERT INTO options (id, verse_id, position, type, text, target_type, target_verse_dn, target_location_dn, requirement, result, hidden, once, condition_group, conditional_targets, children) VALUES (2164, 937, 1, 'choice', '3 @Energy@ Лезть вверх по мосткам.', 'verse', 51, NULL, 'Нужны все персонажи.', NULL, NULL, FALSE, NULL, NULL, NULL);
INSERT INTO options (id, verse_id, position, type, text, target_type, target_verse_dn, target_location_dn, requirement, result, hidden, once, condition_group, conditional_targets, children) VALUES (2165, 937, 2, 'choice', 'Подойти к путешественнику.', 'verse', 65, NULL, NULL, NULL, NULL, FALSE, NULL, NULL, NULL);
INSERT INTO options (id, verse_id, position, type, text, target_type, target_verse_dn, target_location_dn, requirement, result, hidden, once, condition_group, conditional_targets, children) VALUES (2166, 937, 3, 'choice', 'Повернуть назад.', 'end', NULL, NULL, NULL, 'Переместите всех членов команды в локацию 105-Б.  Исследование окончено.', NULL, FALSE, NULL, NULL, NULL);
INSERT INTO verses (id, location_id, display_number) VALUES (938, 75, 51);
INSERT INTO options (id, verse_id, position, type, text, target_type, target_verse_dn, target_location_dn, requirement, result, hidden, once, condition_group, conditional_targets, children) VALUES (2167, 938, 0, 'condition', 'Если у вас нет карты секрета 8.', 'verse', 42, NULL, NULL, NULL, NULL, FALSE, NULL, NULL, NULL);
INSERT INTO options (id, verse_id, position, type, text, target_type, target_verse_dn, target_location_dn, requirement, result, hidden, once, condition_group, conditional_targets, children) VALUES (2168, 938, 1, 'choice', 'Воспротивиться клейму и найти способ избавиться от него. Ваша судьба принадлежит только вам! А искатели и их проклятье как-нибудь без вас обойдутся!', 'verse', 370, NULL, NULL, 'Уберите из игры карту секрета 8 и получите карту секрета 9.', NULL, FALSE, NULL, NULL, NULL);
INSERT INTO options (id, verse_id, position, type, text, target_type, target_verse_dn, target_location_dn, requirement, result, hidden, once, condition_group, conditional_targets, children) VALUES (2169, 938, 2, 'choice', 'Подчиниться клейму и принять свою миссию. Найти Короля-на-Востоке — давняя мечта многих героев Западного Авалона. И если верить искателям, именно у вас есть шанс её наконец-то исполнить.', 'verse', 370, NULL, NULL, 'Уберите из игры карту секрета 8 и получите карту секрета 6.', NULL, FALSE, NULL, NULL, NULL);
INSERT INTO verses (id, location_id, display_number) VALUES (939, 75, 52);
INSERT INTO options (id, verse_id, position, type, text, target_type, target_verse_dn, target_location_dn, requirement, result, hidden, once, condition_group, conditional_targets, children) VALUES (2170, 939, 0, 'condition', 'Если у вас есть часть 1 достижения «Песни Авалона».', 'end', NULL, NULL, NULL, 'Это было просто эхо.  Исследование окончено.', NULL, FALSE, NULL, NULL, NULL);
INSERT INTO options (id, verse_id, position, type, text, target_type, target_verse_dn, target_location_dn, requirement, result, hidden, once, condition_group, conditional_targets, children) VALUES (2171, 939, 1, 'choice', 'Продолжить.', 'end', NULL, NULL, NULL, 'Получите часть 1 достижения «Песни Авалона» и часть 1 достижения «Народный герой».  Каждый персонаж получает 1 опыт.  Исследование окончено.', NULL, FALSE, NULL, NULL, NULL);
INSERT INTO verses (id, location_id, display_number) VALUES (940, 75, 53);
INSERT INTO options (id, verse_id, position, type, text, target_type, target_verse_dn, target_location_dn, requirement, result, hidden, once, condition_group, conditional_targets, children) VALUES (2172, 940, 0, 'choice', 'Продолжить.', 'verse', 221, NULL, NULL, 'Получите часть 1 достижения «Королевские похороны».', NULL, FALSE, NULL, NULL, NULL);
INSERT INTO verses (id, location_id, display_number) VALUES (941, 75, 54);
INSERT INTO options (id, verse_id, position, type, text, target_type, target_verse_dn, target_location_dn, requirement, result, hidden, once, condition_group, conditional_targets, children) VALUES (2173, 941, 0, 'choice', 'Продолжить.', 'verse', 72, NULL, NULL, 'Получите часть 3 достижения «Личные дела».', NULL, FALSE, NULL, NULL, NULL);
INSERT INTO verses (id, location_id, display_number) VALUES (942, 75, 55);
INSERT INTO options (id, verse_id, position, type, text, target_type, target_verse_dn, target_location_dn, requirement, result, hidden, once, condition_group, conditional_targets, children) VALUES (2174, 942, 0, 'choice', '2 @Energy@ Активировать северо-западный путеводный камень.', 'verse', 211, NULL, 'Потратьте 1 магию за персонажа, потратьте 1 золото или 1 еду за персонажа.', NULL, NULL, FALSE, NULL, NULL, NULL);
INSERT INTO options (id, verse_id, position, type, text, target_type, target_verse_dn, target_location_dn, requirement, result, hidden, once, condition_group, conditional_targets, children) VALUES (2175, 942, 1, 'choice', '2 @Energy@ Сделать кровавое подношение, чтобы активировать северо-западный путеводный камень.', 'verse', 211, NULL, 'Потратьте 3 @Health@ за персонажа, получите 2 @Terror@ за персонажа.', NULL, NULL, FALSE, NULL, NULL, NULL);
INSERT INTO options (id, verse_id, position, type, text, target_type, target_verse_dn, target_location_dn, requirement, result, hidden, once, condition_group, conditional_targets, children) VALUES (2176, 942, 2, 'choice', 'Вернуться к рынку на берегу озера.', 'verse', 189, NULL, NULL, NULL, NULL, FALSE, NULL, NULL, NULL);
INSERT INTO verses (id, location_id, display_number) VALUES (943, 75, 56);
INSERT INTO options (id, verse_id, position, type, text, target_type, target_verse_dn, target_location_dn, requirement, result, hidden, once, condition_group, conditional_targets, children) VALUES (2177, 943, 0, 'choice', 'Продолжить.', 'end', NULL, NULL, NULL, 'Получите часть 5 достижения «Грехи владыки».  Исследование окончено.', NULL, FALSE, NULL, NULL, NULL);
INSERT INTO verses (id, location_id, display_number) VALUES (944, 75, 57);
INSERT INTO options (id, verse_id, position, type, text, target_type, target_verse_dn, target_location_dn, requirement, result, hidden, once, condition_group, conditional_targets, children) VALUES (2178, 944, 0, 'choice', 'Продолжить.', 'verse', 353, NULL, NULL, NULL, NULL, FALSE, NULL, NULL, NULL);
INSERT INTO verses (id, location_id, display_number) VALUES (945, 75, 58);
INSERT INTO options (id, verse_id, position, type, text, target_type, target_verse_dn, target_location_dn, requirement, result, hidden, once, condition_group, conditional_targets, children) VALUES (2179, 945, 0, 'choice', '1 @Energy@ Стрелять по разбойникам.', 'verse', 150, NULL, NULL, 'Гердвин получает 1 @Terror@.   Получите часть 1 достижения «Бессердечность».', NULL, FALSE, NULL, NULL, NULL);
INSERT INTO options (id, verse_id, position, type, text, target_type, target_verse_dn, target_location_dn, requirement, result, hidden, once, condition_group, conditional_targets, children) VALUES (2180, 945, 1, 'choice', 'Уйти.', 'end', NULL, NULL, NULL, 'Исследование окончено.', NULL, FALSE, NULL, NULL, NULL);
INSERT INTO verses (id, location_id, display_number) VALUES (946, 75, 59);
INSERT INTO options (id, verse_id, position, type, text, target_type, target_verse_dn, target_location_dn, requirement, result, hidden, once, condition_group, conditional_targets, children) VALUES (2181, 946, 0, 'choice', 'Продолжить.', 'verse', 27, NULL, NULL, NULL, NULL, FALSE, NULL, NULL, NULL);
INSERT INTO verses (id, location_id, display_number) VALUES (947, 75, 60);
INSERT INTO options (id, verse_id, position, type, text, target_type, target_verse_dn, target_location_dn, requirement, result, hidden, once, condition_group, conditional_targets, children) VALUES (2182, 947, 0, 'choice', 'Спасти соратницу. Вы схватились за оружие и бросились на помощь старой подруге. Шум перебудит всех в лагере, приведя к жестокой схватке между сторонниками Рольфа и вашими бывшими соратниками.', 'verse', 81, NULL, NULL, 'Получите часть 3 достижения «Личные дела».  Если в этой локации есть @QuestToken@, сбросьте их.', NULL, FALSE, NULL, NULL, NULL);
INSERT INTO options (id, verse_id, position, type, text, target_type, target_verse_dn, target_location_dn, requirement, result, hidden, once, condition_group, conditional_targets, children) VALUES (2183, 947, 1, 'choice', 'Отвернуться и отправиться прочь. Железная дружина осталась для вас в прошлом, и незачем за неё цепляться. Вам больше ничего от них не надо.', 'verse', 66, NULL, 'Важно: это завершит личную историю Гердвин здесь и сейчас.', NULL, NULL, FALSE, NULL, NULL, NULL);
INSERT INTO verses (id, location_id, display_number) VALUES (948, 75, 61);
INSERT INTO options (id, verse_id, position, type, text, target_type, target_verse_dn, target_location_dn, requirement, result, hidden, once, condition_group, conditional_targets, children) VALUES (2184, 948, 0, 'choice', 'Продолжить.', 'end', NULL, NULL, NULL, 'Каждый персонаж теряет 2 @Health@ и получает 2 @Terror@.   Исследование окончено.', NULL, FALSE, NULL, NULL, NULL);
INSERT INTO verses (id, location_id, display_number) VALUES (949, 75, 62);
INSERT INTO options (id, verse_id, position, type, text, target_type, target_verse_dn, target_location_dn, requirement, result, hidden, once, condition_group, conditional_targets, children) VALUES (2185, 949, 0, 'choice', 'Рассказать ей, как выращивают монотропы.', 'verse', 41, NULL, NULL, NULL, NULL, FALSE, NULL, NULL, NULL);
INSERT INTO options (id, verse_id, position, type, text, target_type, target_verse_dn, target_location_dn, requirement, result, hidden, once, condition_group, conditional_targets, children) VALUES (2186, 949, 1, 'choice', 'Кивнуть и принять ужин.', 'verse', 37, NULL, NULL, NULL, NULL, FALSE, NULL, NULL, NULL);
INSERT INTO verses (id, location_id, display_number) VALUES (950, 75, 63);
INSERT INTO options (id, verse_id, position, type, text, target_type, target_verse_dn, target_location_dn, requirement, result, hidden, once, condition_group, conditional_targets, children) VALUES (2187, 950, 0, 'condition', 'Если у вас есть часть 7 достижения «Что плохо лежит».', 'end', NULL, NULL, NULL, 'Здесь больше ничего не удастся найти.  Исследование окончено.', NULL, FALSE, NULL, NULL, NULL);
INSERT INTO options (id, verse_id, position, type, text, target_type, target_verse_dn, target_location_dn, requirement, result, hidden, once, condition_group, conditional_targets, children) VALUES (2188, 950, 1, 'choice', 'Продолжить.', 'end', NULL, NULL, NULL, 'Получите часть 7 достижения «Что плохо лежит».  Получите 3 золота и 1 предмет Д.  Исследование окончено.', NULL, FALSE, NULL, NULL, NULL);
INSERT INTO verses (id, location_id, display_number) VALUES (951, 75, 64);
INSERT INTO options (id, verse_id, position, type, text, target_type, target_verse_dn, target_location_dn, requirement, result, hidden, once, condition_group, conditional_targets, children) VALUES (2189, 951, 0, 'choice', 'Сказать, что править должен Аэд, а то, что в нём самом нет королевской крови, необходимо сохранить в тайне.', 'verse', 374, NULL, 'Если у вас нет части 5 достижения «Королевские похороны», вернитесь в главное меню и перейдите к строфе секрета 379.   Если у вас есть часть 5 достижения «Королевские похороны», нажмите «Принять».', NULL, NULL, FALSE, NULL, NULL, NULL);
INSERT INTO options (id, verse_id, position, type, text, target_type, target_verse_dn, target_location_dn, requirement, result, hidden, once, condition_group, conditional_targets, children) VALUES (2190, 951, 1, 'choice', 'Сказать, что править должны Скорбные близнецы, так как они королевской крови.', 'verse', 369, NULL, NULL, NULL, NULL, FALSE, NULL, NULL, NULL);
INSERT INTO options (id, verse_id, position, type, text, target_type, target_verse_dn, target_location_dn, requirement, result, hidden, once, condition_group, conditional_targets, children) VALUES (2191, 951, 2, 'choice', 'Сказать, что есть ещё один наследник — дочь Калеки.', 'verse', 361, NULL, 'Нужна часть 1 или часть 4 достижения «Семейные тайны».', NULL, NULL, FALSE, NULL, NULL, NULL);
INSERT INTO verses (id, location_id, display_number) VALUES (952, 75, 65);
INSERT INTO options (id, verse_id, position, type, text, target_type, target_verse_dn, target_location_dn, requirement, result, hidden, once, condition_group, conditional_targets, children) VALUES (2192, 952, 0, 'choice', 'Продолжить.', 'verse', 50, NULL, NULL, NULL, NULL, FALSE, NULL, NULL, NULL);
INSERT INTO verses (id, location_id, display_number) VALUES (953, 75, 66);
INSERT INTO options (id, verse_id, position, type, text, target_type, target_verse_dn, target_location_dn, requirement, result, hidden, once, condition_group, conditional_targets, children) VALUES (2193, 953, 0, 'condition', 'Если в этой локации 2 @QuestToken@.', 'verse', 67, NULL, NULL, 'Получите часть 4 достижения «Осведомитель» и часть 6 достижения «Великие деяния». Затем сбросьте эти @QuestToken@.', NULL, FALSE, NULL, NULL, NULL);
INSERT INTO options (id, verse_id, position, type, text, target_type, target_verse_dn, target_location_dn, requirement, result, hidden, once, condition_group, conditional_targets, children) VALUES (2194, 953, 1, 'condition', 'Если в этой локации 1 @QuestToken@.', 'verse', 67, NULL, NULL, 'Получите часть 6 достижения «Великие деяния». Затем сбросьте этот @QuestToken@.', NULL, FALSE, NULL, NULL, NULL);
INSERT INTO options (id, verse_id, position, type, text, target_type, target_verse_dn, target_location_dn, requirement, result, hidden, once, condition_group, conditional_targets, children) VALUES (2195, 953, 2, 'condition', 'В противном случае.', 'verse', 67, NULL, NULL, NULL, NULL, FALSE, NULL, NULL, NULL);
INSERT INTO verses (id, location_id, display_number) VALUES (954, 75, 67);
INSERT INTO options (id, verse_id, position, type, text, target_type, target_verse_dn, target_location_dn, requirement, result, hidden, once, condition_group, conditional_targets, children) VALUES (2196, 954, 0, 'choice', 'Продолжить.', 'end', NULL, NULL, NULL, 'Поздравляем! Гердвин сделала окончательный выбор в своей личной истории. Вы ознакомитесь с её развязкой, когда завершите игру.  o Получите часть 1 достижения «Конец пути» и часть 5 достижения «Личные дела».  o Гердвин получает 1 опыт, 4 золота и 2 предмета Б.  o Гердвин получает секретную карту 119 (карта боя «Прощальный выстрел») и секретную карту 124 (карта дипломатии «Непреклонность»). Замешайте их в соответствующие колоды.  Исследование окончено.', NULL, FALSE, NULL, NULL, NULL);
INSERT INTO verses (id, location_id, display_number) VALUES (955, 75, 68);
INSERT INTO options (id, verse_id, position, type, text, target_type, target_verse_dn, target_location_dn, requirement, result, hidden, once, condition_group, conditional_targets, children) VALUES (2197, 955, 0, 'choice', 'Продолжить.', 'verse', 400, NULL, NULL, NULL, NULL, FALSE, NULL, NULL, NULL);
INSERT INTO verses (id, location_id, display_number) VALUES (956, 75, 69);
INSERT INTO options (id, verse_id, position, type, text, target_type, target_verse_dn, target_location_dn, requirement, result, hidden, once, condition_group, conditional_targets, children) VALUES (2198, 956, 0, 'condition', 'Если у вас есть часть 1 достижения «Дружба со знатью».', 'verse', 325, NULL, NULL, NULL, NULL, FALSE, NULL, NULL, NULL);
INSERT INTO options (id, verse_id, position, type, text, target_type, target_verse_dn, target_location_dn, requirement, result, hidden, once, condition_group, conditional_targets, children) VALUES (2199, 956, 1, 'condition', 'Если у вас есть хотя бы две части достижения «Что плохо лежит».', 'verse', 382, NULL, NULL, NULL, NULL, FALSE, NULL, NULL, NULL);
INSERT INTO options (id, verse_id, position, type, text, target_type, target_verse_dn, target_location_dn, requirement, result, hidden, once, condition_group, conditional_targets, children) VALUES (2200, 956, 2, 'condition', 'Если у вас есть часть 1 достижения «Народный герой».', 'verse', 267, NULL, NULL, NULL, NULL, FALSE, NULL, NULL, NULL);
INSERT INTO options (id, verse_id, position, type, text, target_type, target_verse_dn, target_location_dn, requirement, result, hidden, once, condition_group, conditional_targets, children) VALUES (2201, 956, 3, 'condition', 'В противном случае.', 'verse', 127, NULL, NULL, NULL, NULL, FALSE, NULL, NULL, NULL);
INSERT INTO verses (id, location_id, display_number) VALUES (957, 75, 70);
INSERT INTO options (id, verse_id, position, type, text, target_type, target_verse_dn, target_location_dn, requirement, result, hidden, once, condition_group, conditional_targets, children) VALUES (2202, 957, 0, 'condition', 'Если у вас есть часть 1 достижения «Тайные послания» или хотя бы 1 очко @Spirituality@.', 'verse', 85, NULL, NULL, NULL, NULL, FALSE, NULL, NULL, NULL);
INSERT INTO options (id, verse_id, position, type, text, target_type, target_verse_dn, target_location_dn, requirement, result, hidden, once, condition_group, conditional_targets, children) VALUES (2203, 957, 1, 'condition', 'В противном случае.', 'verse', 84, NULL, NULL, NULL, NULL, FALSE, NULL, NULL, NULL);
INSERT INTO verses (id, location_id, display_number) VALUES (958, 75, 71);
INSERT INTO options (id, verse_id, position, type, text, target_type, target_verse_dn, target_location_dn, requirement, result, hidden, once, condition_group, conditional_targets, children) VALUES (2204, 958, 0, 'choice', 'Продолжить.', 'end', NULL, NULL, NULL, 'Получите часть 4 достижения «Наглость».  Персонажи с 0 @Health@ умирают (см. «Смерть» на с. 37 правил игры).  Исследование окончено.', NULL, FALSE, NULL, NULL, NULL);
INSERT INTO verses (id, location_id, display_number) VALUES (959, 75, 72);
INSERT INTO options (id, verse_id, position, type, text, target_type, target_verse_dn, target_location_dn, requirement, result, hidden, once, condition_group, conditional_targets, children) VALUES (2205, 959, 0, 'choice', 'Продолжить.', 'verse', 81, NULL, NULL, NULL, NULL, FALSE, NULL, NULL, NULL);
INSERT INTO verses (id, location_id, display_number) VALUES (960, 75, 73);
INSERT INTO options (id, verse_id, position, type, text, target_type, target_verse_dn, target_location_dn, requirement, result, hidden, once, condition_group, conditional_targets, children) VALUES (2206, 960, 0, 'choice', 'Заплатить лавочнику.', 'verse', 128, NULL, 'Только если у вас нет части 2 достижения «Заготовки». Потратьте 2 золота.', NULL, NULL, FALSE, NULL, NULL, NULL);
INSERT INTO options (id, verse_id, position, type, text, target_type, target_verse_dn, target_location_dn, requirement, result, hidden, once, condition_group, conditional_targets, children) VALUES (2207, 960, 1, 'choice', 'Попробовать поторговаться с лавочником.', 'verse', 61, NULL, NULL, NULL, NULL, FALSE, NULL, NULL, NULL);
INSERT INTO options (id, verse_id, position, type, text, target_type, target_verse_dn, target_location_dn, requirement, result, hidden, once, condition_group, conditional_targets, children) VALUES (2208, 960, 2, 'choice', 'Отправиться в другое место.', 'verse', 189, NULL, NULL, NULL, NULL, FALSE, NULL, NULL, NULL);
INSERT INTO verses (id, location_id, display_number) VALUES (961, 75, 74);
INSERT INTO options (id, verse_id, position, type, text, target_type, target_verse_dn, target_location_dn, requirement, result, hidden, once, condition_group, conditional_targets, children) VALUES (2209, 961, 0, 'condition', 'Если у вас есть часть 1 достижения «Песни Авалона».', 'verse', 57, NULL, NULL, NULL, NULL, FALSE, NULL, NULL, NULL);
INSERT INTO options (id, verse_id, position, type, text, target_type, target_verse_dn, target_location_dn, requirement, result, hidden, once, condition_group, conditional_targets, children) VALUES (2210, 961, 1, 'choice', 'Продолжить.', 'verse', 353, NULL, NULL, NULL, NULL, FALSE, NULL, NULL, NULL);
INSERT INTO verses (id, location_id, display_number) VALUES (962, 75, 75);
INSERT INTO options (id, verse_id, position, type, text, target_type, target_verse_dn, target_location_dn, requirement, result, hidden, once, condition_group, conditional_targets, children) VALUES (2211, 962, 0, 'choice', 'Вытащить и открыть ящик.', 'verse', 156, NULL, NULL, NULL, NULL, FALSE, NULL, NULL, NULL);
INSERT INTO options (id, verse_id, position, type, text, target_type, target_verse_dn, target_location_dn, requirement, result, hidden, once, condition_group, conditional_targets, children) VALUES (2212, 962, 1, 'choice', 'Уйти.', 'end', NULL, NULL, NULL, 'Исследование окончено.', NULL, FALSE, NULL, NULL, NULL);
INSERT INTO verses (id, location_id, display_number) VALUES (963, 75, 76);
INSERT INTO options (id, verse_id, position, type, text, target_type, target_verse_dn, target_location_dn, requirement, result, hidden, once, condition_group, conditional_targets, children) VALUES (2213, 963, 0, 'condition', 'Если у вас есть часть 1 достижения «Что плохо лежит».', 'verse', 122, NULL, NULL, NULL, NULL, FALSE, NULL, NULL, NULL);
INSERT INTO options (id, verse_id, position, type, text, target_type, target_verse_dn, target_location_dn, requirement, result, hidden, once, condition_group, conditional_targets, children) VALUES (2214, 963, 1, 'choice', 'Продолжить.', 'verse', 189, NULL, NULL, 'Получите часть 1 достижения «Что плохо лежит», 2 золота и 1 магию.', NULL, FALSE, NULL, NULL, NULL);
INSERT INTO verses (id, location_id, display_number) VALUES (964, 75, 77);
INSERT INTO options (id, verse_id, position, type, text, target_type, target_verse_dn, target_location_dn, requirement, result, hidden, once, condition_group, conditional_targets, children) VALUES (2215, 964, 0, 'choice', 'Продолжить.', 'end', NULL, NULL, NULL, 'Каждый персонаж теряет 2 @Health@ и получает 2 @Terror@.  Исследование окончено. Продолжайте читать карту сюжетного события.', NULL, FALSE, NULL, NULL, NULL);
INSERT INTO verses (id, location_id, display_number) VALUES (965, 75, 78);
INSERT INTO options (id, verse_id, position, type, text, target_type, target_verse_dn, target_location_dn, requirement, result, hidden, once, condition_group, conditional_targets, children) VALUES (2216, 965, 0, 'choice', 'Продолжить.', 'end', NULL, NULL, NULL, 'Исследование окончено.', NULL, FALSE, NULL, NULL, NULL);
INSERT INTO verses (id, location_id, display_number) VALUES (966, 75, 79);
INSERT INTO options (id, verse_id, position, type, text, target_type, target_verse_dn, target_location_dn, requirement, result, hidden, once, condition_group, conditional_targets, children) VALUES (2217, 966, 0, 'choice', 'Продолжить.', 'verse', 127, NULL, NULL, NULL, NULL, FALSE, NULL, NULL, NULL);
INSERT INTO verses (id, location_id, display_number) VALUES (967, 75, 80);
INSERT INTO options (id, verse_id, position, type, text, target_type, target_verse_dn, target_location_dn, requirement, result, hidden, once, condition_group, conditional_targets, children) VALUES (2218, 967, 0, 'choice', 'Продолжить.', 'end', NULL, NULL, NULL, 'Каждый член команды получает 1 @Terror@.   Получите часть 6 достижения «Небольшая услуга».  Исследование окончено.', NULL, FALSE, NULL, NULL, NULL);
INSERT INTO verses (id, location_id, display_number) VALUES (968, 75, 81);
INSERT INTO options (id, verse_id, position, type, text, target_type, target_verse_dn, target_location_dn, requirement, result, hidden, once, condition_group, conditional_targets, children) VALUES (2219, 968, 0, 'condition', 'Если @Health@ любого персонажа упадёт до 0.', 'verse', 71, NULL, NULL, NULL, NULL, FALSE, NULL, NULL, NULL);
INSERT INTO options (id, verse_id, position, type, text, target_type, target_verse_dn, target_location_dn, requirement, result, hidden, once, condition_group, conditional_targets, children) VALUES (2220, 968, 1, 'condition', 'Если @Health@ любого персонажа упадёт до 0.', 'verse', 87, NULL, NULL, NULL, NULL, FALSE, NULL, NULL, NULL);
INSERT INTO options (id, verse_id, position, type, text, target_type, target_verse_dn, target_location_dn, requirement, result, hidden, once, condition_group, conditional_targets, children) VALUES (2221, 968, 2, 'condition', 'Если вы победили.', 'verse', 87, NULL, NULL, NULL, NULL, FALSE, NULL, NULL, NULL);
INSERT INTO options (id, verse_id, position, type, text, target_type, target_verse_dn, target_location_dn, requirement, result, hidden, once, condition_group, conditional_targets, children) VALUES (2222, 968, 3, 'condition', 'В противном случае.', 'end', NULL, NULL, NULL, 'Одержав победу, Рольф приказал выбросить вас за ворота лагеря.  Получите часть 4 достижения «Наглость».  Исследование окончено.', NULL, FALSE, NULL, NULL, NULL);
INSERT INTO verses (id, location_id, display_number) VALUES (969, 75, 82);
INSERT INTO options (id, verse_id, position, type, text, target_type, target_verse_dn, target_location_dn, requirement, result, hidden, once, condition_group, conditional_targets, children) VALUES (2223, 969, 0, 'condition', 'Если у вас есть часть 1 достижения «Сквозь искажень-стекло».', 'end', NULL, NULL, NULL, 'Здесь больше ничего не удастся найти.  Исследование окончено.', NULL, FALSE, NULL, NULL, NULL);
INSERT INTO options (id, verse_id, position, type, text, target_type, target_verse_dn, target_location_dn, requirement, result, hidden, once, condition_group, conditional_targets, children) VALUES (2224, 969, 1, 'choice', 'Продолжить.', 'end', NULL, NULL, NULL, 'Получите 1 золото, 1 магию и часть 1 достижения «Сквозь искажень-стекло».  Исследование окончено.', NULL, FALSE, NULL, NULL, NULL);
INSERT INTO verses (id, location_id, display_number) VALUES (970, 75, 83);
INSERT INTO verses (id, location_id, display_number) VALUES (971, 75, 84);
INSERT INTO options (id, verse_id, position, type, text, target_type, target_verse_dn, target_location_dn, requirement, result, hidden, once, condition_group, conditional_targets, children) VALUES (2225, 971, 0, 'choice', 'Продолжить.', 'end', NULL, NULL, NULL, 'Исследование окончено.', NULL, FALSE, NULL, NULL, NULL);
INSERT INTO verses (id, location_id, display_number) VALUES (972, 75, 85);
INSERT INTO options (id, verse_id, position, type, text, target_type, target_verse_dn, target_location_dn, requirement, result, hidden, once, condition_group, conditional_targets, children) VALUES (2226, 972, 0, 'condition', 'Если у вас есть часть 2 достижения «Что плохо лежит».', 'verse', 84, NULL, NULL, NULL, NULL, FALSE, NULL, NULL, NULL);
INSERT INTO options (id, verse_id, position, type, text, target_type, target_verse_dn, target_location_dn, requirement, result, hidden, once, condition_group, conditional_targets, children) VALUES (2227, 972, 1, 'choice', 'Продолжить.', 'end', NULL, NULL, NULL, 'Исследование окончено.', NULL, FALSE, NULL, NULL, NULL);
INSERT INTO verses (id, location_id, display_number) VALUES (973, 75, 86);
INSERT INTO options (id, verse_id, position, type, text, target_type, target_verse_dn, target_location_dn, requirement, result, hidden, once, condition_group, conditional_targets, children) VALUES (2228, 973, 0, 'choice', 'Продолжить.', 'verse', 92, NULL, NULL, 'Получите часть 4 достижения «Трофеи искаженья».', NULL, FALSE, NULL, NULL, NULL);
INSERT INTO verses (id, location_id, display_number) VALUES (974, 75, 87);
INSERT INTO options (id, verse_id, position, type, text, target_type, target_verse_dn, target_location_dn, requirement, result, hidden, once, condition_group, conditional_targets, children) VALUES (2229, 974, 0, 'choice', 'Продолжить.', 'verse', 90, NULL, NULL, 'Гердвин получает 1 опыт.', NULL, FALSE, NULL, NULL, NULL);
INSERT INTO verses (id, location_id, display_number) VALUES (975, 75, 88);
INSERT INTO options (id, verse_id, position, type, text, target_type, target_verse_dn, target_location_dn, requirement, result, hidden, once, condition_group, conditional_targets, children) VALUES (2230, 975, 0, 'choice', 'Продолжить.', 'verse', 410, NULL, NULL, NULL, NULL, FALSE, NULL, NULL, NULL);
INSERT INTO verses (id, location_id, display_number) VALUES (976, 75, 89);
INSERT INTO options (id, verse_id, position, type, text, target_type, target_verse_dn, target_location_dn, requirement, result, hidden, once, condition_group, conditional_targets, children) VALUES (2231, 976, 0, 'choice', 'Продолжить.', 'verse', 92, NULL, NULL, 'Каждый член команды суммирует значения своих @Energy@, @Health@ и @Terror@, затем опускает свои @Energy@, @Health@ и @Terror@ до 0 и выставляет на этих трёх шкалах любые значения таким образом, чтобы их сумма была равна прежде высчитанной.  Важно: по-прежнему учитывайте все ограничения (такие как эффект маркера @Health@ или длина шкалы).  Получите часть 4 достижения «Трофеи искаженья».', NULL, FALSE, NULL, NULL, NULL);
INSERT INTO verses (id, location_id, display_number) VALUES (977, 75, 90);
INSERT INTO options (id, verse_id, position, type, text, target_type, target_verse_dn, target_location_dn, requirement, result, hidden, once, condition_group, conditional_targets, children) VALUES (2232, 977, 0, 'choice', 'Посоветовать и дальше собирать долги с южан. Набеги продолжатся, но это даст возможность ослабленной дружине выжить.', 'verse', 93, NULL, NULL, NULL, NULL, FALSE, NULL, NULL, NULL);
INSERT INTO options (id, verse_id, position, type, text, target_type, target_verse_dn, target_location_dn, requirement, result, hidden, once, condition_group, conditional_targets, children) VALUES (2233, 977, 1, 'choice', 'Посоветовать оставить южан в покое и выживать иначе. Железная дружина ещё больше ослабнет, зато для южан наступит мир.', 'verse', 93, NULL, NULL, 'Получите часть 6 достижения «Великие деяния» и часть 4 достижения «Личные дела».', NULL, FALSE, NULL, NULL, NULL);
INSERT INTO options (id, verse_id, position, type, text, target_type, target_verse_dn, target_location_dn, requirement, result, hidden, once, condition_group, conditional_targets, children) VALUES (2234, 977, 2, 'choice', 'Сообщить им, где находится сокровищница Сурлузы, чтобы они перестали грабить южан. Вы спасёте южан, но сокровища станут предметом спора, что непременно разгневает королевскую семью Лотиана.', 'verse', 93, NULL, NULL, 'Получите часть 4 достижения «Осведомитель» и часть 6 достижения «Великие деяния».', NULL, FALSE, NULL, NULL, NULL);
INSERT INTO options (id, verse_id, position, type, text, target_type, target_verse_dn, target_location_dn, requirement, result, hidden, once, condition_group, conditional_targets, children) VALUES (2235, 977, 3, 'choice', 'Посоветовать им отправить посланников к королевской семье Лотиана за причитающимся долгом. Недавно в Лотиане сменилась власть. Можно убедить преемника короля Лота сдержать давно данное слово.', 'verse', 93, NULL, 'Нужны хотя бы 2 очка @Practicality@ и часть 1 достижения «Королевские похороны».', 'Получите часть 6 достижения «Великие деяния».', NULL, FALSE, NULL, NULL, NULL);
INSERT INTO verses (id, location_id, display_number) VALUES (978, 75, 91);
INSERT INTO verses (id, location_id, display_number) VALUES (979, 75, 92);
INSERT INTO options (id, verse_id, position, type, text, target_type, target_verse_dn, target_location_dn, requirement, result, hidden, once, condition_group, conditional_targets, children) VALUES (2236, 979, 0, 'choice', 'Отправиться туда немедленно.', 'verse', 95, NULL, 'Это закончит ваш день.', 'Переместите всех персонажей и спутников в локацию 110. Если она лежит @Clear@ стороной вверх, не применяйте её @Thunder@ эффект.  Каждый персонаж теряет всю свою @Energy@.', NULL, FALSE, NULL, NULL, NULL);
INSERT INTO options (id, verse_id, position, type, text, target_type, target_verse_dn, target_location_dn, requirement, result, hidden, once, condition_group, conditional_targets, children) VALUES (2237, 979, 1, 'choice', 'Остаться здесь. У вас остались незаконченные дела к югу от перевала Короля.', 'verse', 95, NULL, NULL, NULL, NULL, FALSE, NULL, NULL, NULL);
INSERT INTO verses (id, location_id, display_number) VALUES (980, 75, 93);
INSERT INTO options (id, verse_id, position, type, text, target_type, target_verse_dn, target_location_dn, requirement, result, hidden, once, condition_group, conditional_targets, children) VALUES (2238, 980, 0, 'choice', 'Продолжить.', 'end', NULL, NULL, NULL, 'Получите часть 5 достижения «Личные дела».  Получите 2 золота за персонажа. Возьмите 4 предмета Б, оставьте себе 2 из них и сбросьте остальные.  Исследование окончено.', NULL, FALSE, NULL, NULL, NULL);
INSERT INTO verses (id, location_id, display_number) VALUES (981, 75, 94);
INSERT INTO options (id, verse_id, position, type, text, target_type, target_verse_dn, target_location_dn, requirement, result, hidden, once, condition_group, conditional_targets, children) VALUES (2239, 981, 0, 'choice', 'Заплатить лавочнику.', 'verse', 142, NULL, 'Только если у вас нет части 3 достижения «Заготовки». Потратьте 2 золота.', NULL, NULL, FALSE, NULL, NULL, NULL);
INSERT INTO options (id, verse_id, position, type, text, target_type, target_verse_dn, target_location_dn, requirement, result, hidden, once, condition_group, conditional_targets, children) VALUES (2240, 981, 1, 'choice', 'Попробовать поторговаться с лавочником.', 'verse', 61, NULL, NULL, NULL, NULL, FALSE, NULL, NULL, NULL);
INSERT INTO options (id, verse_id, position, type, text, target_type, target_verse_dn, target_location_dn, requirement, result, hidden, once, condition_group, conditional_targets, children) VALUES (2241, 981, 2, 'choice', 'Отправиться в другое место.', 'verse', 189, NULL, NULL, NULL, NULL, FALSE, NULL, NULL, NULL);
INSERT INTO verses (id, location_id, display_number) VALUES (982, 75, 95);
INSERT INTO options (id, verse_id, position, type, text, target_type, target_verse_dn, target_location_dn, requirement, result, hidden, once, condition_group, conditional_targets, children) VALUES (2242, 982, 0, 'choice', 'Продолжить.', 'end', NULL, NULL, NULL, 'Исследование окончено.', NULL, FALSE, NULL, NULL, NULL);
INSERT INTO verses (id, location_id, display_number) VALUES (983, 75, 96);
INSERT INTO options (id, verse_id, position, type, text, target_type, target_verse_dn, target_location_dn, requirement, result, hidden, once, condition_group, conditional_targets, children) VALUES (2243, 983, 0, 'choice', 'Ангел.', 'verse', 80, NULL, NULL, NULL, NULL, FALSE, NULL, NULL, NULL);
INSERT INTO options (id, verse_id, position, type, text, target_type, target_verse_dn, target_location_dn, requirement, result, hidden, once, condition_group, conditional_targets, children) VALUES (2244, 983, 1, 'choice', 'Книга.', 'verse', 72, NULL, NULL, NULL, NULL, FALSE, NULL, NULL, NULL);
INSERT INTO options (id, verse_id, position, type, text, target_type, target_verse_dn, target_location_dn, requirement, result, hidden, once, condition_group, conditional_targets, children) VALUES (2245, 983, 2, 'choice', 'Кристальный шар.', 'verse', 410, NULL, NULL, NULL, NULL, FALSE, NULL, NULL, NULL);
INSERT INTO options (id, verse_id, position, type, text, target_type, target_verse_dn, target_location_dn, requirement, result, hidden, once, condition_group, conditional_targets, children) VALUES (2246, 983, 3, 'choice', 'Эхо.', 'verse', 186, NULL, NULL, NULL, NULL, FALSE, NULL, NULL, NULL);
INSERT INTO options (id, verse_id, position, type, text, target_type, target_verse_dn, target_location_dn, requirement, result, hidden, once, condition_group, conditional_targets, children) VALUES (2247, 983, 4, 'choice', 'Воображение.', 'cross_location', 816, 1001, NULL, NULL, NULL, FALSE, NULL, NULL, NULL);
INSERT INTO options (id, verse_id, position, type, text, target_type, target_verse_dn, target_location_dn, requirement, result, hidden, once, condition_group, conditional_targets, children) VALUES (2248, 983, 5, 'choice', 'Оракул.', 'verse', 111, NULL, NULL, NULL, NULL, FALSE, NULL, NULL, NULL);
INSERT INTO options (id, verse_id, position, type, text, target_type, target_verse_dn, target_location_dn, requirement, result, hidden, once, condition_group, conditional_targets, children) VALUES (2249, 983, 6, 'choice', 'Сова.', 'verse', 94, NULL, NULL, NULL, NULL, FALSE, NULL, NULL, NULL);
INSERT INTO options (id, verse_id, position, type, text, target_type, target_verse_dn, target_location_dn, requirement, result, hidden, once, condition_group, conditional_targets, children) VALUES (2250, 983, 7, 'choice', 'Пророк.', 'verse', 67, NULL, NULL, NULL, NULL, FALSE, NULL, NULL, NULL);
INSERT INTO options (id, verse_id, position, type, text, target_type, target_verse_dn, target_location_dn, requirement, result, hidden, once, condition_group, conditional_targets, children) VALUES (2251, 983, 8, 'choice', 'Отражение.', 'verse', 433, NULL, NULL, NULL, NULL, FALSE, NULL, NULL, NULL);
INSERT INTO options (id, verse_id, position, type, text, target_type, target_verse_dn, target_location_dn, requirement, result, hidden, once, condition_group, conditional_targets, children) VALUES (2252, 983, 9, 'choice', 'Слуга.', 'verse', 449, NULL, NULL, NULL, NULL, FALSE, NULL, NULL, NULL);
INSERT INTO verses (id, location_id, display_number) VALUES (984, 75, 97);
INSERT INTO options (id, verse_id, position, type, text, target_type, target_verse_dn, target_location_dn, requirement, result, hidden, once, condition_group, conditional_targets, children) VALUES (2253, 984, 0, 'condition', 'Нажмите сюда, если хотите увидеть решение.', 'verse', 97, NULL, NULL, 'Вам нужно отправиться в Колонию-Мариану (восток) на юге провинции.', NULL, FALSE, NULL, NULL, NULL);
INSERT INTO options (id, verse_id, position, type, text, target_type, target_verse_dn, target_location_dn, requirement, result, hidden, once, condition_group, conditional_targets, children) VALUES (2254, 984, 1, 'choice', 'Продолжить.', 'end', NULL, NULL, NULL, 'Действие окончено.', NULL, FALSE, NULL, NULL, NULL);
INSERT INTO verses (id, location_id, display_number) VALUES (985, 75, 98);
INSERT INTO options (id, verse_id, position, type, text, target_type, target_verse_dn, target_location_dn, requirement, result, hidden, once, condition_group, conditional_targets, children) VALUES (2255, 985, 0, 'condition', 'Нажмите сюда, если хотите увидеть решение.', 'verse', 98, NULL, NULL, 'Приходить на Угрюмый хребет будет опасно. Убедитесь, что вы здоровы и хорошо снаряжены, прежде чем входить в эту локацию.', NULL, FALSE, NULL, NULL, NULL);
INSERT INTO options (id, verse_id, position, type, text, target_type, target_verse_dn, target_location_dn, requirement, result, hidden, once, condition_group, conditional_targets, children) VALUES (2256, 985, 1, 'choice', 'Продолжить.', 'end', NULL, NULL, NULL, 'Действие окончено.', NULL, FALSE, NULL, NULL, NULL);
INSERT INTO verses (id, location_id, display_number) VALUES (986, 75, 99);
INSERT INTO options (id, verse_id, position, type, text, target_type, target_verse_dn, target_location_dn, requirement, result, hidden, once, condition_group, conditional_targets, children) VALUES (2257, 986, 0, 'condition', 'Нажмите сюда, если хотите увидеть решение.', 'verse', 99, NULL, NULL, 'Когда вы придёте в Колонию-Мариану (восток), ваша глава завершится. Если вы хотите разобраться с незаконченными делами, сделайте это, прежде чем вернуться к Октавии.', NULL, FALSE, NULL, NULL, NULL);
INSERT INTO options (id, verse_id, position, type, text, target_type, target_verse_dn, target_location_dn, requirement, result, hidden, once, condition_group, conditional_targets, children) VALUES (2258, 986, 1, 'choice', 'Продолжить.', 'end', NULL, NULL, NULL, 'Действие окончено.', NULL, FALSE, NULL, NULL, NULL);
INSERT INTO verses (id, location_id, display_number) VALUES (987, 75, 100);
INSERT INTO options (id, verse_id, position, type, text, target_type, target_verse_dn, target_location_dn, requirement, result, hidden, once, condition_group, conditional_targets, children) VALUES (2259, 987, 0, 'choice', 'Продолжить.', 'end', NULL, NULL, NULL, 'Каждый член команды получает 3 магии.  Переместите всех членов команды в локацию 153 («Угрюмый хребет»).  Исследование окончено.', NULL, FALSE, NULL, NULL, NULL);
INSERT INTO verses (id, location_id, display_number) VALUES (988, 75, 101);
INSERT INTO options (id, verse_id, position, type, text, target_type, target_verse_dn, target_location_dn, requirement, result, hidden, once, condition_group, conditional_targets, children) VALUES (2260, 988, 0, 'choice', 'Продолжить.', 'end', NULL, NULL, NULL, 'Получите часть 2 достижения «Грехи владыки».  Исследование окончено.', NULL, FALSE, NULL, NULL, NULL);
INSERT INTO verses (id, location_id, display_number) VALUES (989, 75, 102);
INSERT INTO options (id, verse_id, position, type, text, target_type, target_verse_dn, target_location_dn, requirement, result, hidden, once, condition_group, conditional_targets, children) VALUES (2261, 989, 0, 'choice', 'Позволить стражникам схватить её. Коронация пройдёт, как и было запланировано.', 'verse', 171, NULL, NULL, NULL, NULL, FALSE, NULL, NULL, NULL);
INSERT INTO options (id, verse_id, position, type, text, target_type, target_verse_dn, target_location_dn, requirement, result, hidden, once, condition_group, conditional_targets, children) VALUES (2262, 989, 1, 'choice', 'Поддержать её притязания на трон. С доказательствами на руках вы вполне способны возвести на трон юную Эльдриду.', 'verse', 194, NULL, 'Нужна часть 4 или 5 достижения «Семейные тайны».', NULL, NULL, FALSE, NULL, NULL, NULL);
INSERT INTO verses (id, location_id, display_number) VALUES (990, 75, 103);
INSERT INTO options (id, verse_id, position, type, text, target_type, target_verse_dn, target_location_dn, requirement, result, hidden, once, condition_group, conditional_targets, children) VALUES (2263, 990, 0, 'condition', 'Нажмите сюда, если хотите увидеть решение.', 'verse', 103, NULL, NULL, 'Если вы хотите выполнить миссию Капреллиды, отправьтесь в Вороний приют (161).  Если вы хотите самостоятельно добыть информацию:  o Отправьтесь к Одинокому шпилю и войдите в башню.  o Отправьтесь в Вороний приют, когда карта этой локации лежит искажённой стороной вверх.', NULL, FALSE, NULL, NULL, NULL);
INSERT INTO options (id, verse_id, position, type, text, target_type, target_verse_dn, target_location_dn, requirement, result, hidden, once, condition_group, conditional_targets, children) VALUES (2264, 990, 1, 'choice', 'Продолжить.', 'end', NULL, NULL, NULL, 'Действие окончено.', NULL, FALSE, NULL, NULL, NULL);
INSERT INTO verses (id, location_id, display_number) VALUES (991, 75, 104);
INSERT INTO options (id, verse_id, position, type, text, target_type, target_verse_dn, target_location_dn, requirement, result, hidden, once, condition_group, conditional_targets, children) VALUES (2265, 991, 0, 'condition', 'Нажмите сюда, если хотите увидеть решение.', 'verse', 104, NULL, NULL, 'Навестите Капреллиду в Колонии-Мариане (восток).', NULL, FALSE, NULL, NULL, NULL);
INSERT INTO options (id, verse_id, position, type, text, target_type, target_verse_dn, target_location_dn, requirement, result, hidden, once, condition_group, conditional_targets, children) VALUES (2266, 991, 1, 'choice', 'Продолжить.', 'end', NULL, NULL, NULL, 'Действие окончено.', NULL, FALSE, NULL, NULL, NULL);
INSERT INTO verses (id, location_id, display_number) VALUES (992, 75, 105);
INSERT INTO options (id, verse_id, position, type, text, target_type, target_verse_dn, target_location_dn, requirement, result, hidden, once, condition_group, conditional_targets, children) VALUES (2267, 992, 0, 'condition', 'Нажмите сюда, если хотите увидеть решение.', 'verse', 105, NULL, NULL, 'Отправьтесь в Первый Шаг. Будет предусмотрительно сначала подлечиться.', NULL, FALSE, NULL, NULL, NULL);
INSERT INTO options (id, verse_id, position, type, text, target_type, target_verse_dn, target_location_dn, requirement, result, hidden, once, condition_group, conditional_targets, children) VALUES (2268, 992, 1, 'choice', 'Продолжить.', 'end', NULL, NULL, NULL, 'Действие окончено.', NULL, FALSE, NULL, NULL, NULL);
INSERT INTO verses (id, location_id, display_number) VALUES (993, 75, 106);
INSERT INTO options (id, verse_id, position, type, text, target_type, target_verse_dn, target_location_dn, requirement, result, hidden, once, condition_group, conditional_targets, children) VALUES (2269, 993, 0, 'condition', 'Нажмите сюда, если хотите увидеть решение.', 'verse', 106, NULL, NULL, 'Вы должны посетить все поля боя с маркерами задач, пока в них есть Ноний. Порядок, в котором вы это делаете, имеет значение. Если вы хотите помочь Фомории, будет лучше посетить Кузницу искаженья в первую очередь. Но если вы хотите подорвать мощь Нония, оставьте Кузницу искаженья под конец.', NULL, FALSE, NULL, NULL, NULL);
INSERT INTO options (id, verse_id, position, type, text, target_type, target_verse_dn, target_location_dn, requirement, result, hidden, once, condition_group, conditional_targets, children) VALUES (2270, 993, 1, 'choice', 'Продолжить.', 'end', NULL, NULL, NULL, 'Действие окончено.', NULL, FALSE, NULL, NULL, NULL);
INSERT INTO verses (id, location_id, display_number) VALUES (994, 75, 107);
INSERT INTO options (id, verse_id, position, type, text, target_type, target_verse_dn, target_location_dn, requirement, result, hidden, once, condition_group, conditional_targets, children) VALUES (2271, 994, 0, 'choice', 'Стать их гостем.', 'end', NULL, NULL, NULL, 'Если в этой локации нет @LightTT@, каждый член команды получает 3 @Health@ и теряет 3 @Terror@. Затем поместите 2 @LightTT@ в эту локацию.  Исследование окончено.', NULL, FALSE, NULL, NULL, NULL);
INSERT INTO options (id, verse_id, position, type, text, target_type, target_verse_dn, target_location_dn, requirement, result, hidden, once, condition_group, conditional_targets, children) VALUES (2272, 994, 1, 'choice', 'Уйти.', 'end', NULL, NULL, NULL, 'Исследование окончено.', NULL, FALSE, NULL, NULL, NULL);
INSERT INTO verses (id, location_id, display_number) VALUES (995, 75, 108);
INSERT INTO options (id, verse_id, position, type, text, target_type, target_verse_dn, target_location_dn, requirement, result, hidden, once, condition_group, conditional_targets, children) VALUES (2273, 995, 0, 'choice', 'Позволить стражникам схватить её. Коронация пройдёт, как и было запланировано.', 'verse', 129, NULL, NULL, NULL, NULL, FALSE, NULL, NULL, NULL);
INSERT INTO options (id, verse_id, position, type, text, target_type, target_verse_dn, target_location_dn, requirement, result, hidden, once, condition_group, conditional_targets, children) VALUES (2274, 995, 1, 'choice', 'Поддержать её притязания на трон. С доказательствами на руках вы вполне способны возвести на трон юную Эльдриду.', 'verse', 194, NULL, 'Нужна часть 4 или 5 достижения «Семейные тайны».', NULL, NULL, FALSE, NULL, NULL, NULL);
INSERT INTO verses (id, location_id, display_number) VALUES (996, 75, 109);
INSERT INTO options (id, verse_id, position, type, text, target_type, target_verse_dn, target_location_dn, requirement, result, hidden, once, condition_group, conditional_targets, children) VALUES (2275, 996, 0, 'choice', 'Продолжить.', 'end', NULL, NULL, NULL, 'Исследование окончено.', NULL, FALSE, NULL, NULL, NULL);
INSERT INTO verses (id, location_id, display_number) VALUES (997, 75, 111);
INSERT INTO options (id, verse_id, position, type, text, target_type, target_verse_dn, target_location_dn, requirement, result, hidden, once, condition_group, conditional_targets, children) VALUES (2276, 997, 0, 'choice', 'Позволить стражникам схватить её. Коронация пройдёт, как и было запланировано.', 'verse', 123, NULL, NULL, NULL, NULL, FALSE, NULL, NULL, NULL);
INSERT INTO options (id, verse_id, position, type, text, target_type, target_verse_dn, target_location_dn, requirement, result, hidden, once, condition_group, conditional_targets, children) VALUES (2277, 997, 1, 'choice', 'Поддержать притязания Хильбриды на трон. С доказательствами на руках вы вполне способны возвести на трон юную Эльдриду.', 'verse', 194, NULL, 'Нужна часть 4 или 5 достижения «Семейные тайны».', NULL, NULL, FALSE, NULL, NULL, NULL);
INSERT INTO verses (id, location_id, display_number) VALUES (998, 75, 112);
INSERT INTO options (id, verse_id, position, type, text, target_type, target_verse_dn, target_location_dn, requirement, result, hidden, once, condition_group, conditional_targets, children) VALUES (2278, 998, 0, 'condition', 'Нажмите сюда, если хотите увидеть подсказку.', 'verse', 112, NULL, NULL, 'Материалы, собранные на этой карте, можно пустить на постройку или починку нескольких сооружений вокруг замка Лотиан и укрепление некоторых ближайших локаций.', NULL, FALSE, NULL, NULL, NULL);
INSERT INTO options (id, verse_id, position, type, text, target_type, target_verse_dn, target_location_dn, requirement, result, hidden, once, condition_group, conditional_targets, children) VALUES (2279, 998, 1, 'choice', 'Продолжить.', 'end', NULL, NULL, NULL, 'Самое время сделать паузу! Либо сохраните игру и пока что прервитесь, либо продолжайте партию.  Исследование окончено.', NULL, FALSE, NULL, NULL, NULL);
INSERT INTO verses (id, location_id, display_number) VALUES (999, 75, 113);
INSERT INTO options (id, verse_id, position, type, text, target_type, target_verse_dn, target_location_dn, requirement, result, hidden, once, condition_group, conditional_targets, children) VALUES (2280, 999, 0, 'condition', 'Если вы проходите главу 7Б, часть 1, и у вас есть часть 8 достижения «Топография».', 'verse', 109, NULL, NULL, NULL, NULL, FALSE, NULL, NULL, NULL);
INSERT INTO options (id, verse_id, position, type, text, target_type, target_verse_dn, target_location_dn, requirement, result, hidden, once, condition_group, conditional_targets, children) VALUES (2281, 999, 1, 'condition', 'Если вы победили или развязка @GreenOutcome@.', 'end', NULL, NULL, NULL, 'Получите 1 предмет Г.  Исследование окончено.', NULL, FALSE, NULL, NULL, NULL);
INSERT INTO options (id, verse_id, position, type, text, target_type, target_verse_dn, target_location_dn, requirement, result, hidden, once, condition_group, conditional_targets, children) VALUES (2282, 999, 2, 'condition', 'В противном случае.', 'end', NULL, NULL, NULL, 'Исследование окончено.', NULL, FALSE, NULL, NULL, NULL);
INSERT INTO verses (id, location_id, display_number) VALUES (1000, 75, 114);
INSERT INTO options (id, verse_id, position, type, text, target_type, target_verse_dn, target_location_dn, requirement, result, hidden, once, condition_group, conditional_targets, children) VALUES (2283, 1000, 0, 'choice', 'Продолжить.', 'end', NULL, NULL, NULL, 'Исследование окончено.', NULL, FALSE, NULL, NULL, NULL);
INSERT INTO verses (id, location_id, display_number) VALUES (1001, 75, 115);
INSERT INTO options (id, verse_id, position, type, text, target_type, target_verse_dn, target_location_dn, requirement, result, hidden, once, condition_group, conditional_targets, children) VALUES (2284, 1001, 0, 'condition', 'Если у вас есть часть 1 достижения «Засуха».', 'cross_location', 1051, 1001, NULL, NULL, NULL, FALSE, NULL, NULL, NULL);
INSERT INTO options (id, verse_id, position, type, text, target_type, target_verse_dn, target_location_dn, requirement, result, hidden, once, condition_group, conditional_targets, children) VALUES (2285, 1001, 1, 'condition', 'В противном случае.', 'verse', 135, NULL, NULL, NULL, NULL, FALSE, NULL, NULL, NULL);
INSERT INTO verses (id, location_id, display_number) VALUES (1002, 75, 116);
INSERT INTO options (id, verse_id, position, type, text, target_type, target_verse_dn, target_location_dn, requirement, result, hidden, once, condition_group, conditional_targets, children) VALUES (2286, 1002, 0, 'condition', 'Если у вас есть часть 2 достижения «Королевские похороны».', 'verse', 119, NULL, NULL, NULL, NULL, FALSE, NULL, NULL, NULL);
INSERT INTO options (id, verse_id, position, type, text, target_type, target_verse_dn, target_location_dn, requirement, result, hidden, once, condition_group, conditional_targets, children) VALUES (2287, 1002, 1, 'choice', 'Продолжить.', 'verse', 221, NULL, NULL, 'Получите часть 5 достижения «Королевские похороны».', NULL, FALSE, NULL, NULL, NULL);
INSERT INTO verses (id, location_id, display_number) VALUES (1003, 75, 117);
INSERT INTO options (id, verse_id, position, type, text, target_type, target_verse_dn, target_location_dn, requirement, result, hidden, once, condition_group, conditional_targets, children) VALUES (2288, 1003, 0, 'choice', 'Продолжить.', 'verse', 112, NULL, NULL, NULL, NULL, FALSE, NULL, NULL, NULL);
INSERT INTO verses (id, location_id, display_number) VALUES (1004, 75, 118);
INSERT INTO options (id, verse_id, position, type, text, target_type, target_verse_dn, target_location_dn, requirement, result, hidden, once, condition_group, conditional_targets, children) VALUES (2289, 1004, 0, 'choice', 'Продолжить.', 'end', NULL, NULL, NULL, 'Каждый член команды получает 1 @Terror@.  Если у вас нет части 3 достижения «Семейные тайны», каждый персонаж получает 1 опыт. Затем получите часть 3 достижения «Семейные тайны».  Уберите @DarkTT@ из этой локации.  Видение окончено.', NULL, FALSE, NULL, NULL, NULL);
INSERT INTO verses (id, location_id, display_number) VALUES (1005, 75, 119);
INSERT INTO options (id, verse_id, position, type, text, target_type, target_verse_dn, target_location_dn, requirement, result, hidden, once, condition_group, conditional_targets, children) VALUES (2290, 1005, 0, 'choice', 'Продолжить.', 'verse', 64, NULL, NULL, NULL, NULL, FALSE, NULL, NULL, NULL);
INSERT INTO verses (id, location_id, display_number) VALUES (1006, 75, 120);
INSERT INTO options (id, verse_id, position, type, text, target_type, target_verse_dn, target_location_dn, requirement, result, hidden, once, condition_group, conditional_targets, children) VALUES (2291, 1006, 0, 'condition', 'Если у вас хотя бы 1 очко @Caution@.', 'verse', 76, NULL, NULL, NULL, NULL, FALSE, NULL, NULL, NULL);
INSERT INTO options (id, verse_id, position, type, text, target_type, target_verse_dn, target_location_dn, requirement, result, hidden, once, condition_group, conditional_targets, children) VALUES (2292, 1006, 1, 'condition', 'В противном случае.', 'verse', 122, NULL, NULL, NULL, NULL, FALSE, NULL, NULL, NULL);
INSERT INTO verses (id, location_id, display_number) VALUES (1007, 75, 121);
INSERT INTO options (id, verse_id, position, type, text, target_type, target_verse_dn, target_location_dn, requirement, result, hidden, once, condition_group, conditional_targets, children) VALUES (2293, 1007, 0, 'condition', 'Если у вас есть часть 1 достижения «Засуха».', 'cross_location', 1051, 1001, NULL, NULL, NULL, FALSE, NULL, NULL, NULL);
INSERT INTO options (id, verse_id, position, type, text, target_type, target_verse_dn, target_location_dn, requirement, result, hidden, once, condition_group, conditional_targets, children) VALUES (2294, 1007, 1, 'condition', 'В противном случае.', 'verse', 135, NULL, NULL, NULL, NULL, FALSE, NULL, NULL, NULL);
INSERT INTO verses (id, location_id, display_number) VALUES (1008, 75, 122);
INSERT INTO options (id, verse_id, position, type, text, target_type, target_verse_dn, target_location_dn, requirement, result, hidden, once, condition_group, conditional_targets, children) VALUES (2295, 1008, 0, 'choice', 'Продолжить.', 'verse', 61, NULL, NULL, NULL, NULL, FALSE, NULL, NULL, NULL);
INSERT INTO verses (id, location_id, display_number) VALUES (1009, 75, 123);
INSERT INTO options (id, verse_id, position, type, text, target_type, target_verse_dn, target_location_dn, requirement, result, hidden, once, condition_group, conditional_targets, children) VALUES (2296, 1009, 0, 'choice', 'Продолжить.', 'verse', 196, NULL, NULL, 'Получите часть 2 достижения «Будущее Авалона».', NULL, FALSE, NULL, NULL, NULL);
INSERT INTO verses (id, location_id, display_number) VALUES (1010, 75, 124);
INSERT INTO options (id, verse_id, position, type, text, target_type, target_verse_dn, target_location_dn, requirement, result, hidden, once, condition_group, conditional_targets, children) VALUES (2297, 1010, 0, 'choice', 'Продолжить.', 'verse', 189, NULL, NULL, 'Получите часть 1 достижения «Заготовки».', NULL, FALSE, NULL, NULL, NULL);
INSERT INTO verses (id, location_id, display_number) VALUES (1011, 75, 125);
INSERT INTO options (id, verse_id, position, type, text, target_type, target_verse_dn, target_location_dn, requirement, result, hidden, once, condition_group, conditional_targets, children) VALUES (2298, 1011, 0, 'condition', 'Если у вас есть часть 5 достижения «Странные уроки» и нет части 4 достижения «Смутная догадка».', 'verse', 168, NULL, NULL, NULL, NULL, FALSE, NULL, NULL, NULL);
INSERT INTO options (id, verse_id, position, type, text, target_type, target_verse_dn, target_location_dn, requirement, result, hidden, once, condition_group, conditional_targets, children) VALUES (2299, 1011, 1, 'condition', 'Если у вас нет части 4 достижения «Смутная догадка» и не больше двух частей достижения «Время идёт (часть 3)».', 'verse', 126, NULL, NULL, 'Каждый член команды получает 2 @Health@ и теряет 2 @Terror@.', NULL, FALSE, NULL, NULL, NULL);
INSERT INTO options (id, verse_id, position, type, text, target_type, target_verse_dn, target_location_dn, requirement, result, hidden, once, condition_group, conditional_targets, children) VALUES (2300, 1011, 2, 'condition', 'В противном случае.', 'end', NULL, NULL, NULL, 'Каждый член команды получает 2 @Health@ и теряет 2 @Terror@.  Исследование окончено.', NULL, FALSE, NULL, NULL, NULL);
INSERT INTO verses (id, location_id, display_number) VALUES (1012, 75, 126);
INSERT INTO options (id, verse_id, position, type, text, target_type, target_verse_dn, target_location_dn, requirement, result, hidden, once, condition_group, conditional_targets, children) VALUES (2301, 1012, 0, 'choice', 'Купить ему выпивку.', 'verse', 166, NULL, 'Потратьте 1 золото.', NULL, NULL, FALSE, NULL, NULL, NULL);
INSERT INTO options (id, verse_id, position, type, text, target_type, target_verse_dn, target_location_dn, requirement, result, hidden, once, condition_group, conditional_targets, children) VALUES (2302, 1012, 1, 'choice', 'Уйти.', 'end', NULL, NULL, NULL, 'Исследование окончено.', NULL, FALSE, NULL, NULL, NULL);
INSERT INTO verses (id, location_id, display_number) VALUES (1013, 75, 127);
INSERT INTO options (id, verse_id, position, type, text, target_type, target_verse_dn, target_location_dn, requirement, result, hidden, once, condition_group, conditional_targets, children) VALUES (2303, 1013, 0, 'choice', 'Продолжить.', 'verse', 88, NULL, NULL, NULL, NULL, FALSE, NULL, NULL, NULL);
INSERT INTO verses (id, location_id, display_number) VALUES (1014, 75, 128);
INSERT INTO options (id, verse_id, position, type, text, target_type, target_verse_dn, target_location_dn, requirement, result, hidden, once, condition_group, conditional_targets, children) VALUES (2304, 1014, 0, 'choice', 'Продолжить.', 'verse', 189, NULL, NULL, 'Получите часть 2 достижения «Заготовки».', NULL, FALSE, NULL, NULL, NULL);
INSERT INTO verses (id, location_id, display_number) VALUES (1015, 75, 129);
INSERT INTO options (id, verse_id, position, type, text, target_type, target_verse_dn, target_location_dn, requirement, result, hidden, once, condition_group, conditional_targets, children) VALUES (2305, 1015, 0, 'choice', 'Продолжить.', 'verse', 196, NULL, NULL, 'Получите часть 1 достижения «Будущее Авалона».', NULL, FALSE, NULL, NULL, NULL);
INSERT INTO verses (id, location_id, display_number) VALUES (1016, 75, 130);
INSERT INTO options (id, verse_id, position, type, text, target_type, target_verse_dn, target_location_dn, requirement, result, hidden, once, condition_group, conditional_targets, children) VALUES (2306, 1016, 0, 'choice', 'Купить еду.', 'verse', 130, NULL, 'Потратьте 2 золота.', 'Получите 1 еду.  Сделайте новый выбор.', NULL, FALSE, NULL, NULL, NULL);
INSERT INTO options (id, verse_id, position, type, text, target_type, target_verse_dn, target_location_dn, requirement, result, hidden, once, condition_group, conditional_targets, children) VALUES (2307, 1016, 1, 'choice', 'Продать еду.', 'verse', 130, NULL, 'Потратьте 2 еды.', 'Получите 1 золото.  Сделайте новый выбор.', NULL, FALSE, NULL, NULL, NULL);
INSERT INTO options (id, verse_id, position, type, text, target_type, target_verse_dn, target_location_dn, requirement, result, hidden, once, condition_group, conditional_targets, children) VALUES (2308, 1016, 2, 'choice', 'Купить снаряжение.', 'verse', 130, NULL, NULL, 'Возьмите 3 предмета A. Можете купить любые из них, потратив 3 золота за каждый. Замешайте некупленное обратно в колоду предметов А.   Сделайте новый выбор (в этом исследовании выбрать этот вариант больше нельзя).', NULL, FALSE, NULL, NULL, NULL);
INSERT INTO options (id, verse_id, position, type, text, target_type, target_verse_dn, target_location_dn, requirement, result, hidden, once, condition_group, conditional_targets, children) VALUES (2309, 1016, 3, 'choice', 'Продать снаряжение.', 'verse', 130, NULL, 'Сбросьте 1 предмет.', 'Получите 1 золото.  Сделайте новый выбор.', NULL, FALSE, NULL, NULL, NULL);
INSERT INTO options (id, verse_id, position, type, text, target_type, target_verse_dn, target_location_dn, requirement, result, hidden, once, condition_group, conditional_targets, children) VALUES (2310, 1016, 4, 'choice', 'Купить одноразовые предметы.', 'verse', 130, NULL, NULL, 'Возьмите 3 одноразовых предмета. Можете купить любые из них, потратив 1 золото за каждый. Замешайте некупленное обратно в колоду одноразовых предметов.   Сделайте новый выбор (в этом исследовании выбрать этот вариант больше нельзя).', NULL, FALSE, NULL, NULL, NULL);
INSERT INTO options (id, verse_id, position, type, text, target_type, target_verse_dn, target_location_dn, requirement, result, hidden, once, condition_group, conditional_targets, children) VALUES (2311, 1016, 5, 'choice', 'Уйти.', 'end', NULL, NULL, NULL, 'Исследование окончено.', NULL, FALSE, NULL, NULL, NULL);
INSERT INTO verses (id, location_id, display_number) VALUES (1017, 75, 131);
INSERT INTO options (id, verse_id, position, type, text, target_type, target_verse_dn, target_location_dn, requirement, result, hidden, once, condition_group, conditional_targets, children) VALUES (2312, 1017, 0, 'choice', 'Продолжить.', 'verse', 149, NULL, NULL, NULL, NULL, FALSE, NULL, NULL, NULL);
INSERT INTO verses (id, location_id, display_number) VALUES (1018, 75, 132);
INSERT INTO options (id, verse_id, position, type, text, target_type, target_verse_dn, target_location_dn, requirement, result, hidden, once, condition_group, conditional_targets, children) VALUES (2313, 1018, 0, 'choice', 'Продолжить.', 'end', NULL, NULL, NULL, 'Если у вас нет части 1 достижения «Небольшая услуга», получите 1 золото за персонажа и 1 магию за персонажа; каждый персонаж получает 1 опыт.  Получите часть 1 достижения «Небольшая услуга».  Исследование окончено.', NULL, FALSE, NULL, NULL, NULL);
INSERT INTO verses (id, location_id, display_number) VALUES (1019, 75, 133);
INSERT INTO options (id, verse_id, position, type, text, target_type, target_verse_dn, target_location_dn, requirement, result, hidden, once, condition_group, conditional_targets, children) VALUES (2314, 1019, 0, 'condition', 'Если в этой локации есть @LightTT@.', 'end', NULL, NULL, NULL, 'Исследование окончено.', NULL, FALSE, NULL, NULL, NULL);
INSERT INTO options (id, verse_id, position, type, text, target_type, target_verse_dn, target_location_dn, requirement, result, hidden, once, condition_group, conditional_targets, children) VALUES (2315, 1019, 1, 'choice', 'Продолжить.', 'end', NULL, NULL, NULL, 'Вы можете поместить путеводный камень в любой угол этой локации. Если вы сделали это, поместите 3 @LightTT@ в эту локацию.  Исследование окончено.', NULL, FALSE, NULL, NULL, NULL);
INSERT INTO verses (id, location_id, display_number) VALUES (1020, 75, 134);
INSERT INTO options (id, verse_id, position, type, text, target_type, target_verse_dn, target_location_dn, requirement, result, hidden, once, condition_group, conditional_targets, children) VALUES (2316, 1020, 0, 'choice', 'Продолжить.', 'end', NULL, NULL, NULL, 'Каждый персонаж с хотя бы 2 очками @Spirituality@ получает 1 @Terror@.  Переместите всех членов команды в локацию 113.  Исследование окончено.', NULL, FALSE, NULL, NULL, NULL);
INSERT INTO verses (id, location_id, display_number) VALUES (1021, 75, 135);
INSERT INTO options (id, verse_id, position, type, text, target_type, target_verse_dn, target_location_dn, requirement, result, hidden, once, condition_group, conditional_targets, children) VALUES (2317, 1021, 0, 'choice', 'Разрешить Изолют присоединиться к вам.', 'verse', 139, NULL, NULL, 'Получите часть 1 достижения «Празднество».', NULL, FALSE, NULL, NULL, NULL);
INSERT INTO options (id, verse_id, position, type, text, target_type, target_verse_dn, target_location_dn, requirement, result, hidden, once, condition_group, conditional_targets, children) VALUES (2318, 1021, 1, 'choice', 'Сказать девушке, чтобы она шла своей дорогой. Она без возражений согласилась и поблагодарила за помощь. Если вы захотите встретиться снова, то она направляется на восток, к Хутору фирболгов.', 'end', NULL, NULL, NULL, 'Получите часть 1 достижения «Празднество».  Исследование окончено.', NULL, FALSE, NULL, NULL, NULL);
INSERT INTO verses (id, location_id, display_number) VALUES (1022, 75, 136);
INSERT INTO options (id, verse_id, position, type, text, target_type, target_verse_dn, target_location_dn, requirement, result, hidden, once, condition_group, conditional_targets, children) VALUES (2319, 1022, 0, 'choice', 'Выполнить просьбу близнецов.', 'end', NULL, NULL, NULL, 'Вы последовали их указаниям и спрятали мокрую от крови куклу в свою сумку.  Получите часть 3 достижения «Небольшая услуга».  Исследование окончено.', NULL, FALSE, NULL, NULL, NULL);
INSERT INTO options (id, verse_id, position, type, text, target_type, target_verse_dn, target_location_dn, requirement, result, hidden, once, condition_group, conditional_targets, children) VALUES (2320, 1022, 1, 'choice', 'Отказаться. Это надо ещё обдумать.', 'end', NULL, NULL, NULL, 'Исследование окончено.', NULL, FALSE, NULL, NULL, NULL);
INSERT INTO verses (id, location_id, display_number) VALUES (1023, 75, 137);
INSERT INTO options (id, verse_id, position, type, text, target_type, target_verse_dn, target_location_dn, requirement, result, hidden, once, condition_group, conditional_targets, children) VALUES (2321, 1023, 0, 'choice', 'Продолжить.', 'end', NULL, NULL, NULL, 'Получите часть 2 достижения «Выступления».  Осберт получает 1 опыт и теряет 1 @Terror@.  Поздравляем! Вы освоили новое действие дипломатии. Получите секретную карту 140 (карта дипломатии «Поток вдохновения») и замешайте её в колоду дипломатии Осберта.  Исследование окончено.', NULL, FALSE, NULL, NULL, NULL);
INSERT INTO verses (id, location_id, display_number) VALUES (1024, 75, 138);
INSERT INTO options (id, verse_id, position, type, text, target_type, target_verse_dn, target_location_dn, requirement, result, hidden, once, condition_group, conditional_targets, children) VALUES (2322, 1024, 0, 'condition', 'Если у вас есть часть 3 достижения «Диковинки».', 'end', NULL, NULL, NULL, 'Здесь больше ничего не удастся найти.  Исследование окончено.', NULL, FALSE, NULL, NULL, NULL);
INSERT INTO options (id, verse_id, position, type, text, target_type, target_verse_dn, target_location_dn, requirement, result, hidden, once, condition_group, conditional_targets, children) VALUES (2323, 1024, 1, 'choice', 'Продолжить.', 'end', NULL, NULL, NULL, 'Получите 1 золото, 1 магию и одноразовый предмет «Дивосвеча» (если он доступен).   Получите часть 3 достижения «Диковинки».  Исследование окончено.', NULL, FALSE, NULL, NULL, NULL);
INSERT INTO verses (id, location_id, display_number) VALUES (1025, 75, 139);
INSERT INTO options (id, verse_id, position, type, text, target_type, target_verse_dn, target_location_dn, requirement, result, hidden, once, condition_group, conditional_targets, children) VALUES (2324, 1025, 0, 'choice', 'Продолжить.', 'end', NULL, NULL, NULL, 'Исследование окончено.', NULL, FALSE, NULL, NULL, NULL);
INSERT INTO verses (id, location_id, display_number) VALUES (1026, 75, 140);
INSERT INTO options (id, verse_id, position, type, text, target_type, target_verse_dn, target_location_dn, requirement, result, hidden, once, condition_group, conditional_targets, children) VALUES (2325, 1026, 0, 'condition', 'Если у вас есть карта секрета 9.', 'end', NULL, NULL, NULL, 'Вы лишили труп существа его силы, и ваше клеймо поглотило её, словно энергию путеводного камня. Потом вы от злости пнули останки. Искатели сломали вашу жизнь своим проклятием, и теперь вы мечтали отомстить каждому из них!  Получите 1 магию и потеряйте 1 @Terror@.  Продолжайте игру.', NULL, FALSE, NULL, NULL, NULL);
INSERT INTO options (id, verse_id, position, type, text, target_type, target_verse_dn, target_location_dn, requirement, result, hidden, once, condition_group, conditional_targets, children) VALUES (2326, 1026, 1, 'condition', 'В противном случае.', 'end', NULL, NULL, NULL, 'Продолжайте игру.', NULL, FALSE, NULL, NULL, NULL);
INSERT INTO verses (id, location_id, display_number) VALUES (1027, 75, 141);
INSERT INTO options (id, verse_id, position, type, text, target_type, target_verse_dn, target_location_dn, requirement, result, hidden, once, condition_group, conditional_targets, children) VALUES (2327, 1027, 0, 'condition', 'Если у вас есть карта секрета 23.', 'cross_location', 1023, 1001, NULL, NULL, NULL, FALSE, NULL, NULL, NULL);
INSERT INTO options (id, verse_id, position, type, text, target_type, target_verse_dn, target_location_dn, requirement, result, hidden, once, condition_group, conditional_targets, children) VALUES (2328, 1027, 1, 'condition', 'Если у вас есть карта секрета 19.', 'cross_location', 1018, 1001, NULL, NULL, NULL, FALSE, NULL, NULL, NULL);
INSERT INTO options (id, verse_id, position, type, text, target_type, target_verse_dn, target_location_dn, requirement, result, hidden, once, condition_group, conditional_targets, children) VALUES (2329, 1027, 2, 'choice', 'Противостоять Нонию в бою.', 'cross_location', 1041, 1001, NULL, NULL, NULL, FALSE, NULL, NULL, NULL);
INSERT INTO options (id, verse_id, position, type, text, target_type, target_verse_dn, target_location_dn, requirement, result, hidden, once, condition_group, conditional_targets, children) VALUES (2330, 1027, 3, 'choice', 'Противостоять Нонию в споре.', 'cross_location', 1072, 1001, NULL, NULL, NULL, FALSE, NULL, NULL, NULL);
INSERT INTO verses (id, location_id, display_number) VALUES (1028, 75, 142);
INSERT INTO options (id, verse_id, position, type, text, target_type, target_verse_dn, target_location_dn, requirement, result, hidden, once, condition_group, conditional_targets, children) VALUES (2331, 1028, 0, 'choice', 'Продолжить.', 'verse', 189, NULL, NULL, 'Получите часть 3 достижения «Заготовки».', NULL, FALSE, NULL, NULL, NULL);
INSERT INTO verses (id, location_id, display_number) VALUES (1029, 75, 143);
INSERT INTO options (id, verse_id, position, type, text, target_type, target_verse_dn, target_location_dn, requirement, result, hidden, once, condition_group, conditional_targets, children) VALUES (2332, 1029, 0, 'choice', 'Продолжить.', 'cross_location', 0, 151, NULL, 'Получите часть 1 достижения «Засуха».', NULL, FALSE, NULL, NULL, NULL);
INSERT INTO verses (id, location_id, display_number) VALUES (1030, 75, 144);
INSERT INTO options (id, verse_id, position, type, text, target_type, target_verse_dn, target_location_dn, requirement, result, hidden, once, condition_group, conditional_targets, children) VALUES (2333, 1030, 0, 'choice', 'Продолжить.', 'end', NULL, NULL, NULL, 'Исследование окончено.', NULL, FALSE, NULL, NULL, NULL);
INSERT INTO verses (id, location_id, display_number) VALUES (1031, 75, 145);
INSERT INTO options (id, verse_id, position, type, text, target_type, target_verse_dn, target_location_dn, requirement, result, hidden, once, condition_group, conditional_targets, children) VALUES (2334, 1031, 0, 'choice', 'Поддерживать бурю.', 'verse', 155, NULL, NULL, 'Получите часть 4 достижения «Бессердечность».', NULL, FALSE, NULL, NULL, NULL);
INSERT INTO options (id, verse_id, position, type, text, target_type, target_verse_dn, target_location_dn, requirement, result, hidden, once, condition_group, conditional_targets, children) VALUES (2335, 1031, 1, 'choice', 'Уйти.', 'end', NULL, NULL, NULL, 'Получите 1 магию.  Исследование окончено.', NULL, FALSE, NULL, NULL, NULL);
INSERT INTO verses (id, location_id, display_number) VALUES (1032, 75, 146);
INSERT INTO options (id, verse_id, position, type, text, target_type, target_verse_dn, target_location_dn, requirement, result, hidden, once, condition_group, conditional_targets, children) VALUES (2336, 1032, 0, 'choice', 'Продолжить.', 'end', NULL, NULL, NULL, 'Получите часть 4 достижения «Грехи владыки».  Исследование окончено.', NULL, FALSE, NULL, NULL, NULL);
INSERT INTO verses (id, location_id, display_number) VALUES (1033, 75, 147);
INSERT INTO options (id, verse_id, position, type, text, target_type, target_verse_dn, target_location_dn, requirement, result, hidden, once, condition_group, conditional_targets, children) VALUES (2337, 1033, 0, 'choice', 'Вооружить их.', 'end', NULL, NULL, 'Сбросьте 2 любых предмета с ключевыми словами «оружие», «броня» или «щит».', 'Получите часть 4 достижения «Планы и интриги».  Исследование окончено.', NULL, FALSE, NULL, NULL, NULL);
INSERT INTO options (id, verse_id, position, type, text, target_type, target_verse_dn, target_location_dn, requirement, result, hidden, once, condition_group, conditional_targets, children) VALUES (2338, 1033, 1, 'choice', 'Уйти.', 'end', NULL, NULL, NULL, 'Исследование окончено.', NULL, FALSE, NULL, NULL, NULL);
INSERT INTO verses (id, location_id, display_number) VALUES (1034, 75, 148);
INSERT INTO options (id, verse_id, position, type, text, target_type, target_verse_dn, target_location_dn, requirement, result, hidden, once, condition_group, conditional_targets, children) VALUES (2339, 1034, 0, 'condition', 'Если у вас есть часть 7 достижения «Трофеи искаженья».', 'end', NULL, NULL, NULL, 'Здесь больше нечего смотреть.  Исследование окончено.', NULL, FALSE, NULL, NULL, NULL);
INSERT INTO options (id, verse_id, position, type, text, target_type, target_verse_dn, target_location_dn, requirement, result, hidden, once, condition_group, conditional_targets, children) VALUES (2340, 1034, 1, 'choice', 'Продолжить.', 'end', NULL, NULL, NULL, 'Получите 1 предмет В.  Получите 2 золота.  Получите часть 7 достижения «Трофеи искаженья».  Исследование окончено.', NULL, FALSE, NULL, NULL, NULL);
INSERT INTO verses (id, location_id, display_number) VALUES (1035, 75, 149);
INSERT INTO options (id, verse_id, position, type, text, target_type, target_verse_dn, target_location_dn, requirement, result, hidden, once, condition_group, conditional_targets, children) VALUES (2341, 1035, 0, 'choice', 'Сразиться с безумным фомором.', 'verse', 115, NULL, NULL, NULL, NULL, FALSE, NULL, NULL, NULL);
INSERT INTO options (id, verse_id, position, type, text, target_type, target_verse_dn, target_location_dn, requirement, result, hidden, once, condition_group, conditional_targets, children) VALUES (2342, 1035, 1, 'choice', 'Убедить его, что он обознался.', 'verse', 121, NULL, NULL, NULL, NULL, FALSE, NULL, NULL, NULL);
INSERT INTO verses (id, location_id, display_number) VALUES (1036, 75, 150);
INSERT INTO options (id, verse_id, position, type, text, target_type, target_verse_dn, target_location_dn, requirement, result, hidden, once, condition_group, conditional_targets, children) VALUES (2343, 1036, 0, 'choice', 'Продолжить.', 'verse', 164, NULL, NULL, NULL, NULL, FALSE, NULL, NULL, NULL);
INSERT INTO verses (id, location_id, display_number) VALUES (1037, 75, 151);
INSERT INTO options (id, verse_id, position, type, text, target_type, target_verse_dn, target_location_dn, requirement, result, hidden, once, condition_group, conditional_targets, children) VALUES (2344, 1037, 0, 'choice', 'Продолжить.', 'verse', 164, NULL, NULL, NULL, NULL, FALSE, NULL, NULL, NULL);
INSERT INTO verses (id, location_id, display_number) VALUES (1038, 75, 152);
INSERT INTO options (id, verse_id, position, type, text, target_type, target_verse_dn, target_location_dn, requirement, result, hidden, once, condition_group, conditional_targets, children) VALUES (2345, 1038, 0, 'choice', 'Продолжить.', 'end', NULL, NULL, NULL, 'Получите часть 1 достижения «Песни Авалона» и часть 1 достижения «Народный герой».  Каждый персонаж получает 1 опыт.  Исследование окончено.', NULL, FALSE, NULL, NULL, NULL);
INSERT INTO verses (id, location_id, display_number) VALUES (1039, 75, 153);
INSERT INTO options (id, verse_id, position, type, text, target_type, target_verse_dn, target_location_dn, requirement, result, hidden, once, condition_group, conditional_targets, children) VALUES (2346, 1039, 0, 'choice', '0—2.', 'end', NULL, NULL, NULL, 'Галлюцинации прекратились, и горожане пришли в чувство почти без последствий. В знак извинений они осыпали вас дарами.  Каждый член команды получает 3 еды, 2 золота и теряет 2 @Terror@.  Эта встреча окончена.', NULL, FALSE, NULL, NULL, NULL);
INSERT INTO options (id, verse_id, position, type, text, target_type, target_verse_dn, target_location_dn, requirement, result, hidden, once, condition_group, conditional_targets, children) VALUES (2347, 1039, 1, 'choice', '3—5.', 'end', NULL, NULL, NULL, 'Галлюцинации прекратились. Увы, защищая себя, вы поранили нескольких горожан. Они всё равно извинились и предложили компенсацию.  Каждый член команды получает 2 еды, 1 золото и теряет 1 @Terror@.  Эта встреча окончена.', NULL, FALSE, NULL, NULL, NULL);
INSERT INTO options (id, verse_id, position, type, text, target_type, target_verse_dn, target_location_dn, requirement, result, hidden, once, condition_group, conditional_targets, children) VALUES (2348, 1039, 2, 'choice', '≥6.', 'end', NULL, NULL, NULL, 'Галлюцинации прекратились. Жестоко избитые вами горожане недовольно смотрели на вас. Кто-то из старших извинился и передал небольшой подарок.  Получите 2 еды и 2 золота.  Эта встреча окончена.', NULL, FALSE, NULL, NULL, NULL);
INSERT INTO verses (id, location_id, display_number) VALUES (1040, 75, 154);
INSERT INTO options (id, verse_id, position, type, text, target_type, target_verse_dn, target_location_dn, requirement, result, hidden, once, condition_group, conditional_targets, children) VALUES (2349, 1040, 0, 'choice', 'Продолжить.', 'end', NULL, NULL, NULL, 'Исследование окончено.', NULL, FALSE, NULL, NULL, NULL);
INSERT INTO verses (id, location_id, display_number) VALUES (1041, 75, 155);
INSERT INTO options (id, verse_id, position, type, text, target_type, target_verse_dn, target_location_dn, requirement, result, hidden, once, condition_group, conditional_targets, children) VALUES (2350, 1041, 0, 'choice', 'Продолжить.', 'verse', 164, NULL, NULL, 'Поздравляем! Вы освоили новое действие боя. Получите секретную карту 125 (карта боя «Возвращение к истокам») и замешайте её в колоду боя Юнис.  Получите часть 4 достижения «Заготовки».', NULL, FALSE, NULL, NULL, NULL);
INSERT INTO verses (id, location_id, display_number) VALUES (1042, 75, 156);
INSERT INTO options (id, verse_id, position, type, text, target_type, target_verse_dn, target_location_dn, requirement, result, hidden, once, condition_group, conditional_targets, children) VALUES (2351, 1042, 0, 'choice', 'Догнать его и убить. Все дела нужно доводить до конца.', 'verse', 162, NULL, NULL, NULL, NULL, FALSE, NULL, NULL, NULL);
INSERT INTO options (id, verse_id, position, type, text, target_type, target_verse_dn, target_location_dn, requirement, result, hidden, once, condition_group, conditional_targets, children) VALUES (2352, 1042, 1, 'choice', 'Пощадить его и уйти.', 'end', NULL, NULL, NULL, 'Получите часть 2 достижения «Кто не рискует».  Исследование окончено.', NULL, FALSE, NULL, NULL, NULL);
INSERT INTO verses (id, location_id, display_number) VALUES (1043, 75, 157);
INSERT INTO options (id, verse_id, position, type, text, target_type, target_verse_dn, target_location_dn, requirement, result, hidden, once, condition_group, conditional_targets, children) VALUES (2353, 1043, 0, 'condition', 'Если Юнис в игре.', 'verse', 159, NULL, NULL, NULL, NULL, FALSE, NULL, NULL, NULL);
INSERT INTO options (id, verse_id, position, type, text, target_type, target_verse_dn, target_location_dn, requirement, result, hidden, once, condition_group, conditional_targets, children) VALUES (2354, 1043, 1, 'condition', 'В противном случае.', 'verse', 187, NULL, NULL, NULL, NULL, FALSE, NULL, NULL, NULL);
INSERT INTO verses (id, location_id, display_number) VALUES (1044, 75, 158);
INSERT INTO options (id, verse_id, position, type, text, target_type, target_verse_dn, target_location_dn, requirement, result, hidden, once, condition_group, conditional_targets, children) VALUES (2355, 1044, 0, 'condition', 'Если у вас нет части 9 достижения «Небольшая услуга».', 'verse', 163, NULL, NULL, NULL, NULL, FALSE, NULL, NULL, NULL);
INSERT INTO options (id, verse_id, position, type, text, target_type, target_verse_dn, target_location_dn, requirement, result, hidden, once, condition_group, conditional_targets, children) VALUES (2356, 1044, 1, 'condition', 'В противном случае.', 'cross_location', 1211, 1001, NULL, NULL, NULL, FALSE, NULL, NULL, NULL);
INSERT INTO verses (id, location_id, display_number) VALUES (1045, 75, 159);
INSERT INTO options (id, verse_id, position, type, text, target_type, target_verse_dn, target_location_dn, requirement, result, hidden, once, condition_group, conditional_targets, children) VALUES (2357, 1045, 0, 'choice', 'Продолжить.', 'verse', 187, NULL, NULL, NULL, NULL, FALSE, NULL, NULL, NULL);
INSERT INTO verses (id, location_id, display_number) VALUES (1046, 75, 160);
INSERT INTO options (id, verse_id, position, type, text, target_type, target_verse_dn, target_location_dn, requirement, result, hidden, once, condition_group, conditional_targets, children) VALUES (2358, 1046, 0, 'condition', 'Если у вас есть часть 4 достижения «Дипломат».', 'verse', 154, NULL, NULL, NULL, NULL, FALSE, NULL, NULL, NULL);
INSERT INTO options (id, verse_id, position, type, text, target_type, target_verse_dn, target_location_dn, requirement, result, hidden, once, condition_group, conditional_targets, children) VALUES (2359, 1046, 1, 'choice', 'Продолжить.', 'end', NULL, NULL, NULL, 'Юнис получает 1 опыт и теряет 1 @Terror@.  Поздравляем! Вы освоили новое действие дипломатии. Получите секретную карту 130 (карта дипломатии «Поток оскорблений») и замешайте её в колоду дипломатии Юнис.  Получите часть 4 достижения «Дипломат».  Исследование окончено.', NULL, FALSE, NULL, NULL, NULL);
INSERT INTO verses (id, location_id, display_number) VALUES (1047, 75, 161);
INSERT INTO options (id, verse_id, position, type, text, target_type, target_verse_dn, target_location_dn, requirement, result, hidden, once, condition_group, conditional_targets, children) VALUES (2360, 1047, 0, 'choice', 'Продолжить.', 'verse', 407, NULL, NULL, 'Получите часть 2 достижения «Семейные тайны».', NULL, FALSE, NULL, NULL, NULL);
INSERT INTO verses (id, location_id, display_number) VALUES (1048, 75, 162);
INSERT INTO options (id, verse_id, position, type, text, target_type, target_verse_dn, target_location_dn, requirement, result, hidden, once, condition_group, conditional_targets, children) VALUES (2361, 1048, 0, 'choice', 'Продолжить.', 'end', NULL, NULL, NULL, 'Найдите карту встречи «Незримый нанизыватель» (фиолетовая, сложность 2) и проведите её.  Вне зависимости от её итога исследование окончено.', NULL, FALSE, NULL, NULL, NULL);
INSERT INTO verses (id, location_id, display_number) VALUES (1049, 75, 163);
INSERT INTO options (id, verse_id, position, type, text, target_type, target_verse_dn, target_location_dn, requirement, result, hidden, once, condition_group, conditional_targets, children) VALUES (2362, 1049, 0, 'choice', 'Продолжить.', 'verse', 161, NULL, NULL, NULL, NULL, FALSE, NULL, NULL, NULL);
INSERT INTO verses (id, location_id, display_number) VALUES (1050, 75, 164);
INSERT INTO options (id, verse_id, position, type, text, target_type, target_verse_dn, target_location_dn, requirement, result, hidden, once, condition_group, conditional_targets, children) VALUES (2363, 1050, 0, 'choice', 'Продолжить.', 'end', NULL, NULL, NULL, 'Исследование окончено.', NULL, FALSE, NULL, NULL, NULL);
INSERT INTO verses (id, location_id, display_number) VALUES (1051, 75, 165);
INSERT INTO options (id, verse_id, position, type, text, target_type, target_verse_dn, target_location_dn, requirement, result, hidden, once, condition_group, conditional_targets, children) VALUES (2364, 1051, 0, 'choice', 'Продолжить.', 'end', NULL, NULL, NULL, 'Поздравляем! Вы освоили новое действие дипломатии. Получите секретную карту 120 (карта дипломатии «Веский довод») и замешайте её в колоду дипломатии Гердвин.  Получите часть 2 достижения «Слухи и сплетни».  Гердвин получает 1 опыт и теряет 1 @Terror@.  Исследование окончено.', NULL, FALSE, NULL, NULL, NULL);
INSERT INTO verses (id, location_id, display_number) VALUES (1052, 75, 166);
INSERT INTO options (id, verse_id, position, type, text, target_type, target_verse_dn, target_location_dn, requirement, result, hidden, once, condition_group, conditional_targets, children) VALUES (2365, 1052, 0, 'choice', 'Продолжить.', 'end', NULL, NULL, NULL, 'Каждый персонаж получает 1 опыт.  Получите часть 4 достижения «Смутная догадка».  Исследование окончено.', NULL, FALSE, NULL, NULL, NULL);
INSERT INTO verses (id, location_id, display_number) VALUES (1053, 75, 167);
INSERT INTO options (id, verse_id, position, type, text, target_type, target_verse_dn, target_location_dn, requirement, result, hidden, once, condition_group, conditional_targets, children) VALUES (2366, 1053, 0, 'condition', 'Если в этой локации 3 @QuestToken@.', 'verse', 179, NULL, NULL, NULL, NULL, FALSE, NULL, NULL, NULL);
INSERT INTO options (id, verse_id, position, type, text, target_type, target_verse_dn, target_location_dn, requirement, result, hidden, once, condition_group, conditional_targets, children) VALUES (2367, 1053, 1, 'choice', 'Проверить спальню.', 'verse', 177, NULL, NULL, NULL, NULL, FALSE, NULL, NULL, NULL);
INSERT INTO options (id, verse_id, position, type, text, target_type, target_verse_dn, target_location_dn, requirement, result, hidden, once, condition_group, conditional_targets, children) VALUES (2368, 1053, 2, 'choice', 'Проверить кухню и кладовую.', 'verse', 184, NULL, NULL, NULL, NULL, FALSE, NULL, NULL, NULL);
INSERT INTO verses (id, location_id, display_number) VALUES (1054, 75, 168);
INSERT INTO options (id, verse_id, position, type, text, target_type, target_verse_dn, target_location_dn, requirement, result, hidden, once, condition_group, conditional_targets, children) VALUES (2369, 1054, 0, 'choice', 'Продолжить.', 'verse', 166, NULL, NULL, NULL, NULL, FALSE, NULL, NULL, NULL);
INSERT INTO verses (id, location_id, display_number) VALUES (1055, 75, 169);
INSERT INTO options (id, verse_id, position, type, text, target_type, target_verse_dn, target_location_dn, requirement, result, hidden, once, condition_group, conditional_targets, children) VALUES (2370, 1055, 0, 'choice', 'Продолжить.', 'verse', 164, NULL, NULL, NULL, NULL, FALSE, NULL, NULL, NULL);
INSERT INTO verses (id, location_id, display_number) VALUES (1056, 75, 170);
INSERT INTO options (id, verse_id, position, type, text, target_type, target_verse_dn, target_location_dn, requirement, result, hidden, once, condition_group, conditional_targets, children) VALUES (2371, 1056, 0, 'choice', 'Согласиться на битву.', 'verse', 210, NULL, 'Один член команды будет участвовать в особой боевой встрече.', NULL, NULL, FALSE, NULL, NULL, NULL);
INSERT INTO options (id, verse_id, position, type, text, target_type, target_verse_dn, target_location_dn, requirement, result, hidden, once, condition_group, conditional_targets, children) VALUES (2372, 1056, 1, 'choice', 'Отказаться от битвы.', 'verse', 215, NULL, 'Вас обвинят в убийстве и жестоко покарают.', NULL, NULL, FALSE, NULL, NULL, NULL);
INSERT INTO options (id, verse_id, position, type, text, target_type, target_verse_dn, target_location_dn, requirement, result, hidden, once, condition_group, conditional_targets, children) VALUES (2373, 1056, 2, 'choice', 'Попробовать их уболтать.', 'verse', 214, NULL, 'Вся команда будет участвовать в особой дипломатической встрече.', NULL, NULL, FALSE, NULL, NULL, NULL);
INSERT INTO verses (id, location_id, display_number) VALUES (1057, 75, 171);
INSERT INTO options (id, verse_id, position, type, text, target_type, target_verse_dn, target_location_dn, requirement, result, hidden, once, condition_group, conditional_targets, children) VALUES (2374, 1057, 0, 'choice', 'Продолжить.', 'verse', 196, NULL, NULL, 'Получите часть 1 достижения «Будущее Авалона».', NULL, FALSE, NULL, NULL, NULL);
INSERT INTO verses (id, location_id, display_number) VALUES (1058, 75, 172);
INSERT INTO options (id, verse_id, position, type, text, target_type, target_verse_dn, target_location_dn, requirement, result, hidden, once, condition_group, conditional_targets, children) VALUES (2375, 1058, 0, 'choice', 'Проверить мастерскую.', 'verse', 167, NULL, NULL, NULL, NULL, FALSE, NULL, NULL, NULL);
INSERT INTO options (id, verse_id, position, type, text, target_type, target_verse_dn, target_location_dn, requirement, result, hidden, once, condition_group, conditional_targets, children) VALUES (2376, 1058, 1, 'choice', 'Проверить спальню.', 'verse', 177, NULL, NULL, NULL, NULL, FALSE, NULL, NULL, NULL);
INSERT INTO options (id, verse_id, position, type, text, target_type, target_verse_dn, target_location_dn, requirement, result, hidden, once, condition_group, conditional_targets, children) VALUES (2377, 1058, 2, 'choice', 'Проверить кухню и кладовую.', 'verse', 184, NULL, NULL, NULL, NULL, FALSE, NULL, NULL, NULL);
INSERT INTO verses (id, location_id, display_number) VALUES (1059, 75, 173);
INSERT INTO options (id, verse_id, position, type, text, target_type, target_verse_dn, target_location_dn, requirement, result, hidden, once, condition_group, conditional_targets, children) VALUES (2378, 1059, 0, 'choice', 'Продолжить.', 'verse', 189, NULL, NULL, 'Получите часть 2 достижения «Странные уроки».', NULL, FALSE, NULL, NULL, NULL);
INSERT INTO verses (id, location_id, display_number) VALUES (1060, 75, 174);
INSERT INTO options (id, verse_id, position, type, text, target_type, target_verse_dn, target_location_dn, requirement, result, hidden, once, condition_group, conditional_targets, children) VALUES (2379, 1060, 0, 'choice', 'Спросить его, почему он боится.', 'verse', 28, NULL, NULL, 'Получите часть 3 достижения «Смутная догадка».', NULL, FALSE, NULL, NULL, NULL);
INSERT INTO options (id, verse_id, position, type, text, target_type, target_verse_dn, target_location_dn, requirement, result, hidden, once, condition_group, conditional_targets, children) VALUES (2380, 1060, 1, 'choice', 'Оставить его в покое. Сейчас, пожалуй, не время и не место.', 'end', NULL, NULL, NULL, 'Получите часть 3 достижения «Смутная догадка».  Исследование окончено.', NULL, FALSE, NULL, NULL, NULL);
INSERT INTO verses (id, location_id, display_number) VALUES (1061, 75, 175);
INSERT INTO options (id, verse_id, position, type, text, target_type, target_verse_dn, target_location_dn, requirement, result, hidden, once, condition_group, conditional_targets, children) VALUES (2381, 1061, 0, 'condition', 'Если у вас 1 очко @Caution@ или меньше.', 'end', NULL, NULL, NULL, 'Исследование окончено.', NULL, FALSE, NULL, NULL, NULL);
INSERT INTO options (id, verse_id, position, type, text, target_type, target_verse_dn, target_location_dn, requirement, result, hidden, once, condition_group, conditional_targets, children) VALUES (2382, 1061, 1, 'condition', 'В противном случае.', 'cross_location', 1212, 1001, NULL, NULL, NULL, FALSE, NULL, NULL, NULL);
INSERT INTO verses (id, location_id, display_number) VALUES (1062, 75, 176);
INSERT INTO options (id, verse_id, position, type, text, target_type, target_verse_dn, target_location_dn, requirement, result, hidden, once, condition_group, conditional_targets, children) VALUES (2383, 1062, 0, 'choice', 'Продолжить.', 'end', NULL, NULL, NULL, 'Переместите всех персонажей в локацию 119 (либо 119-Б).  Каждый персонаж теряет 1 @Energy@.  Исследование окончено.', NULL, FALSE, NULL, NULL, NULL);
INSERT INTO verses (id, location_id, display_number) VALUES (1063, 75, 177);
INSERT INTO options (id, verse_id, position, type, text, target_type, target_verse_dn, target_location_dn, requirement, result, hidden, once, condition_group, conditional_targets, children) VALUES (2384, 1063, 0, 'condition', 'Если в этой локации 3 @QuestToken@.', 'verse', 179, NULL, NULL, 'Если у вас нет части 2 достижения «Личные дела», Элган получает 1 опыт и теряет 1 @Terror@. Затем получите часть 2 достижения «Личные дела».', NULL, FALSE, NULL, NULL, NULL);
INSERT INTO options (id, verse_id, position, type, text, target_type, target_verse_dn, target_location_dn, requirement, result, hidden, once, condition_group, conditional_targets, children) VALUES (2385, 1063, 1, 'choice', 'Проверить мастерскую.', 'verse', 167, NULL, NULL, 'Если у вас нет части 2 достижения «Личные дела», Элган получает 1 опыт и теряет 1 @Terror@. Затем получите часть 2 достижения «Личные дела».', NULL, FALSE, NULL, NULL, NULL);
INSERT INTO options (id, verse_id, position, type, text, target_type, target_verse_dn, target_location_dn, requirement, result, hidden, once, condition_group, conditional_targets, children) VALUES (2386, 1063, 2, 'choice', 'Проверить кухню и кладовую.', 'verse', 184, NULL, NULL, 'Если у вас нет части 2 достижения «Личные дела», Элган получает 1 опыт и теряет 1 @Terror@. Затем получите часть 2 достижения «Личные дела».', NULL, FALSE, NULL, NULL, NULL);
INSERT INTO verses (id, location_id, display_number) VALUES (1064, 75, 178);
INSERT INTO options (id, verse_id, position, type, text, target_type, target_verse_dn, target_location_dn, requirement, result, hidden, once, condition_group, conditional_targets, children) VALUES (2387, 1064, 0, 'choice', 'Продолжить.', 'verse', 395, NULL, NULL, 'Получите часть 2 достижения «Семейные тайны».', NULL, FALSE, NULL, NULL, NULL);
INSERT INTO verses (id, location_id, display_number) VALUES (1065, 75, 179);
INSERT INTO options (id, verse_id, position, type, text, target_type, target_verse_dn, target_location_dn, requirement, result, hidden, once, condition_group, conditional_targets, children) VALUES (2388, 1065, 0, 'choice', 'Продолжить.', 'end', NULL, NULL, NULL, 'Сбросьте все @QuestToken@ из этой локации.  Исследование окончено.', NULL, FALSE, NULL, NULL, NULL);
INSERT INTO verses (id, location_id, display_number) VALUES (1066, 75, 180);
INSERT INTO options (id, verse_id, position, type, text, target_type, target_verse_dn, target_location_dn, requirement, result, hidden, once, condition_group, conditional_targets, children) VALUES (2389, 1066, 0, 'choice', 'Продолжить.', 'end', NULL, NULL, NULL, 'Каждый член команды теряет 3 @Health@ (–1 за каждое очко своей @Aggression@).   Сбросьте карту секрета 15.  Исследование окончено.', NULL, FALSE, NULL, NULL, NULL);
INSERT INTO verses (id, location_id, display_number) VALUES (1067, 75, 181);
INSERT INTO options (id, verse_id, position, type, text, target_type, target_verse_dn, target_location_dn, requirement, result, hidden, once, condition_group, conditional_targets, children) VALUES (2390, 1067, 0, 'condition', 'Если у вас есть хотя бы две части достижения «Время идёт» для текущей главы.', 'cross_location', 628, 1001, NULL, 'Искаженье на вершине слишком густое, чтобы передвигаться.', NULL, FALSE, NULL, NULL, NULL);
INSERT INTO options (id, verse_id, position, type, text, target_type, target_verse_dn, target_location_dn, requirement, result, hidden, once, condition_group, conditional_targets, children) VALUES (2391, 1067, 1, 'choice', '2 @Energy@ Пройти по акведуку к далёким горам.', 'cross_location', 1260, 1001, NULL, NULL, NULL, FALSE, NULL, NULL, NULL);
INSERT INTO options (id, verse_id, position, type, text, target_type, target_verse_dn, target_location_dn, requirement, result, hidden, once, condition_group, conditional_targets, children) VALUES (2392, 1067, 2, 'choice', '2 @Energy@ Пройти по акведуку, освещая путь дивосвечами.', 'verse', 574, NULL, 'Сбросьте 2 одноразовых предмета «Дивосвеча».', NULL, NULL, FALSE, NULL, NULL, NULL);
INSERT INTO options (id, verse_id, position, type, text, target_type, target_verse_dn, target_location_dn, requirement, result, hidden, once, condition_group, conditional_targets, children) VALUES (2393, 1067, 3, 'choice', 'Вернуться в Верхний город.', 'cross_location', 628, 1001, NULL, NULL, NULL, FALSE, NULL, NULL, NULL);
INSERT INTO verses (id, location_id, display_number) VALUES (1068, 75, 182);
INSERT INTO options (id, verse_id, position, type, text, target_type, target_verse_dn, target_location_dn, requirement, result, hidden, once, condition_group, conditional_targets, children) VALUES (2394, 1068, 0, 'condition', 'Если у вас нет части 4 достижения «Небольшая услуга».', 'verse', 183, NULL, NULL, NULL, NULL, FALSE, NULL, NULL, NULL);
INSERT INTO options (id, verse_id, position, type, text, target_type, target_verse_dn, target_location_dn, requirement, result, hidden, once, condition_group, conditional_targets, children) VALUES (2395, 1068, 1, 'condition', 'В противном случае.', 'cross_location', 1213, 1001, NULL, NULL, NULL, FALSE, NULL, NULL, NULL);
INSERT INTO verses (id, location_id, display_number) VALUES (1069, 75, 183);
INSERT INTO options (id, verse_id, position, type, text, target_type, target_verse_dn, target_location_dn, requirement, result, hidden, once, condition_group, conditional_targets, children) VALUES (2396, 1069, 0, 'choice', 'Продолжить.', 'verse', 178, NULL, NULL, NULL, NULL, FALSE, NULL, NULL, NULL);
INSERT INTO verses (id, location_id, display_number) VALUES (1070, 75, 184);
INSERT INTO options (id, verse_id, position, type, text, target_type, target_verse_dn, target_location_dn, requirement, result, hidden, once, condition_group, conditional_targets, children) VALUES (2397, 1070, 0, 'condition', 'Если в этой локации 3 @QuestToken@.', 'verse', 179, NULL, NULL, NULL, NULL, FALSE, NULL, NULL, NULL);
INSERT INTO options (id, verse_id, position, type, text, target_type, target_verse_dn, target_location_dn, requirement, result, hidden, once, condition_group, conditional_targets, children) VALUES (2398, 1070, 1, 'choice', 'Проверить спальню.', 'verse', 177, NULL, NULL, NULL, NULL, FALSE, NULL, NULL, NULL);
INSERT INTO options (id, verse_id, position, type, text, target_type, target_verse_dn, target_location_dn, requirement, result, hidden, once, condition_group, conditional_targets, children) VALUES (2399, 1070, 2, 'choice', 'Проверить мастерскую.', 'verse', 167, NULL, NULL, NULL, NULL, FALSE, NULL, NULL, NULL);
INSERT INTO verses (id, location_id, display_number) VALUES (1071, 75, 185);
INSERT INTO options (id, verse_id, position, type, text, target_type, target_verse_dn, target_location_dn, requirement, result, hidden, once, condition_group, conditional_targets, children) VALUES (2400, 1071, 0, 'choice', 'Продолжить.', 'verse', 48, NULL, NULL, 'Каждый персонаж получает 1 опыт.', NULL, FALSE, NULL, NULL, NULL);
INSERT INTO verses (id, location_id, display_number) VALUES (1072, 75, 186);
INSERT INTO options (id, verse_id, position, type, text, target_type, target_verse_dn, target_location_dn, requirement, result, hidden, once, condition_group, conditional_targets, children) VALUES (2401, 1072, 0, 'choice', 'Воздух.', 'verse', 85, NULL, NULL, NULL, NULL, FALSE, NULL, NULL, NULL);
INSERT INTO options (id, verse_id, position, type, text, target_type, target_verse_dn, target_location_dn, requirement, result, hidden, once, condition_group, conditional_targets, children) VALUES (2402, 1072, 1, 'choice', 'Пузырь.', 'cross_location', 787, 1001, NULL, NULL, NULL, FALSE, NULL, NULL, NULL);
INSERT INTO options (id, verse_id, position, type, text, target_type, target_verse_dn, target_location_dn, requirement, result, hidden, once, condition_group, conditional_targets, children) VALUES (2403, 1072, 2, 'choice', 'Паутина.', 'verse', 59, NULL, NULL, NULL, NULL, FALSE, NULL, NULL, NULL);
INSERT INTO options (id, verse_id, position, type, text, target_type, target_verse_dn, target_location_dn, requirement, result, hidden, once, condition_group, conditional_targets, children) VALUES (2404, 1072, 3, 'choice', 'Облако.', 'cross_location', 660, 1001, NULL, NULL, NULL, FALSE, NULL, NULL, NULL);
INSERT INTO options (id, verse_id, position, type, text, target_type, target_verse_dn, target_location_dn, requirement, result, hidden, once, condition_group, conditional_targets, children) VALUES (2405, 1072, 4, 'choice', 'Огонь.', 'verse', 412, NULL, NULL, NULL, NULL, FALSE, NULL, NULL, NULL);
INSERT INTO options (id, verse_id, position, type, text, target_type, target_verse_dn, target_location_dn, requirement, result, hidden, once, condition_group, conditional_targets, children) VALUES (2406, 1072, 5, 'choice', 'Дыра.', 'verse', 437, NULL, NULL, NULL, NULL, FALSE, NULL, NULL, NULL);
INSERT INTO options (id, verse_id, position, type, text, target_type, target_verse_dn, target_location_dn, requirement, result, hidden, once, condition_group, conditional_targets, children) VALUES (2407, 1072, 6, 'choice', 'Головастик.', 'verse', 44, NULL, NULL, NULL, NULL, FALSE, NULL, NULL, NULL);
INSERT INTO options (id, verse_id, position, type, text, target_type, target_verse_dn, target_location_dn, requirement, result, hidden, once, condition_group, conditional_targets, children) VALUES (2408, 1072, 7, 'choice', 'Радуга.', 'end', NULL, NULL, NULL, NULL, NULL, FALSE, NULL, NULL, NULL);
INSERT INTO options (id, verse_id, position, type, text, target_type, target_verse_dn, target_location_dn, requirement, result, hidden, once, condition_group, conditional_targets, children) VALUES (2409, 1072, 8, 'choice', 'Отражение.', 'verse', 474, NULL, NULL, NULL, NULL, FALSE, NULL, NULL, NULL);
INSERT INTO options (id, verse_id, position, type, text, target_type, target_verse_dn, target_location_dn, requirement, result, hidden, once, condition_group, conditional_targets, children) VALUES (2410, 1072, 9, 'choice', 'Тень.', 'cross_location', 821, 1001, NULL, NULL, NULL, FALSE, NULL, NULL, NULL);
INSERT INTO verses (id, location_id, display_number) VALUES (1073, 75, 187);
INSERT INTO options (id, verse_id, position, type, text, target_type, target_verse_dn, target_location_dn, requirement, result, hidden, once, condition_group, conditional_targets, children) VALUES (2411, 1073, 0, 'choice', 'Продолжить.', 'end', NULL, NULL, NULL, 'Если у вас нет части 6 достижения «Личные дела», Элган получает 1 опыт.  Получите часть 6 достижения «Личные дела».  Исследование окончено.', NULL, FALSE, NULL, NULL, NULL);
INSERT INTO verses (id, location_id, display_number) VALUES (1074, 75, 188);
INSERT INTO options (id, verse_id, position, type, text, target_type, target_verse_dn, target_location_dn, requirement, result, hidden, once, condition_group, conditional_targets, children) VALUES (2412, 1074, 0, 'choice', 'Помочь им деньгами.', 'end', NULL, NULL, 'Потратьте 4 золота.', 'Получите часть 5 достижения «Сплетни и слухи».  Исследование окончено.', NULL, FALSE, NULL, NULL, NULL);
INSERT INTO options (id, verse_id, position, type, text, target_type, target_verse_dn, target_location_dn, requirement, result, hidden, once, condition_group, conditional_targets, children) VALUES (2413, 1074, 1, 'choice', 'Уйти.', 'end', NULL, NULL, NULL, 'Исследование окончено.', NULL, FALSE, NULL, NULL, NULL);
INSERT INTO verses (id, location_id, display_number) VALUES (1075, 75, 189);
INSERT INTO options (id, verse_id, position, type, text, target_type, target_verse_dn, target_location_dn, requirement, result, hidden, once, condition_group, conditional_targets, children) VALUES (2414, 1075, 0, 'choice', 'Осмотреть товары. Невиданные товары красовались на прилавках.', 'verse', 7, NULL, NULL, NULL, NULL, FALSE, NULL, NULL, NULL);
INSERT INTO options (id, verse_id, position, type, text, target_type, target_verse_dn, target_location_dn, requirement, result, hidden, once, condition_group, conditional_targets, children) VALUES (2415, 1075, 1, 'choice', 'Попробовать что-то стащить. Местные спокойны и не ждут подвоха. Наверняка вы сможете обернуть это себе на пользу!', 'verse', 120, NULL, NULL, NULL, NULL, FALSE, NULL, NULL, NULL);
INSERT INTO options (id, verse_id, position, type, text, target_type, target_verse_dn, target_location_dn, requirement, result, hidden, once, condition_group, conditional_targets, children) VALUES (2416, 1075, 2, 'choice', 'Пойти дальше по главной дороге к городским воротам. Как далеко простирается это отражение?', 'verse', 33, NULL, NULL, NULL, NULL, FALSE, NULL, NULL, NULL);
INSERT INTO options (id, verse_id, position, type, text, target_type, target_verse_dn, target_location_dn, requirement, result, hidden, once, condition_group, conditional_targets, children) VALUES (2417, 1075, 3, 'choice', 'Спросить дорогу. Местные казались дружелюбными, они наверняка помогут.', 'verse', 61, NULL, NULL, NULL, NULL, FALSE, NULL, NULL, NULL);
INSERT INTO options (id, verse_id, position, type, text, target_type, target_verse_dn, target_location_dn, requirement, result, hidden, once, condition_group, conditional_targets, children) VALUES (2418, 1075, 4, 'choice', 'Оставить отражение. Холодные объятия чёрных вод терпеливо ждали вас.', 'end', NULL, NULL, NULL, 'Исследование окончено.', NULL, FALSE, NULL, NULL, NULL);
INSERT INTO verses (id, location_id, display_number) VALUES (1076, 75, 190);
INSERT INTO options (id, verse_id, position, type, text, target_type, target_verse_dn, target_location_dn, requirement, result, hidden, once, condition_group, conditional_targets, children) VALUES (2419, 1076, 0, 'choice', 'Продолжить.', 'end', NULL, NULL, NULL, 'o Каждый персонаж получает 1 опыт.  o Сбросьте колоду событий и все активные события.  o Каждый персонаж может потратить опыт, чтобы повысить свои характеристики, получить новые навыки или добавить новые карты боя и дипломатии в свои колоды (см. «Характеристики и развитие персонажа» на с. 20 правил игры).  o Самое время сделать паузу! Либо сохраните игру, либо возьмите карту «Подготовка к главе 3» и следуйте её указаниям, чтобы начать новую главу.  Исследование окончено.', NULL, FALSE, NULL, NULL, NULL);
INSERT INTO verses (id, location_id, display_number) VALUES (1077, 75, 191);
INSERT INTO options (id, verse_id, position, type, text, target_type, target_verse_dn, target_location_dn, requirement, result, hidden, once, condition_group, conditional_targets, children) VALUES (2420, 1077, 0, 'condition', 'Если на карте Нония нет кубика.', 'verse', 202, NULL, NULL, NULL, NULL, FALSE, NULL, NULL, NULL);
INSERT INTO options (id, verse_id, position, type, text, target_type, target_verse_dn, target_location_dn, requirement, result, hidden, once, condition_group, conditional_targets, children) VALUES (2421, 1077, 1, 'condition', 'Если кубик на карте Нония установлен на 1.', 'verse', 213, NULL, NULL, NULL, NULL, FALSE, NULL, NULL, NULL);
INSERT INTO options (id, verse_id, position, type, text, target_type, target_verse_dn, target_location_dn, requirement, result, hidden, once, condition_group, conditional_targets, children) VALUES (2422, 1077, 2, 'condition', 'Если кубик на карте Нония установлен на 2.', 'verse', 225, NULL, NULL, NULL, NULL, FALSE, NULL, NULL, NULL);
INSERT INTO options (id, verse_id, position, type, text, target_type, target_verse_dn, target_location_dn, requirement, result, hidden, once, condition_group, conditional_targets, children) VALUES (2423, 1077, 3, 'condition', 'Если кубик на карте Нония установлен на 3.', 'verse', 232, NULL, NULL, NULL, NULL, FALSE, NULL, NULL, NULL);
INSERT INTO options (id, verse_id, position, type, text, target_type, target_verse_dn, target_location_dn, requirement, result, hidden, once, condition_group, conditional_targets, children) VALUES (2424, 1077, 4, 'condition', 'Если кубик установлен на любое другое число.', 'end', NULL, NULL, NULL, 'Каждый член команды теряет 1 @Health@ и получает 1 @Terror@.  Затем продолжайте встречу.', NULL, FALSE, NULL, NULL, NULL);
INSERT INTO verses (id, location_id, display_number) VALUES (1078, 75, 192);
INSERT INTO options (id, verse_id, position, type, text, target_type, target_verse_dn, target_location_dn, requirement, result, hidden, once, condition_group, conditional_targets, children) VALUES (2425, 1078, 0, 'choice', 'Продолжить.', 'verse', 194, NULL, NULL, NULL, NULL, FALSE, NULL, NULL, NULL);
INSERT INTO verses (id, location_id, display_number) VALUES (1079, 75, 193);
INSERT INTO options (id, verse_id, position, type, text, target_type, target_verse_dn, target_location_dn, requirement, result, hidden, once, condition_group, conditional_targets, children) VALUES (2426, 1079, 0, 'choice', 'Отдать ей письмо.', 'verse', 229, NULL, 'Сбросьте карту секрета 14 или 32.', 'Получите часть 5 достижения «Осведомитель».', NULL, FALSE, NULL, NULL, NULL);
INSERT INTO options (id, verse_id, position, type, text, target_type, target_verse_dn, target_location_dn, requirement, result, hidden, once, condition_group, conditional_targets, children) VALUES (2427, 1079, 1, 'choice', 'Отдать ей карту.', 'verse', 229, NULL, 'Сбросьте карту секрета 3.', 'Получите часть 5 достижения «Осведомитель».', NULL, FALSE, NULL, NULL, NULL);
INSERT INTO options (id, verse_id, position, type, text, target_type, target_verse_dn, target_location_dn, requirement, result, hidden, once, condition_group, conditional_targets, children) VALUES (2428, 1079, 2, 'choice', 'Отдать ей медальон.', 'verse', 229, NULL, 'Сбросьте карту секрета 18.', 'Получите часть 5 достижения «Осведомитель».', NULL, FALSE, NULL, NULL, NULL);
INSERT INTO options (id, verse_id, position, type, text, target_type, target_verse_dn, target_location_dn, requirement, result, hidden, once, condition_group, conditional_targets, children) VALUES (2429, 1079, 3, 'choice', 'Заключить другую сделку.', 'verse', 229, NULL, 'Потратьте 10 магии.', 'Получите часть 5 достижения «Осведомитель».', NULL, FALSE, NULL, NULL, NULL);
INSERT INTO options (id, verse_id, position, type, text, target_type, target_verse_dn, target_location_dn, requirement, result, hidden, once, condition_group, conditional_targets, children) VALUES (2430, 1079, 4, 'choice', 'Уйти.', 'end', NULL, NULL, NULL, 'Исследование окончено.', NULL, FALSE, NULL, NULL, NULL);
INSERT INTO verses (id, location_id, display_number) VALUES (1080, 75, 194);
INSERT INTO options (id, verse_id, position, type, text, target_type, target_verse_dn, target_location_dn, requirement, result, hidden, once, condition_group, conditional_targets, children) VALUES (2431, 1080, 0, 'choice', 'Продолжить.', 'verse', 196, NULL, NULL, 'Получите часть 3 достижения «Будущее Авалона».', NULL, FALSE, NULL, NULL, NULL);
INSERT INTO verses (id, location_id, display_number) VALUES (1081, 75, 195);
INSERT INTO options (id, verse_id, position, type, text, target_type, target_verse_dn, target_location_dn, requirement, result, hidden, once, condition_group, conditional_targets, children) VALUES (2432, 1081, 0, 'choice', 'Сражаться с Клаудином.', 'verse', 200, NULL, NULL, 'Продолжить.', NULL, FALSE, NULL, NULL, NULL);
INSERT INTO options (id, verse_id, position, type, text, target_type, target_verse_dn, target_location_dn, requirement, result, hidden, once, condition_group, conditional_targets, children) VALUES (2433, 1081, 1, 'choice', 'Бежать!', 'verse', 176, NULL, 'Если у вас есть хотя бы одна из частей 5, 6 или 7 достижения «Восстановление Лотиана».', NULL, NULL, FALSE, NULL, NULL, NULL);
INSERT INTO options (id, verse_id, position, type, text, target_type, target_verse_dn, target_location_dn, requirement, result, hidden, once, condition_group, conditional_targets, children) VALUES (2434, 1081, 2, 'choice', 'Бежать!', 'end', NULL, NULL, NULL, 'Переместите всех персонажей в локацию 119 (либо 119-Б).  Каждый персонаж теряет 1 @Energy@.  Исследование окончено.', NULL, FALSE, NULL, NULL, NULL);
INSERT INTO verses (id, location_id, display_number) VALUES (1082, 75, 196);
INSERT INTO options (id, verse_id, position, type, text, target_type, target_verse_dn, target_location_dn, requirement, result, hidden, once, condition_group, conditional_targets, children) VALUES (2435, 1082, 0, 'condition', 'Если у вас есть карта секрета 6.', 'verse', 197, NULL, NULL, 'Если в этой локации есть кубик, уберите его.', NULL, FALSE, NULL, NULL, NULL);
INSERT INTO options (id, verse_id, position, type, text, target_type, target_verse_dn, target_location_dn, requirement, result, hidden, once, condition_group, conditional_targets, children) VALUES (2436, 1082, 1, 'condition', 'Если у вас есть карта секрета 9.', 'verse', 198, NULL, NULL, 'Если в этой локации есть кубик, уберите его.', NULL, FALSE, NULL, NULL, NULL);
INSERT INTO verses (id, location_id, display_number) VALUES (1083, 75, 197);
INSERT INTO options (id, verse_id, position, type, text, target_type, target_verse_dn, target_location_dn, requirement, result, hidden, once, condition_group, conditional_targets, children) VALUES (2437, 1083, 0, 'choice', 'Продолжить.', 'verse', 199, NULL, NULL, NULL, NULL, FALSE, NULL, NULL, NULL);
INSERT INTO verses (id, location_id, display_number) VALUES (1084, 75, 198);
INSERT INTO options (id, verse_id, position, type, text, target_type, target_verse_dn, target_location_dn, requirement, result, hidden, once, condition_group, conditional_targets, children) VALUES (2438, 1084, 0, 'choice', 'Продолжить.', 'verse', 199, NULL, NULL, NULL, NULL, FALSE, NULL, NULL, NULL);
INSERT INTO verses (id, location_id, display_number) VALUES (1085, 75, 199);
INSERT INTO options (id, verse_id, position, type, text, target_type, target_verse_dn, target_location_dn, requirement, result, hidden, once, condition_group, conditional_targets, children) VALUES (2439, 1085, 0, 'choice', 'Продолжить.', 'end', NULL, NULL, NULL, 'Исследование окончено.', NULL, FALSE, NULL, NULL, NULL);
INSERT INTO verses (id, location_id, display_number) VALUES (1086, 75, 200);
INSERT INTO options (id, verse_id, position, type, text, target_type, target_verse_dn, target_location_dn, requirement, result, hidden, once, condition_group, conditional_targets, children) VALUES (2440, 1086, 0, 'condition', 'Если у вас есть часть 3 достижения «Великие деяния».', 'verse', 300, NULL, NULL, NULL, NULL, FALSE, NULL, NULL, NULL);
INSERT INTO options (id, verse_id, position, type, text, target_type, target_verse_dn, target_location_dn, requirement, result, hidden, once, condition_group, conditional_targets, children) VALUES (2441, 1086, 1, 'choice', 'Приготовиться к бою.', 'verse', 234, NULL, NULL, NULL, NULL, FALSE, NULL, NULL, NULL);
INSERT INTO options (id, verse_id, position, type, text, target_type, target_verse_dn, target_location_dn, requirement, result, hidden, once, condition_group, conditional_targets, children) VALUES (2442, 1086, 2, 'choice', 'Попробовать договориться с ним.', 'verse', 235, NULL, NULL, NULL, NULL, FALSE, NULL, NULL, NULL);
INSERT INTO verses (id, location_id, display_number) VALUES (1087, 75, 201);
INSERT INTO options (id, verse_id, position, type, text, target_type, target_verse_dn, target_location_dn, requirement, result, hidden, once, condition_group, conditional_targets, children) VALUES (2443, 1087, 0, 'choice', 'Продолжить.', 'end', NULL, NULL, NULL, 'Получите 1 предмет Д.  Исследование окончено.', NULL, FALSE, NULL, NULL, NULL);
INSERT INTO verses (id, location_id, display_number) VALUES (1088, 75, 202);
INSERT INTO options (id, verse_id, position, type, text, target_type, target_verse_dn, target_location_dn, requirement, result, hidden, once, condition_group, conditional_targets, children) VALUES (2444, 1088, 0, 'condition', 'Если у вас нет части 1 достижения «Грехи владыки».', 'end', NULL, NULL, NULL, 'Продолжайте встречу.', NULL, FALSE, NULL, NULL, NULL);
INSERT INTO options (id, verse_id, position, type, text, target_type, target_verse_dn, target_location_dn, requirement, result, hidden, once, condition_group, conditional_targets, children) VALUES (2445, 1088, 1, 'condition', 'В противном случае.', 'cross_location', 1214, 1001, NULL, NULL, NULL, FALSE, NULL, NULL, NULL);
INSERT INTO verses (id, location_id, display_number) VALUES (1089, 75, 203);
INSERT INTO options (id, verse_id, position, type, text, target_type, target_verse_dn, target_location_dn, requirement, result, hidden, once, condition_group, conditional_targets, children) VALUES (2446, 1089, 0, 'condition', 'Если у вас есть часть 1 достижения «Запретная земля».', 'cross_location', 1148, 1001, NULL, NULL, NULL, FALSE, NULL, NULL, NULL);
INSERT INTO options (id, verse_id, position, type, text, target_type, target_verse_dn, target_location_dn, requirement, result, hidden, once, condition_group, conditional_targets, children) VALUES (2447, 1089, 1, 'condition', 'В противном случае проведите эту встречу, а затем проверьте результат.', 'verse', 280, NULL, 'Если вы победили.', NULL, NULL, FALSE, NULL, NULL, NULL);
INSERT INTO options (id, verse_id, position, type, text, target_type, target_verse_dn, target_location_dn, requirement, result, hidden, once, condition_group, conditional_targets, children) VALUES (2448, 1089, 2, 'condition', 'В противном случае проведите эту встречу, а затем проверьте результат.', 'verse', 287, NULL, NULL, NULL, NULL, FALSE, NULL, NULL, NULL);
INSERT INTO verses (id, location_id, display_number) VALUES (1090, 75, 204);
INSERT INTO options (id, verse_id, position, type, text, target_type, target_verse_dn, target_location_dn, requirement, result, hidden, once, condition_group, conditional_targets, children) VALUES (2449, 1090, 0, 'condition', 'Если открыта локация 105-Б.', 'end', NULL, NULL, NULL, 'Здесь больше ничего не удастся найти.  Исследование окончено.', NULL, FALSE, NULL, NULL, NULL);
INSERT INTO options (id, verse_id, position, type, text, target_type, target_verse_dn, target_location_dn, requirement, result, hidden, once, condition_group, conditional_targets, children) VALUES (2450, 1090, 1, 'condition', 'Если у вас есть часть 2 достижения «Заготовки».', 'verse', 58, NULL, NULL, NULL, NULL, FALSE, NULL, NULL, NULL);
INSERT INTO options (id, verse_id, position, type, text, target_type, target_verse_dn, target_location_dn, requirement, result, hidden, once, condition_group, conditional_targets, children) VALUES (2451, 1090, 2, 'condition', 'В противном случае.', 'cross_location', 1215, 1001, NULL, NULL, NULL, FALSE, NULL, NULL, NULL);
INSERT INTO verses (id, location_id, display_number) VALUES (1091, 75, 205);
INSERT INTO options (id, verse_id, position, type, text, target_type, target_verse_dn, target_location_dn, requirement, result, hidden, once, condition_group, conditional_targets, children) VALUES (2452, 1091, 0, 'condition', 'Если у вас есть часть 1 достижения «Запретная земля».', 'cross_location', 1145, 1001, NULL, NULL, NULL, FALSE, NULL, NULL, NULL);
INSERT INTO options (id, verse_id, position, type, text, target_type, target_verse_dn, target_location_dn, requirement, result, hidden, once, condition_group, conditional_targets, children) VALUES (2453, 1091, 1, 'condition', 'В противном случае проведите эту встречу, а затем нажмите сюда, чтобы проверить результат.', 'verse', 280, NULL, 'Если развязка @GreenOutcome@.', NULL, NULL, FALSE, NULL, NULL, NULL);
INSERT INTO options (id, verse_id, position, type, text, target_type, target_verse_dn, target_location_dn, requirement, result, hidden, once, condition_group, conditional_targets, children) VALUES (2454, 1091, 2, 'condition', 'В противном случае проведите эту встречу, а затем нажмите сюда, чтобы проверить результат.', 'verse', 287, NULL, NULL, NULL, NULL, FALSE, NULL, NULL, NULL);
INSERT INTO verses (id, location_id, display_number) VALUES (1092, 75, 206);
INSERT INTO options (id, verse_id, position, type, text, target_type, target_verse_dn, target_location_dn, requirement, result, hidden, once, condition_group, conditional_targets, children) VALUES (2455, 1092, 0, 'choice', 'Продолжить.', 'end', NULL, NULL, NULL, 'Получите часть 3 достижения «Дипломат».  Исследование окончено.', NULL, FALSE, NULL, NULL, NULL);
INSERT INTO verses (id, location_id, display_number) VALUES (1093, 75, 207);
INSERT INTO options (id, verse_id, position, type, text, target_type, target_verse_dn, target_location_dn, requirement, result, hidden, once, condition_group, conditional_targets, children) VALUES (2456, 1093, 0, 'condition', 'Если у вас есть хотя бы четыре части достижения «Угнетатель».', 'verse', 218, NULL, NULL, NULL, NULL, FALSE, NULL, NULL, NULL);
INSERT INTO options (id, verse_id, position, type, text, target_type, target_verse_dn, target_location_dn, requirement, result, hidden, once, condition_group, conditional_targets, children) VALUES (2457, 1093, 1, 'condition', 'Если у вас есть хотя бы четыре части достижения «Свобода» и нет ни одной части достижения «Угнетатель».', 'verse', 201, NULL, NULL, 'Получите часть 7 достижения «Случайные встречи».', NULL, FALSE, NULL, NULL, NULL);
INSERT INTO options (id, verse_id, position, type, text, target_type, target_verse_dn, target_location_dn, requirement, result, hidden, once, condition_group, conditional_targets, children) VALUES (2458, 1093, 2, 'condition', 'В противном случае.', 'end', NULL, NULL, NULL, 'Получите часть 7 достижения «Случайные встречи».  Исследование окончено.', NULL, FALSE, NULL, NULL, NULL);
INSERT INTO verses (id, location_id, display_number) VALUES (1094, 75, 208);
INSERT INTO options (id, verse_id, position, type, text, target_type, target_verse_dn, target_location_dn, requirement, result, hidden, once, condition_group, conditional_targets, children) VALUES (2459, 1094, 0, 'choice', 'Продолжить.', 'end', NULL, NULL, NULL, 'Получите часть 3 достижения «Великие деяния».  Каждый персонаж получает 1 опыт и теряет 1 @Terror@.  Исследование окончено.', NULL, FALSE, NULL, NULL, NULL);
INSERT INTO verses (id, location_id, display_number) VALUES (1095, 75, 209);
INSERT INTO options (id, verse_id, position, type, text, target_type, target_verse_dn, target_location_dn, requirement, result, hidden, once, condition_group, conditional_targets, children) VALUES (2460, 1095, 0, 'choice', 'Продолжить.', 'end', NULL, NULL, NULL, 'Получите часть 3 достижения «Великие деяния».  Каждый персонаж получает 1 опыт и теряет 1 @Terror@.  Исследование окончено.', NULL, FALSE, NULL, NULL, NULL);
INSERT INTO verses (id, location_id, display_number) VALUES (1096, 75, 210);
INSERT INTO options (id, verse_id, position, type, text, target_type, target_verse_dn, target_location_dn, requirement, result, hidden, once, condition_group, conditional_targets, children) VALUES (2461, 1096, 0, 'condition', 'Если вы победили.', 'verse', 69, NULL, NULL, NULL, NULL, FALSE, NULL, NULL, NULL);
INSERT INTO options (id, verse_id, position, type, text, target_type, target_verse_dn, target_location_dn, requirement, result, hidden, once, condition_group, conditional_targets, children) VALUES (2462, 1096, 1, 'condition', 'В противном случае.', 'verse', 215, NULL, NULL, NULL, NULL, FALSE, NULL, NULL, NULL);
INSERT INTO verses (id, location_id, display_number) VALUES (1097, 75, 211);
INSERT INTO options (id, verse_id, position, type, text, target_type, target_verse_dn, target_location_dn, requirement, result, hidden, once, condition_group, conditional_targets, children) VALUES (2463, 1097, 0, 'choice', 'Продолжить.', 'end', NULL, NULL, NULL, 'Исследование окончено.', NULL, FALSE, NULL, NULL, NULL);
INSERT INTO verses (id, location_id, display_number) VALUES (1098, 75, 212);
INSERT INTO options (id, verse_id, position, type, text, target_type, target_verse_dn, target_location_dn, requirement, result, hidden, once, condition_group, conditional_targets, children) VALUES (2464, 1098, 0, 'choice', 'Продолжить.', 'end', NULL, NULL, NULL, 'Получите часть 3 достижения «Великие деяния».  Каждый персонаж получает 1 опыт и теряет 1 @Terror@.  Исследование окончено.', NULL, FALSE, NULL, NULL, NULL);
INSERT INTO verses (id, location_id, display_number) VALUES (1099, 75, 213);
INSERT INTO options (id, verse_id, position, type, text, target_type, target_verse_dn, target_location_dn, requirement, result, hidden, once, condition_group, conditional_targets, children) VALUES (2465, 1099, 0, 'condition', 'Если у вас нет части 3 достижения «Грехи владыки».', 'end', NULL, NULL, NULL, 'Каждый член команды получает 1 @Terror@.  Продолжайте встречу.', NULL, FALSE, NULL, NULL, NULL);
INSERT INTO options (id, verse_id, position, type, text, target_type, target_verse_dn, target_location_dn, requirement, result, hidden, once, condition_group, conditional_targets, children) VALUES (2466, 1099, 1, 'condition', 'В противном случае.', 'cross_location', 1216, 1001, NULL, NULL, NULL, FALSE, NULL, NULL, NULL);
INSERT INTO verses (id, location_id, display_number) VALUES (1100, 75, 214);
INSERT INTO options (id, verse_id, position, type, text, target_type, target_verse_dn, target_location_dn, requirement, result, hidden, once, condition_group, conditional_targets, children) VALUES (2467, 1100, 0, 'condition', 'Если развязка @GreenOutcome@.', 'verse', 69, NULL, NULL, NULL, NULL, FALSE, NULL, NULL, NULL);
INSERT INTO options (id, verse_id, position, type, text, target_type, target_verse_dn, target_location_dn, requirement, result, hidden, once, condition_group, conditional_targets, children) VALUES (2468, 1100, 1, 'condition', 'В противном случае.', 'verse', 215, NULL, NULL, NULL, NULL, FALSE, NULL, NULL, NULL);
INSERT INTO verses (id, location_id, display_number) VALUES (1101, 75, 215);
INSERT INTO options (id, verse_id, position, type, text, target_type, target_verse_dn, target_location_dn, requirement, result, hidden, once, condition_group, conditional_targets, children) VALUES (2469, 1101, 0, 'choice', 'Продолжить.', 'verse', 410, NULL, NULL, 'Получите часть 3 достижения «Слухи и сплетни».', NULL, FALSE, NULL, NULL, NULL);
INSERT INTO verses (id, location_id, display_number) VALUES (1102, 75, 216);
INSERT INTO options (id, verse_id, position, type, text, target_type, target_verse_dn, target_location_dn, requirement, result, hidden, once, condition_group, conditional_targets, children) VALUES (2470, 1102, 0, 'choice', '≤3.', 'verse', 248, NULL, NULL, 'Что-то в мальчике пробудило ваш интерес.', NULL, FALSE, NULL, NULL, NULL);
INSERT INTO options (id, verse_id, position, type, text, target_type, target_verse_dn, target_location_dn, requirement, result, hidden, once, condition_group, conditional_targets, children) VALUES (2471, 1102, 1, 'choice', '4.', 'verse', 216, NULL, 'Вы можете потратить 1 @Energy@ и перебросить кубик.', 'Вы попробовали использовать магию, чтобы защититься от внешнего воздействия, но волосы продолжали отрастать заново.', NULL, FALSE, NULL, NULL, NULL);
INSERT INTO options (id, verse_id, position, type, text, target_type, target_verse_dn, target_location_dn, requirement, result, hidden, once, condition_group, conditional_targets, children) VALUES (2472, 1102, 2, 'choice', '4.', 'end', NULL, NULL, NULL, 'Вы попробовали использовать магию, чтобы защититься от внешнего воздействия, но волосы продолжали отрастать заново.  Исследование окончено.', NULL, FALSE, NULL, NULL, NULL);
INSERT INTO options (id, verse_id, position, type, text, target_type, target_verse_dn, target_location_dn, requirement, result, hidden, once, condition_group, conditional_targets, children) VALUES (2473, 1102, 3, 'choice', '5.', 'verse', 216, NULL, 'Вы можете потратить 1 @Energy@ и перебросить кубик.', 'Вы осмотрели все углы в поисках домовых и гремлинов, но ничего не нашли.', NULL, FALSE, NULL, NULL, NULL);
INSERT INTO options (id, verse_id, position, type, text, target_type, target_verse_dn, target_location_dn, requirement, result, hidden, once, condition_group, conditional_targets, children) VALUES (2474, 1102, 4, 'choice', '5.', 'end', NULL, NULL, NULL, 'Вы осмотрели все углы в поисках домовых и гремлинов, но ничего не нашли.  Исследование окончено.', NULL, FALSE, NULL, NULL, NULL);
INSERT INTO options (id, verse_id, position, type, text, target_type, target_verse_dn, target_location_dn, requirement, result, hidden, once, condition_group, conditional_targets, children) VALUES (2475, 1102, 5, 'choice', '6.', 'verse', 216, NULL, 'Вы можете потратить 1 @Energy@ и перебросить кубик.', 'Вы расспросили родителей мальчика о деталях этой истории. Возможно, кто-то наложил на них проклятие? Но ничто на это не указывало.', NULL, FALSE, NULL, NULL, NULL);
INSERT INTO options (id, verse_id, position, type, text, target_type, target_verse_dn, target_location_dn, requirement, result, hidden, once, condition_group, conditional_targets, children) VALUES (2476, 1102, 6, 'choice', '6.', 'end', NULL, NULL, NULL, 'Вы расспросили родителей мальчика о деталях этой истории. Возможно, кто-то наложил на них проклятие? Но ничто на это не указывало.  Исследование окончено.', NULL, FALSE, NULL, NULL, NULL);
INSERT INTO options (id, verse_id, position, type, text, target_type, target_verse_dn, target_location_dn, requirement, result, hidden, once, condition_group, conditional_targets, children) VALUES (2477, 1102, 7, 'choice', '≥7.', 'verse', 250, NULL, NULL, 'Нужно было ещё полнее использовать научный подход. Вы задумали небольшой эксперимент.', NULL, FALSE, NULL, NULL, NULL);
INSERT INTO verses (id, location_id, display_number) VALUES (1103, 75, 217);
INSERT INTO options (id, verse_id, position, type, text, target_type, target_verse_dn, target_location_dn, requirement, result, hidden, once, condition_group, conditional_targets, children) VALUES (2478, 1103, 0, 'choice', 'Сказать плотнику, что вы ограбили его повозку. Признание в преступлении может повлечь за собой серьёзные последствия.', 'verse', 79, NULL, NULL, NULL, NULL, FALSE, NULL, NULL, NULL);
INSERT INTO options (id, verse_id, position, type, text, target_type, target_verse_dn, target_location_dn, requirement, result, hidden, once, condition_group, conditional_targets, children) VALUES (2479, 1103, 1, 'choice', 'Сознаться в содеянном и вернуть добычу. Изменит ли это что-нибудь?', 'verse', 242, NULL, 'Потратьте в общей сложности 3 золота и/или еды.', NULL, NULL, FALSE, NULL, NULL, NULL);
INSERT INTO options (id, verse_id, position, type, text, target_type, target_verse_dn, target_location_dn, requirement, result, hidden, once, condition_group, conditional_targets, children) VALUES (2480, 1103, 2, 'choice', 'Промолчать и лечь спать.', 'verse', 88, NULL, NULL, 'Каждый персонаж получает 1 @Terror@.', NULL, FALSE, NULL, NULL, NULL);
INSERT INTO verses (id, location_id, display_number) VALUES (1104, 75, 218);
INSERT INTO options (id, verse_id, position, type, text, target_type, target_verse_dn, target_location_dn, requirement, result, hidden, once, condition_group, conditional_targets, children) VALUES (2481, 1104, 0, 'choice', 'Продолжить.', 'end', NULL, NULL, NULL, 'Каждый член команды теряет 2 @Health@.  Получите часть 7 достижения «Случайные встречи».  Исследование окончено.', NULL, FALSE, NULL, NULL, NULL);
INSERT INTO verses (id, location_id, display_number) VALUES (1105, 75, 219);
INSERT INTO options (id, verse_id, position, type, text, target_type, target_verse_dn, target_location_dn, requirement, result, hidden, once, condition_group, conditional_targets, children) VALUES (2482, 1105, 0, 'choice', 'Продолжить.', 'end', NULL, NULL, NULL, 'Получите 1 золото и часть 1 достижения «Трофеи искаженья».  Исследование окончено.', NULL, FALSE, NULL, NULL, NULL);
INSERT INTO verses (id, location_id, display_number) VALUES (1106, 75, 220);
INSERT INTO options (id, verse_id, position, type, text, target_type, target_verse_dn, target_location_dn, requirement, result, hidden, once, condition_group, conditional_targets, children) VALUES (2483, 1106, 0, 'condition', 'Если у вас есть часть 2 достижения «Трофеи искаженья».', 'end', NULL, NULL, NULL, 'Исследование окончено.', NULL, FALSE, NULL, NULL, NULL);
INSERT INTO options (id, verse_id, position, type, text, target_type, target_verse_dn, target_location_dn, requirement, result, hidden, once, condition_group, conditional_targets, children) VALUES (2484, 1106, 1, 'condition', 'В противном случае.', 'cross_location', 1217, 1001, NULL, NULL, NULL, FALSE, NULL, NULL, NULL);
INSERT INTO verses (id, location_id, display_number) VALUES (1107, 75, 221);
INSERT INTO options (id, verse_id, position, type, text, target_type, target_verse_dn, target_location_dn, requirement, result, hidden, once, condition_group, conditional_targets, children) VALUES (2485, 1107, 0, 'choice', 'Сказать, что править должна королева Ольфрида, ведь близнецы не в состоянии это делать.', 'verse', 239, NULL, NULL, NULL, NULL, FALSE, NULL, NULL, NULL);
INSERT INTO options (id, verse_id, position, type, text, target_type, target_verse_dn, target_location_dn, requirement, result, hidden, once, condition_group, conditional_targets, children) VALUES (2486, 1107, 1, 'choice', 'Сказать, что править должны Скорбные близнецы. В их жилах течёт королевская кровь, они истинные дети Ольфриды.', 'verse', 369, NULL, NULL, NULL, NULL, FALSE, NULL, NULL, NULL);
INSERT INTO options (id, verse_id, position, type, text, target_type, target_verse_dn, target_location_dn, requirement, result, hidden, once, condition_group, conditional_targets, children) VALUES (2487, 1107, 2, 'choice', 'Сказать, что есть ещё одна наследница — дочь Калеки, Хильбриды.', 'verse', 364, NULL, 'Нужна часть 1 или часть 4 достижения «Семейные тайны».', NULL, NULL, FALSE, NULL, NULL, NULL);
INSERT INTO verses (id, location_id, display_number) VALUES (1108, 75, 222);
INSERT INTO options (id, verse_id, position, type, text, target_type, target_verse_dn, target_location_dn, requirement, result, hidden, once, condition_group, conditional_targets, children) VALUES (2488, 1108, 0, 'choice', 'Продолжить.', 'end', NULL, NULL, NULL, 'Если у вас нет части 10 достижения «Страхи и напасти», получите 2 предмета Г и 3 золота, каждый член команды получает 2 @Terror@.  Получите часть 10 достижения «Страхи и напасти».  Исследование окончено.', NULL, FALSE, NULL, NULL, NULL);
INSERT INTO verses (id, location_id, display_number) VALUES (1109, 75, 223);
INSERT INTO options (id, verse_id, position, type, text, target_type, target_verse_dn, target_location_dn, requirement, result, hidden, once, condition_group, conditional_targets, children) VALUES (2489, 1109, 0, 'choice', 'Продолжить.', 'end', NULL, NULL, NULL, 'Получите часть 3 достижения «Великие деяния».  Каждый персонаж получает 1 опыт и теряет 1 @Terror@.  Исследование окончено.', NULL, FALSE, NULL, NULL, NULL);
INSERT INTO verses (id, location_id, display_number) VALUES (1110, 75, 224);
INSERT INTO options (id, verse_id, position, type, text, target_type, target_verse_dn, target_location_dn, requirement, result, hidden, once, condition_group, conditional_targets, children) VALUES (2490, 1110, 0, 'condition', 'Если у вас нет части 8 достижения «Небольшая услуга».', 'verse', 227, NULL, NULL, NULL, NULL, FALSE, NULL, NULL, NULL);
INSERT INTO options (id, verse_id, position, type, text, target_type, target_verse_dn, target_location_dn, requirement, result, hidden, once, condition_group, conditional_targets, children) VALUES (2491, 1110, 1, 'condition', 'В противном случае.', 'cross_location', 1218, 1001, NULL, NULL, NULL, FALSE, NULL, NULL, NULL);
INSERT INTO verses (id, location_id, display_number) VALUES (1111, 75, 225);
INSERT INTO options (id, verse_id, position, type, text, target_type, target_verse_dn, target_location_dn, requirement, result, hidden, once, condition_group, conditional_targets, children) VALUES (2492, 1111, 0, 'condition', 'Если у вас нет части 4 достижения «Грехи владыки».', 'end', NULL, NULL, NULL, 'o Если вы в бою, потеряйте @Cube3@ и продолжайте встречу.  o Если вы в дипломатии, то @ArrowDown@ @ArrowDown@ и продолжайте встречу.', NULL, FALSE, NULL, NULL, NULL);
INSERT INTO options (id, verse_id, position, type, text, target_type, target_verse_dn, target_location_dn, requirement, result, hidden, once, condition_group, conditional_targets, children) VALUES (2493, 1111, 1, 'condition', 'В противном случае.', 'cross_location', 1219, 1001, NULL, NULL, NULL, FALSE, NULL, NULL, NULL);
INSERT INTO verses (id, location_id, display_number) VALUES (1112, 75, 226);
INSERT INTO options (id, verse_id, position, type, text, target_type, target_verse_dn, target_location_dn, requirement, result, hidden, once, condition_group, conditional_targets, children) VALUES (2494, 1112, 0, 'choice', 'Продолжить.', 'verse', 401, NULL, NULL, 'Получите часть 2 достижения «Семейные тайны».', NULL, FALSE, NULL, NULL, NULL);
INSERT INTO verses (id, location_id, display_number) VALUES (1113, 75, 227);
INSERT INTO options (id, verse_id, position, type, text, target_type, target_verse_dn, target_location_dn, requirement, result, hidden, once, condition_group, conditional_targets, children) VALUES (2495, 1113, 0, 'choice', 'Продолжить.', 'verse', 226, NULL, NULL, NULL, NULL, FALSE, NULL, NULL, NULL);
INSERT INTO verses (id, location_id, display_number) VALUES (1114, 75, 228);
INSERT INTO options (id, verse_id, position, type, text, target_type, target_verse_dn, target_location_dn, requirement, result, hidden, once, condition_group, conditional_targets, children) VALUES (2496, 1114, 0, 'choice', 'Снабдить квартирмейстера провизией.', 'verse', 263, NULL, 'Потратьте 2 еды за персонажа.', NULL, NULL, FALSE, NULL, NULL, NULL);
INSERT INTO options (id, verse_id, position, type, text, target_type, target_verse_dn, target_location_dn, requirement, result, hidden, once, condition_group, conditional_targets, children) VALUES (2497, 1114, 1, 'choice', 'Уйти.', 'end', NULL, NULL, NULL, 'Исследование окончено.', NULL, FALSE, NULL, NULL, NULL);
INSERT INTO options (id, verse_id, position, type, text, target_type, target_verse_dn, target_location_dn, requirement, result, hidden, once, condition_group, conditional_targets, children) VALUES (2498, 1114, 2, 'condition', 'Если у вас есть часть 5 достижения «Небольшая услуга».', 'end', NULL, NULL, NULL, 'Исследование окончено.', NULL, FALSE, NULL, NULL, NULL);
INSERT INTO verses (id, location_id, display_number) VALUES (1115, 75, 229);
INSERT INTO options (id, verse_id, position, type, text, target_type, target_verse_dn, target_location_dn, requirement, result, hidden, once, condition_group, conditional_targets, children) VALUES (2499, 1115, 0, 'condition', 'Если у вас нет части 5 достижения «Осведомитель».', 'verse', 193, NULL, NULL, NULL, NULL, FALSE, NULL, NULL, NULL);
INSERT INTO options (id, verse_id, position, type, text, target_type, target_verse_dn, target_location_dn, requirement, result, hidden, once, condition_group, conditional_targets, children) VALUES (2500, 1115, 1, 'choice', 'Продолжить.', 'verse', 273, NULL, NULL, NULL, NULL, FALSE, NULL, NULL, NULL);
INSERT INTO verses (id, location_id, display_number) VALUES (1116, 75, 230);
INSERT INTO options (id, verse_id, position, type, text, target_type, target_verse_dn, target_location_dn, requirement, result, hidden, once, condition_group, conditional_targets, children) VALUES (2501, 1116, 0, 'choice', 'Продать «бесполезную» свечу.', 'end', NULL, NULL, 'Нужна карта секрета 4.', 'Сбросьте карту секрета 4 и получите 5 магии.  Исследование окончено.', NULL, FALSE, NULL, NULL, NULL);
INSERT INTO options (id, verse_id, position, type, text, target_type, target_verse_dn, target_location_dn, requirement, result, hidden, once, condition_group, conditional_targets, children) VALUES (2502, 1116, 1, 'choice', 'Купить товар ведьмы.', 'verse', 230, NULL, 'Потратьте 2 еды или 2 золота.', 'Получите одноразовый предмет «Дивосвеча», «Целебный эликсир», «Третьеглазки» или «Священные благовония» (если он доступен).  Сделайте новый выбор (в этом исследовании выбрать этот вариант больше нельзя).', NULL, FALSE, NULL, NULL, NULL);
INSERT INTO options (id, verse_id, position, type, text, target_type, target_verse_dn, target_location_dn, requirement, result, hidden, once, condition_group, conditional_targets, children) VALUES (2503, 1116, 2, 'choice', 'Восстановить вашу магию.', 'verse', 230, NULL, 'Только если в этой локации нет @LightTT@. Потратьте 2 золота.', 'Поместите 1 @LightTT@ в эту локацию и получите столько магии, сколько у вас очков @Spirituality@.  Сделайте новый выбор.', NULL, FALSE, NULL, NULL, NULL);
INSERT INTO options (id, verse_id, position, type, text, target_type, target_verse_dn, target_location_dn, requirement, result, hidden, once, condition_group, conditional_targets, children) VALUES (2504, 1116, 3, 'choice', 'Уйти.', 'end', NULL, NULL, NULL, 'Исследование окончено.', NULL, FALSE, NULL, NULL, NULL);
INSERT INTO verses (id, location_id, display_number) VALUES (1117, 75, 231);
INSERT INTO options (id, verse_id, position, type, text, target_type, target_verse_dn, target_location_dn, requirement, result, hidden, once, condition_group, conditional_targets, children) VALUES (2505, 1117, 0, 'choice', 'Продолжить.', 'end', NULL, NULL, NULL, 'Получите 2 золота, 1 @Terror@ и часть 1 достижения «Трофеи искаженья».  Исследование окончено.', NULL, FALSE, NULL, NULL, NULL);
INSERT INTO verses (id, location_id, display_number) VALUES (1118, 75, 232);
INSERT INTO options (id, verse_id, position, type, text, target_type, target_verse_dn, target_location_dn, requirement, result, hidden, once, condition_group, conditional_targets, children) VALUES (2506, 1118, 0, 'condition', 'Если у вас нет части 5 достижения «Грехи владыки».', 'end', NULL, NULL, NULL, 'Продолжайте встречу.', NULL, FALSE, NULL, NULL, NULL);
INSERT INTO options (id, verse_id, position, type, text, target_type, target_verse_dn, target_location_dn, requirement, result, hidden, once, condition_group, conditional_targets, children) VALUES (2507, 1118, 1, 'condition', 'В противном случае.', 'cross_location', 1220, 1001, NULL, NULL, NULL, FALSE, NULL, NULL, NULL);
INSERT INTO verses (id, location_id, display_number) VALUES (1119, 75, 233);
INSERT INTO options (id, verse_id, position, type, text, target_type, target_verse_dn, target_location_dn, requirement, result, hidden, once, condition_group, conditional_targets, children) VALUES (2508, 1119, 0, 'condition', 'Если у вас есть карта секрета 9.', 'verse', 295, NULL, NULL, 'Получите карту секрета 12.', NULL, FALSE, NULL, NULL, NULL);
INSERT INTO options (id, verse_id, position, type, text, target_type, target_verse_dn, target_location_dn, requirement, result, hidden, once, condition_group, conditional_targets, children) VALUES (2509, 1119, 1, 'condition', 'В противном случае.', 'end', NULL, NULL, NULL, 'Получите карту секрета 12.  Исследование окончено.', NULL, FALSE, NULL, NULL, NULL);
INSERT INTO verses (id, location_id, display_number) VALUES (1120, 75, 234);
INSERT INTO options (id, verse_id, position, type, text, target_type, target_verse_dn, target_location_dn, requirement, result, hidden, once, condition_group, conditional_targets, children) VALUES (2510, 1120, 0, 'condition', 'Если вы победили.', 'verse', 212, NULL, NULL, NULL, NULL, FALSE, NULL, NULL, NULL);
INSERT INTO options (id, verse_id, position, type, text, target_type, target_verse_dn, target_location_dn, requirement, result, hidden, once, condition_group, conditional_targets, children) VALUES (2511, 1120, 1, 'condition', 'В противном случае.', 'end', NULL, NULL, NULL, 'Каждый член команды теряет 1 золото и 1 @Energy@. Затем переместите всех членов команды в связанную локацию с наименьшим номером.  Исследование окончено.', NULL, FALSE, NULL, NULL, NULL);
INSERT INTO verses (id, location_id, display_number) VALUES (1121, 75, 235);
INSERT INTO options (id, verse_id, position, type, text, target_type, target_verse_dn, target_location_dn, requirement, result, hidden, once, condition_group, conditional_targets, children) VALUES (2512, 1121, 0, 'condition', 'Если развязка @GreenOutcome@.', 'verse', 209, NULL, NULL, NULL, NULL, FALSE, NULL, NULL, NULL);
INSERT INTO options (id, verse_id, position, type, text, target_type, target_verse_dn, target_location_dn, requirement, result, hidden, once, condition_group, conditional_targets, children) VALUES (2513, 1121, 1, 'condition', 'Если развязка @GrayOutcome@.', 'verse', 223, NULL, NULL, NULL, NULL, FALSE, NULL, NULL, NULL);
INSERT INTO options (id, verse_id, position, type, text, target_type, target_verse_dn, target_location_dn, requirement, result, hidden, once, condition_group, conditional_targets, children) VALUES (2514, 1121, 2, 'condition', 'В противном случае.', 'end', NULL, NULL, NULL, 'Каждый член команды теряет 1 золото и 1 @Energy@. Затем переместите всех членов команды в связанную локацию с наименьшим номером.  Исследование окончено.', NULL, FALSE, NULL, NULL, NULL);
INSERT INTO verses (id, location_id, display_number) VALUES (1122, 75, 236);
INSERT INTO options (id, verse_id, position, type, text, target_type, target_verse_dn, target_location_dn, requirement, result, hidden, once, condition_group, conditional_targets, children) VALUES (2515, 1122, 0, 'condition', 'Если у вас есть часть 8 достижения «Смутная догадка».', 'verse', 237, NULL, NULL, NULL, NULL, FALSE, NULL, NULL, NULL);
INSERT INTO options (id, verse_id, position, type, text, target_type, target_verse_dn, target_location_dn, requirement, result, hidden, once, condition_group, conditional_targets, children) VALUES (2516, 1122, 1, 'condition', 'В противном случае.', 'cross_location', 1221, 1001, NULL, NULL, NULL, FALSE, NULL, NULL, NULL);
INSERT INTO verses (id, location_id, display_number) VALUES (1123, 75, 237);
INSERT INTO options (id, verse_id, position, type, text, target_type, target_verse_dn, target_location_dn, requirement, result, hidden, once, condition_group, conditional_targets, children) VALUES (2517, 1123, 0, 'condition', 'Если вы играете за Юнис.', 'verse', 261, NULL, NULL, 'Каждый персонаж получает 1 еду.', NULL, FALSE, NULL, NULL, NULL);
INSERT INTO options (id, verse_id, position, type, text, target_type, target_verse_dn, target_location_dn, requirement, result, hidden, once, condition_group, conditional_targets, children) VALUES (2518, 1123, 1, 'condition', 'В противном случае.', 'verse', 268, NULL, NULL, 'Каждый персонаж получает 1 еду.', NULL, FALSE, NULL, NULL, NULL);
INSERT INTO verses (id, location_id, display_number) VALUES (1124, 75, 238);
INSERT INTO options (id, verse_id, position, type, text, target_type, target_verse_dn, target_location_dn, requirement, result, hidden, once, condition_group, conditional_targets, children) VALUES (2519, 1124, 0, 'choice', 'Назвать своё имя.', 'verse', 245, NULL, NULL, NULL, NULL, FALSE, NULL, NULL, NULL);
INSERT INTO options (id, verse_id, position, type, text, target_type, target_verse_dn, target_location_dn, requirement, result, hidden, once, condition_group, conditional_targets, children) VALUES (2520, 1124, 1, 'choice', 'Соврать, что вы волнопряд, и ей стоит придержать язык. В вашем нынешнем виде можно попробовать прикинуться фоморским волшебником.', 'verse', 252, NULL, NULL, NULL, NULL, FALSE, NULL, NULL, NULL);
INSERT INTO verses (id, location_id, display_number) VALUES (1125, 75, 239);
INSERT INTO options (id, verse_id, position, type, text, target_type, target_verse_dn, target_location_dn, requirement, result, hidden, once, condition_group, conditional_targets, children) VALUES (2521, 1125, 0, 'choice', 'Не менять решения: Ольфрида должна стать королевой!', 'verse', 123, NULL, 'Если у вас есть часть 5 достижения «Королевские похороны».', 'Получите часть 9 достижения «Семейные тайны».', NULL, FALSE, NULL, NULL, NULL);
INSERT INTO options (id, verse_id, position, type, text, target_type, target_verse_dn, target_location_dn, requirement, result, hidden, once, condition_group, conditional_targets, children) VALUES (2522, 1125, 1, 'choice', 'Не менять решения: Ольфрида должна стать королевой!', 'verse', 366, NULL, NULL, 'Получите часть 9 достижения «Семейные тайны».', NULL, FALSE, NULL, NULL, NULL);
INSERT INTO options (id, verse_id, position, type, text, target_type, target_verse_dn, target_location_dn, requirement, result, hidden, once, condition_group, conditional_targets, children) VALUES (2523, 1125, 2, 'choice', 'Пересмотреть своё решение.', 'verse', 367, NULL, NULL, NULL, NULL, FALSE, NULL, NULL, NULL);
INSERT INTO verses (id, location_id, display_number) VALUES (1126, 75, 240);
INSERT INTO options (id, verse_id, position, type, text, target_type, target_verse_dn, target_location_dn, requirement, result, hidden, once, condition_group, conditional_targets, children) VALUES (2524, 1126, 0, 'condition', 'Если вы победили.', 'verse', 241, NULL, NULL, 'Получите часть 6 достижения «Обыск».', NULL, FALSE, NULL, NULL, NULL);
INSERT INTO options (id, verse_id, position, type, text, target_type, target_verse_dn, target_location_dn, requirement, result, hidden, once, condition_group, conditional_targets, children) VALUES (2525, 1126, 1, 'condition', 'В противном случае.', 'end', NULL, NULL, NULL, 'Получите часть 6 достижения «Обыск».  Уберите кубик из этой локации.  Исследование окончено.', NULL, FALSE, NULL, NULL, NULL);
INSERT INTO verses (id, location_id, display_number) VALUES (1127, 75, 241);
INSERT INTO options (id, verse_id, position, type, text, target_type, target_verse_dn, target_location_dn, requirement, result, hidden, once, condition_group, conditional_targets, children) VALUES (2526, 1127, 0, 'choice', '1.', 'end', NULL, NULL, NULL, 'Получите 1 еду (1—2 персонажа) или 2 еды (3—4 персонажа).  Уберите кубик из этой локации.  Исследование окончено.', NULL, FALSE, NULL, NULL, NULL);
INSERT INTO options (id, verse_id, position, type, text, target_type, target_verse_dn, target_location_dn, requirement, result, hidden, once, condition_group, conditional_targets, children) VALUES (2527, 1127, 1, 'choice', '2.', 'end', NULL, NULL, NULL, 'Получите 1 золото (1—2 персонажа) или 2 золота (3—4 персонажа).  Уберите кубик из этой локации.  Исследование окончено.', NULL, FALSE, NULL, NULL, NULL);
INSERT INTO options (id, verse_id, position, type, text, target_type, target_verse_dn, target_location_dn, requirement, result, hidden, once, condition_group, conditional_targets, children) VALUES (2528, 1127, 2, 'choice', '3.', 'end', NULL, NULL, NULL, 'Получите 1 магию (1—2 персонажа) или 2 магии (3—4 персонажа).  Уберите кубик из этой локации.  Исследование окончено.', NULL, FALSE, NULL, NULL, NULL);
INSERT INTO verses (id, location_id, display_number) VALUES (1128, 75, 242);
INSERT INTO options (id, verse_id, position, type, text, target_type, target_verse_dn, target_location_dn, requirement, result, hidden, once, condition_group, conditional_targets, children) VALUES (2529, 1128, 0, 'condition', 'Если у любого члена команды ровно 0 очков @Empathy@.', 'verse', 79, NULL, NULL, NULL, NULL, FALSE, NULL, NULL, NULL);
INSERT INTO options (id, verse_id, position, type, text, target_type, target_verse_dn, target_location_dn, requirement, result, hidden, once, condition_group, conditional_targets, children) VALUES (2530, 1128, 1, 'choice', 'Продолжить.', 'verse', 88, NULL, NULL, NULL, NULL, FALSE, NULL, NULL, NULL);
INSERT INTO verses (id, location_id, display_number) VALUES (1129, 75, 243);
INSERT INTO options (id, verse_id, position, type, text, target_type, target_verse_dn, target_location_dn, requirement, result, hidden, once, condition_group, conditional_targets, children) VALUES (2531, 1129, 0, 'choice', 'Согласиться принять участие в церемонии и разобраться, в чём дело.', 'verse', 246, NULL, NULL, NULL, NULL, FALSE, NULL, NULL, NULL);
INSERT INTO options (id, verse_id, position, type, text, target_type, target_verse_dn, target_location_dn, requirement, result, hidden, once, condition_group, conditional_targets, children) VALUES (2532, 1129, 1, 'choice', 'Отказаться принимать участие в церемонии.', 'verse', 244, NULL, NULL, NULL, NULL, FALSE, NULL, NULL, NULL);
INSERT INTO verses (id, location_id, display_number) VALUES (1130, 75, 244);
INSERT INTO options (id, verse_id, position, type, text, target_type, target_verse_dn, target_location_dn, requirement, result, hidden, once, condition_group, conditional_targets, children) VALUES (2533, 1130, 0, 'choice', 'Согласиться принять участие в церемонии и разобраться, в чём дело.', 'verse', 246, NULL, NULL, NULL, NULL, FALSE, NULL, NULL, NULL);
INSERT INTO options (id, verse_id, position, type, text, target_type, target_verse_dn, target_location_dn, requirement, result, hidden, once, condition_group, conditional_targets, children) VALUES (2534, 1130, 1, 'choice', 'Ещё раз отказаться.', 'verse', 247, NULL, NULL, NULL, NULL, FALSE, NULL, NULL, NULL);
INSERT INTO verses (id, location_id, display_number) VALUES (1131, 75, 245);
INSERT INTO options (id, verse_id, position, type, text, target_type, target_verse_dn, target_location_dn, requirement, result, hidden, once, condition_group, conditional_targets, children) VALUES (2535, 1131, 0, 'choice', 'Продолжить.', 'verse', 256, NULL, NULL, 'Юнис теряет 2 @Terror@.', NULL, FALSE, NULL, NULL, NULL);
INSERT INTO verses (id, location_id, display_number) VALUES (1132, 75, 246);
INSERT INTO options (id, verse_id, position, type, text, target_type, target_verse_dn, target_location_dn, requirement, result, hidden, once, condition_group, conditional_targets, children) VALUES (2536, 1132, 0, 'condition', 'Если вы проходите главу 9Б.', 'verse', 248, NULL, NULL, NULL, NULL, FALSE, NULL, NULL, NULL);
INSERT INTO options (id, verse_id, position, type, text, target_type, target_verse_dn, target_location_dn, requirement, result, hidden, once, condition_group, conditional_targets, children) VALUES (2537, 1132, 1, 'condition', 'В противном случае.', 'verse', 216, NULL, NULL, NULL, NULL, FALSE, NULL, NULL, NULL);
INSERT INTO verses (id, location_id, display_number) VALUES (1133, 75, 247);
INSERT INTO options (id, verse_id, position, type, text, target_type, target_verse_dn, target_location_dn, requirement, result, hidden, once, condition_group, conditional_targets, children) VALUES (2538, 1133, 0, 'choice', 'Согласиться принять участие в церемонии и разобраться, в чём дело.', 'verse', 246, NULL, NULL, NULL, NULL, FALSE, NULL, NULL, NULL);
INSERT INTO options (id, verse_id, position, type, text, target_type, target_verse_dn, target_location_dn, requirement, result, hidden, once, condition_group, conditional_targets, children) VALUES (2539, 1133, 1, 'choice', 'Отказаться в третий раз.', 'verse', 249, NULL, NULL, NULL, NULL, FALSE, NULL, NULL, NULL);
INSERT INTO verses (id, location_id, display_number) VALUES (1134, 75, 248);
INSERT INTO options (id, verse_id, position, type, text, target_type, target_verse_dn, target_location_dn, requirement, result, hidden, once, condition_group, conditional_targets, children) VALUES (2540, 1134, 0, 'choice', 'Спросить его, почему он не хочет обрезать волосы.', 'verse', 253, NULL, NULL, NULL, NULL, FALSE, NULL, NULL, NULL);
INSERT INTO options (id, verse_id, position, type, text, target_type, target_verse_dn, target_location_dn, requirement, result, hidden, once, condition_group, conditional_targets, children) VALUES (2541, 1134, 1, 'choice', 'Сказать родителям мальчика, что просто нужно зажечь побольше дивосвечей, чтобы изгнать всё искаженье из дома.', 'verse', 266, NULL, NULL, 'Мать выглядела почти расстроенной, когда вы раскрыли тайну её сына, а мальчик расплакался. Но пути назад не было.  Каждый член команды с хотя бы 1 очком @Empathy@ получает 1 @Terror@.', NULL, FALSE, NULL, NULL, NULL);
INSERT INTO verses (id, location_id, display_number) VALUES (1135, 75, 249);
INSERT INTO options (id, verse_id, position, type, text, target_type, target_verse_dn, target_location_dn, requirement, result, hidden, once, condition_group, conditional_targets, children) VALUES (2542, 1135, 0, 'choice', 'Продолжить.', 'end', NULL, NULL, NULL, 'Каждый член команды теряет 3 @Health@ (–1 за каждое очко своей @Aggression@).  Исследование окончено.', NULL, FALSE, NULL, NULL, NULL);
INSERT INTO verses (id, location_id, display_number) VALUES (1136, 75, 250);
INSERT INTO options (id, verse_id, position, type, text, target_type, target_verse_dn, target_location_dn, requirement, result, hidden, once, condition_group, conditional_targets, children) VALUES (2543, 1136, 0, 'choice', 'Продолжить.', 'end', NULL, NULL, NULL, 'Исследование окончено.', NULL, FALSE, NULL, NULL, NULL);
INSERT INTO verses (id, location_id, display_number) VALUES (1137, 75, 251);
INSERT INTO options (id, verse_id, position, type, text, target_type, target_verse_dn, target_location_dn, requirement, result, hidden, once, condition_group, conditional_targets, children) VALUES (2544, 1137, 0, 'choice', 'Продолжить.', 'end', NULL, NULL, NULL, 'Если у вас нет части 3 достижения «Осведомитель», получите 1 золото.  Получите часть 3 достижения «Осведомитель».  Исследование окончено.', NULL, FALSE, NULL, NULL, NULL);
INSERT INTO verses (id, location_id, display_number) VALUES (1138, 75, 252);
INSERT INTO options (id, verse_id, position, type, text, target_type, target_verse_dn, target_location_dn, requirement, result, hidden, once, condition_group, conditional_targets, children) VALUES (2545, 1138, 0, 'choice', 'Продолжить.', 'verse', 256, NULL, NULL, 'Каждый член команды получает 1 еду, 1 @Health@ и 1 @Energy@.', NULL, FALSE, NULL, NULL, NULL);
INSERT INTO verses (id, location_id, display_number) VALUES (1139, 75, 253);
INSERT INTO options (id, verse_id, position, type, text, target_type, target_verse_dn, target_location_dn, requirement, result, hidden, once, condition_group, conditional_targets, children) VALUES (2546, 1139, 0, 'choice', 'Попробовать уговорить мальчика.', 'verse', 259, NULL, NULL, NULL, NULL, FALSE, NULL, NULL, NULL);
INSERT INTO options (id, verse_id, position, type, text, target_type, target_verse_dn, target_location_dn, requirement, result, hidden, once, condition_group, conditional_targets, children) VALUES (2547, 1139, 1, 'choice', 'Сказать родителям мальчика, что снять «заклятие» не получится. Их сын останется ребёнком.', 'verse', 257, NULL, NULL, NULL, NULL, FALSE, NULL, NULL, NULL);
INSERT INTO options (id, verse_id, position, type, text, target_type, target_verse_dn, target_location_dn, requirement, result, hidden, once, condition_group, conditional_targets, children) VALUES (2548, 1139, 2, 'choice', 'Рассказать родителям мальчика, как сделать так, чтобы волосы больше не отрастали.', 'verse', 266, NULL, NULL, 'Мать выглядела почти расстроенной, когда вы раскрыли тайну её сына, а мальчик расплакался. Но пути назад не было.  Каждый персонаж с хотя бы 1 очком @Empathy@ получает 1 @Terror@.', NULL, FALSE, NULL, NULL, NULL);
INSERT INTO options (id, verse_id, position, type, text, target_type, target_verse_dn, target_location_dn, requirement, result, hidden, once, condition_group, conditional_targets, children) VALUES (2549, 1139, 3, 'choice', 'Уйти.', 'end', NULL, NULL, NULL, 'Исследование окончено.', NULL, FALSE, NULL, NULL, NULL);
INSERT INTO verses (id, location_id, display_number) VALUES (1140, 75, 254);
INSERT INTO options (id, verse_id, position, type, text, target_type, target_verse_dn, target_location_dn, requirement, result, hidden, once, condition_group, conditional_targets, children) VALUES (2550, 1140, 0, 'choice', 'Продолжить.', 'end', NULL, NULL, NULL, 'Получите часть 1 достижения «Личные дела».  Исследование окончено.', NULL, FALSE, NULL, NULL, NULL);
INSERT INTO verses (id, location_id, display_number) VALUES (1141, 75, 255);
INSERT INTO options (id, verse_id, position, type, text, target_type, target_verse_dn, target_location_dn, requirement, result, hidden, once, condition_group, conditional_targets, children) VALUES (2551, 1141, 0, 'choice', 'Продолжить.', 'end', NULL, NULL, NULL, 'Если у вас нет части 2 достижения «Осведомитель», получите 1 золото.  Получите часть 2 достижения «Осведомитель».  Исследование окончено.', NULL, FALSE, NULL, NULL, NULL);
INSERT INTO verses (id, location_id, display_number) VALUES (1142, 75, 256);
INSERT INTO options (id, verse_id, position, type, text, target_type, target_verse_dn, target_location_dn, requirement, result, hidden, once, condition_group, conditional_targets, children) VALUES (2552, 1142, 0, 'choice', 'Продолжить.', 'end', NULL, NULL, NULL, 'Исследование окончено.', NULL, FALSE, NULL, NULL, NULL);
INSERT INTO verses (id, location_id, display_number) VALUES (1143, 75, 257);
INSERT INTO options (id, verse_id, position, type, text, target_type, target_verse_dn, target_location_dn, requirement, result, hidden, once, condition_group, conditional_targets, children) VALUES (2553, 1143, 0, 'choice', 'Продолжить.', 'end', NULL, NULL, NULL, 'Получите часть 3 достижения «Путь Венедии».  Получите часть 4 достижения «Народный герой».  Если вы проходите главу 9Б, часть 3, выберите секрет 271 на главном экране. В противном случае исследование окончено.', NULL, FALSE, NULL, NULL, NULL);
INSERT INTO verses (id, location_id, display_number) VALUES (1144, 75, 258);
INSERT INTO options (id, verse_id, position, type, text, target_type, target_verse_dn, target_location_dn, requirement, result, hidden, once, condition_group, conditional_targets, children) VALUES (2554, 1144, 0, 'choice', 'Продолжить.', 'end', NULL, NULL, NULL, 'Если у вас нет части 1 достижения «Осведомитель», получите 1 золото.  Получите часть 1 достижения «Осведомитель».  Исследование окончено.', NULL, FALSE, NULL, NULL, NULL);
INSERT INTO verses (id, location_id, display_number) VALUES (1145, 75, 259);
INSERT INTO options (id, verse_id, position, type, text, target_type, target_verse_dn, target_location_dn, requirement, result, hidden, once, condition_group, conditional_targets, children) VALUES (2555, 1145, 0, 'choice', 'Продолжить.', 'verse', 266, NULL, NULL, NULL, NULL, FALSE, NULL, NULL, NULL);
INSERT INTO verses (id, location_id, display_number) VALUES (1146, 75, 260);
INSERT INTO options (id, verse_id, position, type, text, target_type, target_verse_dn, target_location_dn, requirement, result, hidden, once, condition_group, conditional_targets, children) VALUES (2556, 1146, 0, 'condition', 'Если у вас есть карта секрета 6.', 'verse', 262, NULL, NULL, NULL, NULL, FALSE, NULL, NULL, NULL);
INSERT INTO options (id, verse_id, position, type, text, target_type, target_verse_dn, target_location_dn, requirement, result, hidden, once, condition_group, conditional_targets, children) VALUES (2557, 1146, 1, 'condition', 'В противном случае.', 'cross_location', 1222, 1001, NULL, NULL, NULL, FALSE, NULL, NULL, NULL);
INSERT INTO verses (id, location_id, display_number) VALUES (1147, 75, 261);
INSERT INTO options (id, verse_id, position, type, text, target_type, target_verse_dn, target_location_dn, requirement, result, hidden, once, condition_group, conditional_targets, children) VALUES (2558, 1147, 0, 'choice', 'Продолжить.', 'verse', 268, NULL, NULL, NULL, NULL, FALSE, NULL, NULL, NULL);
INSERT INTO verses (id, location_id, display_number) VALUES (1148, 75, 262);
INSERT INTO options (id, verse_id, position, type, text, target_type, target_verse_dn, target_location_dn, requirement, result, hidden, once, condition_group, conditional_targets, children) VALUES (2559, 1148, 0, 'choice', 'Продолжить.', 'verse', 265, NULL, NULL, NULL, NULL, FALSE, NULL, NULL, NULL);
INSERT INTO verses (id, location_id, display_number) VALUES (1149, 75, 263);
INSERT INTO options (id, verse_id, position, type, text, target_type, target_verse_dn, target_location_dn, requirement, result, hidden, once, condition_group, conditional_targets, children) VALUES (2560, 1149, 0, 'choice', 'Продолжить.', 'end', NULL, NULL, NULL, 'Возьмите 2 предмета Б. Оставьте себе 1 из них и замешайте второй обратно в колоду предметов Б.  Получите часть 5 достижения «Небольшая услуга».  Исследование окончено.', NULL, FALSE, NULL, NULL, NULL);
INSERT INTO verses (id, location_id, display_number) VALUES (1150, 75, 264);
INSERT INTO options (id, verse_id, position, type, text, target_type, target_verse_dn, target_location_dn, requirement, result, hidden, once, condition_group, conditional_targets, children) VALUES (2561, 1150, 0, 'condition', 'Нажмите сюда, если хотите увидеть подсказку.', 'verse', 264, NULL, NULL, 'Подсказка: Кендрик, учёный-призрак, — это персонаж-спутник, который сможет дать вам дополнительные сведения о локациях, в которых вы находитесь, или об активной миссии. Но нахождение рядом с ним грозит определёнными опасностями.', NULL, FALSE, NULL, NULL, NULL);
INSERT INTO options (id, verse_id, position, type, text, target_type, target_verse_dn, target_location_dn, requirement, result, hidden, once, condition_group, conditional_targets, children) VALUES (2562, 1150, 1, 'choice', 'Позволить Кендрику присоединиться к вам.', 'verse', 270, NULL, NULL, NULL, NULL, FALSE, NULL, NULL, NULL);
INSERT INTO options (id, verse_id, position, type, text, target_type, target_verse_dn, target_location_dn, requirement, result, hidden, once, condition_group, conditional_targets, children) VALUES (2563, 1150, 2, 'choice', 'Сказать Кендрику, что вы не желаете путешествовать в компании призрака.', 'verse', 528, NULL, NULL, NULL, NULL, FALSE, NULL, NULL, NULL);
INSERT INTO verses (id, location_id, display_number) VALUES (1151, 75, 265);
INSERT INTO options (id, verse_id, position, type, text, target_type, target_verse_dn, target_location_dn, requirement, result, hidden, once, condition_group, conditional_targets, children) VALUES (2564, 1151, 0, 'choice', 'Позволить Кендрику присоединиться к вам.', 'verse', 270, NULL, NULL, NULL, NULL, FALSE, NULL, NULL, NULL);
INSERT INTO options (id, verse_id, position, type, text, target_type, target_verse_dn, target_location_dn, requirement, result, hidden, once, condition_group, conditional_targets, children) VALUES (2565, 1151, 1, 'choice', 'Сказать Кендрику, что вы не желаете путешествовать в компании призрака.', 'verse', 528, NULL, NULL, NULL, NULL, FALSE, NULL, NULL, NULL);
INSERT INTO verses (id, location_id, display_number) VALUES (1152, 75, 266);
INSERT INTO options (id, verse_id, position, type, text, target_type, target_verse_dn, target_location_dn, requirement, result, hidden, once, condition_group, conditional_targets, children) VALUES (2566, 1152, 0, 'condition', 'Если вы проходите главу 9Б, часть 3.', 'verse', 271, NULL, NULL, 'Получите часть 3 достижения «Путь Венедии» и часть 4 достижения «Народный герой».  Получите 2 еды и 1 золото.', NULL, FALSE, NULL, NULL, NULL);
INSERT INTO options (id, verse_id, position, type, text, target_type, target_verse_dn, target_location_dn, requirement, result, hidden, once, condition_group, conditional_targets, children) VALUES (2567, 1152, 1, 'condition', 'В противном случае.', 'end', NULL, NULL, NULL, 'Получите часть 3 достижения «Путь Венедии» и часть 4 достижения «Народный герой».  Получите 2 еды и 1 золото.  Исследование окончено.', NULL, FALSE, NULL, NULL, NULL);
INSERT INTO verses (id, location_id, display_number) VALUES (1153, 75, 267);
INSERT INTO options (id, verse_id, position, type, text, target_type, target_verse_dn, target_location_dn, requirement, result, hidden, once, condition_group, conditional_targets, children) VALUES (2568, 1153, 0, 'condition', 'Если у вас есть часть 3 достижения «Что плохо лежит».', 'verse', 282, NULL, NULL, NULL, NULL, FALSE, NULL, NULL, NULL);
INSERT INTO options (id, verse_id, position, type, text, target_type, target_verse_dn, target_location_dn, requirement, result, hidden, once, condition_group, conditional_targets, children) VALUES (2569, 1153, 1, 'condition', 'В противном случае.', 'verse', 88, NULL, NULL, NULL, NULL, FALSE, NULL, NULL, NULL);
INSERT INTO verses (id, location_id, display_number) VALUES (1154, 75, 268);
INSERT INTO options (id, verse_id, position, type, text, target_type, target_verse_dn, target_location_dn, requirement, result, hidden, once, condition_group, conditional_targets, children) VALUES (2570, 1154, 0, 'choice', 'Продолжить.', 'end', NULL, NULL, NULL, 'Получите секретную карту 175.  Поместите фигурку Нония, владыки глубин, в локацию 153.  Откройте и прочитайте новую карту события. Затем исследование окончено.', NULL, FALSE, NULL, NULL, NULL);
INSERT INTO verses (id, location_id, display_number) VALUES (1155, 75, 269);
INSERT INTO options (id, verse_id, position, type, text, target_type, target_verse_dn, target_location_dn, requirement, result, hidden, once, condition_group, conditional_targets, children) VALUES (2571, 1155, 0, 'condition', 'Если у какого-либо персонажа есть карта секрета 14 или 32.', 'end', NULL, NULL, NULL, 'Здесь больше ничего не удастся найти.  Исследование окончено.', NULL, FALSE, NULL, NULL, NULL);
INSERT INTO options (id, verse_id, position, type, text, target_type, target_verse_dn, target_location_dn, requirement, result, hidden, once, condition_group, conditional_targets, children) VALUES (2572, 1155, 1, 'choice', 'Продолжить.', 'cross_location', 10, 107, NULL, 'Получите карту секрета 14.  Поместите 1 @LightTT@ в эту локацию.', NULL, FALSE, NULL, NULL, NULL);
INSERT INTO verses (id, location_id, display_number) VALUES (1156, 75, 270);
INSERT INTO options (id, verse_id, position, type, text, target_type, target_verse_dn, target_location_dn, requirement, result, hidden, once, condition_group, conditional_targets, children) VALUES (2573, 1156, 0, 'choice', 'Продолжить.', 'end', NULL, NULL, NULL, 'Поздравляем! Теперь у вас есть новый спутник.  Получите часть 2 достижения «Спутники».  Получите секретную карту 304 («Кендрик, учёный-призрак»). Теперь действия с этой карты доступны всем, кто находится в одной локации с Кендриком.  Прочтите секретные правила, касающиеся Кендрика, учёного-призрака, в разделе «Спутники» на с. 37 правил игры.  Исследование окончено.', NULL, FALSE, NULL, NULL, NULL);
INSERT INTO verses (id, location_id, display_number) VALUES (1157, 75, 271);
INSERT INTO options (id, verse_id, position, type, text, target_type, target_verse_dn, target_location_dn, requirement, result, hidden, once, condition_group, conditional_targets, children) VALUES (2574, 1157, 0, 'choice', 'Продолжить.', 'end', NULL, NULL, NULL, 'Исследование окончено.', NULL, FALSE, NULL, NULL, NULL);
INSERT INTO verses (id, location_id, display_number) VALUES (1158, 75, 272);
INSERT INTO options (id, verse_id, position, type, text, target_type, target_verse_dn, target_location_dn, requirement, result, hidden, once, condition_group, conditional_targets, children) VALUES (2575, 1158, 0, 'condition', 'Если у вас есть часть 3 достижения «Дипломат».', 'end', NULL, NULL, NULL, 'Призракам нет до вас дела.  Исследование окончено.', NULL, FALSE, NULL, NULL, NULL);
INSERT INTO options (id, verse_id, position, type, text, target_type, target_verse_dn, target_location_dn, requirement, result, hidden, once, condition_group, conditional_targets, children) VALUES (2576, 1158, 1, 'condition', 'В противном случае.', 'cross_location', 1223, 1001, NULL, NULL, NULL, FALSE, NULL, NULL, NULL);
INSERT INTO verses (id, location_id, display_number) VALUES (1159, 75, 273);
INSERT INTO options (id, verse_id, position, type, text, target_type, target_verse_dn, target_location_dn, requirement, result, hidden, once, condition_group, conditional_targets, children) VALUES (2577, 1159, 0, 'condition', 'Если Юнис в искажённой форме.', 'verse', 277, NULL, NULL, 'Получите часть 6 достижения «Планы и интриги».', NULL, FALSE, NULL, NULL, NULL);
INSERT INTO options (id, verse_id, position, type, text, target_type, target_verse_dn, target_location_dn, requirement, result, hidden, once, condition_group, conditional_targets, children) VALUES (2578, 1159, 1, 'condition', 'В противном случае.', 'verse', 294, NULL, NULL, 'Получите часть 6 достижения «Планы и интриги».', NULL, FALSE, NULL, NULL, NULL);
INSERT INTO verses (id, location_id, display_number) VALUES (1160, 75, 274);
INSERT INTO options (id, verse_id, position, type, text, target_type, target_verse_dn, target_location_dn, requirement, result, hidden, once, condition_group, conditional_targets, children) VALUES (2579, 1160, 0, 'choice', 'Продолжить.', 'end', NULL, NULL, NULL, 'Исследование окончено.', NULL, FALSE, NULL, NULL, NULL);
INSERT INTO verses (id, location_id, display_number) VALUES (1161, 75, 275);
INSERT INTO options (id, verse_id, position, type, text, target_type, target_verse_dn, target_location_dn, requirement, result, hidden, once, condition_group, conditional_targets, children) VALUES (2580, 1161, 0, 'condition', 'Если у вас есть часть 5 достижения «Страхи и напасти».', 'end', NULL, NULL, NULL, 'Здесь для вас больше ничего нет.  Исследование окончено.', NULL, FALSE, NULL, NULL, NULL);
INSERT INTO options (id, verse_id, position, type, text, target_type, target_verse_dn, target_location_dn, requirement, result, hidden, once, condition_group, conditional_targets, children) VALUES (2581, 1161, 1, 'choice', 'Продолжить.', 'end', NULL, NULL, NULL, 'Каждый член команды получает 2 @Terror@.   Получите 5 магии.  Получите часть 5 достижения «Страхи и напасти».  Исследование окончено.', NULL, FALSE, NULL, NULL, NULL);
INSERT INTO verses (id, location_id, display_number) VALUES (1162, 75, 276);
INSERT INTO options (id, verse_id, position, type, text, target_type, target_verse_dn, target_location_dn, requirement, result, hidden, once, condition_group, conditional_targets, children) VALUES (2582, 1162, 0, 'condition', 'Если у вас есть часть 5 или 6 достижения «Бессердечность» или в этой локации есть хотя бы 1 @LightTT@.', 'verse', 290, NULL, NULL, NULL, NULL, FALSE, NULL, NULL, NULL);
INSERT INTO options (id, verse_id, position, type, text, target_type, target_verse_dn, target_location_dn, requirement, result, hidden, once, condition_group, conditional_targets, children) VALUES (2583, 1162, 1, 'choice', 'Поговорить.', 'verse', 278, NULL, 'Потратьте 1 еду.', NULL, NULL, FALSE, NULL, NULL, NULL);
INSERT INTO options (id, verse_id, position, type, text, target_type, target_verse_dn, target_location_dn, requirement, result, hidden, once, condition_group, conditional_targets, children) VALUES (2584, 1162, 2, 'choice', 'Забрать мёд.', 'verse', 286, NULL, NULL, NULL, NULL, FALSE, NULL, NULL, NULL);
INSERT INTO options (id, verse_id, position, type, text, target_type, target_verse_dn, target_location_dn, requirement, result, hidden, once, condition_group, conditional_targets, children) VALUES (2585, 1162, 3, 'choice', 'Собрать пчелиный воск. Вы не впервые сталкивались с опасным роем и знали, что делать.', 'verse', 308, NULL, 'Нужен Элган.', NULL, NULL, FALSE, NULL, NULL, NULL);
INSERT INTO options (id, verse_id, position, type, text, target_type, target_verse_dn, target_location_dn, requirement, result, hidden, once, condition_group, conditional_targets, children) VALUES (2586, 1162, 4, 'choice', 'Уйти.', 'end', NULL, NULL, NULL, 'Исследование окончено.', NULL, FALSE, NULL, NULL, NULL);
INSERT INTO options (id, verse_id, position, type, text, target_type, target_verse_dn, target_location_dn, requirement, result, hidden, once, condition_group, conditional_targets, children) VALUES (2587, 1162, 5, 'choice', 'Если у вас есть синий светофильтр.', 'verse', 279, NULL, 'Осмотреть луг сквозь синее искажень-стекло.', NULL, NULL, FALSE, NULL, NULL, NULL);
INSERT INTO verses (id, location_id, display_number) VALUES (1163, 75, 277);
INSERT INTO options (id, verse_id, position, type, text, target_type, target_verse_dn, target_location_dn, requirement, result, hidden, once, condition_group, conditional_targets, children) VALUES (2588, 1163, 0, 'choice', 'Продолжить.', 'verse', 338, NULL, NULL, NULL, NULL, FALSE, NULL, NULL, NULL);
INSERT INTO verses (id, location_id, display_number) VALUES (1164, 75, 278);
INSERT INTO options (id, verse_id, position, type, text, target_type, target_verse_dn, target_location_dn, requirement, result, hidden, once, condition_group, conditional_targets, children) VALUES (2589, 1164, 0, 'choice', 'Да. Вы готовы стать «сладостным святым», что бы это ни значило.', 'verse', 281, NULL, NULL, NULL, NULL, FALSE, NULL, NULL, NULL);
INSERT INTO options (id, verse_id, position, type, text, target_type, target_verse_dn, target_location_dn, requirement, result, hidden, once, condition_group, conditional_targets, children) VALUES (2590, 1164, 1, 'choice', 'Нет. У вас плохое предчувствие.', 'end', NULL, NULL, NULL, 'Исследование окончено.', NULL, FALSE, NULL, NULL, NULL);
INSERT INTO options (id, verse_id, position, type, text, target_type, target_verse_dn, target_location_dn, requirement, result, hidden, once, condition_group, conditional_targets, children) VALUES (2591, 1164, 2, 'choice', 'Вежливо отказаться и попросить у пчёл немного мёда.', 'verse', 288, NULL, NULL, NULL, NULL, FALSE, NULL, NULL, NULL);
INSERT INTO verses (id, location_id, display_number) VALUES (1165, 75, 279);
INSERT INTO options (id, verse_id, position, type, text, target_type, target_verse_dn, target_location_dn, requirement, result, hidden, once, condition_group, conditional_targets, children) VALUES (2592, 1165, 0, 'choice', 'Поговорить с пчелой.', 'verse', 278, NULL, 'Потратьте 1 еду.', NULL, NULL, FALSE, NULL, NULL, NULL);
INSERT INTO options (id, verse_id, position, type, text, target_type, target_verse_dn, target_location_dn, requirement, result, hidden, once, condition_group, conditional_targets, children) VALUES (2593, 1165, 1, 'choice', 'Забрать мёд.', 'verse', 286, NULL, NULL, NULL, NULL, FALSE, NULL, NULL, NULL);
INSERT INTO options (id, verse_id, position, type, text, target_type, target_verse_dn, target_location_dn, requirement, result, hidden, once, condition_group, conditional_targets, children) VALUES (2594, 1165, 2, 'choice', 'Уйти.', 'end', NULL, NULL, NULL, 'Исследование окончено.', NULL, FALSE, NULL, NULL, NULL);
INSERT INTO verses (id, location_id, display_number) VALUES (1166, 75, 280);
INSERT INTO options (id, verse_id, position, type, text, target_type, target_verse_dn, target_location_dn, requirement, result, hidden, once, condition_group, conditional_targets, children) VALUES (2595, 1166, 0, 'condition', 'Если у вас есть часть 1 достижения «Запретная земля».', 'cross_location', 1147, 1001, NULL, NULL, NULL, FALSE, NULL, NULL, NULL);
INSERT INTO options (id, verse_id, position, type, text, target_type, target_verse_dn, target_location_dn, requirement, result, hidden, once, condition_group, conditional_targets, children) VALUES (2596, 1166, 1, 'condition', 'Если вы только что провели дипломатическую встречу, у вас есть часть 3 достижения «Засуха» и нет части 4 достижения «Засуха».', 'cross_location', 1019, 1001, NULL, NULL, NULL, FALSE, NULL, NULL, NULL);
INSERT INTO options (id, verse_id, position, type, text, target_type, target_verse_dn, target_location_dn, requirement, result, hidden, once, condition_group, conditional_targets, children) VALUES (2597, 1166, 2, 'choice', 'Продолжить.', 'end', NULL, NULL, NULL, 'Каждый член команды теряет 2 @Terror@.   Получите 4 магии. Уберите с поля фигурку Нония, владыки глубин. Верните секретную карту 175 (или 189, если у вас нет карты 175) в секретную колоду.  Исследование окончено.', NULL, FALSE, NULL, NULL, NULL);
INSERT INTO verses (id, location_id, display_number) VALUES (1167, 75, 281);
INSERT INTO options (id, verse_id, position, type, text, target_type, target_verse_dn, target_location_dn, requirement, result, hidden, once, condition_group, conditional_targets, children) VALUES (2598, 1167, 0, 'choice', 'Продолжить.', 'verse', 286, NULL, NULL, 'Получите часть 7 достижения «Дипломат».', NULL, FALSE, NULL, NULL, NULL);
INSERT INTO verses (id, location_id, display_number) VALUES (1168, 75, 282);
INSERT INTO options (id, verse_id, position, type, text, target_type, target_verse_dn, target_location_dn, requirement, result, hidden, once, condition_group, conditional_targets, children) VALUES (2599, 1168, 0, 'choice', 'Заговорить с ними.', 'verse', 217, NULL, NULL, NULL, NULL, FALSE, NULL, NULL, NULL);
INSERT INTO options (id, verse_id, position, type, text, target_type, target_verse_dn, target_location_dn, requirement, result, hidden, once, condition_group, conditional_targets, children) VALUES (2600, 1168, 1, 'choice', 'Не обращать внимания на шум и попытаться уснуть.', 'verse', 88, NULL, NULL, NULL, NULL, FALSE, NULL, NULL, NULL);
INSERT INTO verses (id, location_id, display_number) VALUES (1169, 75, 283);
INSERT INTO options (id, verse_id, position, type, text, target_type, target_verse_dn, target_location_dn, requirement, result, hidden, once, condition_group, conditional_targets, children) VALUES (2601, 1169, 0, 'choice', 'Продолжить.', 'end', NULL, NULL, NULL, 'Получите 1 еду и 1 золото.  Сбросьте текущую карту встречи.  Найдите секретную карту встречи 196 «Алконост-мать» (зелёная) и проведите её.  Продолжайте игру.', NULL, FALSE, NULL, NULL, NULL);
INSERT INTO verses (id, location_id, display_number) VALUES (1170, 75, 284);
INSERT INTO options (id, verse_id, position, type, text, target_type, target_verse_dn, target_location_dn, requirement, result, hidden, once, condition_group, conditional_targets, children) VALUES (2602, 1170, 0, 'condition', 'Если вы проходите главу 7Б.', 'verse', 285, NULL, NULL, NULL, NULL, FALSE, NULL, NULL, NULL);
INSERT INTO options (id, verse_id, position, type, text, target_type, target_verse_dn, target_location_dn, requirement, result, hidden, once, condition_group, conditional_targets, children) VALUES (2603, 1170, 1, 'choice', 'Продолжить.', 'end', NULL, NULL, NULL, 'Если у вас нет части 3 достижения «Обыск», получите 1 предмет Г. Затем получите часть 3 достижения «Обыск».  Исследование окончено.', NULL, FALSE, NULL, NULL, NULL);
INSERT INTO verses (id, location_id, display_number) VALUES (1171, 75, 285);
INSERT INTO options (id, verse_id, position, type, text, target_type, target_verse_dn, target_location_dn, requirement, result, hidden, once, condition_group, conditional_targets, children) VALUES (2604, 1171, 0, 'condition', 'Если вы победили.', 'end', NULL, NULL, 'Вы можете собрать кровь существа.', 'Каждый член команды получает 2 @Terror@, затем получите часть 2 достижения «Страхи и напасти».  Исследование окончено.', NULL, FALSE, NULL, NULL, NULL);
INSERT INTO options (id, verse_id, position, type, text, target_type, target_verse_dn, target_location_dn, requirement, result, hidden, once, condition_group, conditional_targets, children) VALUES (2605, 1171, 1, 'condition', 'Если вы победили.', 'end', NULL, NULL, NULL, 'Исследование окончено.', NULL, FALSE, NULL, NULL, NULL);
INSERT INTO options (id, verse_id, position, type, text, target_type, target_verse_dn, target_location_dn, requirement, result, hidden, once, condition_group, conditional_targets, children) VALUES (2606, 1171, 2, 'condition', 'В противном случае.', 'end', NULL, NULL, NULL, 'Исследование окончено.', NULL, FALSE, NULL, NULL, NULL);
INSERT INTO verses (id, location_id, display_number) VALUES (1172, 75, 286);
INSERT INTO options (id, verse_id, position, type, text, target_type, target_verse_dn, target_location_dn, requirement, result, hidden, once, condition_group, conditional_targets, children) VALUES (2607, 1172, 0, 'choice', 'Продолжить.', 'end', NULL, NULL, NULL, 'Каждый член команды теряет 3 @Health@ (–1 за каждое очко своей @Aggression@).  Исследование окончено.', NULL, FALSE, NULL, NULL, NULL);
INSERT INTO verses (id, location_id, display_number) VALUES (1173, 75, 287);
INSERT INTO options (id, verse_id, position, type, text, target_type, target_verse_dn, target_location_dn, requirement, result, hidden, once, condition_group, conditional_targets, children) VALUES (2608, 1173, 0, 'condition', 'Если у вас есть часть 1 достижения «Запретная земля».', 'end', NULL, NULL, NULL, 'Переместите всех членов команды в локацию 166.  Исследование окончено.', NULL, FALSE, NULL, NULL, NULL);
INSERT INTO options (id, verse_id, position, type, text, target_type, target_verse_dn, target_location_dn, requirement, result, hidden, once, condition_group, conditional_targets, children) VALUES (2609, 1173, 1, 'choice', 'Продолжить.', 'end', NULL, NULL, NULL, 'Каждый член команды теряет 1 магию и 1 @Energy@. Затем переместите всех членов команды в связанную локацию с наименьшим номером.  Исследование окончено.', NULL, FALSE, NULL, NULL, NULL);
INSERT INTO verses (id, location_id, display_number) VALUES (1174, 75, 288);
INSERT INTO options (id, verse_id, position, type, text, target_type, target_verse_dn, target_location_dn, requirement, result, hidden, once, condition_group, conditional_targets, children) VALUES (2610, 1174, 0, 'choice', 'Продолжить.', 'end', NULL, NULL, NULL, 'Получите часть 7 достижения «Дипломат».  Исследование окончено.', NULL, FALSE, NULL, NULL, NULL);
INSERT INTO verses (id, location_id, display_number) VALUES (1175, 75, 289);
INSERT INTO options (id, verse_id, position, type, text, target_type, target_verse_dn, target_location_dn, requirement, result, hidden, once, condition_group, conditional_targets, children) VALUES (2611, 1175, 0, 'condition', 'Если у вас есть часть 3 достижения «Спутники».', 'end', NULL, NULL, NULL, 'Здесь больше ничего не осталось.  Исследование окончено.', NULL, FALSE, NULL, NULL, NULL);
INSERT INTO options (id, verse_id, position, type, text, target_type, target_verse_dn, target_location_dn, requirement, result, hidden, once, condition_group, conditional_targets, children) VALUES (2612, 1175, 1, 'choice', 'Попросить голема отвести вас наверх.', 'verse', 291, NULL, NULL, NULL, NULL, FALSE, NULL, NULL, NULL);
INSERT INTO options (id, verse_id, position, type, text, target_type, target_verse_dn, target_location_dn, requirement, result, hidden, once, condition_group, conditional_targets, children) VALUES (2613, 1175, 2, 'choice', 'Попробовать самостоятельно выбраться из лаборатории. Вы долго шли по тёмным коридорам.', 'end', NULL, NULL, NULL, 'Получите 1 @Terror@.   Исследование окончено.', NULL, FALSE, NULL, NULL, NULL);
INSERT INTO verses (id, location_id, display_number) VALUES (1176, 75, 290);
INSERT INTO options (id, verse_id, position, type, text, target_type, target_verse_dn, target_location_dn, requirement, result, hidden, once, condition_group, conditional_targets, children) VALUES (2614, 1176, 0, 'choice', 'Продолжить.', 'end', NULL, NULL, NULL, 'Уберите все @LightTT@ из этой локации.  Получите карту секрета 16.  Исследование окончено.', NULL, FALSE, NULL, NULL, NULL);
INSERT INTO verses (id, location_id, display_number) VALUES (1177, 75, 291);
INSERT INTO options (id, verse_id, position, type, text, target_type, target_verse_dn, target_location_dn, requirement, result, hidden, once, condition_group, conditional_targets, children) VALUES (2615, 1177, 0, 'choice', 'Взять Свечного голема с собой в качестве спутника.', 'verse', 292, NULL, 'Важно: у вас появится новый спутник — к добру ли, к худу ли.', NULL, NULL, FALSE, NULL, NULL, NULL);
INSERT INTO options (id, verse_id, position, type, text, target_type, target_verse_dn, target_location_dn, requirement, result, hidden, once, condition_group, conditional_targets, children) VALUES (2616, 1177, 1, 'choice', 'Отправить его обратно в лабораторию. Он будет ждать вашего возвращения — вдруг вы передумаете?', 'end', NULL, NULL, NULL, 'Исследование окончено.', NULL, FALSE, NULL, NULL, NULL);
INSERT INTO verses (id, location_id, display_number) VALUES (1178, 75, 292);
INSERT INTO options (id, verse_id, position, type, text, target_type, target_verse_dn, target_location_dn, requirement, result, hidden, once, condition_group, conditional_targets, children) VALUES (2617, 1178, 0, 'choice', 'Продолжить.', 'end', NULL, NULL, NULL, 'Получите часть 3 достижения «Спутники».  Исследование окончено.', NULL, FALSE, NULL, NULL, NULL);
INSERT INTO verses (id, location_id, display_number) VALUES (1179, 75, 293);
INSERT INTO options (id, verse_id, position, type, text, target_type, target_verse_dn, target_location_dn, requirement, result, hidden, once, condition_group, conditional_targets, children) VALUES (2618, 1179, 0, 'condition', 'Если вы победили.', 'verse', 358, NULL, NULL, NULL, NULL, FALSE, NULL, NULL, NULL);
INSERT INTO options (id, verse_id, position, type, text, target_type, target_verse_dn, target_location_dn, requirement, result, hidden, once, condition_group, conditional_targets, children) VALUES (2619, 1179, 1, 'condition', 'В противном случае.', 'verse', 380, NULL, NULL, NULL, NULL, FALSE, NULL, NULL, NULL);
INSERT INTO verses (id, location_id, display_number) VALUES (1180, 75, 294);
INSERT INTO options (id, verse_id, position, type, text, target_type, target_verse_dn, target_location_dn, requirement, result, hidden, once, condition_group, conditional_targets, children) VALUES (2620, 1180, 0, 'choice', 'Продолжить.', 'verse', 338, NULL, NULL, NULL, NULL, FALSE, NULL, NULL, NULL);
INSERT INTO verses (id, location_id, display_number) VALUES (1181, 75, 295);
INSERT INTO options (id, verse_id, position, type, text, target_type, target_verse_dn, target_location_dn, requirement, result, hidden, once, condition_group, conditional_targets, children) VALUES (2621, 1181, 0, 'choice', 'Воспользоваться заклинанием.', 'verse', 315, NULL, 'Нужно хотя бы 1 очко @Courage@.', 'Выберите одного члена команды.', NULL, FALSE, NULL, NULL, NULL);
INSERT INTO options (id, verse_id, position, type, text, target_type, target_verse_dn, target_location_dn, requirement, result, hidden, once, condition_group, conditional_targets, children) VALUES (2622, 1181, 1, 'choice', 'Отказаться от этой мысли и уйти.', 'end', NULL, NULL, NULL, 'Исследование окончено.', NULL, FALSE, NULL, NULL, NULL);
INSERT INTO verses (id, location_id, display_number) VALUES (1182, 75, 296);
INSERT INTO options (id, verse_id, position, type, text, target_type, target_verse_dn, target_location_dn, requirement, result, hidden, once, condition_group, conditional_targets, children) VALUES (2623, 1182, 0, 'choice', 'Продолжить.', 'end', NULL, NULL, NULL, 'Исследование окончено.', NULL, FALSE, NULL, NULL, NULL);
INSERT INTO verses (id, location_id, display_number) VALUES (1183, 75, 297);
INSERT INTO options (id, verse_id, position, type, text, target_type, target_verse_dn, target_location_dn, requirement, result, hidden, once, condition_group, conditional_targets, children) VALUES (2624, 1183, 0, 'choice', 'Подойти к духам поближе.', 'verse', 272, NULL, NULL, NULL, NULL, FALSE, NULL, NULL, NULL);
INSERT INTO options (id, verse_id, position, type, text, target_type, target_verse_dn, target_location_dn, requirement, result, hidden, once, condition_group, conditional_targets, children) VALUES (2625, 1183, 1, 'choice', 'Уйти.', 'end', NULL, NULL, NULL, 'Исследование окончено.', NULL, FALSE, NULL, NULL, NULL);
INSERT INTO verses (id, location_id, display_number) VALUES (1184, 75, 298);
INSERT INTO options (id, verse_id, position, type, text, target_type, target_verse_dn, target_location_dn, requirement, result, hidden, once, condition_group, conditional_targets, children) VALUES (2626, 1184, 0, 'choice', 'Продолжить.', 'end', NULL, NULL, NULL, 'Исследование окончено.', NULL, FALSE, NULL, NULL, NULL);
INSERT INTO verses (id, location_id, display_number) VALUES (1185, 75, 299);
INSERT INTO options (id, verse_id, position, type, text, target_type, target_verse_dn, target_location_dn, requirement, result, hidden, once, condition_group, conditional_targets, children) VALUES (2627, 1185, 0, 'choice', 'Продолжить.', 'end', NULL, NULL, NULL, 'Получите часть 4 достижения «Грехи владыки».  Исследование окончено.', NULL, FALSE, NULL, NULL, NULL);
INSERT INTO verses (id, location_id, display_number) VALUES (1186, 75, 300);
INSERT INTO options (id, verse_id, position, type, text, target_type, target_verse_dn, target_location_dn, requirement, result, hidden, once, condition_group, conditional_targets, children) VALUES (2628, 1186, 0, 'choice', '1—2.', 'verse', 301, NULL, NULL, 'Клаудин Непосвящённый приблизился к вам и занёс меч. Его глаза светились безумием.', NULL, FALSE, NULL, NULL, NULL);
INSERT INTO options (id, verse_id, position, type, text, target_type, target_verse_dn, target_location_dn, requirement, result, hidden, once, condition_group, conditional_targets, children) VALUES (2629, 1186, 1, 'choice', '3—4.', 'verse', 302, NULL, NULL, 'Клаудин Непосвящённый горделиво приблизился к вам и громовым голосом потребовал, чтобы вы покинули его земли.', NULL, FALSE, NULL, NULL, NULL);
INSERT INTO options (id, verse_id, position, type, text, target_type, target_verse_dn, target_location_dn, requirement, result, hidden, once, condition_group, conditional_targets, children) VALUES (2630, 1186, 2, 'choice', '5.', 'end', NULL, NULL, NULL, 'Клаудин Непосвящённый не обратил на вас внимания, и вы смогли уйти.  Переместите всех членов команды в связанную локацию.  Каждый член команды теряет 1 @Energy@.  Исследование окончено.', NULL, FALSE, NULL, NULL, NULL);
INSERT INTO options (id, verse_id, position, type, text, target_type, target_verse_dn, target_location_dn, requirement, result, hidden, once, condition_group, conditional_targets, children) VALUES (2631, 1186, 3, 'choice', '6.', 'end', NULL, NULL, NULL, 'Клаудин загадочно посмотрел на вас и исчез в тумане.  Уберите с поля фигурку Клаудина Непосвящённого и верните секретную карту 145 в секретную колоду.  Исследование окончено.', NULL, FALSE, NULL, NULL, NULL);
INSERT INTO verses (id, location_id, display_number) VALUES (1187, 75, 301);
INSERT INTO options (id, verse_id, position, type, text, target_type, target_verse_dn, target_location_dn, requirement, result, hidden, once, condition_group, conditional_targets, children) VALUES (2632, 1187, 0, 'condition', 'Если у вас есть часть 1 достижения «Запретная земля».', 'cross_location', 1137, 1001, NULL, NULL, NULL, FALSE, NULL, NULL, NULL);
INSERT INTO options (id, verse_id, position, type, text, target_type, target_verse_dn, target_location_dn, requirement, result, hidden, once, condition_group, conditional_targets, children) VALUES (2633, 1187, 1, 'condition', 'В противном случае.', 'cross_location', 1224, 1001, NULL, NULL, NULL, FALSE, NULL, NULL, NULL);
INSERT INTO verses (id, location_id, display_number) VALUES (1188, 75, 302);
INSERT INTO options (id, verse_id, position, type, text, target_type, target_verse_dn, target_location_dn, requirement, result, hidden, once, condition_group, conditional_targets, children) VALUES (2634, 1188, 0, 'condition', 'Если у вас есть часть 1 достижения «Запретная земля».', 'cross_location', 1141, 1001, NULL, NULL, NULL, FALSE, NULL, NULL, NULL);
INSERT INTO options (id, verse_id, position, type, text, target_type, target_verse_dn, target_location_dn, requirement, result, hidden, once, condition_group, conditional_targets, children) VALUES (2635, 1188, 1, 'condition', 'В противном случае.', 'cross_location', 1225, 1001, NULL, NULL, NULL, FALSE, NULL, NULL, NULL);
INSERT INTO verses (id, location_id, display_number) VALUES (1189, 75, 303);
INSERT INTO options (id, verse_id, position, type, text, target_type, target_verse_dn, target_location_dn, requirement, result, hidden, once, condition_group, conditional_targets, children) VALUES (2636, 1189, 0, 'condition', 'Если у вас есть часть 1 достижения «Запретная земля».', 'cross_location', 1146, 1001, NULL, NULL, NULL, FALSE, NULL, NULL, NULL);
INSERT INTO options (id, verse_id, position, type, text, target_type, target_verse_dn, target_location_dn, requirement, result, hidden, once, condition_group, conditional_targets, children) VALUES (2637, 1189, 1, 'choice', 'Продолжить.', 'end', NULL, NULL, NULL, 'Уберите с поля фигурку Клаудина Непосвящённого и верните секретную карту 145 в секретную колоду.  Исследование окончено.', NULL, FALSE, NULL, NULL, NULL);
INSERT INTO verses (id, location_id, display_number) VALUES (1190, 75, 304);
INSERT INTO options (id, verse_id, position, type, text, target_type, target_verse_dn, target_location_dn, requirement, result, hidden, once, condition_group, conditional_targets, children) VALUES (2638, 1190, 0, 'choice', 'Продолжить.', 'end', NULL, NULL, NULL, 'Переместите фигурку Клаудина Непосвящённого в любую связанную локацию.  Исследование окончено.', NULL, FALSE, NULL, NULL, NULL);
INSERT INTO verses (id, location_id, display_number) VALUES (1191, 75, 305);
INSERT INTO options (id, verse_id, position, type, text, target_type, target_verse_dn, target_location_dn, requirement, result, hidden, once, condition_group, conditional_targets, children) VALUES (2639, 1191, 0, 'choice', 'Продолжить.', 'verse', 358, NULL, NULL, NULL, NULL, FALSE, NULL, NULL, NULL);
INSERT INTO verses (id, location_id, display_number) VALUES (1192, 75, 306);
INSERT INTO options (id, verse_id, position, type, text, target_type, target_verse_dn, target_location_dn, requirement, result, hidden, once, condition_group, conditional_targets, children) VALUES (2640, 1192, 0, 'choice', 'Продолжить.', 'end', NULL, NULL, NULL, 'Исследование окончено.', NULL, FALSE, NULL, NULL, NULL);
INSERT INTO verses (id, location_id, display_number) VALUES (1193, 75, 307);
INSERT INTO options (id, verse_id, position, type, text, target_type, target_verse_dn, target_location_dn, requirement, result, hidden, once, condition_group, conditional_targets, children) VALUES (2641, 1193, 0, 'choice', 'Продолжить.', 'end', NULL, NULL, NULL, 'Верните карту секрета 20 в колоду секретов.  Получите часть 3 достижения «Следопыт».  Исследование окончено.', NULL, FALSE, NULL, NULL, NULL);
INSERT INTO verses (id, location_id, display_number) VALUES (1194, 75, 308);
INSERT INTO options (id, verse_id, position, type, text, target_type, target_verse_dn, target_location_dn, requirement, result, hidden, once, condition_group, conditional_targets, children) VALUES (2642, 1194, 0, 'choice', 'Продолжить.', 'verse', 276, NULL, NULL, NULL, NULL, FALSE, NULL, NULL, NULL);
INSERT INTO verses (id, location_id, display_number) VALUES (1195, 75, 309);
INSERT INTO options (id, verse_id, position, type, text, target_type, target_verse_dn, target_location_dn, requirement, result, hidden, once, condition_group, conditional_targets, children) VALUES (2643, 1195, 0, 'condition', 'Если у вас есть часть 1 достижения «Запретная земля».', 'cross_location', 1146, 1001, NULL, NULL, NULL, FALSE, NULL, NULL, NULL);
INSERT INTO options (id, verse_id, position, type, text, target_type, target_verse_dn, target_location_dn, requirement, result, hidden, once, condition_group, conditional_targets, children) VALUES (2644, 1195, 1, 'choice', 'Продолжить.', 'end', NULL, NULL, NULL, 'Уберите с поля фигурку Клаудина Непосвящённого и верните секретную карту 145 в секретную колоду.  Исследование окончено.', NULL, FALSE, NULL, NULL, NULL);
INSERT INTO verses (id, location_id, display_number) VALUES (1196, 75, 310);
INSERT INTO options (id, verse_id, position, type, text, target_type, target_verse_dn, target_location_dn, requirement, result, hidden, once, condition_group, conditional_targets, children) VALUES (2645, 1196, 0, 'condition', 'Если у вас есть часть 1 достижения «Запретная земля».', 'end', NULL, NULL, NULL, 'Переместите всех членов команды в локацию 166.  Исследование окончено.', NULL, FALSE, NULL, NULL, NULL);
INSERT INTO options (id, verse_id, position, type, text, target_type, target_verse_dn, target_location_dn, requirement, result, hidden, once, condition_group, conditional_targets, children) VALUES (2646, 1196, 1, 'choice', 'Продолжить.', 'end', NULL, NULL, NULL, 'Уберите с поля фигурку Клаудина Непосвящённого и верните секретную карту 145 в секретную колоду.  Исследование окончено.', NULL, FALSE, NULL, NULL, NULL);
INSERT INTO verses (id, location_id, display_number) VALUES (1197, 75, 311);
INSERT INTO options (id, verse_id, position, type, text, target_type, target_verse_dn, target_location_dn, requirement, result, hidden, once, condition_group, conditional_targets, children) VALUES (2647, 1197, 0, 'condition', 'Если вы играете за Элгана и в этой локации нет красного маркера.', 'verse', 318, NULL, NULL, NULL, NULL, FALSE, NULL, NULL, NULL);
INSERT INTO options (id, verse_id, position, type, text, target_type, target_verse_dn, target_location_dn, requirement, result, hidden, once, condition_group, conditional_targets, children) VALUES (2648, 1197, 1, 'condition', 'Если вы играете за Гердвин и в этой локации нет @QuestToken@.', 'verse', 319, NULL, NULL, NULL, NULL, FALSE, NULL, NULL, NULL);
INSERT INTO options (id, verse_id, position, type, text, target_type, target_verse_dn, target_location_dn, requirement, result, hidden, once, condition_group, conditional_targets, children) VALUES (2649, 1197, 2, 'condition', 'Если вы играете за Юнис и в этой локации нет @LightTT@.', 'verse', 321, NULL, NULL, NULL, NULL, FALSE, NULL, NULL, NULL);
INSERT INTO options (id, verse_id, position, type, text, target_type, target_verse_dn, target_location_dn, requirement, result, hidden, once, condition_group, conditional_targets, children) VALUES (2650, 1197, 3, 'condition', 'Если вы играете за Осберта и в этой локации нет кубика стража.', 'verse', 322, NULL, NULL, NULL, NULL, FALSE, NULL, NULL, NULL);
INSERT INTO options (id, verse_id, position, type, text, target_type, target_verse_dn, target_location_dn, requirement, result, hidden, once, condition_group, conditional_targets, children) VALUES (2651, 1197, 4, 'choice', 'Продолжить.', 'end', NULL, NULL, NULL, 'Уберите все маркеры и кубики из этой локации.  Откройте и прочитайте новую карту события.  Исследование окончено.', NULL, FALSE, NULL, NULL, NULL);
INSERT INTO verses (id, location_id, display_number) VALUES (1198, 75, 312);
INSERT INTO options (id, verse_id, position, type, text, target_type, target_verse_dn, target_location_dn, requirement, result, hidden, once, condition_group, conditional_targets, children) VALUES (2652, 1198, 0, 'choice', 'Продолжить.', 'verse', 311, NULL, NULL, NULL, NULL, FALSE, NULL, NULL, NULL);
INSERT INTO verses (id, location_id, display_number) VALUES (1199, 75, 313);
INSERT INTO options (id, verse_id, position, type, text, target_type, target_verse_dn, target_location_dn, requirement, result, hidden, once, condition_group, conditional_targets, children) VALUES (2653, 1199, 0, 'condition', 'Если у вас есть часть 4 достижения «Угнетатель».', 'end', NULL, NULL, NULL, 'Исследование окончено.', NULL, FALSE, NULL, NULL, NULL);
INSERT INTO options (id, verse_id, position, type, text, target_type, target_verse_dn, target_location_dn, requirement, result, hidden, once, condition_group, conditional_targets, children) VALUES (2654, 1199, 1, 'choice', 'Отпустить их.', 'end', NULL, NULL, NULL, 'Сбросьте карту секрета 25 и получите часть 3 достижения «Свобода».  Исследование окончено.', NULL, FALSE, NULL, NULL, NULL);
INSERT INTO options (id, verse_id, position, type, text, target_type, target_verse_dn, target_location_dn, requirement, result, hidden, once, condition_group, conditional_targets, children) VALUES (2655, 1199, 2, 'choice', 'Не отпускать.', 'end', NULL, NULL, NULL, 'Получите часть 4 достижения «Угнетатель».  Исследование окончено.', NULL, FALSE, NULL, NULL, NULL);
INSERT INTO verses (id, location_id, display_number) VALUES (1200, 75, 314);
INSERT INTO options (id, verse_id, position, type, text, target_type, target_verse_dn, target_location_dn, requirement, result, hidden, once, condition_group, conditional_targets, children) VALUES (2656, 1200, 0, 'condition', 'Если у вас хотя бы 2 очка @Empathy@.', 'verse', 174, NULL, NULL, NULL, NULL, FALSE, NULL, NULL, NULL);
INSERT INTO options (id, verse_id, position, type, text, target_type, target_verse_dn, target_location_dn, requirement, result, hidden, once, condition_group, conditional_targets, children) VALUES (2657, 1200, 1, 'condition', 'В противном случае.', 'end', NULL, NULL, NULL, 'Исследование окончено.', NULL, FALSE, NULL, NULL, NULL);
INSERT INTO verses (id, location_id, display_number) VALUES (1201, 75, 315);
INSERT INTO options (id, verse_id, position, type, text, target_type, target_verse_dn, target_location_dn, requirement, result, hidden, once, condition_group, conditional_targets, children) VALUES (2658, 1201, 0, 'choice', 'Продолжить.', 'end', NULL, NULL, NULL, 'Исследование окончено.', NULL, FALSE, NULL, NULL, NULL);
INSERT INTO verses (id, location_id, display_number) VALUES (1202, 75, 316);
INSERT INTO options (id, verse_id, position, type, text, target_type, target_verse_dn, target_location_dn, requirement, result, hidden, once, condition_group, conditional_targets, children) VALUES (2659, 1202, 0, 'choice', 'Продолжить.', 'verse', 342, NULL, NULL, NULL, NULL, FALSE, NULL, NULL, NULL);
INSERT INTO verses (id, location_id, display_number) VALUES (1203, 75, 317);
INSERT INTO options (id, verse_id, position, type, text, target_type, target_verse_dn, target_location_dn, requirement, result, hidden, once, condition_group, conditional_targets, children) VALUES (2660, 1203, 0, 'condition', 'Если у вас есть часть 2 достижения «Великие деяния».', 'end', NULL, NULL, NULL, 'Врата безмолвствуют.  Исследование окончено.', NULL, FALSE, NULL, NULL, NULL);
INSERT INTO options (id, verse_id, position, type, text, target_type, target_verse_dn, target_location_dn, requirement, result, hidden, once, condition_group, conditional_targets, children) VALUES (2661, 1203, 1, 'choice', 'Продолжить.', 'end', NULL, NULL, NULL, 'Переместите всех персонажей из локации 120 в локацию 119 (либо 119-Б).  Исследование окончено.', NULL, FALSE, NULL, NULL, NULL);
INSERT INTO verses (id, location_id, display_number) VALUES (1204, 75, 318);
INSERT INTO options (id, verse_id, position, type, text, target_type, target_verse_dn, target_location_dn, requirement, result, hidden, once, condition_group, conditional_targets, children) VALUES (2662, 1204, 0, 'condition', 'Если у вас есть часть 6 достижения «Личные дела».', 'verse', 311, NULL, NULL, 'Собранные зацепки явно говорили о том, что ваша семья находилась в Фомории. Они попали в рабство или подвергались другой смертельной опасности, и вам нужно было найти их и убедиться, что им ничего не угрожало, — несмотря на то, как чудовищно вы теперь выглядели.  Поместите 1 красный маркер в эту локацию.', NULL, FALSE, NULL, NULL, NULL);
INSERT INTO options (id, verse_id, position, type, text, target_type, target_verse_dn, target_location_dn, requirement, result, hidden, once, condition_group, conditional_targets, children) VALUES (2663, 1204, 1, 'condition', 'Если у вас есть часть 2 достижения «Личные дела».', 'verse', 311, NULL, NULL, 'События в Лотиане настолько захватили вас, что вы так и не добрались до Верхнего города и не узнали, что стало с вашими родными. Теперь, когда искаженье исковеркало ваше тело, у вас оставалось совсем мало времени, чтобы с ними увидеться.  Поместите 1 красный маркер в эту локацию.', NULL, FALSE, NULL, NULL, NULL);
INSERT INTO options (id, verse_id, position, type, text, target_type, target_verse_dn, target_location_dn, requirement, result, hidden, once, condition_group, conditional_targets, children) VALUES (2664, 1204, 2, 'choice', 'Продолжить.', 'verse', 311, NULL, NULL, 'Поместите 1 красный маркер в эту локацию.', NULL, FALSE, NULL, NULL, NULL);
INSERT INTO verses (id, location_id, display_number) VALUES (1205, 75, 319);
INSERT INTO options (id, verse_id, position, type, text, target_type, target_verse_dn, target_location_dn, requirement, result, hidden, once, condition_group, conditional_targets, children) VALUES (2665, 1205, 0, 'condition', 'Если у вас есть часть 1 достижения «Конец пути».', 'verse', 311, NULL, NULL, 'Вы, вероятно, были прокляты. Только вчера вы освободились от власти теней прошлого и открыли новую страницу в жизни. Но теперь, когда искаженье так исковеркало ваше тело, жизнь будто бы была кончена. Однако вы не сдавались. Вы готовы были бороться за свою жизнь, даже если ради этого придётся найти способ избавиться от клейма искателя.  Поместите 1 @QuestToken@ в эту локацию.', NULL, FALSE, NULL, NULL, NULL);
INSERT INTO options (id, verse_id, position, type, text, target_type, target_verse_dn, target_location_dn, requirement, result, hidden, once, condition_group, conditional_targets, children) VALUES (2666, 1205, 1, 'condition', 'Если у вас есть часть 4 достижения «Личные дела».', 'verse', 311, NULL, NULL, 'Вам предстояло отыскать Рольфа, который сбежал с казной, хроникой дружины и знаменем, которое вы так долго хранили. Теперь, когда искаженье изуродовало ваше тело, а клеймо искателя с каждым днём жглось всё сильнее, искать этого предателя будет нелегко. Но вы не собирались сдаваться.   Поместите 1 @QuestToken@ в эту локацию.', NULL, FALSE, NULL, NULL, NULL);
INSERT INTO options (id, verse_id, position, type, text, target_type, target_verse_dn, target_location_dn, requirement, result, hidden, once, condition_group, conditional_targets, children) VALUES (2667, 1205, 2, 'choice', 'Продолжить.', 'verse', 311, NULL, NULL, 'Поместите 1 @QuestToken@ в эту локацию.', NULL, FALSE, NULL, NULL, NULL);
INSERT INTO verses (id, location_id, display_number) VALUES (1206, 75, 320);
INSERT INTO options (id, verse_id, position, type, text, target_type, target_verse_dn, target_location_dn, requirement, result, hidden, once, condition_group, conditional_targets, children) VALUES (2668, 1206, 0, 'choice', 'Продолжить.', 'verse', 314, NULL, NULL, NULL, NULL, FALSE, NULL, NULL, NULL);
INSERT INTO verses (id, location_id, display_number) VALUES (1207, 75, 321);
INSERT INTO options (id, verse_id, position, type, text, target_type, target_verse_dn, target_location_dn, requirement, result, hidden, once, condition_group, conditional_targets, children) VALUES (2669, 1207, 0, 'choice', 'Продолжить.', 'verse', 311, NULL, NULL, 'Поместите 1 @LightTT@ в эту локацию.', NULL, FALSE, NULL, NULL, NULL);
INSERT INTO verses (id, location_id, display_number) VALUES (1208, 75, 322);
INSERT INTO options (id, verse_id, position, type, text, target_type, target_verse_dn, target_location_dn, requirement, result, hidden, once, condition_group, conditional_targets, children) VALUES (2670, 1208, 0, 'choice', 'Продолжить.', 'verse', 311, NULL, NULL, 'Поместите кубик стража в эту локацию.', NULL, FALSE, NULL, NULL, NULL);
INSERT INTO verses (id, location_id, display_number) VALUES (1209, 75, 323);
INSERT INTO options (id, verse_id, position, type, text, target_type, target_verse_dn, target_location_dn, requirement, result, hidden, once, condition_group, conditional_targets, children) VALUES (2671, 1209, 0, 'choice', 'Продолжить.', 'verse', 342, NULL, NULL, NULL, NULL, FALSE, NULL, NULL, NULL);
INSERT INTO verses (id, location_id, display_number) VALUES (1210, 75, 324);
INSERT INTO options (id, verse_id, position, type, text, target_type, target_verse_dn, target_location_dn, requirement, result, hidden, once, condition_group, conditional_targets, children) VALUES (2672, 1210, 0, 'condition', 'Если у вас есть часть 8 достижения «Небольшая услуга».', 'verse', 360, NULL, NULL, 'Не успела стража выдворить вас прочь, как вмешалась королева Ольфрида.  — Шериф, прекрати это немедленно! Я полностью доверяю этой особе. Выгони остальных, и пусть наш друг приступает к работе.', NULL, FALSE, NULL, NULL, NULL);
INSERT INTO options (id, verse_id, position, type, text, target_type, target_verse_dn, target_location_dn, requirement, result, hidden, once, condition_group, conditional_targets, children) VALUES (2673, 1210, 1, 'condition', 'Если у вас есть часть 6 достижения «Небольшая услуга».', 'verse', 360, NULL, NULL, 'Не успела стража выдворить вас прочь, как раздался пронзительный крик. Толпа расступилась, освобождая путь для близнецов в паланкине.  — Молчать! Всем молчать! Ты! Мы верим только тебе. / Во что бы то ни стало раскрой это чудовищное преступление.', NULL, FALSE, NULL, NULL, NULL);
INSERT INTO options (id, verse_id, position, type, text, target_type, target_verse_dn, target_location_dn, requirement, result, hidden, once, condition_group, conditional_targets, children) VALUES (2674, 1210, 2, 'condition', 'В противном случае.', 'verse', 427, NULL, NULL, NULL, NULL, FALSE, NULL, NULL, NULL);
INSERT INTO verses (id, location_id, display_number) VALUES (1211, 75, 325);
INSERT INTO options (id, verse_id, position, type, text, target_type, target_verse_dn, target_location_dn, requirement, result, hidden, once, condition_group, conditional_targets, children) VALUES (2675, 1211, 0, 'condition', 'Если у вас есть часть 3 достижения «Что плохо лежит».', 'verse', 282, NULL, NULL, NULL, NULL, FALSE, NULL, NULL, NULL);
INSERT INTO options (id, verse_id, position, type, text, target_type, target_verse_dn, target_location_dn, requirement, result, hidden, once, condition_group, conditional_targets, children) VALUES (2676, 1211, 1, 'condition', 'В противном случае.', 'verse', 88, NULL, NULL, NULL, NULL, FALSE, NULL, NULL, NULL);
INSERT INTO verses (id, location_id, display_number) VALUES (1212, 75, 326);
INSERT INTO options (id, verse_id, position, type, text, target_type, target_verse_dn, target_location_dn, requirement, result, hidden, once, condition_group, conditional_targets, children) VALUES (2677, 1212, 0, 'condition', 'Если вы победили.', 'verse', 330, NULL, NULL, NULL, NULL, FALSE, NULL, NULL, NULL);
INSERT INTO options (id, verse_id, position, type, text, target_type, target_verse_dn, target_location_dn, requirement, result, hidden, once, condition_group, conditional_targets, children) VALUES (2678, 1212, 1, 'condition', 'В противном случае.', 'verse', 332, NULL, NULL, NULL, NULL, FALSE, NULL, NULL, NULL);
INSERT INTO verses (id, location_id, display_number) VALUES (1213, 75, 327);
INSERT INTO options (id, verse_id, position, type, text, target_type, target_verse_dn, target_location_dn, requirement, result, hidden, once, condition_group, conditional_targets, children) VALUES (2679, 1213, 0, 'choice', 'Ещё раз ознакомиться с уликами.', 'verse', 387, NULL, NULL, 'Поместите в вашу локацию кубик и установите его на 2.', NULL, FALSE, NULL, NULL, NULL);
INSERT INTO options (id, verse_id, position, type, text, target_type, target_verse_dn, target_location_dn, requirement, result, hidden, once, condition_group, conditional_targets, children) VALUES (2680, 1213, 1, 'choice', 'Сказать, что Ольфриду убила Калека, потому что хотела отомстить королевской семье.', 'verse', 445, NULL, NULL, NULL, NULL, FALSE, NULL, NULL, NULL);
INSERT INTO options (id, verse_id, position, type, text, target_type, target_verse_dn, target_location_dn, requirement, result, hidden, once, condition_group, conditional_targets, children) VALUES (2681, 1213, 2, 'choice', 'Сказать, что Ольфриду убил Лот, пришедший в ярость от того, что она осмелилась использовать магию плоти, чтобы произвести наследника.', 'verse', 429, NULL, NULL, NULL, NULL, FALSE, NULL, NULL, NULL);
INSERT INTO options (id, verse_id, position, type, text, target_type, target_verse_dn, target_location_dn, requirement, result, hidden, once, condition_group, conditional_targets, children) VALUES (2682, 1213, 3, 'choice', 'Сказать, что Ольфриду убил Аэд, когда узнал, что она лгала ему, что она его родная мать.', 'verse', 435, NULL, NULL, NULL, NULL, FALSE, NULL, NULL, NULL);
INSERT INTO options (id, verse_id, position, type, text, target_type, target_verse_dn, target_location_dn, requirement, result, hidden, once, condition_group, conditional_targets, children) VALUES (2683, 1213, 4, 'choice', 'Сказать, что Ольфриду убили Скорбные близнецы в отместку за то, какими появились на свет.', 'verse', 406, NULL, NULL, 'Поместите в вашу локацию кубик и установите его на 2.', NULL, FALSE, NULL, NULL, NULL);
INSERT INTO verses (id, location_id, display_number) VALUES (1214, 75, 328);
INSERT INTO options (id, verse_id, position, type, text, target_type, target_verse_dn, target_location_dn, requirement, result, hidden, once, condition_group, conditional_targets, children) VALUES (2684, 1214, 0, 'condition', 'Если развязка @GreenOutcome@.', 'verse', 330, NULL, NULL, NULL, NULL, FALSE, NULL, NULL, NULL);
INSERT INTO options (id, verse_id, position, type, text, target_type, target_verse_dn, target_location_dn, requirement, result, hidden, once, condition_group, conditional_targets, children) VALUES (2685, 1214, 1, 'condition', 'В противном случае.', 'verse', 332, NULL, NULL, NULL, NULL, FALSE, NULL, NULL, NULL);
INSERT INTO verses (id, location_id, display_number) VALUES (1215, 75, 329);
INSERT INTO options (id, verse_id, position, type, text, target_type, target_verse_dn, target_location_dn, requirement, result, hidden, once, condition_group, conditional_targets, children) VALUES (2686, 1215, 0, 'choice', 'Продолжить.', 'end', NULL, NULL, NULL, 'Исследование окончено.', NULL, FALSE, NULL, NULL, NULL);
INSERT INTO verses (id, location_id, display_number) VALUES (1216, 75, 330);
INSERT INTO options (id, verse_id, position, type, text, target_type, target_verse_dn, target_location_dn, requirement, result, hidden, once, condition_group, conditional_targets, children) VALUES (2687, 1216, 0, 'condition', 'Если у вас есть часть 1 достижения «Засуха».', 'cross_location', 1052, 1001, NULL, NULL, NULL, FALSE, NULL, NULL, NULL);
INSERT INTO options (id, verse_id, position, type, text, target_type, target_verse_dn, target_location_dn, requirement, result, hidden, once, condition_group, conditional_targets, children) VALUES (2688, 1216, 1, 'choice', 'Продолжить.', 'end', NULL, NULL, NULL, 'Каждый член команды теряет 2 @Terror@.   Получите 4 магии.  Уберите с поля фигурку Нония, владыки глубин, и верните секретную карту 175 в секретную колоду.  Получите часть 8 достижения «Великие деяния».  Исследование окончено.', NULL, FALSE, NULL, NULL, NULL);
INSERT INTO verses (id, location_id, display_number) VALUES (1217, 75, 331);
INSERT INTO options (id, verse_id, position, type, text, target_type, target_verse_dn, target_location_dn, requirement, result, hidden, once, condition_group, conditional_targets, children) VALUES (2689, 1217, 0, 'condition', 'Если вы проходите главу 6.', 'verse', 274, NULL, NULL, 'Получите часть 3 достижения «Тайные послания».', NULL, FALSE, NULL, NULL, NULL);
INSERT INTO options (id, verse_id, position, type, text, target_type, target_verse_dn, target_location_dn, requirement, result, hidden, once, condition_group, conditional_targets, children) VALUES (2690, 1217, 1, 'condition', 'В противном случае.', 'end', NULL, NULL, NULL, 'Получите часть 3 достижения «Тайные послания».  Исследование окончено.', NULL, FALSE, NULL, NULL, NULL);
INSERT INTO verses (id, location_id, display_number) VALUES (1218, 75, 332);
INSERT INTO options (id, verse_id, position, type, text, target_type, target_verse_dn, target_location_dn, requirement, result, hidden, once, condition_group, conditional_targets, children) VALUES (2691, 1218, 0, 'condition', 'Если у вас есть часть 1 достижения «Засуха».', 'cross_location', 1057, 1001, NULL, NULL, NULL, FALSE, NULL, NULL, NULL);
INSERT INTO options (id, verse_id, position, type, text, target_type, target_verse_dn, target_location_dn, requirement, result, hidden, once, condition_group, conditional_targets, children) VALUES (2692, 1218, 1, 'choice', 'Продолжить.', 'end', NULL, NULL, NULL, 'Уберите с поля фигурку Нония, владыки глубин, и верните секретную карту 175 в секретную колоду.  Исследование окончено.', NULL, FALSE, NULL, NULL, NULL);
INSERT INTO verses (id, location_id, display_number) VALUES (1219, 75, 333);
INSERT INTO options (id, verse_id, position, type, text, target_type, target_verse_dn, target_location_dn, requirement, result, hidden, once, condition_group, conditional_targets, children) VALUES (2693, 1219, 0, 'choice', 'Продолжить.', 'end', NULL, NULL, NULL, 'Получите 1 магию.  Сбросьте текущую карту встречи. Найдите две секретные карты встреч 195 (зелёные), случайным образом выберите одну из них и проведите её.  Продолжайте игру.', NULL, FALSE, NULL, NULL, NULL);
INSERT INTO verses (id, location_id, display_number) VALUES (1220, 75, 334);
INSERT INTO options (id, verse_id, position, type, text, target_type, target_verse_dn, target_location_dn, requirement, result, hidden, once, condition_group, conditional_targets, children) VALUES (2694, 1220, 0, 'condition', 'Если у вас есть часть 10 достижения «Небольшая услуга».', 'verse', 343, NULL, NULL, NULL, NULL, FALSE, NULL, NULL, NULL);
INSERT INTO options (id, verse_id, position, type, text, target_type, target_verse_dn, target_location_dn, requirement, result, hidden, once, condition_group, conditional_targets, children) VALUES (2695, 1220, 1, 'condition', 'В противном случае.', 'verse', 336, NULL, NULL, NULL, NULL, FALSE, NULL, NULL, NULL);
INSERT INTO verses (id, location_id, display_number) VALUES (1221, 75, 335);
INSERT INTO options (id, verse_id, position, type, text, target_type, target_verse_dn, target_location_dn, requirement, result, hidden, once, condition_group, conditional_targets, children) VALUES (2696, 1221, 0, 'condition', 'Если у вас есть часть 1 достижения «Королевские похороны».', 'verse', 356, NULL, NULL, NULL, NULL, FALSE, NULL, NULL, NULL);
INSERT INTO options (id, verse_id, position, type, text, target_type, target_verse_dn, target_location_dn, requirement, result, hidden, once, condition_group, conditional_targets, children) VALUES (2697, 1221, 1, 'condition', 'Если у вас есть часть 2 достижения «Королевские похороны».', 'verse', 327, NULL, NULL, NULL, NULL, FALSE, NULL, NULL, NULL);
INSERT INTO options (id, verse_id, position, type, text, target_type, target_verse_dn, target_location_dn, requirement, result, hidden, once, condition_group, conditional_targets, children) VALUES (2698, 1221, 2, 'condition', 'Если у вас есть часть 3 достижения «Королевские похороны».', 'verse', 368, NULL, NULL, NULL, NULL, FALSE, NULL, NULL, NULL);
INSERT INTO verses (id, location_id, display_number) VALUES (1222, 75, 336);
INSERT INTO options (id, verse_id, position, type, text, target_type, target_verse_dn, target_location_dn, requirement, result, hidden, once, condition_group, conditional_targets, children) VALUES (2699, 1222, 0, 'condition', 'Если развязка @GreenOutcome@.', 'verse', 305, NULL, NULL, 'Вам удалось убедить их.', NULL, FALSE, NULL, NULL, NULL);
INSERT INTO options (id, verse_id, position, type, text, target_type, target_verse_dn, target_location_dn, requirement, result, hidden, once, condition_group, conditional_targets, children) VALUES (2700, 1222, 1, 'condition', 'В противном случае.', 'verse', 293, NULL, NULL, NULL, NULL, FALSE, NULL, NULL, NULL);
INSERT INTO verses (id, location_id, display_number) VALUES (1223, 75, 337);
INSERT INTO options (id, verse_id, position, type, text, target_type, target_verse_dn, target_location_dn, requirement, result, hidden, once, condition_group, conditional_targets, children) VALUES (2701, 1223, 0, 'choice', 'Продолжить.', 'verse', 342, NULL, NULL, NULL, NULL, FALSE, NULL, NULL, NULL);
INSERT INTO verses (id, location_id, display_number) VALUES (1224, 75, 338);
INSERT INTO options (id, verse_id, position, type, text, target_type, target_verse_dn, target_location_dn, requirement, result, hidden, once, condition_group, conditional_targets, children) VALUES (2702, 1224, 0, 'condition', 'Если вы победили.', 'verse', 381, NULL, NULL, NULL, NULL, FALSE, NULL, NULL, NULL);
INSERT INTO options (id, verse_id, position, type, text, target_type, target_verse_dn, target_location_dn, requirement, result, hidden, once, condition_group, conditional_targets, children) VALUES (2703, 1224, 1, 'condition', 'В противном случае.', 'verse', 384, NULL, NULL, NULL, NULL, FALSE, NULL, NULL, NULL);
INSERT INTO verses (id, location_id, display_number) VALUES (1225, 75, 339);
INSERT INTO options (id, verse_id, position, type, text, target_type, target_verse_dn, target_location_dn, requirement, result, hidden, once, condition_group, conditional_targets, children) VALUES (2704, 1225, 0, 'condition', 'Если вы играете за Юнис и у вас есть часть 5 достижения «Осведомитель».', 'verse', 391, NULL, NULL, NULL, NULL, FALSE, NULL, NULL, NULL);
INSERT INTO options (id, verse_id, position, type, text, target_type, target_verse_dn, target_location_dn, requirement, result, hidden, once, condition_group, conditional_targets, children) VALUES (2705, 1225, 1, 'condition', 'Если вы играете за Юнис и у вас нет части 5 достижения «Осведомитель».', 'verse', 377, NULL, NULL, NULL, NULL, FALSE, NULL, NULL, NULL);
INSERT INTO options (id, verse_id, position, type, text, target_type, target_verse_dn, target_location_dn, requirement, result, hidden, once, condition_group, conditional_targets, children) VALUES (2706, 1225, 2, 'condition', 'В противном случае.', 'verse', 371, NULL, NULL, NULL, NULL, FALSE, NULL, NULL, NULL);
INSERT INTO verses (id, location_id, display_number) VALUES (1226, 75, 340);
INSERT INTO options (id, verse_id, position, type, text, target_type, target_verse_dn, target_location_dn, requirement, result, hidden, once, condition_group, conditional_targets, children) VALUES (2707, 1226, 0, 'condition', 'Если у вас есть часть 1 достижения «Королевские похороны».', 'verse', 383, NULL, NULL, NULL, NULL, FALSE, NULL, NULL, NULL);
INSERT INTO options (id, verse_id, position, type, text, target_type, target_verse_dn, target_location_dn, requirement, result, hidden, once, condition_group, conditional_targets, children) VALUES (2708, 1226, 1, 'condition', 'Если у вас есть часть 2 достижения «Королевские похороны».', 'verse', 387, NULL, NULL, NULL, NULL, FALSE, NULL, NULL, NULL);
INSERT INTO options (id, verse_id, position, type, text, target_type, target_verse_dn, target_location_dn, requirement, result, hidden, once, condition_group, conditional_targets, children) VALUES (2709, 1226, 2, 'condition', 'Если у вас есть часть 3 достижения «Королевские похороны».', 'verse', 389, NULL, NULL, NULL, NULL, FALSE, NULL, NULL, NULL);
INSERT INTO verses (id, location_id, display_number) VALUES (1227, 75, 341);
INSERT INTO options (id, verse_id, position, type, text, target_type, target_verse_dn, target_location_dn, requirement, result, hidden, once, condition_group, conditional_targets, children) VALUES (2710, 1227, 0, 'choice', 'Предъявить обвинение убийце.', 'verse', 335, NULL, 'Нужны хотя бы две части достижения «Семейные тайны».', NULL, NULL, FALSE, NULL, NULL, NULL);
INSERT INTO options (id, verse_id, position, type, text, target_type, target_verse_dn, target_location_dn, requirement, result, hidden, once, condition_group, conditional_targets, children) VALUES (2711, 1227, 1, 'choice', 'Ещё раз ознакомиться с собранной информацией.', 'verse', 340, NULL, 'Нужны хотя бы две части достижения «Семейные тайны».', NULL, NULL, FALSE, NULL, NULL, NULL);
INSERT INTO options (id, verse_id, position, type, text, target_type, target_verse_dn, target_location_dn, requirement, result, hidden, once, condition_group, conditional_targets, children) VALUES (2712, 1227, 2, 'choice', 'Не предъявлять обвинения, рассказать о том, что вы нашли в Сурлузе.', 'verse', 350, NULL, NULL, NULL, NULL, FALSE, NULL, NULL, NULL);
INSERT INTO options (id, verse_id, position, type, text, target_type, target_verse_dn, target_location_dn, requirement, result, hidden, once, condition_group, conditional_targets, children) VALUES (2713, 1227, 3, 'choice', 'Уйти.', 'end', NULL, NULL, NULL, 'Исследование окончено.', NULL, FALSE, NULL, NULL, NULL);
INSERT INTO verses (id, location_id, display_number) VALUES (1228, 75, 342);
INSERT INTO options (id, verse_id, position, type, text, target_type, target_verse_dn, target_location_dn, requirement, result, hidden, once, condition_group, conditional_targets, children) VALUES (2714, 1228, 0, 'choice', 'Взяться за поручение. Подготовка замка займёт какое-то время, а клеймо искателя не даст вам сидеть на месте.', 'verse', 344, NULL, NULL, NULL, NULL, FALSE, NULL, NULL, NULL);
INSERT INTO options (id, verse_id, position, type, text, target_type, target_verse_dn, target_location_dn, requirement, result, hidden, once, condition_group, conditional_targets, children) VALUES (2715, 1228, 1, 'choice', 'Отказаться. «Как пожелаешь. Но если передумаешь, предложение будет в силе, как и награда».', 'verse', 329, NULL, NULL, NULL, NULL, FALSE, NULL, NULL, NULL);
INSERT INTO verses (id, location_id, display_number) VALUES (1229, 75, 343);
INSERT INTO options (id, verse_id, position, type, text, target_type, target_verse_dn, target_location_dn, requirement, result, hidden, once, condition_group, conditional_targets, children) VALUES (2716, 1229, 0, 'choice', 'Продолжить.', 'verse', 358, NULL, NULL, NULL, NULL, FALSE, NULL, NULL, NULL);
INSERT INTO verses (id, location_id, display_number) VALUES (1230, 75, 344);
INSERT INTO options (id, verse_id, position, type, text, target_type, target_verse_dn, target_location_dn, requirement, result, hidden, once, condition_group, conditional_targets, children) VALUES (2717, 1230, 0, 'choice', 'Продолжить.', 'verse', 329, NULL, NULL, NULL, NULL, FALSE, NULL, NULL, NULL);
INSERT INTO verses (id, location_id, display_number) VALUES (1231, 75, 345);
INSERT INTO options (id, verse_id, position, type, text, target_type, target_verse_dn, target_location_dn, requirement, result, hidden, once, condition_group, conditional_targets, children) VALUES (2718, 1231, 0, 'choice', 'Не менять решения: дочь Хильбриды должна править Лотианом!', 'verse', 194, NULL, 'Если у вас есть часть 5 достижения «Королевские похороны».', 'Получите часть 10 достижения «Семейные тайны».', NULL, FALSE, NULL, NULL, NULL);
INSERT INTO options (id, verse_id, position, type, text, target_type, target_verse_dn, target_location_dn, requirement, result, hidden, once, condition_group, conditional_targets, children) VALUES (2719, 1231, 1, 'choice', 'Не менять решения: дочь Хильбриды должна править Лотианом!', 'verse', 366, NULL, NULL, 'Получите часть 10 достижения «Семейные тайны».', NULL, FALSE, NULL, NULL, NULL);
INSERT INTO options (id, verse_id, position, type, text, target_type, target_verse_dn, target_location_dn, requirement, result, hidden, once, condition_group, conditional_targets, children) VALUES (2720, 1231, 2, 'choice', 'Пересмотреть своё решение.', 'verse', 367, NULL, NULL, NULL, NULL, FALSE, NULL, NULL, NULL);
INSERT INTO verses (id, location_id, display_number) VALUES (1232, 75, 346);
INSERT INTO options (id, verse_id, position, type, text, target_type, target_verse_dn, target_location_dn, requirement, result, hidden, once, condition_group, conditional_targets, children) VALUES (2721, 1232, 0, 'condition', 'Если вы победили.', 'verse', 381, NULL, NULL, NULL, NULL, FALSE, NULL, NULL, NULL);
INSERT INTO options (id, verse_id, position, type, text, target_type, target_verse_dn, target_location_dn, requirement, result, hidden, once, condition_group, conditional_targets, children) VALUES (2722, 1232, 1, 'condition', 'В противном случае.', 'verse', 384, NULL, NULL, NULL, NULL, FALSE, NULL, NULL, NULL);
INSERT INTO verses (id, location_id, display_number) VALUES (1233, 75, 347);
INSERT INTO options (id, verse_id, position, type, text, target_type, target_verse_dn, target_location_dn, requirement, result, hidden, once, condition_group, conditional_targets, children) VALUES (2723, 1233, 0, 'condition', 'Если у вас есть часть 6 достижения «Изолют».', 'verse', 349, NULL, NULL, NULL, NULL, FALSE, NULL, NULL, NULL);
INSERT INTO options (id, verse_id, position, type, text, target_type, target_verse_dn, target_location_dn, requirement, result, hidden, once, condition_group, conditional_targets, children) VALUES (2724, 1233, 1, 'condition', 'В противном случае.', 'cross_location', 1226, 1001, NULL, NULL, NULL, FALSE, NULL, NULL, NULL);
INSERT INTO verses (id, location_id, display_number) VALUES (1234, 75, 348);
INSERT INTO options (id, verse_id, position, type, text, target_type, target_verse_dn, target_location_dn, requirement, result, hidden, once, condition_group, conditional_targets, children) VALUES (2725, 1234, 0, 'choice', 'Продолжить.', 'cross_location', 895, 1001, NULL, 'Поздравляем! Гердвин сделала окончательный выбор в своей личной истории. Вы ознакомитесь с её развязкой, когда завершите игру.  o Получите часть 1 достижения «Конец пути».  o Гердвин получает 3 опыта и теряет весь @Terror@.  o Гердвин получает секретную карту 119 (карта боя «Прощальный выстрел») и секретную карту 124 (карта дипломатии «Непреклонность») и замешивает их в соответствующие колоды.  o Каждый персонаж получает 2 @Health@ и теряет 2 @Terror@.', NULL, FALSE, NULL, NULL, NULL);
INSERT INTO verses (id, location_id, display_number) VALUES (1235, 75, 349);
INSERT INTO options (id, verse_id, position, type, text, target_type, target_verse_dn, target_location_dn, requirement, result, hidden, once, condition_group, conditional_targets, children) VALUES (2726, 1235, 0, 'choice', 'Продолжить.', 'end', NULL, NULL, NULL, 'Исследование окончено.', NULL, FALSE, NULL, NULL, NULL);
INSERT INTO verses (id, location_id, display_number) VALUES (1236, 75, 350);
INSERT INTO options (id, verse_id, position, type, text, target_type, target_verse_dn, target_location_dn, requirement, result, hidden, once, condition_group, conditional_targets, children) VALUES (2727, 1236, 0, 'condition', 'Если у вас есть часть 1 достижения «Королевские похороны».', 'verse', 337, NULL, NULL, NULL, NULL, FALSE, NULL, NULL, NULL);
INSERT INTO options (id, verse_id, position, type, text, target_type, target_verse_dn, target_location_dn, requirement, result, hidden, once, condition_group, conditional_targets, children) VALUES (2728, 1236, 1, 'condition', 'Если у вас есть часть 2 или 3 достижения «Королевские похороны».', 'verse', 323, NULL, NULL, NULL, NULL, FALSE, NULL, NULL, NULL);
INSERT INTO verses (id, location_id, display_number) VALUES (1237, 75, 351);
INSERT INTO options (id, verse_id, position, type, text, target_type, target_verse_dn, target_location_dn, requirement, result, hidden, once, condition_group, conditional_targets, children) VALUES (2729, 1237, 0, 'choice', 'Продолжить.', 'end', NULL, NULL, NULL, 'Поздравляем! Юнис достигла важной вехи в своей личной истории. Вы ознакомитесь с её развязкой, когда завершите игру.  o Получите часть 8 достижения «Конец пути».  o Юнис получает 3 опыта.  o Юнис получает секретную карту 129 (карта боя «Ведомая ненавистью») и секретную карту 134 (карта дипломатии «Сладкая месть») и замешивает их в соответствующие колоды.  Исследование окончено.', NULL, FALSE, NULL, NULL, NULL);
INSERT INTO verses (id, location_id, display_number) VALUES (1238, 75, 352);
INSERT INTO options (id, verse_id, position, type, text, target_type, target_verse_dn, target_location_dn, requirement, result, hidden, once, condition_group, conditional_targets, children) VALUES (2730, 1238, 0, 'condition', 'Если у вас есть часть 6 достижения «Изолют».', 'cross_location', 878, 1001, NULL, NULL, NULL, FALSE, NULL, NULL, NULL);
INSERT INTO options (id, verse_id, position, type, text, target_type, target_verse_dn, target_location_dn, requirement, result, hidden, once, condition_group, conditional_targets, children) VALUES (2731, 1238, 1, 'condition', 'Если у вас есть часть 7 достижения «Изолют».', 'cross_location', 960, 1001, NULL, NULL, NULL, FALSE, NULL, NULL, NULL);
INSERT INTO options (id, verse_id, position, type, text, target_type, target_verse_dn, target_location_dn, requirement, result, hidden, once, condition_group, conditional_targets, children) VALUES (2732, 1238, 2, 'choice', 'Продолжить.', 'cross_location', 1099, 1001, NULL, 'Уберите из игры фигурку Изолют Золотой Маски и секретную карту 307.', NULL, FALSE, NULL, NULL, NULL);
INSERT INTO verses (id, location_id, display_number) VALUES (1239, 75, 353);
INSERT INTO options (id, verse_id, position, type, text, target_type, target_verse_dn, target_location_dn, requirement, result, hidden, once, condition_group, conditional_targets, children) VALUES (2733, 1239, 0, 'choice', 'Выпить их.', 'verse', 89, NULL, NULL, NULL, NULL, FALSE, NULL, NULL, NULL);
INSERT INTO options (id, verse_id, position, type, text, target_type, target_verse_dn, target_location_dn, requirement, result, hidden, once, condition_group, conditional_targets, children) VALUES (2734, 1239, 1, 'choice', 'Вылить на землю.', 'verse', 86, NULL, NULL, NULL, NULL, FALSE, NULL, NULL, NULL);
INSERT INTO options (id, verse_id, position, type, text, target_type, target_verse_dn, target_location_dn, requirement, result, hidden, once, condition_group, conditional_targets, children) VALUES (2735, 1239, 2, 'choice', 'Просто уйти.', 'verse', 92, NULL, NULL, NULL, NULL, FALSE, NULL, NULL, NULL);
INSERT INTO verses (id, location_id, display_number) VALUES (1240, 75, 354);
INSERT INTO options (id, verse_id, position, type, text, target_type, target_verse_dn, target_location_dn, requirement, result, hidden, once, condition_group, conditional_targets, children) VALUES (2736, 1240, 0, 'condition', 'Если вы играете за Юнис и у вас есть часть 5 достижения «Осведомитель».', 'verse', 391, NULL, NULL, NULL, NULL, FALSE, NULL, NULL, NULL);
INSERT INTO options (id, verse_id, position, type, text, target_type, target_verse_dn, target_location_dn, requirement, result, hidden, once, condition_group, conditional_targets, children) VALUES (2737, 1240, 1, 'condition', 'Если вы играете за Юнис и у вас нет части 5 достижения «Осведомитель».', 'verse', 377, NULL, NULL, NULL, NULL, FALSE, NULL, NULL, NULL);
INSERT INTO options (id, verse_id, position, type, text, target_type, target_verse_dn, target_location_dn, requirement, result, hidden, once, condition_group, conditional_targets, children) VALUES (2738, 1240, 2, 'condition', 'В противном случае.', 'verse', 371, NULL, NULL, NULL, NULL, FALSE, NULL, NULL, NULL);
INSERT INTO verses (id, location_id, display_number) VALUES (1241, 75, 355);
INSERT INTO options (id, verse_id, position, type, text, target_type, target_verse_dn, target_location_dn, requirement, result, hidden, once, condition_group, conditional_targets, children) VALUES (2739, 1241, 0, 'condition', 'Если у вас есть карта секрета 6.', 'verse', 339, NULL, NULL, NULL, NULL, FALSE, NULL, NULL, NULL);
INSERT INTO options (id, verse_id, position, type, text, target_type, target_verse_dn, target_location_dn, requirement, result, hidden, once, condition_group, conditional_targets, children) VALUES (2740, 1241, 1, 'condition', 'В противном случае.', 'verse', 354, NULL, NULL, NULL, NULL, FALSE, NULL, NULL, NULL);
INSERT INTO verses (id, location_id, display_number) VALUES (1242, 75, 356);
INSERT INTO options (id, verse_id, position, type, text, target_type, target_verse_dn, target_location_dn, requirement, result, hidden, once, condition_group, conditional_targets, children) VALUES (2741, 1242, 0, 'choice', 'Ещё раз ознакомиться с уликами.', 'verse', 383, NULL, NULL, 'Поместите кубик в вашу локацию и установите его на 1.', NULL, FALSE, NULL, NULL, NULL);
INSERT INTO options (id, verse_id, position, type, text, target_type, target_verse_dn, target_location_dn, requirement, result, hidden, once, condition_group, conditional_targets, children) VALUES (2742, 1242, 1, 'choice', 'Сказать, что Лота убила Калека, потому что хотела отомстить королевской семье.', 'verse', 435, NULL, NULL, NULL, NULL, FALSE, NULL, NULL, NULL);
INSERT INTO options (id, verse_id, position, type, text, target_type, target_verse_dn, target_location_dn, requirement, result, hidden, once, condition_group, conditional_targets, children) VALUES (2743, 1242, 2, 'choice', 'Сказать, что Лота убила Ольфрида, потому что узнала о чудовищной судьбе своей сестры Хильбриды.', 'verse', 445, NULL, NULL, NULL, NULL, FALSE, NULL, NULL, NULL);
INSERT INTO options (id, verse_id, position, type, text, target_type, target_verse_dn, target_location_dn, requirement, result, hidden, once, condition_group, conditional_targets, children) VALUES (2744, 1242, 3, 'choice', 'Сказать, что Лота убил Аэд, потому что узнал про Хильбриду и про то, что Лот хотел заменить его на более подходящего наследника.', 'verse', 408, NULL, NULL, NULL, NULL, FALSE, NULL, NULL, NULL);
INSERT INTO options (id, verse_id, position, type, text, target_type, target_verse_dn, target_location_dn, requirement, result, hidden, once, condition_group, conditional_targets, children) VALUES (2745, 1242, 4, 'choice', 'Сказать, что Лота убили Скорбные близнецы, потому что он так и не смог смириться с тем, какими они родились.', 'verse', 406, NULL, NULL, 'Поместите кубик в вашу локацию и установите его на 1.', NULL, FALSE, NULL, NULL, NULL);
INSERT INTO verses (id, location_id, display_number) VALUES (1243, 75, 357);
INSERT INTO options (id, verse_id, position, type, text, target_type, target_verse_dn, target_location_dn, requirement, result, hidden, once, condition_group, conditional_targets, children) VALUES (2746, 1243, 0, 'choice', 'Продолжить.', 'verse', 395, NULL, NULL, NULL, NULL, FALSE, NULL, NULL, NULL);
INSERT INTO verses (id, location_id, display_number) VALUES (1244, 75, 358);
INSERT INTO options (id, verse_id, position, type, text, target_type, target_verse_dn, target_location_dn, requirement, result, hidden, once, condition_group, conditional_targets, children) VALUES (2747, 1244, 0, 'choice', 'Продолжить.', 'end', NULL, NULL, NULL, 'Замените локацию 154 («Латифундии») на 154-Б («Обгорелые развалины») и уберите из игры локацию 154.  Получите часть 7 достижения «Свобода».  Исследование окончено.', NULL, FALSE, NULL, NULL, NULL);
INSERT INTO verses (id, location_id, display_number) VALUES (1245, 75, 359);
INSERT INTO options (id, verse_id, position, type, text, target_type, target_verse_dn, target_location_dn, requirement, result, hidden, once, condition_group, conditional_targets, children) VALUES (2748, 1245, 0, 'choice', 'Продолжить.', 'cross_location', 895, 1001, NULL, 'Поздравляем! Гердвин сделала окончательный выбор в своей личной истории. Вы ознакомитесь с её развязкой, когда завершите игру.  o Получите часть 2 достижения «Конец пути».  o Гердвин получает 3 опыта и теряет весь @Terror@.  o Гердвин получает секретную карту 119 (карта боя «Прощальный выстрел») и секретную карту 124 (карта дипломатии «Непреклонность») и замешивает их в соответствующие колоды.  o Каждый персонаж получает 2 @Health@ и теряет 2 @Terror@.', NULL, FALSE, NULL, NULL, NULL);
INSERT INTO verses (id, location_id, display_number) VALUES (1246, 75, 360);
INSERT INTO options (id, verse_id, position, type, text, target_type, target_verse_dn, target_location_dn, requirement, result, hidden, once, condition_group, conditional_targets, children) VALUES (2749, 1246, 0, 'choice', '1—6.', 'verse', 357, NULL, NULL, 'Долгие поиски не принесли результата. Вам пришлось признать поражение.', NULL, FALSE, NULL, NULL, NULL);
INSERT INTO options (id, verse_id, position, type, text, target_type, target_verse_dn, target_location_dn, requirement, result, hidden, once, condition_group, conditional_targets, children) VALUES (2750, 1246, 1, 'choice', '≥7.', 'verse', 182, NULL, NULL, 'Вы нашли кое-что интересное!', NULL, FALSE, NULL, NULL, NULL);
INSERT INTO verses (id, location_id, display_number) VALUES (1247, 75, 361);
INSERT INTO options (id, verse_id, position, type, text, target_type, target_verse_dn, target_location_dn, requirement, result, hidden, once, condition_group, conditional_targets, children) VALUES (2751, 1247, 0, 'choice', 'Продолжить.', 'verse', 345, NULL, NULL, NULL, NULL, FALSE, NULL, NULL, NULL);
INSERT INTO verses (id, location_id, display_number) VALUES (1248, 75, 362);
INSERT INTO options (id, verse_id, position, type, text, target_type, target_verse_dn, target_location_dn, requirement, result, hidden, once, condition_group, conditional_targets, children) VALUES (2752, 1248, 0, 'choice', 'Продолжить.', 'verse', 363, NULL, NULL, NULL, NULL, FALSE, NULL, NULL, NULL);
INSERT INTO verses (id, location_id, display_number) VALUES (1249, 75, 363);
INSERT INTO options (id, verse_id, position, type, text, target_type, target_verse_dn, target_location_dn, requirement, result, hidden, once, condition_group, conditional_targets, children) VALUES (2753, 1249, 0, 'choice', 'Продолжить.', 'end', NULL, NULL, NULL, 'Если у вас нет части 4 достижения «Семейные тайны», каждый персонаж получает 1 опыт. Затем получите часть 4 достижения «Семейные тайны».  Исследование окончено.', NULL, FALSE, NULL, NULL, NULL);
INSERT INTO verses (id, location_id, display_number) VALUES (1250, 75, 364);
INSERT INTO options (id, verse_id, position, type, text, target_type, target_verse_dn, target_location_dn, requirement, result, hidden, once, condition_group, conditional_targets, children) VALUES (2754, 1250, 0, 'choice', 'Продолжить.', 'verse', 345, NULL, NULL, NULL, NULL, FALSE, NULL, NULL, NULL);
INSERT INTO verses (id, location_id, display_number) VALUES (1251, 75, 365);
INSERT INTO options (id, verse_id, position, type, text, target_type, target_verse_dn, target_location_dn, requirement, result, hidden, once, condition_group, conditional_targets, children) VALUES (2755, 1251, 0, 'choice', 'Продолжить.', 'verse', 363, NULL, NULL, NULL, NULL, FALSE, NULL, NULL, NULL);
INSERT INTO verses (id, location_id, display_number) VALUES (1252, 75, 366);
INSERT INTO options (id, verse_id, position, type, text, target_type, target_verse_dn, target_location_dn, requirement, result, hidden, once, condition_group, conditional_targets, children) VALUES (2756, 1252, 0, 'condition', 'Если у вас есть часть 2 достижения «Королевские похороны».', 'verse', 316, NULL, NULL, NULL, NULL, FALSE, NULL, NULL, NULL);
INSERT INTO options (id, verse_id, position, type, text, target_type, target_verse_dn, target_location_dn, requirement, result, hidden, once, condition_group, conditional_targets, children) VALUES (2757, 1252, 1, 'condition', 'В противном случае.', 'verse', 337, NULL, NULL, NULL, NULL, FALSE, NULL, NULL, NULL);
INSERT INTO verses (id, location_id, display_number) VALUES (1253, 75, 367);
INSERT INTO options (id, verse_id, position, type, text, target_type, target_verse_dn, target_location_dn, requirement, result, hidden, once, condition_group, conditional_targets, children) VALUES (2758, 1253, 0, 'condition', 'Если кубик в этой локации установлен на 1.', 'verse', 64, NULL, NULL, NULL, NULL, FALSE, NULL, NULL, NULL);
INSERT INTO options (id, verse_id, position, type, text, target_type, target_verse_dn, target_location_dn, requirement, result, hidden, once, condition_group, conditional_targets, children) VALUES (2759, 1253, 1, 'condition', 'Если кубик в этой локации установлен на 2.', 'verse', 221, NULL, NULL, NULL, NULL, FALSE, NULL, NULL, NULL);
INSERT INTO verses (id, location_id, display_number) VALUES (1254, 75, 368);
INSERT INTO options (id, verse_id, position, type, text, target_type, target_verse_dn, target_location_dn, requirement, result, hidden, once, condition_group, conditional_targets, children) VALUES (2760, 1254, 0, 'choice', 'Ещё раз ознакомиться с уликами.', 'verse', 389, NULL, NULL, 'Поместите в вашу локацию кубик и установите его на 3.', NULL, FALSE, NULL, NULL, NULL);
INSERT INTO options (id, verse_id, position, type, text, target_type, target_verse_dn, target_location_dn, requirement, result, hidden, once, condition_group, conditional_targets, children) VALUES (2761, 1254, 1, 'choice', 'Сказать, что Аэда убил Лот, чтобы тот не раскрыл правды о сестре Ольфриды, Хильбриде, дело которой принц расследовал.', 'verse', 53, NULL, NULL, NULL, NULL, FALSE, NULL, NULL, NULL);
INSERT INTO options (id, verse_id, position, type, text, target_type, target_verse_dn, target_location_dn, requirement, result, hidden, once, condition_group, conditional_targets, children) VALUES (2762, 1254, 2, 'choice', 'Сказать, что Аэда убила Ольфрида, потому что он не истинный наследник и Ольфрида хотела, чтобы трон унаследовали близнецы.', 'verse', 435, NULL, NULL, NULL, NULL, FALSE, NULL, NULL, NULL);
INSERT INTO options (id, verse_id, position, type, text, target_type, target_verse_dn, target_location_dn, requirement, result, hidden, once, condition_group, conditional_targets, children) VALUES (2763, 1254, 3, 'choice', 'Сказать, что Аэда убила Калека, чтобы отомстить королевской семье.', 'verse', 445, NULL, NULL, NULL, NULL, FALSE, NULL, NULL, NULL);
INSERT INTO options (id, verse_id, position, type, text, target_type, target_verse_dn, target_location_dn, requirement, result, hidden, once, condition_group, conditional_targets, children) VALUES (2764, 1254, 4, 'choice', 'Сказать, что Аэда убили Скорбные близнецы, потому что завидовали, что он родился здоровым.', 'verse', 406, NULL, NULL, 'Поместите в вашу локацию кубик и установите его на 3.', NULL, FALSE, NULL, NULL, NULL);
INSERT INTO verses (id, location_id, display_number) VALUES (1255, 75, 369);
INSERT INTO options (id, verse_id, position, type, text, target_type, target_verse_dn, target_location_dn, requirement, result, hidden, once, condition_group, conditional_targets, children) VALUES (2765, 1255, 0, 'choice', 'Не менять решения: близнецы должны править Лотианом!', 'verse', 171, NULL, 'Если у вас есть часть 5 достижения «Королевские похороны».', 'Получите часть 7 достижения «Семейные тайны».', NULL, FALSE, NULL, NULL, NULL);
INSERT INTO options (id, verse_id, position, type, text, target_type, target_verse_dn, target_location_dn, requirement, result, hidden, once, condition_group, conditional_targets, children) VALUES (2766, 1255, 1, 'choice', 'Не менять решения: близнецы должны править Лотианом!', 'verse', 366, NULL, NULL, 'Получите часть 7 достижения «Семейные тайны».', NULL, FALSE, NULL, NULL, NULL);
INSERT INTO options (id, verse_id, position, type, text, target_type, target_verse_dn, target_location_dn, requirement, result, hidden, once, condition_group, conditional_targets, children) VALUES (2767, 1255, 2, 'choice', 'Пересмотреть своё решение.', 'verse', 367, NULL, NULL, NULL, NULL, FALSE, NULL, NULL, NULL);
INSERT INTO verses (id, location_id, display_number) VALUES (1256, 75, 370);
INSERT INTO options (id, verse_id, position, type, text, target_type, target_verse_dn, target_location_dn, requirement, result, hidden, once, condition_group, conditional_targets, children) VALUES (2768, 1256, 0, 'condition', 'Если у вас есть часть 1, 2, 3 или 4 достижения «Бессердечность».', 'verse', 170, NULL, NULL, NULL, NULL, FALSE, NULL, NULL, NULL);
INSERT INTO options (id, verse_id, position, type, text, target_type, target_verse_dn, target_location_dn, requirement, result, hidden, once, condition_group, conditional_targets, children) VALUES (2769, 1256, 1, 'condition', 'Если у вас есть часть 1 достижения «Дружба со знатью».', 'verse', 325, NULL, NULL, NULL, NULL, FALSE, NULL, NULL, NULL);
INSERT INTO options (id, verse_id, position, type, text, target_type, target_verse_dn, target_location_dn, requirement, result, hidden, once, condition_group, conditional_targets, children) VALUES (2770, 1256, 2, 'condition', 'Если у вас есть хотя бы две части достижения «Что плохо лежит».', 'verse', 382, NULL, NULL, NULL, NULL, FALSE, NULL, NULL, NULL);
INSERT INTO options (id, verse_id, position, type, text, target_type, target_verse_dn, target_location_dn, requirement, result, hidden, once, condition_group, conditional_targets, children) VALUES (2771, 1256, 3, 'condition', 'Если у вас есть часть 1 достижения «Народный герой».', 'verse', 267, NULL, NULL, NULL, NULL, FALSE, NULL, NULL, NULL);
INSERT INTO options (id, verse_id, position, type, text, target_type, target_verse_dn, target_location_dn, requirement, result, hidden, once, condition_group, conditional_targets, children) VALUES (2772, 1256, 4, 'condition', 'В противном случае.', 'verse', 127, NULL, NULL, NULL, NULL, FALSE, NULL, NULL, NULL);
INSERT INTO verses (id, location_id, display_number) VALUES (1257, 75, 371);
INSERT INTO options (id, verse_id, position, type, text, target_type, target_verse_dn, target_location_dn, requirement, result, hidden, once, condition_group, conditional_targets, children) VALUES (2773, 1257, 0, 'choice', 'Продолжить.', 'end', NULL, NULL, NULL, 'Исследование окончено.', NULL, FALSE, NULL, NULL, NULL);
INSERT INTO verses (id, location_id, display_number) VALUES (1258, 75, 372);
INSERT INTO options (id, verse_id, position, type, text, target_type, target_verse_dn, target_location_dn, requirement, result, hidden, once, condition_group, conditional_targets, children) VALUES (2774, 1258, 0, 'condition', 'Если у вас есть часть 3 достижения «Страхи и напасти».', 'end', NULL, NULL, NULL, 'Еда не оказала никакого воздействия.  Исследование окончено.', NULL, FALSE, NULL, NULL, NULL);
INSERT INTO options (id, verse_id, position, type, text, target_type, target_verse_dn, target_location_dn, requirement, result, hidden, once, condition_group, conditional_targets, children) VALUES (2775, 1258, 1, 'choice', 'Продолжить.', 'end', NULL, NULL, NULL, 'Каждый персонаж получает 1 опыт и 1 @Terror@.   Получите часть 3 достижения «Страхи и напасти».  Исследование окончено.', NULL, FALSE, NULL, NULL, NULL);
INSERT INTO verses (id, location_id, display_number) VALUES (1259, 75, 373);
INSERT INTO options (id, verse_id, position, type, text, target_type, target_verse_dn, target_location_dn, requirement, result, hidden, once, condition_group, conditional_targets, children) VALUES (2776, 1259, 0, 'choice', 'Продолжить.', 'end', NULL, NULL, NULL, 'Исследование окончено.', NULL, FALSE, NULL, NULL, NULL);
INSERT INTO verses (id, location_id, display_number) VALUES (1260, 75, 374);
INSERT INTO options (id, verse_id, position, type, text, target_type, target_verse_dn, target_location_dn, requirement, result, hidden, once, condition_group, conditional_targets, children) VALUES (2777, 1260, 0, 'choice', 'Не менять решения: Аэд должен стать королём!', 'verse', 129, NULL, 'Если у вас есть часть 5 достижения «Королевские похороны».', 'Получите часть 8 достижения «Семейные тайны».', NULL, FALSE, NULL, NULL, NULL);
INSERT INTO options (id, verse_id, position, type, text, target_type, target_verse_dn, target_location_dn, requirement, result, hidden, once, condition_group, conditional_targets, children) VALUES (2778, 1260, 1, 'choice', 'Не менять решения: Аэд должен стать королём!', 'verse', 366, NULL, 'If you don''t have the Royal Funeral part 5 status', 'Получите часть 8 достижения «Семейные тайны».', NULL, FALSE, NULL, NULL, NULL);
INSERT INTO options (id, verse_id, position, type, text, target_type, target_verse_dn, target_location_dn, requirement, result, hidden, once, condition_group, conditional_targets, children) VALUES (2779, 1260, 2, 'choice', 'Пересмотреть своё решение.', 'verse', 119, NULL, NULL, NULL, NULL, FALSE, NULL, NULL, NULL);
INSERT INTO verses (id, location_id, display_number) VALUES (1261, 75, 375);
INSERT INTO options (id, verse_id, position, type, text, target_type, target_verse_dn, target_location_dn, requirement, result, hidden, once, condition_group, conditional_targets, children) VALUES (2780, 1261, 0, 'choice', '1 @Energy@ Задержать их и вернуть в город.', 'verse', 394, NULL, NULL, 'Получите часть 9 достижения «Случайные встречи».', NULL, FALSE, NULL, NULL, NULL);
INSERT INTO options (id, verse_id, position, type, text, target_type, target_verse_dn, target_location_dn, requirement, result, hidden, once, condition_group, conditional_targets, children) VALUES (2781, 1261, 1, 'choice', 'Помочь им припасами и добрым советом.', 'verse', 388, NULL, 'Потратьте в общей сложности 3 еды и/или золота.', 'Получите часть 9 достижения «Случайные встречи».', NULL, FALSE, NULL, NULL, NULL);
INSERT INTO options (id, verse_id, position, type, text, target_type, target_verse_dn, target_location_dn, requirement, result, hidden, once, condition_group, conditional_targets, children) VALUES (2782, 1261, 2, 'choice', 'Не обращать на них внимания и продолжать путь.', 'end', NULL, NULL, NULL, 'Получите часть 9 достижения «Случайные встречи».  Исследование окончено.', NULL, FALSE, NULL, NULL, NULL);
INSERT INTO verses (id, location_id, display_number) VALUES (1262, 75, 376);
INSERT INTO options (id, verse_id, position, type, text, target_type, target_verse_dn, target_location_dn, requirement, result, hidden, once, condition_group, conditional_targets, children) VALUES (2783, 1262, 0, 'choice', 'Продолжить.', 'end', NULL, NULL, NULL, 'Поздравляем! Юнис достигла важной вехи в своей личной истории. Вы ознакомитесь с её развязкой, когда завершите игру.  o Получите часть 7 достижения «Конец пути».  o Юнис получает 3 опыта.  o Юнис получает секретную карту 129 (карта боя «Ведомая ненавистью») и секретную карту 134 (карта дипломатии «Сладкая месть») и замешивает их в соответствующие колоды.  Исследование окончено.', NULL, FALSE, NULL, NULL, NULL);
INSERT INTO verses (id, location_id, display_number) VALUES (1263, 75, 377);
INSERT INTO options (id, verse_id, position, type, text, target_type, target_verse_dn, target_location_dn, requirement, result, hidden, once, condition_group, conditional_targets, children) VALUES (2784, 1263, 0, 'choice', 'Продолжить.', 'verse', 371, NULL, NULL, NULL, NULL, FALSE, NULL, NULL, NULL);
INSERT INTO verses (id, location_id, display_number) VALUES (1264, 75, 378);
INSERT INTO options (id, verse_id, position, type, text, target_type, target_verse_dn, target_location_dn, requirement, result, hidden, once, condition_group, conditional_targets, children) VALUES (2785, 1264, 0, 'choice', 'Продолжить.', 'end', NULL, NULL, NULL, 'Каждый член команды получает 1 @Terror@ и 1 еду.  Исследование окончено.', NULL, FALSE, NULL, NULL, NULL);
INSERT INTO verses (id, location_id, display_number) VALUES (1265, 75, 379);
INSERT INTO options (id, verse_id, position, type, text, target_type, target_verse_dn, target_location_dn, requirement, result, hidden, once, condition_group, conditional_targets, children) VALUES (2786, 1265, 0, 'choice', 'Не менять решения: Аэд должен стать королём!', 'verse', 366, NULL, NULL, 'Получите часть 8 достижения «Семейные тайны».', NULL, FALSE, NULL, NULL, NULL);
INSERT INTO options (id, verse_id, position, type, text, target_type, target_verse_dn, target_location_dn, requirement, result, hidden, once, condition_group, conditional_targets, children) VALUES (2787, 1265, 1, 'choice', 'Пересмотреть своё решение.', 'verse', 367, NULL, NULL, NULL, NULL, FALSE, NULL, NULL, NULL);
INSERT INTO verses (id, location_id, display_number) VALUES (1266, 75, 380);
INSERT INTO options (id, verse_id, position, type, text, target_type, target_verse_dn, target_location_dn, requirement, result, hidden, once, condition_group, conditional_targets, children) VALUES (2788, 1266, 0, 'choice', 'Продолжить.', 'end', NULL, NULL, NULL, 'Замените локацию 154 («Латифундии») на 154-Б («Обгорелые развалины») и уберите из игры локацию 154.  Исследование окончено.', NULL, FALSE, NULL, NULL, NULL);
INSERT INTO verses (id, location_id, display_number) VALUES (1267, 75, 381);
INSERT INTO options (id, verse_id, position, type, text, target_type, target_verse_dn, target_location_dn, requirement, result, hidden, once, condition_group, conditional_targets, children) VALUES (2789, 1267, 0, 'choice', '0—2.', 'verse', 351, NULL, NULL, NULL, NULL, FALSE, NULL, NULL, NULL);
INSERT INTO options (id, verse_id, position, type, text, target_type, target_verse_dn, target_location_dn, requirement, result, hidden, once, condition_group, conditional_targets, children) VALUES (2790, 1267, 1, 'choice', '≥3.', 'verse', 376, NULL, NULL, NULL, NULL, FALSE, NULL, NULL, NULL);
INSERT INTO verses (id, location_id, display_number) VALUES (1268, 75, 382);
INSERT INTO options (id, verse_id, position, type, text, target_type, target_verse_dn, target_location_dn, requirement, result, hidden, once, condition_group, conditional_targets, children) VALUES (2791, 1268, 0, 'condition', 'Если у вас есть часть 3 достижения «Что плохо лежит».', 'verse', 282, NULL, NULL, NULL, NULL, FALSE, NULL, NULL, NULL);
INSERT INTO options (id, verse_id, position, type, text, target_type, target_verse_dn, target_location_dn, requirement, result, hidden, once, condition_group, conditional_targets, children) VALUES (2792, 1268, 1, 'condition', 'В противном случае.', 'verse', 88, NULL, NULL, NULL, NULL, FALSE, NULL, NULL, NULL);
INSERT INTO verses (id, location_id, display_number) VALUES (1269, 75, 383);
INSERT INTO options (id, verse_id, position, type, text, target_type, target_verse_dn, target_location_dn, requirement, result, hidden, once, condition_group, conditional_targets, children) VALUES (2793, 1269, 0, 'condition', 'В противном случае.', 'verse', 396, NULL, NULL, NULL, NULL, FALSE, NULL, NULL, NULL);
INSERT INTO options (id, verse_id, position, type, text, target_type, target_verse_dn, target_location_dn, requirement, result, hidden, once, condition_group, conditional_targets, children) VALUES (2794, 1269, 1, 'condition', 'Если у вас есть часть 2 достижения «Семейные тайны».', 'verse', 396, NULL, NULL, 'Убийцей был кто-то из близких короля Лота. Преступник зашёл к нему в шатёр поздно ночью. Король не поднял тревогу и не позвал стражников. Они что-то обсуждали, потом убийца швырнул в короля браслет из фальшивого золота и поддельных бриллиантов, а затем задушил его.', NULL, FALSE, NULL, NULL, NULL);
INSERT INTO verses (id, location_id, display_number) VALUES (1270, 75, 384);
INSERT INTO options (id, verse_id, position, type, text, target_type, target_verse_dn, target_location_dn, requirement, result, hidden, once, condition_group, conditional_targets, children) VALUES (2795, 1270, 0, 'choice', 'Продолжить.', 'verse', 351, NULL, NULL, NULL, NULL, FALSE, NULL, NULL, NULL);
INSERT INTO verses (id, location_id, display_number) VALUES (1271, 75, 385);
INSERT INTO options (id, verse_id, position, type, text, target_type, target_verse_dn, target_location_dn, requirement, result, hidden, once, condition_group, conditional_targets, children) VALUES (2796, 1271, 0, 'choice', '1 @Energy@ Войти в отражение.', 'verse', 173, NULL, 'Нужны все персонажи или часть 2 достижения «Странные уроки».', NULL, NULL, FALSE, NULL, NULL, NULL);
INSERT INTO options (id, verse_id, position, type, text, target_type, target_verse_dn, target_location_dn, requirement, result, hidden, once, condition_group, conditional_targets, children) VALUES (2797, 1271, 1, 'choice', 'Уйти.', 'end', NULL, NULL, NULL, 'Исследование окончено.', NULL, FALSE, NULL, NULL, NULL);
INSERT INTO verses (id, location_id, display_number) VALUES (1272, 75, 386);
INSERT INTO options (id, verse_id, position, type, text, target_type, target_verse_dn, target_location_dn, requirement, result, hidden, once, condition_group, conditional_targets, children) VALUES (2798, 1272, 0, 'choice', 'Продолжить.', 'end', NULL, NULL, NULL, 'Исследование окончено.', NULL, FALSE, NULL, NULL, NULL);
INSERT INTO verses (id, location_id, display_number) VALUES (1273, 75, 387);
INSERT INTO options (id, verse_id, position, type, text, target_type, target_verse_dn, target_location_dn, requirement, result, hidden, once, condition_group, conditional_targets, children) VALUES (2799, 1273, 0, 'condition', 'В противном случае.', 'verse', 396, NULL, NULL, NULL, NULL, FALSE, NULL, NULL, NULL);
INSERT INTO options (id, verse_id, position, type, text, target_type, target_verse_dn, target_location_dn, requirement, result, hidden, once, condition_group, conditional_targets, children) VALUES (2800, 1273, 1, 'condition', 'Если у вас есть часть 2 достижения «Семейные тайны».', 'verse', 396, NULL, NULL, 'Убийцей был кто-то из близких королевы. Он застал её врасплох, когда Ольфрида изучала какой-то странный фолиант, и вырвал книгу у неё из рук. Какое-то время продолжалась ссора, но стражу никто не позвал. Наконец, убийца дважды ударил королеву фолиантом и убил её, оставив на месте преступления кусок железного переплёта.', NULL, FALSE, NULL, NULL, NULL);
INSERT INTO verses (id, location_id, display_number) VALUES (1274, 75, 388);
INSERT INTO options (id, verse_id, position, type, text, target_type, target_verse_dn, target_location_dn, requirement, result, hidden, once, condition_group, conditional_targets, children) VALUES (2801, 1274, 0, 'choice', 'Продолжить.', 'end', NULL, NULL, NULL, 'Каждый член команды теряет 2 @Terror@.   Получите часть 6 достижения «Свобода».  Исследование окончено.', NULL, FALSE, NULL, NULL, NULL);
INSERT INTO verses (id, location_id, display_number) VALUES (1275, 75, 389);
INSERT INTO options (id, verse_id, position, type, text, target_type, target_verse_dn, target_location_dn, requirement, result, hidden, once, condition_group, conditional_targets, children) VALUES (2802, 1275, 0, 'condition', 'В противном случае.', 'verse', 396, NULL, NULL, NULL, NULL, FALSE, NULL, NULL, NULL);
INSERT INTO options (id, verse_id, position, type, text, target_type, target_verse_dn, target_location_dn, requirement, result, hidden, once, condition_group, conditional_targets, children) VALUES (2803, 1275, 1, 'condition', 'Если у вас есть часть 2 достижения «Семейные тайны».', 'verse', 396, NULL, NULL, 'Убийцей был кто-то из близких Аэда: принц даже угостил его выдержанным лотианским вином. У преступника был как минимум один сообщник. На месте убийства нашли браслет из фальшивого золота и поддельных бриллиантов. Он выглядел так, будто его не так давно выкопали из земли.', NULL, FALSE, NULL, NULL, NULL);
INSERT INTO verses (id, location_id, display_number) VALUES (1276, 75, 390);
INSERT INTO options (id, verse_id, position, type, text, target_type, target_verse_dn, target_location_dn, requirement, result, hidden, once, condition_group, conditional_targets, children) VALUES (2804, 1276, 0, 'choice', 'Продолжить.', 'end', NULL, NULL, NULL, 'Каждый член команды теряет 1 @Health@ и получает 1 @Terror@.  Исследование окончено.', NULL, FALSE, NULL, NULL, NULL);
INSERT INTO verses (id, location_id, display_number) VALUES (1277, 75, 391);
INSERT INTO options (id, verse_id, position, type, text, target_type, target_verse_dn, target_location_dn, requirement, result, hidden, once, condition_group, conditional_targets, children) VALUES (2805, 1277, 0, 'choice', 'Продолжить.', 'verse', 371, NULL, NULL, NULL, NULL, FALSE, NULL, NULL, NULL);
INSERT INTO verses (id, location_id, display_number) VALUES (1278, 75, 392);
INSERT INTO options (id, verse_id, position, type, text, target_type, target_verse_dn, target_location_dn, requirement, result, hidden, once, condition_group, conditional_targets, children) VALUES (2806, 1278, 0, 'choice', 'Продолжить.', 'end', NULL, NULL, NULL, 'Исследование окончено.', NULL, FALSE, NULL, NULL, NULL);
INSERT INTO verses (id, location_id, display_number) VALUES (1279, 75, 393);
INSERT INTO options (id, verse_id, position, type, text, target_type, target_verse_dn, target_location_dn, requirement, result, hidden, once, condition_group, conditional_targets, children) VALUES (2807, 1279, 0, 'choice', 'Продолжить.', 'end', NULL, NULL, NULL, 'Уберите с поля фигурку Изолют Золотой Маски.  Сбросьте секретную карту 307.  Выберите секрет 386 на главном экране.', NULL, FALSE, NULL, NULL, NULL);
INSERT INTO verses (id, location_id, display_number) VALUES (1280, 75, 394);
INSERT INTO options (id, verse_id, position, type, text, target_type, target_verse_dn, target_location_dn, requirement, result, hidden, once, condition_group, conditional_targets, children) VALUES (2808, 1280, 0, 'choice', 'Продолжить.', 'end', NULL, NULL, NULL, 'Получите 4 золота.  Получите часть 6 достижения «Угнетатель».  Исследование окончено.', NULL, FALSE, NULL, NULL, NULL);
INSERT INTO verses (id, location_id, display_number) VALUES (1281, 75, 395);
INSERT INTO options (id, verse_id, position, type, text, target_type, target_verse_dn, target_location_dn, requirement, result, hidden, once, condition_group, conditional_targets, children) VALUES (2809, 1281, 0, 'choice', 'Продолжить.', 'verse', 450, NULL, NULL, NULL, NULL, FALSE, NULL, NULL, NULL);
INSERT INTO verses (id, location_id, display_number) VALUES (1282, 75, 396);
INSERT INTO options (id, verse_id, position, type, text, target_type, target_verse_dn, target_location_dn, requirement, result, hidden, once, condition_group, conditional_targets, children) VALUES (2810, 1282, 0, 'condition', 'Если в вашей локации нет кубика.', 'verse', 341, NULL, NULL, NULL, NULL, FALSE, NULL, NULL, NULL);
INSERT INTO options (id, verse_id, position, type, text, target_type, target_verse_dn, target_location_dn, requirement, result, hidden, once, condition_group, conditional_targets, children) VALUES (2811, 1282, 1, 'condition', 'Если кубик в вашей локации установлен на 1.', 'verse', 356, NULL, NULL, 'Уберите этот кубик.', NULL, FALSE, NULL, NULL, NULL);
INSERT INTO options (id, verse_id, position, type, text, target_type, target_verse_dn, target_location_dn, requirement, result, hidden, once, condition_group, conditional_targets, children) VALUES (2812, 1282, 2, 'condition', 'Если кубик в вашей локации установлен на 2.', 'verse', 327, NULL, NULL, 'Уберите этот кубик.', NULL, FALSE, NULL, NULL, NULL);
INSERT INTO options (id, verse_id, position, type, text, target_type, target_verse_dn, target_location_dn, requirement, result, hidden, once, condition_group, conditional_targets, children) VALUES (2813, 1282, 3, 'condition', 'Если кубик в вашей локации установлен на 3.', 'verse', 368, NULL, NULL, 'Уберите этот кубик.', NULL, FALSE, NULL, NULL, NULL);
INSERT INTO verses (id, location_id, display_number) VALUES (1283, 75, 397);
INSERT INTO options (id, verse_id, position, type, text, target_type, target_verse_dn, target_location_dn, requirement, result, hidden, once, condition_group, conditional_targets, children) VALUES (2814, 1283, 0, 'condition', 'Если у вас есть часть 4 достижения «Заготовки».', 'end', NULL, NULL, NULL, 'Здесь больше ничего не удастся найти.  Исследование окончено.', NULL, FALSE, NULL, NULL, NULL);
INSERT INTO options (id, verse_id, position, type, text, target_type, target_verse_dn, target_location_dn, requirement, result, hidden, once, condition_group, conditional_targets, children) VALUES (2815, 1283, 1, 'condition', 'Если сверху к этой локации приложена локация 105-Б.', 'verse', 398, NULL, NULL, NULL, NULL, FALSE, NULL, NULL, NULL);
INSERT INTO options (id, verse_id, position, type, text, target_type, target_verse_dn, target_location_dn, requirement, result, hidden, once, condition_group, conditional_targets, children) VALUES (2816, 1283, 2, 'choice', 'Поднять бурю, от которой Вагенбург пострадает.', 'verse', 145, NULL, 'Нужна часть 2 достижения «Препятствия». Потратьте 2 магии.', NULL, NULL, FALSE, NULL, NULL, NULL);
INSERT INTO options (id, verse_id, position, type, text, target_type, target_verse_dn, target_location_dn, requirement, result, hidden, once, condition_group, conditional_targets, children) VALUES (2817, 1283, 3, 'choice', 'Уйти.', 'end', NULL, NULL, NULL, 'Исследование окончено.', NULL, FALSE, NULL, NULL, NULL);
INSERT INTO verses (id, location_id, display_number) VALUES (1284, 75, 398);
INSERT INTO options (id, verse_id, position, type, text, target_type, target_verse_dn, target_location_dn, requirement, result, hidden, once, condition_group, conditional_targets, children) VALUES (2818, 1284, 0, 'choice', 'Продолжить.', 'end', NULL, NULL, NULL, 'Поздравляем! Вы освоили новое действие боя. Получите секретную карту 125 (карта боя «Возвращение к истокам») и замешайте её в колоду боя Юнис.  Получите часть 4 достижения «Заготовки».  Исследование окончено.', NULL, FALSE, NULL, NULL, NULL);
INSERT INTO verses (id, location_id, display_number) VALUES (1285, 75, 399);
INSERT INTO options (id, verse_id, position, type, text, target_type, target_verse_dn, target_location_dn, requirement, result, hidden, once, condition_group, conditional_targets, children) VALUES (2819, 1285, 0, 'condition', 'Если вы не проходите главу 9Б или если у вас есть карта секрета 33.', 'end', NULL, NULL, NULL, 'Здесь больше нечего смотреть.  Исследование окончено.', NULL, FALSE, NULL, NULL, NULL);
INSERT INTO options (id, verse_id, position, type, text, target_type, target_verse_dn, target_location_dn, requirement, result, hidden, once, condition_group, conditional_targets, children) VALUES (2820, 1285, 1, 'choice', 'Продолжить.', 'end', NULL, NULL, NULL, 'Получите карту секрета 33 и 1 магию.  Исследование окончено.', NULL, FALSE, NULL, NULL, NULL);
INSERT INTO verses (id, location_id, display_number) VALUES (1286, 75, 400);
INSERT INTO options (id, verse_id, position, type, text, target_type, target_verse_dn, target_location_dn, requirement, result, hidden, once, condition_group, conditional_targets, children) VALUES (2821, 1286, 0, 'condition', 'Если у вас есть карта секрета 6.', 'verse', 405, NULL, NULL, NULL, NULL, FALSE, NULL, NULL, NULL);
INSERT INTO options (id, verse_id, position, type, text, target_type, target_verse_dn, target_location_dn, requirement, result, hidden, once, condition_group, conditional_targets, children) VALUES (2822, 1286, 1, 'condition', 'В противном случае.', 'cross_location', 1227, 1001, NULL, NULL, NULL, FALSE, NULL, NULL, NULL);
INSERT INTO verses (id, location_id, display_number) VALUES (1287, 75, 401);
INSERT INTO options (id, verse_id, position, type, text, target_type, target_verse_dn, target_location_dn, requirement, result, hidden, once, condition_group, conditional_targets, children) VALUES (2823, 1287, 0, 'choice', 'Продолжить.', 'verse', 450, NULL, NULL, NULL, NULL, FALSE, NULL, NULL, NULL);
INSERT INTO verses (id, location_id, display_number) VALUES (1288, 75, 402);
INSERT INTO options (id, verse_id, position, type, text, target_type, target_verse_dn, target_location_dn, requirement, result, hidden, once, condition_group, conditional_targets, children) VALUES (2824, 1288, 0, 'condition', 'Если у вас нет части 9 достижения «Случайные встречи» и у вас есть не больше одной части достижения «Время идёт» для текущей главы.', 'verse', 375, NULL, NULL, NULL, NULL, FALSE, NULL, NULL, NULL);
INSERT INTO options (id, verse_id, position, type, text, target_type, target_verse_dn, target_location_dn, requirement, result, hidden, once, condition_group, conditional_targets, children) VALUES (2825, 1288, 1, 'condition', 'В противном случае.', 'end', NULL, NULL, NULL, 'Возьмите фиолетовую карту встречи и проведите её. Вне зависимости от итога встречи исследование окончено.', NULL, FALSE, NULL, NULL, NULL);
INSERT INTO verses (id, location_id, display_number) VALUES (1289, 75, 403);
INSERT INTO options (id, verse_id, position, type, text, target_type, target_verse_dn, target_location_dn, requirement, result, hidden, once, condition_group, conditional_targets, children) VALUES (2826, 1289, 0, 'choice', 'Продолжить.', 'verse', 221, NULL, NULL, 'Получите часть 4 достижения «Королевские похороны».', NULL, FALSE, NULL, NULL, NULL);
INSERT INTO verses (id, location_id, display_number) VALUES (1290, 75, 404);
INSERT INTO verses (id, location_id, display_number) VALUES (1291, 75, 405);
INSERT INTO options (id, verse_id, position, type, text, target_type, target_verse_dn, target_location_dn, requirement, result, hidden, once, condition_group, conditional_targets, children) VALUES (2827, 1291, 0, 'choice', 'Продолжить.', 'verse', 320, NULL, NULL, NULL, NULL, FALSE, NULL, NULL, NULL);
INSERT INTO verses (id, location_id, display_number) VALUES (1292, 75, 406);
INSERT INTO options (id, verse_id, position, type, text, target_type, target_verse_dn, target_location_dn, requirement, result, hidden, once, condition_group, conditional_targets, children) VALUES (2828, 1292, 0, 'condition', 'Если кубик в вашей локации установлен на 1.', 'verse', 356, NULL, NULL, 'Уберите этот кубик.', NULL, FALSE, NULL, NULL, NULL);
INSERT INTO options (id, verse_id, position, type, text, target_type, target_verse_dn, target_location_dn, requirement, result, hidden, once, condition_group, conditional_targets, children) VALUES (2829, 1292, 1, 'condition', 'Если кубик в вашей локации установлен на 2.', 'verse', 327, NULL, NULL, 'Уберите этот кубик.', NULL, FALSE, NULL, NULL, NULL);
INSERT INTO options (id, verse_id, position, type, text, target_type, target_verse_dn, target_location_dn, requirement, result, hidden, once, condition_group, conditional_targets, children) VALUES (2830, 1292, 2, 'condition', 'Если кубик в вашей локации установлен на 3.', 'verse', 368, NULL, NULL, 'Уберите этот кубик.', NULL, FALSE, NULL, NULL, NULL);
INSERT INTO verses (id, location_id, display_number) VALUES (1293, 75, 407);
INSERT INTO options (id, verse_id, position, type, text, target_type, target_verse_dn, target_location_dn, requirement, result, hidden, once, condition_group, conditional_targets, children) VALUES (2831, 1293, 0, 'choice', 'Продолжить.', 'verse', 450, NULL, NULL, NULL, NULL, FALSE, NULL, NULL, NULL);
INSERT INTO verses (id, location_id, display_number) VALUES (1294, 75, 408);
INSERT INTO options (id, verse_id, position, type, text, target_type, target_verse_dn, target_location_dn, requirement, result, hidden, once, condition_group, conditional_targets, children) VALUES (2832, 1294, 0, 'choice', 'Согласиться. Ради блага всего королевства правду об убийстве короля Лота лучше не раскрывать.', 'verse', 409, NULL, NULL, NULL, NULL, FALSE, NULL, NULL, NULL);
INSERT INTO options (id, verse_id, position, type, text, target_type, target_verse_dn, target_location_dn, requirement, result, hidden, once, condition_group, conditional_targets, children) VALUES (2833, 1294, 1, 'choice', 'Не согласиться. Аэд должен заплатить за своё преступление.', 'verse', 403, NULL, NULL, NULL, NULL, FALSE, NULL, NULL, NULL);
INSERT INTO verses (id, location_id, display_number) VALUES (1295, 75, 409);
INSERT INTO options (id, verse_id, position, type, text, target_type, target_verse_dn, target_location_dn, requirement, result, hidden, once, condition_group, conditional_targets, children) VALUES (2834, 1295, 0, 'choice', 'Продолжить.', 'verse', 64, NULL, NULL, NULL, NULL, FALSE, NULL, NULL, NULL);
INSERT INTO verses (id, location_id, display_number) VALUES (1296, 75, 410);
INSERT INTO options (id, verse_id, position, type, text, target_type, target_verse_dn, target_location_dn, requirement, result, hidden, once, condition_group, conditional_targets, children) VALUES (2835, 1296, 0, 'choice', 'Продолжить.', 'end', NULL, NULL, NULL, 'Исследование окончено.', NULL, FALSE, NULL, NULL, NULL);
INSERT INTO verses (id, location_id, display_number) VALUES (1297, 75, 411);
INSERT INTO options (id, verse_id, position, type, text, target_type, target_verse_dn, target_location_dn, requirement, result, hidden, once, condition_group, conditional_targets, children) VALUES (2836, 1297, 0, 'choice', 'Сражаться.', 'verse', 412, NULL, 'Нужны все персонажи.', NULL, NULL, FALSE, NULL, NULL, NULL);
INSERT INTO options (id, verse_id, position, type, text, target_type, target_verse_dn, target_location_dn, requirement, result, hidden, once, condition_group, conditional_targets, children) VALUES (2837, 1297, 1, 'choice', 'Договориться.', 'verse', 413, NULL, 'Нужны все персонажи.', NULL, NULL, FALSE, NULL, NULL, NULL);
INSERT INTO options (id, verse_id, position, type, text, target_type, target_verse_dn, target_location_dn, requirement, result, hidden, once, condition_group, conditional_targets, children) VALUES (2838, 1297, 2, 'choice', 'Уйти.', 'end', NULL, NULL, NULL, 'Исследование окончено.', NULL, FALSE, NULL, NULL, NULL);
INSERT INTO verses (id, location_id, display_number) VALUES (1298, 75, 412);
INSERT INTO options (id, verse_id, position, type, text, target_type, target_verse_dn, target_location_dn, requirement, result, hidden, once, condition_group, conditional_targets, children) VALUES (2839, 1298, 0, 'condition', 'Если вы победили.', 'verse', 598, NULL, NULL, NULL, NULL, FALSE, NULL, NULL, NULL);
INSERT INTO options (id, verse_id, position, type, text, target_type, target_verse_dn, target_location_dn, requirement, result, hidden, once, condition_group, conditional_targets, children) VALUES (2840, 1298, 1, 'condition', 'В противном случае.', 'cross_location', 601, 1001, NULL, NULL, NULL, FALSE, NULL, NULL, NULL);
INSERT INTO verses (id, location_id, display_number) VALUES (1299, 75, 413);
INSERT INTO options (id, verse_id, position, type, text, target_type, target_verse_dn, target_location_dn, requirement, result, hidden, once, condition_group, conditional_targets, children) VALUES (2841, 1299, 0, 'condition', 'Если развязка @GreenOutcome@.', 'verse', 599, NULL, NULL, NULL, NULL, FALSE, NULL, NULL, NULL);
INSERT INTO options (id, verse_id, position, type, text, target_type, target_verse_dn, target_location_dn, requirement, result, hidden, once, condition_group, conditional_targets, children) VALUES (2842, 1299, 1, 'condition', 'В противном случае.', 'cross_location', 601, 1001, NULL, NULL, NULL, FALSE, NULL, NULL, NULL);
INSERT INTO verses (id, location_id, display_number) VALUES (1300, 75, 414);
INSERT INTO options (id, verse_id, position, type, text, target_type, target_verse_dn, target_location_dn, requirement, result, hidden, once, condition_group, conditional_targets, children) VALUES (2843, 1300, 0, 'condition', 'Если у вас есть синий светофильтр.', 'verse', 416, NULL, NULL, NULL, NULL, FALSE, NULL, NULL, NULL);
INSERT INTO verses (id, location_id, display_number) VALUES (1301, 75, 415);
INSERT INTO options (id, verse_id, position, type, text, target_type, target_verse_dn, target_location_dn, requirement, result, hidden, once, condition_group, conditional_targets, children) VALUES (2844, 1301, 0, 'condition', 'Если у вас есть часть 1 достижения «Королевские похороны».', 'verse', 417, NULL, NULL, NULL, NULL, FALSE, NULL, NULL, NULL);
INSERT INTO options (id, verse_id, position, type, text, target_type, target_verse_dn, target_location_dn, requirement, result, hidden, once, condition_group, conditional_targets, children) VALUES (2845, 1301, 1, 'condition', 'Если у вас есть часть 3 достижения «Семейные тайны».', 'verse', 417, NULL, NULL, NULL, NULL, FALSE, NULL, NULL, NULL);
INSERT INTO options (id, verse_id, position, type, text, target_type, target_verse_dn, target_location_dn, requirement, result, hidden, once, condition_group, conditional_targets, children) VALUES (2846, 1301, 2, 'condition', 'В противном случае.', 'cross_location', 1206, 1001, NULL, NULL, NULL, FALSE, NULL, NULL, NULL);
INSERT INTO verses (id, location_id, display_number) VALUES (1302, 75, 416);
INSERT INTO options (id, verse_id, position, type, text, target_type, target_verse_dn, target_location_dn, requirement, result, hidden, once, condition_group, conditional_targets, children) VALUES (2847, 1302, 0, 'choice', 'Продолжить.', 'end', NULL, NULL, NULL, 'Получите 2 предмета Б.  Получите часть 9 достижения «Добытчик».  Исследование окончено.', NULL, FALSE, NULL, NULL, NULL);
INSERT INTO verses (id, location_id, display_number) VALUES (1303, 75, 417);
INSERT INTO options (id, verse_id, position, type, text, target_type, target_verse_dn, target_location_dn, requirement, result, hidden, once, condition_group, conditional_targets, children) VALUES (2848, 1303, 0, 'condition', 'Если у вас есть часть 2 достижения «Королевские похороны».', 'verse', 420, NULL, NULL, NULL, NULL, FALSE, NULL, NULL, NULL);
INSERT INTO options (id, verse_id, position, type, text, target_type, target_verse_dn, target_location_dn, requirement, result, hidden, once, condition_group, conditional_targets, children) VALUES (2849, 1303, 1, 'condition', 'Если у вас есть часть 5 достижения «Семейные тайны».', 'verse', 420, NULL, NULL, NULL, NULL, FALSE, NULL, NULL, NULL);
INSERT INTO options (id, verse_id, position, type, text, target_type, target_verse_dn, target_location_dn, requirement, result, hidden, once, condition_group, conditional_targets, children) VALUES (2850, 1303, 2, 'condition', 'В противном случае.', 'cross_location', 1207, 1001, NULL, NULL, NULL, FALSE, NULL, NULL, NULL);
INSERT INTO verses (id, location_id, display_number) VALUES (1304, 75, 418);
INSERT INTO options (id, verse_id, position, type, text, target_type, target_verse_dn, target_location_dn, requirement, result, hidden, once, condition_group, conditional_targets, children) VALUES (2851, 1304, 0, 'choice', 'Продолжить.', 'end', NULL, NULL, NULL, 'Каждый член команды теряет 3 @Energy@ и получает 1 магию.  Получите часть 5 достижения «Сквозь искажень-стекло».  Исследование окончено.', NULL, FALSE, NULL, NULL, NULL);
INSERT INTO verses (id, location_id, display_number) VALUES (1305, 75, 419);
INSERT INTO options (id, verse_id, position, type, text, target_type, target_verse_dn, target_location_dn, requirement, result, hidden, once, condition_group, conditional_targets, children) VALUES (2852, 1305, 0, 'condition', 'Если у вас есть хотя бы две части достижения «Время идёт (глава 6)».', 'verse', 430, NULL, NULL, NULL, NULL, FALSE, NULL, NULL, NULL);
INSERT INTO options (id, verse_id, position, type, text, target_type, target_verse_dn, target_location_dn, requirement, result, hidden, once, condition_group, conditional_targets, children) VALUES (2853, 1305, 1, 'condition', 'В противном случае.', 'cross_location', 1228, 1001, NULL, NULL, NULL, FALSE, NULL, NULL, NULL);
INSERT INTO verses (id, location_id, display_number) VALUES (1306, 75, 420);
INSERT INTO options (id, verse_id, position, type, text, target_type, target_verse_dn, target_location_dn, requirement, result, hidden, once, condition_group, conditional_targets, children) VALUES (2854, 1306, 0, 'condition', 'Если у вас есть часть 3 достижения «Королевские похороны».', 'verse', 425, NULL, NULL, NULL, NULL, FALSE, NULL, NULL, NULL);
INSERT INTO options (id, verse_id, position, type, text, target_type, target_verse_dn, target_location_dn, requirement, result, hidden, once, condition_group, conditional_targets, children) VALUES (2855, 1306, 1, 'condition', 'Если у вас есть часть 4 достижения «Семейные тайны».', 'verse', 425, NULL, NULL, NULL, NULL, FALSE, NULL, NULL, NULL);
INSERT INTO options (id, verse_id, position, type, text, target_type, target_verse_dn, target_location_dn, requirement, result, hidden, once, condition_group, conditional_targets, children) VALUES (2856, 1306, 2, 'condition', 'В противном случае.', 'cross_location', 1205, 1001, NULL, NULL, NULL, FALSE, NULL, NULL, NULL);
INSERT INTO verses (id, location_id, display_number) VALUES (1307, 75, 421);
INSERT INTO options (id, verse_id, position, type, text, target_type, target_verse_dn, target_location_dn, requirement, result, hidden, once, condition_group, conditional_targets, children) VALUES (2857, 1307, 0, 'condition', 'Если у вас есть часть 1 достижения «Лицом к лицу с крахом».', 'verse', 481, NULL, NULL, NULL, NULL, FALSE, NULL, NULL, NULL);
INSERT INTO options (id, verse_id, position, type, text, target_type, target_verse_dn, target_location_dn, requirement, result, hidden, once, condition_group, conditional_targets, children) VALUES (2858, 1307, 1, 'condition', 'Если у вас есть часть 1 достижения «Неудачи Непосвящённого».', 'verse', 451, NULL, NULL, NULL, NULL, FALSE, NULL, NULL, NULL);
INSERT INTO options (id, verse_id, position, type, text, target_type, target_verse_dn, target_location_dn, requirement, result, hidden, once, condition_group, conditional_targets, children) VALUES (2859, 1307, 2, 'condition', 'В противном случае.', 'end', NULL, NULL, NULL, 'Поместите в комбинацию секретную карту 151 и примените её эффекты. Затем поместите в комбинацию секретную карту 147 и примените её эффекты, но поместите на 1 @DarkTT@ меньше и не добавляйте @QuestToken@.  Продолжайте встречу.', NULL, FALSE, NULL, NULL, NULL);
INSERT INTO verses (id, location_id, display_number) VALUES (1308, 75, 422);
INSERT INTO options (id, verse_id, position, type, text, target_type, target_verse_dn, target_location_dn, requirement, result, hidden, once, condition_group, conditional_targets, children) VALUES (2860, 1308, 0, 'condition', 'Если у вас есть часть 2 достижения «Лицом к лицу с крахом».', 'verse', 482, NULL, NULL, NULL, NULL, FALSE, NULL, NULL, NULL);
INSERT INTO options (id, verse_id, position, type, text, target_type, target_verse_dn, target_location_dn, requirement, result, hidden, once, condition_group, conditional_targets, children) VALUES (2861, 1308, 1, 'condition', 'Если у вас есть часть 2 достижения «Неудачи Непосвящённого».', 'verse', 452, NULL, NULL, NULL, NULL, FALSE, NULL, NULL, NULL);
INSERT INTO options (id, verse_id, position, type, text, target_type, target_verse_dn, target_location_dn, requirement, result, hidden, once, condition_group, conditional_targets, children) VALUES (2862, 1308, 2, 'condition', 'В противном случае.', 'end', NULL, NULL, NULL, 'Поместите в комбинацию секретную карту 149 и примените её эффекты.  Продолжайте встречу.', NULL, FALSE, NULL, NULL, NULL);
INSERT INTO verses (id, location_id, display_number) VALUES (1309, 75, 423);
INSERT INTO options (id, verse_id, position, type, text, target_type, target_verse_dn, target_location_dn, requirement, result, hidden, once, condition_group, conditional_targets, children) VALUES (2863, 1309, 0, 'condition', 'Если у вас есть часть 3 достижения «Лицом к лицу с крахом».', 'verse', 483, NULL, NULL, NULL, NULL, FALSE, NULL, NULL, NULL);
INSERT INTO options (id, verse_id, position, type, text, target_type, target_verse_dn, target_location_dn, requirement, result, hidden, once, condition_group, conditional_targets, children) VALUES (2864, 1309, 1, 'condition', 'Если у вас есть часть 3 достижения «Неудачи Непосвящённого».', 'verse', 453, NULL, NULL, NULL, NULL, FALSE, NULL, NULL, NULL);
INSERT INTO options (id, verse_id, position, type, text, target_type, target_verse_dn, target_location_dn, requirement, result, hidden, once, condition_group, conditional_targets, children) VALUES (2865, 1309, 2, 'condition', 'В противном случае.', 'end', NULL, NULL, NULL, 'Поместите в комбинацию секретную карту 150 и примените её эффекты. Затем поместите в комбинацию секретную карту 152.  Продолжайте встречу.', NULL, FALSE, NULL, NULL, NULL);
INSERT INTO verses (id, location_id, display_number) VALUES (1310, 75, 424);
INSERT INTO options (id, verse_id, position, type, text, target_type, target_verse_dn, target_location_dn, requirement, result, hidden, once, condition_group, conditional_targets, children) VALUES (2866, 1310, 0, 'condition', 'Если у вас есть часть 4 достижения «Лицом к лицу с крахом».', 'verse', 484, NULL, NULL, NULL, NULL, FALSE, NULL, NULL, NULL);
INSERT INTO options (id, verse_id, position, type, text, target_type, target_verse_dn, target_location_dn, requirement, result, hidden, once, condition_group, conditional_targets, children) VALUES (2867, 1310, 1, 'condition', 'Если у вас есть часть 4 достижения «Неудачи Непосвящённого».', 'verse', 454, NULL, NULL, NULL, NULL, FALSE, NULL, NULL, NULL);
INSERT INTO options (id, verse_id, position, type, text, target_type, target_verse_dn, target_location_dn, requirement, result, hidden, once, condition_group, conditional_targets, children) VALUES (2868, 1310, 2, 'condition', 'В противном случае.', 'end', NULL, NULL, NULL, 'o Поместите 1 @QuestToken@ на карту встречи.  o Замешайте все карты из комбинации и все стопки сброса в соответствующие колоды.  o Каждый член команды теряет 1 @Health@ и получает 1 @Terror@.  Продолжайте встречу.', NULL, FALSE, NULL, NULL, NULL);
INSERT INTO verses (id, location_id, display_number) VALUES (1311, 75, 425);
INSERT INTO options (id, verse_id, position, type, text, target_type, target_verse_dn, target_location_dn, requirement, result, hidden, once, condition_group, conditional_targets, children) VALUES (2869, 1311, 0, 'condition', 'Если у вас есть часть 1 достижения «Семейные тайны».', 'end', NULL, NULL, NULL, 'Исследование окончено.', NULL, FALSE, NULL, NULL, NULL);
INSERT INTO options (id, verse_id, position, type, text, target_type, target_verse_dn, target_location_dn, requirement, result, hidden, once, condition_group, conditional_targets, children) VALUES (2870, 1311, 1, 'condition', 'В противном случае.', 'cross_location', 1204, 1001, NULL, NULL, NULL, FALSE, NULL, NULL, NULL);
INSERT INTO verses (id, location_id, display_number) VALUES (1312, 75, 426);
INSERT INTO options (id, verse_id, position, type, text, target_type, target_verse_dn, target_location_dn, requirement, result, hidden, once, condition_group, conditional_targets, children) VALUES (2871, 1312, 0, 'condition', 'Если в комбинации нет ни одной карты боя Клаудина.', 'verse', 421, NULL, NULL, NULL, NULL, FALSE, NULL, NULL, NULL);
INSERT INTO options (id, verse_id, position, type, text, target_type, target_verse_dn, target_location_dn, requirement, result, hidden, once, condition_group, conditional_targets, children) VALUES (2872, 1312, 1, 'condition', 'Если в ней есть секретная карта 150 и/или 152.', 'verse', 424, NULL, NULL, NULL, NULL, FALSE, NULL, NULL, NULL);
INSERT INTO options (id, verse_id, position, type, text, target_type, target_verse_dn, target_location_dn, requirement, result, hidden, once, condition_group, conditional_targets, children) VALUES (2873, 1312, 2, 'condition', 'Если в ней есть секретная карта 148 и/или 149.', 'verse', 423, NULL, NULL, NULL, NULL, FALSE, NULL, NULL, NULL);
INSERT INTO options (id, verse_id, position, type, text, target_type, target_verse_dn, target_location_dn, requirement, result, hidden, once, condition_group, conditional_targets, children) VALUES (2874, 1312, 3, 'condition', 'Если в ней есть секретная карта 147 и/или 151.', 'verse', 422, NULL, NULL, NULL, NULL, FALSE, NULL, NULL, NULL);
INSERT INTO verses (id, location_id, display_number) VALUES (1313, 75, 427);
INSERT INTO options (id, verse_id, position, type, text, target_type, target_verse_dn, target_location_dn, requirement, result, hidden, once, condition_group, conditional_targets, children) VALUES (2875, 1313, 0, 'choice', 'Продолжить.', 'verse', 395, NULL, NULL, NULL, NULL, FALSE, NULL, NULL, NULL);
INSERT INTO verses (id, location_id, display_number) VALUES (1314, 75, 428);
INSERT INTO options (id, verse_id, position, type, text, target_type, target_verse_dn, target_location_dn, requirement, result, hidden, once, condition_group, conditional_targets, children) VALUES (2876, 1314, 0, 'condition', 'Если в комбинации нет ни одной карты дипломатии Клаудина.', 'verse', 491, NULL, NULL, NULL, NULL, FALSE, NULL, NULL, NULL);
INSERT INTO options (id, verse_id, position, type, text, target_type, target_verse_dn, target_location_dn, requirement, result, hidden, once, condition_group, conditional_targets, children) VALUES (2877, 1314, 1, 'condition', 'Если в ней есть секретная карта 154 и/или 156.', 'verse', 494, NULL, NULL, NULL, NULL, FALSE, NULL, NULL, NULL);
INSERT INTO options (id, verse_id, position, type, text, target_type, target_verse_dn, target_location_dn, requirement, result, hidden, once, condition_group, conditional_targets, children) VALUES (2878, 1314, 2, 'condition', 'Если в ней есть секретная карта 155 и/или 158.', 'verse', 493, NULL, NULL, NULL, NULL, FALSE, NULL, NULL, NULL);
INSERT INTO options (id, verse_id, position, type, text, target_type, target_verse_dn, target_location_dn, requirement, result, hidden, once, condition_group, conditional_targets, children) VALUES (2879, 1314, 3, 'condition', 'Если в ней есть секретная карта 157 и/или 153.', 'verse', 492, NULL, NULL, NULL, NULL, FALSE, NULL, NULL, NULL);
INSERT INTO verses (id, location_id, display_number) VALUES (1315, 75, 429);
INSERT INTO options (id, verse_id, position, type, text, target_type, target_verse_dn, target_location_dn, requirement, result, hidden, once, condition_group, conditional_targets, children) VALUES (2880, 1315, 0, 'choice', 'Продолжить.', 'verse', 64, NULL, NULL, 'Получите часть 1 достижения «Королевские похороны».', NULL, FALSE, NULL, NULL, NULL);
INSERT INTO verses (id, location_id, display_number) VALUES (1316, 75, 430);
INSERT INTO options (id, verse_id, position, type, text, target_type, target_verse_dn, target_location_dn, requirement, result, hidden, once, condition_group, conditional_targets, children) VALUES (2881, 1316, 0, 'choice', 'Продолжить.', 'verse', 440, NULL, NULL, NULL, NULL, FALSE, NULL, NULL, NULL);
INSERT INTO verses (id, location_id, display_number) VALUES (1317, 75, 431);
INSERT INTO verses (id, location_id, display_number) VALUES (1318, 75, 432);
INSERT INTO options (id, verse_id, position, type, text, target_type, target_verse_dn, target_location_dn, requirement, result, hidden, once, condition_group, conditional_targets, children) VALUES (2882, 1318, 0, 'choice', 'Продолжить.', 'verse', 461, NULL, NULL, NULL, NULL, FALSE, NULL, NULL, NULL);
INSERT INTO verses (id, location_id, display_number) VALUES (1319, 75, 433);
INSERT INTO options (id, verse_id, position, type, text, target_type, target_verse_dn, target_location_dn, requirement, result, hidden, once, condition_group, conditional_targets, children) VALUES (2883, 1319, 0, 'choice', 'Показать кусок переплёта, который нашли на месте убийства королевы.', 'verse', 472, NULL, 'Нужны часть 2 достижения «Королевские похороны» и часть 2 достижения «Семейные тайны».', NULL, NULL, FALSE, NULL, NULL, NULL);
INSERT INTO options (id, verse_id, position, type, text, target_type, target_verse_dn, target_location_dn, requirement, result, hidden, once, condition_group, conditional_targets, children) VALUES (2884, 1319, 1, 'choice', 'Спросить про фолиант, который вы раздобыли для Ольфриды.', 'verse', 472, NULL, 'Нужна часть 8 достижения «Небольшая услуга» или карта секрета 12.', NULL, NULL, FALSE, NULL, NULL, NULL);
INSERT INTO options (id, verse_id, position, type, text, target_type, target_verse_dn, target_location_dn, requirement, result, hidden, once, condition_group, conditional_targets, children) VALUES (2885, 1319, 2, 'choice', 'Расспросить про архив и работу архивариуса.', 'verse', 443, NULL, NULL, NULL, NULL, FALSE, NULL, NULL, NULL);
INSERT INTO options (id, verse_id, position, type, text, target_type, target_verse_dn, target_location_dn, requirement, result, hidden, once, condition_group, conditional_targets, children) VALUES (2886, 1319, 3, 'choice', 'Оставить его в покое.', 'verse', 532, NULL, NULL, NULL, NULL, FALSE, NULL, NULL, NULL);
INSERT INTO verses (id, location_id, display_number) VALUES (1320, 75, 434);
INSERT INTO options (id, verse_id, position, type, text, target_type, target_verse_dn, target_location_dn, requirement, result, hidden, once, condition_group, conditional_targets, children) VALUES (2887, 1320, 0, 'choice', 'Продолжить.', 'end', NULL, NULL, NULL, 'Получите часть 10 достижения «Личные дела».  Исследование окончено.', NULL, FALSE, NULL, NULL, NULL);
INSERT INTO verses (id, location_id, display_number) VALUES (1321, 75, 435);
INSERT INTO options (id, verse_id, position, type, text, target_type, target_verse_dn, target_location_dn, requirement, result, hidden, once, condition_group, conditional_targets, children) VALUES (2888, 1321, 0, 'condition', 'Если у вас есть часть 1 достижения «Королевские похороны».', 'verse', 108, NULL, NULL, 'Все персонажи теряют всю свою еду.  Все персонажи теряют всю свою @Energy@.  Получите одну часть достижения «Время идёт (глава 4)».', NULL, FALSE, NULL, NULL, NULL);
INSERT INTO options (id, verse_id, position, type, text, target_type, target_verse_dn, target_location_dn, requirement, result, hidden, once, condition_group, conditional_targets, children) VALUES (2889, 1321, 1, 'condition', 'В противном случае.', 'verse', 116, NULL, NULL, 'Все персонажи теряют всю свою еду.  Все персонажи теряют всю свою @Energy@.  Получите одну часть достижения «Время идёт (глава 4)».', NULL, FALSE, NULL, NULL, NULL);
INSERT INTO verses (id, location_id, display_number) VALUES (1322, 75, 436);
INSERT INTO options (id, verse_id, position, type, text, target_type, target_verse_dn, target_location_dn, requirement, result, hidden, once, condition_group, conditional_targets, children) VALUES (2890, 1322, 0, 'condition', 'Если Изолют Золотая Маска в игре.', 'verse', 393, NULL, NULL, NULL, NULL, FALSE, NULL, NULL, NULL);
INSERT INTO options (id, verse_id, position, type, text, target_type, target_verse_dn, target_location_dn, requirement, result, hidden, once, condition_group, conditional_targets, children) VALUES (2891, 1322, 1, 'condition', 'В противном случае.', 'verse', 386, NULL, NULL, NULL, NULL, FALSE, NULL, NULL, NULL);
INSERT INTO verses (id, location_id, display_number) VALUES (1323, 75, 437);
INSERT INTO options (id, verse_id, position, type, text, target_type, target_verse_dn, target_location_dn, requirement, result, hidden, once, condition_group, conditional_targets, children) VALUES (2892, 1323, 0, 'choice', 'Сюрпризы.', 'cross_location', 807, 1001, NULL, NULL, NULL, FALSE, NULL, NULL, NULL);
INSERT INTO options (id, verse_id, position, type, text, target_type, target_verse_dn, target_location_dn, requirement, result, hidden, once, condition_group, conditional_targets, children) VALUES (2893, 1323, 1, 'choice', 'Ставки.', 'cross_location', 879, 1001, NULL, NULL, NULL, FALSE, NULL, NULL, NULL);
INSERT INTO options (id, verse_id, position, type, text, target_type, target_verse_dn, target_location_dn, requirement, result, hidden, once, condition_group, conditional_targets, children) VALUES (2894, 1323, 2, 'choice', 'Свечки.', 'cross_location', 786, 1001, NULL, NULL, NULL, FALSE, NULL, NULL, NULL);
INSERT INTO options (id, verse_id, position, type, text, target_type, target_verse_dn, target_location_dn, requirement, result, hidden, once, condition_group, conditional_targets, children) VALUES (2895, 1323, 3, 'choice', 'Гадости.', 'cross_location', 771, 1001, NULL, NULL, NULL, FALSE, NULL, NULL, NULL);
INSERT INTO options (id, verse_id, position, type, text, target_type, target_verse_dn, target_location_dn, requirement, result, hidden, once, condition_group, conditional_targets, children) VALUES (2896, 1323, 4, 'choice', 'Дети.', 'cross_location', 799, 1001, NULL, NULL, NULL, FALSE, NULL, NULL, NULL);
INSERT INTO options (id, verse_id, position, type, text, target_type, target_verse_dn, target_location_dn, requirement, result, hidden, once, condition_group, conditional_targets, children) VALUES (2897, 1323, 5, 'choice', 'Глупости.', 'cross_location', 916, 1001, NULL, NULL, NULL, FALSE, NULL, NULL, NULL);
INSERT INTO options (id, verse_id, position, type, text, target_type, target_verse_dn, target_location_dn, requirement, result, hidden, once, condition_group, conditional_targets, children) VALUES (2898, 1323, 6, 'choice', 'Шаги.', 'cross_location', 926, 1001, NULL, NULL, NULL, FALSE, NULL, NULL, NULL);
INSERT INTO options (id, verse_id, position, type, text, target_type, target_verse_dn, target_location_dn, requirement, result, hidden, once, condition_group, conditional_targets, children) VALUES (2899, 1323, 7, 'choice', 'Покупки.', 'cross_location', 918, 1001, NULL, NULL, NULL, FALSE, NULL, NULL, NULL);
INSERT INTO options (id, verse_id, position, type, text, target_type, target_verse_dn, target_location_dn, requirement, result, hidden, once, condition_group, conditional_targets, children) VALUES (2900, 1323, 8, 'choice', 'Выводы.', 'cross_location', 946, 1001, NULL, NULL, NULL, FALSE, NULL, NULL, NULL);
INSERT INTO options (id, verse_id, position, type, text, target_type, target_verse_dn, target_location_dn, requirement, result, hidden, once, condition_group, conditional_targets, children) VALUES (2901, 1323, 9, 'choice', 'Ошибки.', 'cross_location', 960, 1001, NULL, NULL, NULL, FALSE, NULL, NULL, NULL);
INSERT INTO verses (id, location_id, display_number) VALUES (1324, 75, 438);
INSERT INTO options (id, verse_id, position, type, text, target_type, target_verse_dn, target_location_dn, requirement, result, hidden, once, condition_group, conditional_targets, children) VALUES (2902, 1324, 0, 'condition', 'Если у вас есть часть 7 достижения «Семейные тайны».', 'verse', 102, NULL, NULL, 'Все персонажи теряют всю свою еду.  Все персонажи теряют всю свою @Energy@.   Получите одну часть достижения «Время идёт (глава 4)».', NULL, FALSE, NULL, NULL, NULL);
INSERT INTO options (id, verse_id, position, type, text, target_type, target_verse_dn, target_location_dn, requirement, result, hidden, once, condition_group, conditional_targets, children) VALUES (2903, 1324, 1, 'condition', 'Если у вас есть часть 8 достижения «Семейные тайны».', 'verse', 108, NULL, NULL, 'Все персонажи теряют всю свою еду.  Все персонажи теряют всю свою @Energy@.   Получите одну часть достижения «Время идёт (глава 4)».', NULL, FALSE, NULL, NULL, NULL);
INSERT INTO options (id, verse_id, position, type, text, target_type, target_verse_dn, target_location_dn, requirement, result, hidden, once, condition_group, conditional_targets, children) VALUES (2904, 1324, 2, 'condition', 'Если у вас есть часть 9 достижения «Семейные тайны».', 'verse', 111, NULL, NULL, 'Все персонажи теряют всю свою еду.  Все персонажи теряют всю свою @Energy@.   Получите одну часть достижения «Время идёт (глава 4)».', NULL, FALSE, NULL, NULL, NULL);
INSERT INTO options (id, verse_id, position, type, text, target_type, target_verse_dn, target_location_dn, requirement, result, hidden, once, condition_group, conditional_targets, children) VALUES (2905, 1324, 3, 'condition', 'Если у вас есть часть 10 достижения «Семейные тайны».', 'verse', 192, NULL, NULL, 'Все персонажи теряют всю свою еду.  Все персонажи теряют всю свою @Energy@.   Получите одну часть достижения «Время идёт (глава 4)».', NULL, FALSE, NULL, NULL, NULL);
INSERT INTO options (id, verse_id, position, type, text, target_type, target_verse_dn, target_location_dn, requirement, result, hidden, once, condition_group, conditional_targets, children) VALUES (2906, 1324, 4, 'condition', 'Если у вас есть часть 1 достижения «Королевские похороны».', 'verse', 108, NULL, NULL, 'Все персонажи теряют всю свою еду.  Все персонажи теряют всю свою @Energy@.   Получите одну часть достижения «Время идёт (глава 4)».', NULL, FALSE, NULL, NULL, NULL);
INSERT INTO options (id, verse_id, position, type, text, target_type, target_verse_dn, target_location_dn, requirement, result, hidden, once, condition_group, conditional_targets, children) VALUES (2907, 1324, 5, 'condition', 'В противном случае.', 'verse', 116, NULL, NULL, 'Все персонажи теряют всю свою еду.  Все персонажи теряют всю свою @Energy@.   Получите одну часть достижения «Время идёт (глава 4)».', NULL, FALSE, NULL, NULL, NULL);
INSERT INTO verses (id, location_id, display_number) VALUES (1325, 75, 439);
INSERT INTO options (id, verse_id, position, type, text, target_type, target_verse_dn, target_location_dn, requirement, result, hidden, once, condition_group, conditional_targets, children) VALUES (2908, 1325, 0, 'choice', 'Продолжить.', 'end', NULL, NULL, NULL, 'Получите часть 3 достижения «Грехи владыки».  Исследование окончено.', NULL, FALSE, NULL, NULL, NULL);
INSERT INTO verses (id, location_id, display_number) VALUES (1326, 75, 440);
INSERT INTO options (id, verse_id, position, type, text, target_type, target_verse_dn, target_location_dn, requirement, result, hidden, once, condition_group, conditional_targets, children) VALUES (2909, 1326, 0, 'condition', 'Если вы находитесь в локации 127.', 'verse', 455, NULL, NULL, NULL, NULL, FALSE, NULL, NULL, NULL);
INSERT INTO options (id, verse_id, position, type, text, target_type, target_verse_dn, target_location_dn, requirement, result, hidden, once, condition_group, conditional_targets, children) VALUES (2910, 1326, 1, 'condition', 'Если вы находитесь в локации 150.', 'verse', 446, NULL, NULL, NULL, NULL, FALSE, NULL, NULL, NULL);
INSERT INTO verses (id, location_id, display_number) VALUES (1327, 75, 441);
INSERT INTO options (id, verse_id, position, type, text, target_type, target_verse_dn, target_location_dn, requirement, result, hidden, once, condition_group, conditional_targets, children) VALUES (2911, 1327, 0, 'condition', 'Если развязка @GreenOutcome@.', 'verse', 440, NULL, NULL, NULL, NULL, FALSE, NULL, NULL, NULL);
INSERT INTO options (id, verse_id, position, type, text, target_type, target_verse_dn, target_location_dn, requirement, result, hidden, once, condition_group, conditional_targets, children) VALUES (2912, 1327, 1, 'condition', 'В противном случае.', 'cross_location', 1229, 1001, NULL, NULL, NULL, FALSE, NULL, NULL, NULL);
INSERT INTO options (id, verse_id, position, type, text, target_type, target_verse_dn, target_location_dn, requirement, result, hidden, once, condition_group, conditional_targets, children) VALUES (2913, 1327, 2, 'condition', '1—3.', 'verse', 441, NULL, NULL, 'Каждый член команды получает 2 @Terror@.', NULL, FALSE, NULL, NULL, NULL);
INSERT INTO options (id, verse_id, position, type, text, target_type, target_verse_dn, target_location_dn, requirement, result, hidden, once, condition_group, conditional_targets, children) VALUES (2914, 1327, 3, 'condition', '4—6.', 'verse', 441, NULL, NULL, 'Каждый член команды получает 1 @Terror@.', NULL, FALSE, NULL, NULL, NULL);
INSERT INTO options (id, verse_id, position, type, text, target_type, target_verse_dn, target_location_dn, requirement, result, hidden, once, condition_group, conditional_targets, children) VALUES (2915, 1327, 4, 'condition', '≥7.', 'verse', 441, NULL, NULL, 'Каждый член команды получает 1 @Terror@.', NULL, FALSE, NULL, NULL, NULL);
INSERT INTO verses (id, location_id, display_number) VALUES (1328, 75, 442);
INSERT INTO options (id, verse_id, position, type, text, target_type, target_verse_dn, target_location_dn, requirement, result, hidden, once, condition_group, conditional_targets, children) VALUES (2916, 1328, 0, 'condition', 'Если вы победили.', 'verse', 440, NULL, NULL, NULL, NULL, FALSE, NULL, NULL, NULL);
INSERT INTO options (id, verse_id, position, type, text, target_type, target_verse_dn, target_location_dn, requirement, result, hidden, once, condition_group, conditional_targets, children) VALUES (2917, 1328, 1, 'condition', 'В противном случае.', 'cross_location', 1230, 1001, NULL, NULL, NULL, FALSE, NULL, NULL, NULL);
INSERT INTO verses (id, location_id, display_number) VALUES (1329, 75, 443);
INSERT INTO options (id, verse_id, position, type, text, target_type, target_verse_dn, target_location_dn, requirement, result, hidden, once, condition_group, conditional_targets, children) VALUES (2918, 1329, 0, 'choice', 'Продолжить.', 'verse', 532, NULL, NULL, 'Получите часть 6 достижения «Смутная догадка».', NULL, FALSE, NULL, NULL, NULL);
INSERT INTO verses (id, location_id, display_number) VALUES (1330, 75, 444);
INSERT INTO options (id, verse_id, position, type, text, target_type, target_verse_dn, target_location_dn, requirement, result, hidden, once, condition_group, conditional_targets, children) VALUES (2919, 1330, 0, 'choice', 'Продолжить.', 'verse', 436, NULL, NULL, NULL, NULL, FALSE, NULL, NULL, NULL);
INSERT INTO verses (id, location_id, display_number) VALUES (1331, 75, 445);
INSERT INTO options (id, verse_id, position, type, text, target_type, target_verse_dn, target_location_dn, requirement, result, hidden, once, condition_group, conditional_targets, children) VALUES (2920, 1331, 0, 'choice', 'Продолжить.', 'verse', 435, NULL, NULL, NULL, NULL, FALSE, NULL, NULL, NULL);
INSERT INTO verses (id, location_id, display_number) VALUES (1332, 75, 446);
INSERT INTO options (id, verse_id, position, type, text, target_type, target_verse_dn, target_location_dn, requirement, result, hidden, once, condition_group, conditional_targets, children) VALUES (2921, 1332, 0, 'condition', 'Если вы проходите главу 6, часть 1.', 'cross_location', 967, 1001, NULL, NULL, NULL, FALSE, NULL, NULL, NULL);
INSERT INTO options (id, verse_id, position, type, text, target_type, target_verse_dn, target_location_dn, requirement, result, hidden, once, condition_group, conditional_targets, children) VALUES (2922, 1332, 1, 'choice', 'Продолжить.', 'cross_location', 0, 151, NULL, NULL, NULL, FALSE, NULL, NULL, NULL);
INSERT INTO verses (id, location_id, display_number) VALUES (1333, 75, 447);
INSERT INTO options (id, verse_id, position, type, text, target_type, target_verse_dn, target_location_dn, requirement, result, hidden, once, condition_group, conditional_targets, children) VALUES (2923, 1333, 0, 'choice', 'Освободить козу. Важно: вы получите нового спутника, к добру или к худу.', 'verse', 449, NULL, NULL, NULL, NULL, FALSE, NULL, NULL, NULL);
INSERT INTO options (id, verse_id, position, type, text, target_type, target_verse_dn, target_location_dn, requirement, result, hidden, once, condition_group, conditional_targets, children) VALUES (2924, 1333, 1, 'choice', 'Бросить козу.', 'end', NULL, NULL, NULL, 'Исследование окончено.', NULL, FALSE, NULL, NULL, NULL);
INSERT INTO verses (id, location_id, display_number) VALUES (1334, 75, 448);
INSERT INTO verses (id, location_id, display_number) VALUES (1335, 75, 449);
INSERT INTO options (id, verse_id, position, type, text, target_type, target_verse_dn, target_location_dn, requirement, result, hidden, once, condition_group, conditional_targets, children) VALUES (2925, 1335, 0, 'choice', 'Продолжить.', 'end', NULL, NULL, NULL, 'Получите часть 1 достижения «Спутники».  Получите секретную карту 305 и ознакомьтесь с её содержимым.  Исследование окончено.', NULL, FALSE, NULL, NULL, NULL);
INSERT INTO verses (id, location_id, display_number) VALUES (1336, 75, 450);
INSERT INTO options (id, verse_id, position, type, text, target_type, target_verse_dn, target_location_dn, requirement, result, hidden, once, condition_group, conditional_targets, children) VALUES (2926, 1336, 0, 'choice', 'Продолжить.', 'end', NULL, NULL, NULL, 'Исследование окончено.', NULL, FALSE, NULL, NULL, NULL);
INSERT INTO verses (id, location_id, display_number) VALUES (1337, 75, 451);
INSERT INTO options (id, verse_id, position, type, text, target_type, target_verse_dn, target_location_dn, requirement, result, hidden, once, condition_group, conditional_targets, children) VALUES (2927, 1337, 0, 'choice', 'Продолжить.', 'end', NULL, NULL, NULL, 'Получите часть 1 достижения «Лицом к лицу с крахом».  Продолжайте встречу.', NULL, FALSE, NULL, NULL, NULL);
INSERT INTO verses (id, location_id, display_number) VALUES (1338, 75, 452);
INSERT INTO options (id, verse_id, position, type, text, target_type, target_verse_dn, target_location_dn, requirement, result, hidden, once, condition_group, conditional_targets, children) VALUES (2928, 1338, 0, 'choice', 'Продолжить.', 'end', NULL, NULL, NULL, 'Получите часть 2 достижения «Лицом к лицу с крахом».  Продолжайте встречу.', NULL, FALSE, NULL, NULL, NULL);
INSERT INTO verses (id, location_id, display_number) VALUES (1339, 75, 453);
INSERT INTO options (id, verse_id, position, type, text, target_type, target_verse_dn, target_location_dn, requirement, result, hidden, once, condition_group, conditional_targets, children) VALUES (2929, 1339, 0, 'choice', 'Продолжить.', 'end', NULL, NULL, NULL, 'Получите часть 3 достижения «Лицом к лицу с крахом».  Продолжайте встречу.', NULL, FALSE, NULL, NULL, NULL);
INSERT INTO verses (id, location_id, display_number) VALUES (1340, 75, 454);
INSERT INTO options (id, verse_id, position, type, text, target_type, target_verse_dn, target_location_dn, requirement, result, hidden, once, condition_group, conditional_targets, children) VALUES (2930, 1340, 0, 'choice', 'Продолжить.', 'end', NULL, NULL, NULL, 'Каждый член команды теряет 1 @Health@ и получает 1 @Terror@.  Получите часть 4 достижения «Лицом к лицу с крахом».  Продолжайте встречу.', NULL, FALSE, NULL, NULL, NULL);
INSERT INTO verses (id, location_id, display_number) VALUES (1341, 75, 455);
INSERT INTO options (id, verse_id, position, type, text, target_type, target_verse_dn, target_location_dn, requirement, result, hidden, once, condition_group, conditional_targets, children) VALUES (2931, 1341, 0, 'choice', 'Продолжить.', 'end', NULL, NULL, NULL, 'Исследование окончено.', NULL, FALSE, NULL, NULL, NULL);
INSERT INTO verses (id, location_id, display_number) VALUES (1342, 75, 456);
INSERT INTO options (id, verse_id, position, type, text, target_type, target_verse_dn, target_location_dn, requirement, result, hidden, once, condition_group, conditional_targets, children) VALUES (2932, 1342, 0, 'condition', 'Если вы играете за Юнис и у вас нет части 10 достижения «Личные дела».', 'verse', 434, NULL, NULL, 'Получите часть 8 достижения «Топография».', NULL, FALSE, NULL, NULL, NULL);
INSERT INTO options (id, verse_id, position, type, text, target_type, target_verse_dn, target_location_dn, requirement, result, hidden, once, condition_group, conditional_targets, children) VALUES (2933, 1342, 1, 'condition', 'В противном случае.', 'end', NULL, NULL, NULL, 'Получите часть 8 достижения «Топография».  Исследование окончено.', NULL, FALSE, NULL, NULL, NULL);
INSERT INTO verses (id, location_id, display_number) VALUES (1343, 75, 457);
INSERT INTO options (id, verse_id, position, type, text, target_type, target_verse_dn, target_location_dn, requirement, result, hidden, once, condition_group, conditional_targets, children) VALUES (2934, 1343, 0, 'condition', 'Если у вас есть часть 9 достижения «Путь Венедии».', 'end', NULL, NULL, NULL, 'Дорога свободна.  Исследование окончено.', NULL, FALSE, NULL, NULL, NULL);
INSERT INTO options (id, verse_id, position, type, text, target_type, target_verse_dn, target_location_dn, requirement, result, hidden, once, condition_group, conditional_targets, children) VALUES (2935, 1343, 1, 'choice', 'Продолжить.', 'end', NULL, NULL, NULL, 'Переместите всех членов команды в локацию 140 («Берёзовые кручи»).  Исследование окончено.', NULL, FALSE, NULL, NULL, NULL);
INSERT INTO verses (id, location_id, display_number) VALUES (1344, 75, 458);
INSERT INTO options (id, verse_id, position, type, text, target_type, target_verse_dn, target_location_dn, requirement, result, hidden, once, condition_group, conditional_targets, children) VALUES (2936, 1344, 0, 'choice', 'Отдать ей яйцо.', 'verse', 471, NULL, 'Нужна часть 1 достижения «Путь Венедии».', NULL, NULL, FALSE, NULL, NULL, NULL);
INSERT INTO options (id, verse_id, position, type, text, target_type, target_verse_dn, target_location_dn, requirement, result, hidden, once, condition_group, conditional_targets, children) VALUES (2937, 1344, 1, 'choice', 'Отказаться отдать яйцо. Раз это такой важный артефакт, вы точно не отдадите его первому встречному!', 'verse', 462, NULL, 'Нужна часть 1 достижения «Путь Венедии».', NULL, NULL, FALSE, NULL, NULL, NULL);
INSERT INTO options (id, verse_id, position, type, text, target_type, target_verse_dn, target_location_dn, requirement, result, hidden, once, condition_group, conditional_targets, children) VALUES (2938, 1344, 2, 'choice', 'Сказать ей, что вы понятия не имеете, о чём она говорит.', 'verse', 432, NULL, 'Только если у вас нет части 1 достижения «Путь Венедии».', NULL, NULL, FALSE, NULL, NULL, NULL);
INSERT INTO verses (id, location_id, display_number) VALUES (1345, 75, 459);
INSERT INTO options (id, verse_id, position, type, text, target_type, target_verse_dn, target_location_dn, requirement, result, hidden, once, condition_group, conditional_targets, children) VALUES (2939, 1345, 0, 'choice', '3 @Energy@ Добраться до Острия напрямик через искаженье.', 'cross_location', 1, 133, NULL, 'Каждый член команды теряет 5 @Health@ (–1 за каждое очко своей @Caution@) и получает 4 @Terror@ (–1 за каждое очко своей @Empathy@).', NULL, FALSE, NULL, NULL, NULL);
INSERT INTO options (id, verse_id, position, type, text, target_type, target_verse_dn, target_location_dn, requirement, result, hidden, once, condition_group, conditional_targets, children) VALUES (2940, 1345, 1, 'choice', 'Если у вас есть синий светофильтр.', 'cross_location', 1, 133, '2 @Energy@ Воспользоваться синим искажень-стеклом.', 'Вам удалось добраться до острова — медленно и осторожно, зато без проблем.', NULL, FALSE, NULL, NULL, NULL);
INSERT INTO options (id, verse_id, position, type, text, target_type, target_verse_dn, target_location_dn, requirement, result, hidden, once, condition_group, conditional_targets, children) VALUES (2941, 1345, 2, 'choice', 'Уйти.', 'end', NULL, NULL, NULL, 'Исследование окончено.', NULL, FALSE, NULL, NULL, NULL);
INSERT INTO verses (id, location_id, display_number) VALUES (1346, 75, 460);
INSERT INTO options (id, verse_id, position, type, text, target_type, target_verse_dn, target_location_dn, requirement, result, hidden, once, condition_group, conditional_targets, children) VALUES (2942, 1346, 0, 'choice', 'Продолжить.', 'verse', 487, NULL, NULL, 'Поместите 1 красный маркер на карту секрета 50.', NULL, FALSE, NULL, NULL, NULL);
INSERT INTO verses (id, location_id, display_number) VALUES (1347, 75, 461);
INSERT INTO options (id, verse_id, position, type, text, target_type, target_verse_dn, target_location_dn, requirement, result, hidden, once, condition_group, conditional_targets, children) VALUES (2943, 1347, 0, 'choice', 'Продолжить.', 'verse', 466, NULL, NULL, 'Получите часть 2 достижения «Путь Венедии».', NULL, FALSE, NULL, NULL, NULL);
INSERT INTO verses (id, location_id, display_number) VALUES (1348, 75, 462);
INSERT INTO options (id, verse_id, position, type, text, target_type, target_verse_dn, target_location_dn, requirement, result, hidden, once, condition_group, conditional_targets, children) VALUES (2944, 1348, 0, 'choice', 'Продолжить.', 'verse', 471, NULL, NULL, NULL, NULL, FALSE, NULL, NULL, NULL);
INSERT INTO verses (id, location_id, display_number) VALUES (1349, 75, 463);
INSERT INTO options (id, verse_id, position, type, text, target_type, target_verse_dn, target_location_dn, requirement, result, hidden, once, condition_group, conditional_targets, children) VALUES (2945, 1349, 0, 'choice', 'Продолжить.', 'end', NULL, NULL, NULL, 'Сбросьте предмет «Поддельные бумаги».  Найдите секретную карту встречи 202 «Публичный суд» (синяя) и проведите её. Вне зависимости от её итога исследование окончено.', NULL, FALSE, NULL, NULL, NULL);
INSERT INTO verses (id, location_id, display_number) VALUES (1350, 75, 464);
INSERT INTO options (id, verse_id, position, type, text, target_type, target_verse_dn, target_location_dn, requirement, result, hidden, once, condition_group, conditional_targets, children) VALUES (2946, 1350, 0, 'choice', 'Продолжить.', 'end', NULL, NULL, NULL, 'Если у вас нет части 8 достижения «Трофеи искаженья», получите 2 магии и часть 8 достижения «Трофеи искаженья».  Исследование окончено.', NULL, FALSE, NULL, NULL, NULL);
INSERT INTO verses (id, location_id, display_number) VALUES (1351, 75, 465);
INSERT INTO options (id, verse_id, position, type, text, target_type, target_verse_dn, target_location_dn, requirement, result, hidden, once, condition_group, conditional_targets, children) VALUES (2947, 1351, 0, 'condition', 'Если у вас есть часть 3 достижения «Тайные послания».', 'verse', 469, NULL, NULL, NULL, NULL, FALSE, NULL, NULL, NULL);
INSERT INTO options (id, verse_id, position, type, text, target_type, target_verse_dn, target_location_dn, requirement, result, hidden, once, condition_group, conditional_targets, children) VALUES (2948, 1351, 1, 'condition', 'В противном случае.', 'verse', 473, NULL, NULL, NULL, NULL, FALSE, NULL, NULL, NULL);
INSERT INTO verses (id, location_id, display_number) VALUES (1352, 75, 466);
INSERT INTO options (id, verse_id, position, type, text, target_type, target_verse_dn, target_location_dn, requirement, result, hidden, once, condition_group, conditional_targets, children) VALUES (2949, 1352, 0, 'choice', 'Продолжить.', 'verse', 467, NULL, NULL, 'Если вы находитесь в локации 132, уберите из неё все @DarkTT@ и замените её на 132-Б («Праздник венков»), затем поместите 2 @DarkTT@ в локацию 132-Б.', NULL, FALSE, NULL, NULL, NULL);
INSERT INTO verses (id, location_id, display_number) VALUES (1353, 75, 467);
INSERT INTO options (id, verse_id, position, type, text, target_type, target_verse_dn, target_location_dn, requirement, result, hidden, once, condition_group, conditional_targets, children) VALUES (2950, 1353, 0, 'choice', 'Присоединиться к празднику. После долгого пути вам совсем не хотелось отказываться от еды и отдыха. Но, по слухам, венедские праздники нередко затягивались на несколько дней.', 'verse', 474, NULL, NULL, NULL, NULL, FALSE, NULL, NULL, NULL);
INSERT INTO options (id, verse_id, position, type, text, target_type, target_verse_dn, target_location_dn, requirement, result, hidden, once, condition_group, conditional_targets, children) VALUES (2951, 1353, 1, 'choice', 'Сообщить Валеске, что сначала у вас есть более срочное дело. Она кивнула, но попросила не тянуть слишком долго и поскорее возвращаться в город. Вас будут ждать.', 'end', NULL, NULL, NULL, 'Исследование окончено.', NULL, FALSE, NULL, NULL, NULL);
INSERT INTO verses (id, location_id, display_number) VALUES (1354, 75, 468);
INSERT INTO options (id, verse_id, position, type, text, target_type, target_verse_dn, target_location_dn, requirement, result, hidden, once, condition_group, conditional_targets, children) VALUES (2952, 1354, 0, 'choice', 'Продолжить.', 'end', NULL, NULL, NULL, 'Исследование окончено.', NULL, FALSE, NULL, NULL, NULL);
INSERT INTO verses (id, location_id, display_number) VALUES (1355, 75, 469);
INSERT INTO options (id, verse_id, position, type, text, target_type, target_verse_dn, target_location_dn, requirement, result, hidden, once, condition_group, conditional_targets, children) VALUES (2953, 1355, 0, 'choice', 'Пройти по тайной тропе.', 'cross_location', 904, 1001, 'Только если с вами в этом исследовании нет других персонажей, а вы в искажённой форме.', NULL, NULL, FALSE, NULL, NULL, NULL);
INSERT INTO options (id, verse_id, position, type, text, target_type, target_verse_dn, target_location_dn, requirement, result, hidden, once, condition_group, conditional_targets, children) VALUES (2954, 1355, 1, 'choice', 'Отправиться дальше.', 'verse', 473, NULL, NULL, NULL, NULL, FALSE, NULL, NULL, NULL);
INSERT INTO verses (id, location_id, display_number) VALUES (1356, 75, 470);
INSERT INTO options (id, verse_id, position, type, text, target_type, target_verse_dn, target_location_dn, requirement, result, hidden, once, condition_group, conditional_targets, children) VALUES (2955, 1356, 0, 'condition', 'Если здесь находятся не все персонажи.', 'end', NULL, NULL, NULL, 'Переместите всех членов команды в локацию 155.  Исследование окончено.', NULL, FALSE, NULL, NULL, NULL);
INSERT INTO options (id, verse_id, position, type, text, target_type, target_verse_dn, target_location_dn, requirement, result, hidden, once, condition_group, conditional_targets, children) VALUES (2956, 1356, 1, 'condition', 'Если вы проходите главу 6Б, часть 2.', 'verse', 479, NULL, NULL, NULL, NULL, FALSE, NULL, NULL, NULL);
INSERT INTO options (id, verse_id, position, type, text, target_type, target_verse_dn, target_location_dn, requirement, result, hidden, once, condition_group, conditional_targets, children) VALUES (2957, 1356, 2, 'condition', 'Если вы проходите главу 6Б, часть 3.', 'verse', 488, NULL, NULL, NULL, NULL, FALSE, NULL, NULL, NULL);
INSERT INTO options (id, verse_id, position, type, text, target_type, target_verse_dn, target_location_dn, requirement, result, hidden, once, condition_group, conditional_targets, children) VALUES (2958, 1356, 3, 'condition', 'Если фигурка Нония, владыки глубин, на поле.', 'end', NULL, NULL, NULL, 'Переместите всех членов команды в локацию 155.  Исследование окончено.', NULL, FALSE, NULL, NULL, NULL);
INSERT INTO options (id, verse_id, position, type, text, target_type, target_verse_dn, target_location_dn, requirement, result, hidden, once, condition_group, conditional_targets, children) VALUES (2959, 1356, 4, 'condition', 'Если вы проходите главу 6Б, часть 4.', 'verse', 548, NULL, NULL, NULL, NULL, FALSE, NULL, NULL, NULL);
INSERT INTO verses (id, location_id, display_number) VALUES (1357, 75, 471);
INSERT INTO options (id, verse_id, position, type, text, target_type, target_verse_dn, target_location_dn, requirement, result, hidden, once, condition_group, conditional_targets, children) VALUES (2960, 1357, 0, 'choice', 'Продолжить.', 'verse', 461, NULL, NULL, NULL, NULL, FALSE, NULL, NULL, NULL);
INSERT INTO verses (id, location_id, display_number) VALUES (1358, 75, 472);
INSERT INTO options (id, verse_id, position, type, text, target_type, target_verse_dn, target_location_dn, requirement, result, hidden, once, condition_group, conditional_targets, children) VALUES (2961, 1358, 0, 'choice', 'Продолжить.', 'verse', 532, NULL, NULL, 'Если у вас нет части 5 достижения «Семейные тайны», каждый персонаж получает 1 опыт.  Получите часть 5 достижения «Семейные тайны».', NULL, FALSE, NULL, NULL, NULL);
INSERT INTO verses (id, location_id, display_number) VALUES (1359, 75, 473);
INSERT INTO options (id, verse_id, position, type, text, target_type, target_verse_dn, target_location_dn, requirement, result, hidden, once, condition_group, conditional_targets, children) VALUES (2962, 1359, 0, 'condition', 'Если в этой локации есть @DarkTT@.', 'end', NULL, NULL, NULL, 'Ничего не происходит.  Исследование окончено.', NULL, FALSE, NULL, NULL, NULL);
INSERT INTO options (id, verse_id, position, type, text, target_type, target_verse_dn, target_location_dn, requirement, result, hidden, once, condition_group, conditional_targets, children) VALUES (2963, 1359, 1, 'choice', 'Продолжить.', 'end', NULL, NULL, NULL, 'Поместите путеводный камень в любую ячейку путеводного камня в локации 110. Затем поместите 2 @DarkTT@ в локацию 110.  Исследование окончено.', NULL, FALSE, NULL, NULL, NULL);
INSERT INTO verses (id, location_id, display_number) VALUES (1360, 75, 474);
INSERT INTO options (id, verse_id, position, type, text, target_type, target_verse_dn, target_location_dn, requirement, result, hidden, once, condition_group, conditional_targets, children) VALUES (2964, 1360, 0, 'condition', 'Если вы играете за Гердвин и у вас есть часть 5 достижения «Личные дела».', 'verse', 489, NULL, NULL, NULL, NULL, FALSE, NULL, NULL, NULL);
INSERT INTO options (id, verse_id, position, type, text, target_type, target_verse_dn, target_location_dn, requirement, result, hidden, once, condition_group, conditional_targets, children) VALUES (2965, 1360, 1, 'condition', 'В противном случае.', 'verse', 498, NULL, NULL, NULL, NULL, FALSE, NULL, NULL, NULL);
INSERT INTO verses (id, location_id, display_number) VALUES (1361, 75, 475);
INSERT INTO options (id, verse_id, position, type, text, target_type, target_verse_dn, target_location_dn, requirement, result, hidden, once, condition_group, conditional_targets, children) VALUES (2966, 1361, 0, 'choice', 'Продолжить.', 'verse', 487, NULL, NULL, 'Поместите 1 красный маркер на карту секрета 50.', NULL, FALSE, NULL, NULL, NULL);
INSERT INTO verses (id, location_id, display_number) VALUES (1362, 75, 476);
INSERT INTO options (id, verse_id, position, type, text, target_type, target_verse_dn, target_location_dn, requirement, result, hidden, once, condition_group, conditional_targets, children) VALUES (2967, 1362, 0, 'choice', 'Продолжить.', 'end', NULL, NULL, NULL, 'Получите 2 магии.  Каждый член команды теряет 1 @Terror@.  Исследование окончено.', NULL, FALSE, NULL, NULL, NULL);
INSERT INTO verses (id, location_id, display_number) VALUES (1363, 75, 477);
INSERT INTO options (id, verse_id, position, type, text, target_type, target_verse_dn, target_location_dn, requirement, result, hidden, once, condition_group, conditional_targets, children) VALUES (2968, 1363, 0, 'choice', 'Продолжить.', 'verse', 468, NULL, NULL, NULL, NULL, FALSE, NULL, NULL, NULL);
INSERT INTO verses (id, location_id, display_number) VALUES (1364, 75, 478);
INSERT INTO options (id, verse_id, position, type, text, target_type, target_verse_dn, target_location_dn, requirement, result, hidden, once, condition_group, conditional_targets, children) VALUES (2969, 1364, 0, 'choice', 'Продолжить.', 'end', NULL, NULL, NULL, 'Исследование окончено.', NULL, FALSE, NULL, NULL, NULL);
INSERT INTO verses (id, location_id, display_number) VALUES (1365, 75, 479);
INSERT INTO options (id, verse_id, position, type, text, target_type, target_verse_dn, target_location_dn, requirement, result, hidden, once, condition_group, conditional_targets, children) VALUES (2970, 1365, 0, 'condition', 'Если вы играете за Юнис.', 'verse', 518, NULL, NULL, NULL, NULL, FALSE, NULL, NULL, NULL);
INSERT INTO options (id, verse_id, position, type, text, target_type, target_verse_dn, target_location_dn, requirement, result, hidden, once, condition_group, conditional_targets, children) VALUES (2971, 1365, 1, 'condition', 'В противном случае.', 'verse', 503, NULL, NULL, NULL, NULL, FALSE, NULL, NULL, NULL);
INSERT INTO verses (id, location_id, display_number) VALUES (1366, 75, 480);
INSERT INTO options (id, verse_id, position, type, text, target_type, target_verse_dn, target_location_dn, requirement, result, hidden, once, condition_group, conditional_targets, children) VALUES (2972, 1366, 0, 'choice', 'Продолжить.', 'verse', 485, NULL, NULL, NULL, NULL, FALSE, NULL, NULL, NULL);
INSERT INTO verses (id, location_id, display_number) VALUES (1367, 75, 481);
INSERT INTO options (id, verse_id, position, type, text, target_type, target_verse_dn, target_location_dn, requirement, result, hidden, once, condition_group, conditional_targets, children) VALUES (2973, 1367, 0, 'choice', 'Продолжить.', 'end', NULL, NULL, NULL, 'Продолжайте встречу.', NULL, FALSE, NULL, NULL, NULL);
INSERT INTO verses (id, location_id, display_number) VALUES (1368, 75, 482);
INSERT INTO options (id, verse_id, position, type, text, target_type, target_verse_dn, target_location_dn, requirement, result, hidden, once, condition_group, conditional_targets, children) VALUES (2974, 1368, 0, 'choice', 'Продолжить.', 'end', NULL, NULL, NULL, 'Продолжайте встречу.', NULL, FALSE, NULL, NULL, NULL);
INSERT INTO verses (id, location_id, display_number) VALUES (1369, 75, 483);
INSERT INTO options (id, verse_id, position, type, text, target_type, target_verse_dn, target_location_dn, requirement, result, hidden, once, condition_group, conditional_targets, children) VALUES (2975, 1369, 0, 'choice', 'Продолжить.', 'end', NULL, NULL, NULL, 'Продолжайте встречу.', NULL, FALSE, NULL, NULL, NULL);
INSERT INTO verses (id, location_id, display_number) VALUES (1370, 75, 484);
INSERT INTO options (id, verse_id, position, type, text, target_type, target_verse_dn, target_location_dn, requirement, result, hidden, once, condition_group, conditional_targets, children) VALUES (2976, 1370, 0, 'choice', 'Продолжить.', 'end', NULL, NULL, NULL, 'Каждый член команды теряет 1@Health@ и получает 1 @Terror@.  Продолжайте встречу.', NULL, FALSE, NULL, NULL, NULL);
INSERT INTO verses (id, location_id, display_number) VALUES (1371, 75, 485);
INSERT INTO options (id, verse_id, position, type, text, target_type, target_verse_dn, target_location_dn, requirement, result, hidden, once, condition_group, conditional_targets, children) VALUES (2977, 1371, 0, 'choice', 'Продолжить.', 'verse', 532, NULL, NULL, 'Получите часть 2 достижения «Неудачи Непосвящённого».', NULL, FALSE, NULL, NULL, NULL);
INSERT INTO verses (id, location_id, display_number) VALUES (1372, 75, 486);
INSERT INTO options (id, verse_id, position, type, text, target_type, target_verse_dn, target_location_dn, requirement, result, hidden, once, condition_group, conditional_targets, children) VALUES (2978, 1372, 0, 'choice', 'Продолжить.', 'verse', 468, NULL, NULL, NULL, NULL, FALSE, NULL, NULL, NULL);
INSERT INTO verses (id, location_id, display_number) VALUES (1373, 75, 487);
INSERT INTO options (id, verse_id, position, type, text, target_type, target_verse_dn, target_location_dn, requirement, result, hidden, once, condition_group, conditional_targets, children) VALUES (2979, 1373, 0, 'choice', 'Продолжить.', 'end', NULL, NULL, NULL, 'Исследование окончено.', NULL, FALSE, NULL, NULL, NULL);
INSERT INTO verses (id, location_id, display_number) VALUES (1374, 75, 488);
INSERT INTO options (id, verse_id, position, type, text, target_type, target_verse_dn, target_location_dn, requirement, result, hidden, once, condition_group, conditional_targets, children) VALUES (2980, 1374, 0, 'choice', 'Продолжить.', 'end', NULL, NULL, NULL, 'Переместите всех членов команды обратно в локацию 155.  Исследование окончено.', NULL, FALSE, NULL, NULL, NULL);
INSERT INTO verses (id, location_id, display_number) VALUES (1375, 75, 489);
INSERT INTO options (id, verse_id, position, type, text, target_type, target_verse_dn, target_location_dn, requirement, result, hidden, once, condition_group, conditional_targets, children) VALUES (2981, 1375, 0, 'choice', 'Продолжить.', 'verse', 498, NULL, NULL, NULL, NULL, FALSE, NULL, NULL, NULL);
INSERT INTO verses (id, location_id, display_number) VALUES (1376, 75, 490);
INSERT INTO options (id, verse_id, position, type, text, target_type, target_verse_dn, target_location_dn, requirement, result, hidden, once, condition_group, conditional_targets, children) VALUES (2982, 1376, 0, 'choice', 'Продолжить.', 'end', NULL, NULL, NULL, 'Переместите всех членов команды обратно в локацию 120.  Уберите все @DarkTT@ из этой локации.  Исследование окончено.', NULL, FALSE, NULL, NULL, NULL);
INSERT INTO verses (id, location_id, display_number) VALUES (1377, 75, 491);
INSERT INTO options (id, verse_id, position, type, text, target_type, target_verse_dn, target_location_dn, requirement, result, hidden, once, condition_group, conditional_targets, children) VALUES (2983, 1377, 0, 'condition', 'Если у вас есть часть 1 достижения «Лицом к лицу с крахом».', 'verse', 481, NULL, NULL, NULL, NULL, FALSE, NULL, NULL, NULL);
INSERT INTO options (id, verse_id, position, type, text, target_type, target_verse_dn, target_location_dn, requirement, result, hidden, once, condition_group, conditional_targets, children) VALUES (2984, 1377, 1, 'condition', 'Если у вас есть часть 1 достижения «Неудачи Непосвящённого».', 'verse', 451, NULL, NULL, NULL, NULL, FALSE, NULL, NULL, NULL);
INSERT INTO options (id, verse_id, position, type, text, target_type, target_verse_dn, target_location_dn, requirement, result, hidden, once, condition_group, conditional_targets, children) VALUES (2985, 1377, 2, 'condition', 'В противном случае.', 'end', NULL, NULL, NULL, 'Поместите в комбинацию секретную карту 153 и примените её эффекты. Затем поместите в комбинацию секретную карту 157 и примените её эффекты, но не добавляйте @QuestToken@.  Продолжайте встречу.', NULL, FALSE, NULL, NULL, NULL);
INSERT INTO verses (id, location_id, display_number) VALUES (1378, 75, 492);
INSERT INTO options (id, verse_id, position, type, text, target_type, target_verse_dn, target_location_dn, requirement, result, hidden, once, condition_group, conditional_targets, children) VALUES (2986, 1378, 0, 'condition', 'Если у вас есть часть 2 достижения «Лицом к лицу с крахом».', 'verse', 482, NULL, NULL, NULL, NULL, FALSE, NULL, NULL, NULL);
INSERT INTO options (id, verse_id, position, type, text, target_type, target_verse_dn, target_location_dn, requirement, result, hidden, once, condition_group, conditional_targets, children) VALUES (2987, 1378, 1, 'condition', 'Если у вас есть часть 2 достижения «Неудачи Непосвящённого».', 'verse', 452, NULL, NULL, NULL, NULL, FALSE, NULL, NULL, NULL);
INSERT INTO options (id, verse_id, position, type, text, target_type, target_verse_dn, target_location_dn, requirement, result, hidden, once, condition_group, conditional_targets, children) VALUES (2988, 1378, 2, 'condition', 'В противном случае.', 'end', NULL, NULL, NULL, 'Поместите в комбинацию секретную карту 155 и примените её эффекты.  Продолжайте встречу.', NULL, FALSE, NULL, NULL, NULL);
INSERT INTO verses (id, location_id, display_number) VALUES (1379, 75, 493);
INSERT INTO options (id, verse_id, position, type, text, target_type, target_verse_dn, target_location_dn, requirement, result, hidden, once, condition_group, conditional_targets, children) VALUES (2989, 1379, 0, 'condition', 'Если у вас есть часть 3 достижения «Лицом к лицу с крахом».', 'verse', 483, NULL, NULL, NULL, NULL, FALSE, NULL, NULL, NULL);
INSERT INTO options (id, verse_id, position, type, text, target_type, target_verse_dn, target_location_dn, requirement, result, hidden, once, condition_group, conditional_targets, children) VALUES (2990, 1379, 1, 'condition', 'Если у вас есть часть 3 достижения «Неудачи Непосвящённого».', 'verse', 453, NULL, NULL, NULL, NULL, FALSE, NULL, NULL, NULL);
INSERT INTO options (id, verse_id, position, type, text, target_type, target_verse_dn, target_location_dn, requirement, result, hidden, once, condition_group, conditional_targets, children) VALUES (2991, 1379, 2, 'condition', 'В противном случае.', 'end', NULL, NULL, NULL, 'Поместите в комбинацию секретную карту 156 и примените её эффекты.  Продолжайте встречу.', NULL, FALSE, NULL, NULL, NULL);
INSERT INTO verses (id, location_id, display_number) VALUES (1380, 75, 494);
INSERT INTO options (id, verse_id, position, type, text, target_type, target_verse_dn, target_location_dn, requirement, result, hidden, once, condition_group, conditional_targets, children) VALUES (2992, 1380, 0, 'condition', 'Если у вас есть часть 4 достижения «Лицом к лицу с крахом».', 'verse', 484, NULL, NULL, NULL, NULL, FALSE, NULL, NULL, NULL);
INSERT INTO options (id, verse_id, position, type, text, target_type, target_verse_dn, target_location_dn, requirement, result, hidden, once, condition_group, conditional_targets, children) VALUES (2993, 1380, 1, 'condition', 'Если у вас есть часть 4 достижения «Неудачи Непосвящённого».', 'verse', 454, NULL, NULL, NULL, NULL, FALSE, NULL, NULL, NULL);
INSERT INTO options (id, verse_id, position, type, text, target_type, target_verse_dn, target_location_dn, requirement, result, hidden, once, condition_group, conditional_targets, children) VALUES (2994, 1380, 2, 'condition', 'В противном случае.', 'end', NULL, NULL, NULL, 'o Поместите 1 @QuestToken@ на карту встречи.  o Замешайте все карты из комбинации и сброса в соответствующие колоды.  o Каждый член команды теряет 1 @Health@ и получает 1 @Terror@.  Продолжайте встречу.', NULL, FALSE, NULL, NULL, NULL);
INSERT INTO verses (id, location_id, display_number) VALUES (1381, 75, 495);
INSERT INTO options (id, verse_id, position, type, text, target_type, target_verse_dn, target_location_dn, requirement, result, hidden, once, condition_group, conditional_targets, children) VALUES (2995, 1381, 0, 'choice', 'Продолжить.', 'verse', 411, NULL, NULL, NULL, NULL, FALSE, NULL, NULL, NULL);
INSERT INTO verses (id, location_id, display_number) VALUES (1382, 75, 496);
INSERT INTO options (id, verse_id, position, type, text, target_type, target_verse_dn, target_location_dn, requirement, result, hidden, once, condition_group, conditional_targets, children) VALUES (2996, 1382, 0, 'condition', 'Если вы проходите главу 9Б и у вас нет части 4 достижения «Тлеющие угольки».', 'cross_location', 1010, 1001, NULL, NULL, NULL, FALSE, NULL, NULL, NULL);
INSERT INTO options (id, verse_id, position, type, text, target_type, target_verse_dn, target_location_dn, requirement, result, hidden, once, condition_group, conditional_targets, children) VALUES (2997, 1382, 1, 'condition', 'Если у вас есть часть 9 достижения «Что плохо лежит».', 'end', NULL, NULL, NULL, 'Здесь больше ничего нет.  Исследование окончено.', NULL, FALSE, NULL, NULL, NULL);
INSERT INTO options (id, verse_id, position, type, text, target_type, target_verse_dn, target_location_dn, requirement, result, hidden, once, condition_group, conditional_targets, children) VALUES (2998, 1382, 2, 'choice', 'Взять шкатулку.', 'end', NULL, NULL, NULL, 'Получите 2 золота и 2 магии.  Получите часть 9 достижения «Что плохо лежит».  Исследование окончено.', NULL, FALSE, NULL, NULL, NULL);
INSERT INTO options (id, verse_id, position, type, text, target_type, target_verse_dn, target_location_dn, requirement, result, hidden, once, condition_group, conditional_targets, children) VALUES (2999, 1382, 3, 'choice', 'Уйти.', 'end', NULL, NULL, NULL, 'Исследование окончено.', NULL, FALSE, NULL, NULL, NULL);
INSERT INTO verses (id, location_id, display_number) VALUES (1383, 75, 497);
INSERT INTO options (id, verse_id, position, type, text, target_type, target_verse_dn, target_location_dn, requirement, result, hidden, once, condition_group, conditional_targets, children) VALUES (3000, 1383, 0, 'choice', 'Продолжить.', 'end', NULL, NULL, NULL, 'Получите 10 магии и 1 предмет Д.  Потеряйте 2 @Health@ и 8 @Energy@.   Получите часть 6 достижения «Страхи и напасти».  Исследование окончено.', NULL, FALSE, NULL, NULL, NULL);
INSERT INTO verses (id, location_id, display_number) VALUES (1384, 75, 498);
INSERT INTO options (id, verse_id, position, type, text, target_type, target_verse_dn, target_location_dn, requirement, result, hidden, once, condition_group, conditional_targets, children) VALUES (3001, 1384, 0, 'choice', 'Притвориться, что вы не знаете, о чём говорит янтарная царица.', 'verse', 477, NULL, NULL, NULL, NULL, FALSE, NULL, NULL, NULL);
INSERT INTO options (id, verse_id, position, type, text, target_type, target_verse_dn, target_location_dn, requirement, result, hidden, once, condition_group, conditional_targets, children) VALUES (3002, 1384, 1, 'choice', 'Признаться, что вы принесли в Жеремье янтарное яйцо, но оно уже вылупилось.', 'verse', 486, NULL, NULL, NULL, NULL, FALSE, NULL, NULL, NULL);
INSERT INTO verses (id, location_id, display_number) VALUES (1385, 75, 499);
INSERT INTO options (id, verse_id, position, type, text, target_type, target_verse_dn, target_location_dn, requirement, result, hidden, once, condition_group, conditional_targets, children) VALUES (3003, 1385, 0, 'choice', 'Продолжить.', 'end', NULL, NULL, NULL, 'Получите часть 10 достижения «Небольшая услуга».  Исследование окончено.', NULL, FALSE, NULL, NULL, NULL);
INSERT INTO verses (id, location_id, display_number) VALUES (1386, 75, 500);
INSERT INTO options (id, verse_id, position, type, text, target_type, target_verse_dn, target_location_dn, requirement, result, hidden, once, condition_group, conditional_targets, children) VALUES (3004, 1386, 0, 'condition', 'Если вы проходите главу 4, часть 4.', 'verse', 495, NULL, NULL, NULL, NULL, FALSE, NULL, NULL, NULL);
INSERT INTO options (id, verse_id, position, type, text, target_type, target_verse_dn, target_location_dn, requirement, result, hidden, once, condition_group, conditional_targets, children) VALUES (3005, 1386, 1, 'choice', 'Войти в город. Опасно соваться в древнюю столицу Клаудина без подмоги.', 'verse', 501, NULL, 'Нужны все персонажи.', NULL, NULL, FALSE, NULL, NULL, NULL);
INSERT INTO options (id, verse_id, position, type, text, target_type, target_verse_dn, target_location_dn, requirement, result, hidden, once, condition_group, conditional_targets, children) VALUES (3006, 1386, 2, 'choice', 'Уйти.', 'end', NULL, NULL, NULL, 'Исследование окончено.', NULL, FALSE, NULL, NULL, NULL);
INSERT INTO verses (id, location_id, display_number) VALUES (1387, 75, 501);
INSERT INTO options (id, verse_id, position, type, text, target_type, target_verse_dn, target_location_dn, requirement, result, hidden, once, condition_group, conditional_targets, children) VALUES (3007, 1387, 0, 'condition', 'Если у вас есть часть 2 достижения «Спутники».', 'verse', 502, NULL, NULL, NULL, NULL, FALSE, NULL, NULL, NULL);
INSERT INTO options (id, verse_id, position, type, text, target_type, target_verse_dn, target_location_dn, requirement, result, hidden, once, condition_group, conditional_targets, children) VALUES (3008, 1387, 1, 'condition', 'В противном случае.', 'cross_location', 1231, 1001, NULL, NULL, NULL, FALSE, NULL, NULL, NULL);
INSERT INTO verses (id, location_id, display_number) VALUES (1388, 75, 502);
INSERT INTO options (id, verse_id, position, type, text, target_type, target_verse_dn, target_location_dn, requirement, result, hidden, once, condition_group, conditional_targets, children) VALUES (3009, 1388, 0, 'choice', 'Углубиться дальше в город.', 'verse', 581, NULL, 'Только если вы проходите главу 3—4.', NULL, NULL, FALSE, NULL, NULL, NULL);
INSERT INTO options (id, verse_id, position, type, text, target_type, target_verse_dn, target_location_dn, requirement, result, hidden, once, condition_group, conditional_targets, children) VALUES (3010, 1388, 1, 'choice', 'Покинуть город.', 'end', NULL, NULL, NULL, 'Исследование окончено.', NULL, FALSE, NULL, NULL, NULL);
INSERT INTO verses (id, location_id, display_number) VALUES (1389, 75, 503);
INSERT INTO options (id, verse_id, position, type, text, target_type, target_verse_dn, target_location_dn, requirement, result, hidden, once, condition_group, conditional_targets, children) VALUES (3011, 1389, 0, 'choice', 'Продолжить.', 'end', NULL, NULL, NULL, 'Получите 1 одноразовый предмет «Дивосвеча» (если он доступен).  Каждый персонаж получает 1 опыт.  Исследование окончено.', NULL, FALSE, NULL, NULL, NULL);
INSERT INTO verses (id, location_id, display_number) VALUES (1390, 75, 504);
INSERT INTO options (id, verse_id, position, type, text, target_type, target_verse_dn, target_location_dn, requirement, result, hidden, once, condition_group, conditional_targets, children) VALUES (3012, 1390, 0, 'choice', 'Рассказать шерифу, что вы узнали.', 'verse', 514, NULL, 'Нужны хотя бы две части достижения «Семейные тайны».', NULL, NULL, FALSE, NULL, NULL, NULL);
INSERT INTO options (id, verse_id, position, type, text, target_type, target_verse_dn, target_location_dn, requirement, result, hidden, once, condition_group, conditional_targets, children) VALUES (3013, 1390, 1, 'choice', 'Оставить его в покое.', 'end', NULL, NULL, NULL, 'Исследование окончено.', NULL, FALSE, NULL, NULL, NULL);
INSERT INTO verses (id, location_id, display_number) VALUES (1391, 75, 505);
INSERT INTO options (id, verse_id, position, type, text, target_type, target_verse_dn, target_location_dn, requirement, result, hidden, once, condition_group, conditional_targets, children) VALUES (3014, 1391, 0, 'choice', 'Продолжить.', 'end', NULL, NULL, NULL, 'Исследование окончено.', NULL, FALSE, NULL, NULL, NULL);
INSERT INTO verses (id, location_id, display_number) VALUES (1392, 75, 506);
INSERT INTO options (id, verse_id, position, type, text, target_type, target_verse_dn, target_location_dn, requirement, result, hidden, once, condition_group, conditional_targets, children) VALUES (3015, 1392, 0, 'choice', 'Продолжить.', 'verse', 401, NULL, NULL, NULL, NULL, FALSE, NULL, NULL, NULL);
INSERT INTO verses (id, location_id, display_number) VALUES (1393, 75, 507);
INSERT INTO options (id, verse_id, position, type, text, target_type, target_verse_dn, target_location_dn, requirement, result, hidden, once, condition_group, conditional_targets, children) VALUES (3016, 1393, 0, 'choice', 'Продолжить.', 'verse', 559, NULL, NULL, NULL, NULL, FALSE, NULL, NULL, NULL);
INSERT INTO verses (id, location_id, display_number) VALUES (1394, 75, 508);
INSERT INTO options (id, verse_id, position, type, text, target_type, target_verse_dn, target_location_dn, requirement, result, hidden, once, condition_group, conditional_targets, children) VALUES (3017, 1394, 0, 'condition', 'Если у вас есть часть 6 достижения «Великие деяния».', 'verse', 510, NULL, NULL, NULL, NULL, FALSE, NULL, NULL, NULL);
INSERT INTO options (id, verse_id, position, type, text, target_type, target_verse_dn, target_location_dn, requirement, result, hidden, once, condition_group, conditional_targets, children) VALUES (3018, 1394, 1, 'choice', 'Продолжить.', 'end', NULL, NULL, NULL, 'Каждый член команды получает столько @Terror@, сколько у него очков @Empathy@.  Исследование окончено.', NULL, FALSE, NULL, NULL, NULL);
INSERT INTO verses (id, location_id, display_number) VALUES (1395, 75, 509);
INSERT INTO options (id, verse_id, position, type, text, target_type, target_verse_dn, target_location_dn, requirement, result, hidden, once, condition_group, conditional_targets, children) VALUES (3019, 1395, 0, 'condition', 'Если у вас есть часть 8 достижения «Странные уроки».', 'verse', 535, NULL, NULL, 'Получите часть 7 достижения «Странные уроки».', NULL, FALSE, NULL, NULL, NULL);
INSERT INTO options (id, verse_id, position, type, text, target_type, target_verse_dn, target_location_dn, requirement, result, hidden, once, condition_group, conditional_targets, children) VALUES (3020, 1395, 1, 'condition', 'В противном случае.', 'cross_location', 1232, 1001, NULL, 'Получите часть 7 достижения «Странные уроки».', NULL, FALSE, NULL, NULL, NULL);
INSERT INTO verses (id, location_id, display_number) VALUES (1396, 75, 510);
INSERT INTO options (id, verse_id, position, type, text, target_type, target_verse_dn, target_location_dn, requirement, result, hidden, once, condition_group, conditional_targets, children) VALUES (3021, 1396, 0, 'choice', 'Продолжить.', 'end', NULL, NULL, NULL, 'Если у вас нет части 3 достижения «Трофеи искаженья», получите 1 золото и 1 еду. Затем получите часть 3 достижения «Трофеи искаженья».  Исследование окончено.', NULL, FALSE, NULL, NULL, NULL);
INSERT INTO verses (id, location_id, display_number) VALUES (1397, 75, 511);
INSERT INTO options (id, verse_id, position, type, text, target_type, target_verse_dn, target_location_dn, requirement, result, hidden, once, condition_group, conditional_targets, children) VALUES (3022, 1397, 0, 'choice', 'Продолжить.', 'verse', 401, NULL, NULL, NULL, NULL, FALSE, NULL, NULL, NULL);
INSERT INTO verses (id, location_id, display_number) VALUES (1398, 75, 512);
INSERT INTO options (id, verse_id, position, type, text, target_type, target_verse_dn, target_location_dn, requirement, result, hidden, once, condition_group, conditional_targets, children) VALUES (3023, 1398, 0, 'condition', 'Если у вас есть часть 1 достижения «Древние знания».', 'verse', 539, NULL, NULL, NULL, NULL, FALSE, NULL, NULL, NULL);
INSERT INTO options (id, verse_id, position, type, text, target_type, target_verse_dn, target_location_dn, requirement, result, hidden, once, condition_group, conditional_targets, children) VALUES (3024, 1398, 1, 'choice', '1 @Energy@ Разобрать камни.', 'verse', 537, NULL, NULL, NULL, NULL, FALSE, NULL, NULL, NULL);
INSERT INTO options (id, verse_id, position, type, text, target_type, target_verse_dn, target_location_dn, requirement, result, hidden, once, condition_group, conditional_targets, children) VALUES (3025, 1398, 2, 'choice', 'Сказать Кендрику, что он бестелесный призрак и поэтому не может поднять камни.', 'verse', 524, NULL, NULL, NULL, NULL, FALSE, NULL, NULL, NULL);
INSERT INTO options (id, verse_id, position, type, text, target_type, target_verse_dn, target_location_dn, requirement, result, hidden, once, condition_group, conditional_targets, children) VALUES (3026, 1398, 3, 'choice', 'Уйти.', 'end', NULL, NULL, NULL, 'Исследование окончено.', NULL, FALSE, NULL, NULL, NULL);
INSERT INTO verses (id, location_id, display_number) VALUES (1399, 75, 513);
INSERT INTO options (id, verse_id, position, type, text, target_type, target_verse_dn, target_location_dn, requirement, result, hidden, once, condition_group, conditional_targets, children) VALUES (3027, 1399, 0, 'condition', 'Если у вас есть часть 5 достижения «Дипломат».', 'verse', 545, NULL, NULL, NULL, NULL, FALSE, NULL, NULL, NULL);
INSERT INTO options (id, verse_id, position, type, text, target_type, target_verse_dn, target_location_dn, requirement, result, hidden, once, condition_group, conditional_targets, children) VALUES (3028, 1399, 1, 'choice', 'Продолжить.', 'verse', 517, NULL, NULL, 'Получите 1 предмет Б.  Получите одну часть достижения «Улицы Сурлузы» и часть 5 достижения «Дипломат».', NULL, FALSE, NULL, NULL, NULL);
INSERT INTO verses (id, location_id, display_number) VALUES (1400, 75, 514);
INSERT INTO options (id, verse_id, position, type, text, target_type, target_verse_dn, target_location_dn, requirement, result, hidden, once, condition_group, conditional_targets, children) VALUES (3029, 1400, 0, 'condition', 'Если у вас есть часть 2 достижения «Королевские похороны».', 'verse', 547, NULL, NULL, NULL, NULL, FALSE, NULL, NULL, NULL);
INSERT INTO options (id, verse_id, position, type, text, target_type, target_verse_dn, target_location_dn, requirement, result, hidden, once, condition_group, conditional_targets, children) VALUES (3030, 1400, 1, 'condition', 'Если у вас есть часть 3 достижения «Королевские похороны».', 'verse', 549, NULL, NULL, NULL, NULL, FALSE, NULL, NULL, NULL);
INSERT INTO options (id, verse_id, position, type, text, target_type, target_verse_dn, target_location_dn, requirement, result, hidden, once, condition_group, conditional_targets, children) VALUES (3031, 1400, 2, 'choice', 'Продолжить.', 'end', NULL, NULL, NULL, 'Получите часть 2 достижения «Семейные тайны».  Исследование окончено.', NULL, FALSE, NULL, NULL, NULL);
INSERT INTO verses (id, location_id, display_number) VALUES (1401, 75, 515);
INSERT INTO options (id, verse_id, position, type, text, target_type, target_verse_dn, target_location_dn, requirement, result, hidden, once, condition_group, conditional_targets, children) VALUES (3032, 1401, 0, 'choice', 'Продолжить.', 'verse', 407, NULL, NULL, NULL, NULL, FALSE, NULL, NULL, NULL);
INSERT INTO verses (id, location_id, display_number) VALUES (1402, 75, 516);
INSERT INTO options (id, verse_id, position, type, text, target_type, target_verse_dn, target_location_dn, requirement, result, hidden, once, condition_group, conditional_targets, children) VALUES (3033, 1402, 0, 'choice', 'Сообщить ему, что вы недавно пришли с перевала Короля.', 'verse', 529, NULL, NULL, 'Получите одну часть достижения «Карта болота».', NULL, FALSE, NULL, NULL, NULL);
INSERT INTO options (id, verse_id, position, type, text, target_type, target_verse_dn, target_location_dn, requirement, result, hidden, once, condition_group, conditional_targets, children) VALUES (3034, 1402, 1, 'choice', 'Сообщить ему, что вы выросли в небольшой деревеньке неподалёку от замка Лотиан.', 'verse', 543, NULL, NULL, 'Получите одну часть достижения «Карта болота».', NULL, FALSE, NULL, NULL, NULL);
INSERT INTO verses (id, location_id, display_number) VALUES (1403, 75, 517);
INSERT INTO options (id, verse_id, position, type, text, target_type, target_verse_dn, target_location_dn, requirement, result, hidden, once, condition_group, conditional_targets, children) VALUES (3035, 1403, 0, 'choice', '1 @Energy@ Углубиться дальше в город.', 'verse', 560, NULL, NULL, NULL, NULL, FALSE, NULL, NULL, NULL);
INSERT INTO options (id, verse_id, position, type, text, target_type, target_verse_dn, target_location_dn, requirement, result, hidden, once, condition_group, conditional_targets, children) VALUES (3036, 1403, 1, 'choice', '1 @Energy@ Обыскать храм слева.', 'verse', 513, NULL, NULL, NULL, NULL, FALSE, NULL, NULL, NULL);
INSERT INTO options (id, verse_id, position, type, text, target_type, target_verse_dn, target_location_dn, requirement, result, hidden, once, condition_group, conditional_targets, children) VALUES (3037, 1403, 2, 'choice', '1 @Energy@ Обыскать храм справа.', 'verse', 519, NULL, NULL, NULL, NULL, FALSE, NULL, NULL, NULL);
INSERT INTO options (id, verse_id, position, type, text, target_type, target_verse_dn, target_location_dn, requirement, result, hidden, once, condition_group, conditional_targets, children) VALUES (3038, 1403, 3, 'choice', 'Покинуть город.', 'end', NULL, NULL, NULL, 'Исследование окончено.', NULL, FALSE, NULL, NULL, NULL);
INSERT INTO verses (id, location_id, display_number) VALUES (1404, 75, 518);
INSERT INTO options (id, verse_id, position, type, text, target_type, target_verse_dn, target_location_dn, requirement, result, hidden, once, condition_group, conditional_targets, children) VALUES (3039, 1404, 0, 'condition', 'Если вы проходите главу 9А.', 'cross_location', 1016, 1001, NULL, 'Получите часть 9 достижения «Личные дела».', NULL, FALSE, NULL, NULL, NULL);
INSERT INTO options (id, verse_id, position, type, text, target_type, target_verse_dn, target_location_dn, requirement, result, hidden, once, condition_group, conditional_targets, children) VALUES (3040, 1404, 1, 'condition', 'В противном случае', 'verse', 503, NULL, NULL, 'Получите часть 9 достижения «Личные дела».', NULL, FALSE, NULL, NULL, NULL);
INSERT INTO verses (id, location_id, display_number) VALUES (1405, 75, 519);
INSERT INTO options (id, verse_id, position, type, text, target_type, target_verse_dn, target_location_dn, requirement, result, hidden, once, condition_group, conditional_targets, children) VALUES (3041, 1405, 0, 'condition', 'Если у вас есть части 1 и 2 достижения «Древние знания».', 'verse', 541, NULL, NULL, NULL, NULL, FALSE, NULL, NULL, NULL);
INSERT INTO options (id, verse_id, position, type, text, target_type, target_verse_dn, target_location_dn, requirement, result, hidden, once, condition_group, conditional_targets, children) VALUES (3042, 1405, 1, 'condition', 'В противном случае.', 'verse', 517, NULL, NULL, NULL, NULL, FALSE, NULL, NULL, NULL);
INSERT INTO verses (id, location_id, display_number) VALUES (1406, 75, 520);
INSERT INTO options (id, verse_id, position, type, text, target_type, target_verse_dn, target_location_dn, requirement, result, hidden, once, condition_group, conditional_targets, children) VALUES (3043, 1406, 0, 'condition', 'Спросить древомудров, почему Венеда их изуродовала. Возможно, теперь они не станут молчать.', 'cross_location', 891, 1001, NULL, NULL, NULL, FALSE, NULL, NULL, NULL);
INSERT INTO options (id, verse_id, position, type, text, target_type, target_verse_dn, target_location_dn, requirement, result, hidden, once, condition_group, conditional_targets, children) VALUES (3044, 1406, 1, 'condition', 'Уйти.', 'end', NULL, NULL, NULL, 'Исследование окончено.', NULL, FALSE, NULL, NULL, NULL);
INSERT INTO verses (id, location_id, display_number) VALUES (1407, 75, 521);
INSERT INTO options (id, verse_id, position, type, text, target_type, target_verse_dn, target_location_dn, requirement, result, hidden, once, condition_group, conditional_targets, children) VALUES (3045, 1407, 0, 'condition', 'Если у вас есть часть 8 достижения «Небольшая услуга».', 'cross_location', 1233, 1001, NULL, NULL, NULL, FALSE, NULL, NULL, NULL);
INSERT INTO options (id, verse_id, position, type, text, target_type, target_verse_dn, target_location_dn, requirement, result, hidden, once, condition_group, conditional_targets, children) VALUES (3046, 1407, 1, 'condition', 'Если у вас есть часть 6 достижения «Небольшая услуга».', 'cross_location', 1234, 1001, NULL, NULL, NULL, FALSE, NULL, NULL, NULL);
INSERT INTO options (id, verse_id, position, type, text, target_type, target_verse_dn, target_location_dn, requirement, result, hidden, once, condition_group, conditional_targets, children) VALUES (3047, 1407, 2, 'condition', 'В противном случае.', 'verse', 515, NULL, NULL, NULL, NULL, FALSE, NULL, NULL, NULL);
INSERT INTO verses (id, location_id, display_number) VALUES (1408, 75, 522);
INSERT INTO options (id, verse_id, position, type, text, target_type, target_verse_dn, target_location_dn, requirement, result, hidden, once, condition_group, conditional_targets, children) VALUES (3048, 1408, 0, 'condition', '1—6.', 'verse', 523, NULL, NULL, 'Долгие поиски не принесли результата. Вам пришлось признать поражение.', NULL, FALSE, NULL, NULL, NULL);
INSERT INTO options (id, verse_id, position, type, text, target_type, target_verse_dn, target_location_dn, requirement, result, hidden, once, condition_group, conditional_targets, children) VALUES (3049, 1408, 1, 'condition', '≥7.', 'verse', 158, NULL, NULL, 'Вы нашли кое-что интересное!', NULL, FALSE, NULL, NULL, NULL);
INSERT INTO verses (id, location_id, display_number) VALUES (1409, 75, 523);
INSERT INTO options (id, verse_id, position, type, text, target_type, target_verse_dn, target_location_dn, requirement, result, hidden, once, condition_group, conditional_targets, children) VALUES (3050, 1409, 0, 'choice', 'Продолжить.', 'verse', 407, NULL, NULL, NULL, NULL, FALSE, NULL, NULL, NULL);
INSERT INTO verses (id, location_id, display_number) VALUES (1410, 75, 524);
INSERT INTO options (id, verse_id, position, type, text, target_type, target_verse_dn, target_location_dn, requirement, result, hidden, once, condition_group, conditional_targets, children) VALUES (3051, 1410, 0, 'choice', '1 @Energy@ Разобрать камни.', 'verse', 537, NULL, NULL, 'Каждый член команды либо теряет 1 @Health@, либо получает 1 @Terror@.', NULL, FALSE, NULL, NULL, NULL);
INSERT INTO options (id, verse_id, position, type, text, target_type, target_verse_dn, target_location_dn, requirement, result, hidden, once, condition_group, conditional_targets, children) VALUES (3052, 1410, 1, 'choice', 'Уйти.', 'end', NULL, NULL, NULL, 'Каждый член команды либо теряет 1 @Health@, либо получает 1 @Terror@.  Исследование окончено.', NULL, FALSE, NULL, NULL, NULL);
INSERT INTO verses (id, location_id, display_number) VALUES (1411, 75, 525);
INSERT INTO verses (id, location_id, display_number) VALUES (1412, 75, 526);
INSERT INTO options (id, verse_id, position, type, text, target_type, target_verse_dn, target_location_dn, requirement, result, hidden, once, condition_group, conditional_targets, children) VALUES (3053, 1412, 0, 'choice', 'Продолжить.', 'end', NULL, NULL, NULL, 'Исследование окончено.', NULL, FALSE, NULL, NULL, NULL);
INSERT INTO verses (id, location_id, display_number) VALUES (1413, 75, 527);
INSERT INTO options (id, verse_id, position, type, text, target_type, target_verse_dn, target_location_dn, requirement, result, hidden, once, condition_group, conditional_targets, children) VALUES (3054, 1413, 0, 'condition', 'Если у вас есть часть 2 достижения «Свобода» и нет части 5 достижения «Бессердечность».', 'verse', 561, NULL, NULL, NULL, NULL, FALSE, NULL, NULL, NULL);
INSERT INTO options (id, verse_id, position, type, text, target_type, target_verse_dn, target_location_dn, requirement, result, hidden, once, condition_group, conditional_targets, children) VALUES (3055, 1413, 1, 'condition', 'В противном случае.', 'verse', 551, NULL, NULL, NULL, NULL, FALSE, NULL, NULL, NULL);
INSERT INTO verses (id, location_id, display_number) VALUES (1414, 75, 528);
INSERT INTO options (id, verse_id, position, type, text, target_type, target_verse_dn, target_location_dn, requirement, result, hidden, once, condition_group, conditional_targets, children) VALUES (3056, 1414, 0, 'choice', 'Позволить Кендрику присоединиться к вам.', 'verse', 270, NULL, NULL, 'Каждый член команды либо теряет 1 @Health@, либо получает 1 @Terror@.', NULL, FALSE, NULL, NULL, NULL);
INSERT INTO options (id, verse_id, position, type, text, target_type, target_verse_dn, target_location_dn, requirement, result, hidden, once, condition_group, conditional_targets, children) VALUES (3057, 1414, 1, 'choice', 'Уйти. Если вы когда-нибудь передумаете, то сможете снова найти его в Сурлузе.', 'end', NULL, NULL, NULL, 'Каждый член команды либо теряет 1 @Health@, либо получает 1 @Terror@.  Исследование окончено.', NULL, FALSE, NULL, NULL, NULL);
INSERT INTO verses (id, location_id, display_number) VALUES (1415, 75, 529);
INSERT INTO options (id, verse_id, position, type, text, target_type, target_verse_dn, target_location_dn, requirement, result, hidden, once, condition_group, conditional_targets, children) VALUES (3058, 1415, 0, 'choice', 'Сказать им, что из всей королевской семьи только Скорбные близнецы не таят злые помыслы.', 'verse', 507, NULL, NULL, 'Получите одну часть достижения «Карта болота».', NULL, FALSE, NULL, NULL, NULL);
INSERT INTO options (id, verse_id, position, type, text, target_type, target_verse_dn, target_location_dn, requirement, result, hidden, once, condition_group, conditional_targets, children) VALUES (3059, 1415, 1, 'choice', 'Сказать им, что вам симпатичен Аэд.', 'cross_location', 619, 1001, NULL, 'Получите одну часть достижения «Карта болота».', NULL, FALSE, NULL, NULL, NULL);
INSERT INTO verses (id, location_id, display_number) VALUES (1416, 75, 530);
INSERT INTO options (id, verse_id, position, type, text, target_type, target_verse_dn, target_location_dn, requirement, result, hidden, once, condition_group, conditional_targets, children) VALUES (3060, 1416, 0, 'choice', 'Продолжить.', 'verse', 534, NULL, NULL, NULL, NULL, FALSE, NULL, NULL, NULL);
INSERT INTO verses (id, location_id, display_number) VALUES (1417, 75, 531);
INSERT INTO options (id, verse_id, position, type, text, target_type, target_verse_dn, target_location_dn, requirement, result, hidden, once, condition_group, conditional_targets, children) VALUES (3061, 1417, 0, 'choice', 'Продолжить.', 'verse', 560, NULL, NULL, 'Каждый член команды получает 2 @Terror@ (–1 за каждое очко своей @Courage@).', NULL, FALSE, NULL, NULL, NULL);
INSERT INTO verses (id, location_id, display_number) VALUES (1418, 75, 532);
INSERT INTO options (id, verse_id, position, type, text, target_type, target_verse_dn, target_location_dn, requirement, result, hidden, once, condition_group, conditional_targets, children) VALUES (3062, 1418, 0, 'choice', '1 @Energy@ Почитать об истории Клаудина Непосвящённого.', 'verse', 557, NULL, NULL, NULL, NULL, FALSE, NULL, NULL, NULL);
INSERT INTO options (id, verse_id, position, type, text, target_type, target_verse_dn, target_location_dn, requirement, result, hidden, once, condition_group, conditional_targets, children) VALUES (3063, 1418, 1, 'choice', 'Подойти к архивариусу.', 'verse', 433, NULL, NULL, NULL, NULL, FALSE, NULL, NULL, NULL);
INSERT INTO options (id, verse_id, position, type, text, target_type, target_verse_dn, target_location_dn, requirement, result, hidden, once, condition_group, conditional_targets, children) VALUES (3064, 1418, 2, 'choice', 'Покинуть архив.', 'verse', 560, NULL, NULL, NULL, NULL, FALSE, NULL, NULL, NULL);
INSERT INTO verses (id, location_id, display_number) VALUES (1419, 75, 533);
INSERT INTO options (id, verse_id, position, type, text, target_type, target_verse_dn, target_location_dn, requirement, result, hidden, once, condition_group, conditional_targets, children) VALUES (3065, 1419, 0, 'choice', 'Продолжить.', 'end', NULL, NULL, NULL, 'Получите часть 5 достижения «Осведомитель».  Исследование окончено.', NULL, FALSE, NULL, NULL, NULL);
INSERT INTO verses (id, location_id, display_number) VALUES (1420, 75, 534);
INSERT INTO options (id, verse_id, position, type, text, target_type, target_verse_dn, target_location_dn, requirement, result, hidden, once, condition_group, conditional_targets, children) VALUES (3066, 1420, 0, 'choice', 'Продолжить.', 'end', NULL, NULL, NULL, 'Исследование окончено.', NULL, FALSE, NULL, NULL, NULL);
INSERT INTO verses (id, location_id, display_number) VALUES (1421, 75, 535);
INSERT INTO options (id, verse_id, position, type, text, target_type, target_verse_dn, target_location_dn, requirement, result, hidden, once, condition_group, conditional_targets, children) VALUES (3067, 1421, 0, 'choice', 'Продолжить.', 'end', NULL, NULL, NULL, 'Если у вас нет части 9 достижения «Страхи и напасти», каждый персонаж получает 1 опыт. Получите часть 9 достижения «Страхи и напасти».  Исследование окончено.', NULL, FALSE, NULL, NULL, NULL);
INSERT INTO verses (id, location_id, display_number) VALUES (1422, 75, 536);
INSERT INTO options (id, verse_id, position, type, text, target_type, target_verse_dn, target_location_dn, requirement, result, hidden, once, condition_group, conditional_targets, children) VALUES (3068, 1422, 0, 'choice', 'Вырваться из толпы.', 'verse', 544, NULL, NULL, NULL, NULL, FALSE, NULL, NULL, NULL);
INSERT INTO options (id, verse_id, position, type, text, target_type, target_verse_dn, target_location_dn, requirement, result, hidden, once, condition_group, conditional_targets, children) VALUES (3069, 1422, 1, 'choice', 'Сдаться и последовать за толпой.', 'verse', 531, NULL, NULL, NULL, NULL, FALSE, NULL, NULL, NULL);
INSERT INTO verses (id, location_id, display_number) VALUES (1423, 75, 537);
INSERT INTO options (id, verse_id, position, type, text, target_type, target_verse_dn, target_location_dn, requirement, result, hidden, once, condition_group, conditional_targets, children) VALUES (3070, 1423, 0, 'choice', 'Продолжить.', 'verse', 539, NULL, NULL, 'Получите часть 1 достижения «Древние знания».  Получите одну часть достижения «Улицы Сурлузы».', NULL, FALSE, NULL, NULL, NULL);
INSERT INTO verses (id, location_id, display_number) VALUES (1424, 75, 538);
INSERT INTO options (id, verse_id, position, type, text, target_type, target_verse_dn, target_location_dn, requirement, result, hidden, once, condition_group, conditional_targets, children) VALUES (3071, 1424, 0, 'choice', 'Продолжить.', 'verse', 546, NULL, NULL, NULL, NULL, FALSE, NULL, NULL, NULL);
INSERT INTO verses (id, location_id, display_number) VALUES (1425, 75, 539);
INSERT INTO options (id, verse_id, position, type, text, target_type, target_verse_dn, target_location_dn, requirement, result, hidden, once, condition_group, conditional_targets, children) VALUES (3072, 1425, 0, 'condition', 'Если вы проходите главу 4—10.', 'verse', 264, NULL, NULL, NULL, NULL, FALSE, NULL, NULL, NULL);
INSERT INTO options (id, verse_id, position, type, text, target_type, target_verse_dn, target_location_dn, requirement, result, hidden, once, condition_group, conditional_targets, children) VALUES (3073, 1425, 1, 'choice', 'Продолжить.', 'verse', 501, NULL, NULL, NULL, NULL, FALSE, NULL, NULL, NULL);
INSERT INTO verses (id, location_id, display_number) VALUES (1426, 75, 540);
INSERT INTO options (id, verse_id, position, type, text, target_type, target_verse_dn, target_location_dn, requirement, result, hidden, once, condition_group, conditional_targets, children) VALUES (3074, 1426, 0, 'condition', 'Если в этой локации есть @LightTT@.', 'end', NULL, NULL, NULL, 'Патруль вас не заметил.  Исследование окончено.', NULL, FALSE, NULL, NULL, NULL);
INSERT INTO options (id, verse_id, position, type, text, target_type, target_verse_dn, target_location_dn, requirement, result, hidden, once, condition_group, conditional_targets, children) VALUES (3075, 1426, 1, 'choice', 'Подойти к призракам.', 'verse', 542, NULL, NULL, NULL, NULL, FALSE, NULL, NULL, NULL);
INSERT INTO options (id, verse_id, position, type, text, target_type, target_verse_dn, target_location_dn, requirement, result, hidden, once, condition_group, conditional_targets, children) VALUES (3076, 1426, 2, 'choice', 'Уйти.', 'end', NULL, NULL, NULL, 'Исследование окончено.', NULL, FALSE, NULL, NULL, NULL);
INSERT INTO verses (id, location_id, display_number) VALUES (1427, 75, 541);
INSERT INTO options (id, verse_id, position, type, text, target_type, target_verse_dn, target_location_dn, requirement, result, hidden, once, condition_group, conditional_targets, children) VALUES (3077, 1427, 0, 'choice', 'Сражаться.', 'cross_location', 1261, 1001, NULL, NULL, NULL, FALSE, NULL, NULL, NULL);
INSERT INTO options (id, verse_id, position, type, text, target_type, target_verse_dn, target_location_dn, requirement, result, hidden, once, condition_group, conditional_targets, children) VALUES (3078, 1427, 1, 'choice', 'Убедить рыцаря, что ваша цель — передать сокровища их законному наследнику.', 'cross_location', 1262, 1001, NULL, NULL, NULL, FALSE, NULL, NULL, NULL);
INSERT INTO options (id, verse_id, position, type, text, target_type, target_verse_dn, target_location_dn, requirement, result, hidden, once, condition_group, conditional_targets, children) VALUES (3079, 1427, 2, 'choice', 'Покинуть сокровищницу.', 'verse', 517, NULL, NULL, NULL, NULL, FALSE, NULL, NULL, NULL);
INSERT INTO verses (id, location_id, display_number) VALUES (1428, 75, 542);
INSERT INTO options (id, verse_id, position, type, text, target_type, target_verse_dn, target_location_dn, requirement, result, hidden, once, condition_group, conditional_targets, children) VALUES (3080, 1428, 0, 'condition', 'Если у вас есть хотя бы четыре части достижения «Карта болота».', 'verse', 526, NULL, NULL, NULL, NULL, FALSE, NULL, NULL, NULL);
INSERT INTO options (id, verse_id, position, type, text, target_type, target_verse_dn, target_location_dn, requirement, result, hidden, once, condition_group, conditional_targets, children) VALUES (3081, 1428, 1, 'choice', 'Сказать ему, что в королевской семье произошло убийство и Додин не смог покинуть замок.', 'verse', 559, NULL, NULL, NULL, NULL, FALSE, NULL, NULL, NULL);
INSERT INTO options (id, verse_id, position, type, text, target_type, target_verse_dn, target_location_dn, requirement, result, hidden, once, condition_group, conditional_targets, children) VALUES (3082, 1428, 2, 'choice', 'Сказать ему, что Додин лежит в похмелье, и вы здесь вместо него.', 'verse', 516, NULL, NULL, NULL, NULL, FALSE, NULL, NULL, NULL);
INSERT INTO verses (id, location_id, display_number) VALUES (1429, 75, 543);
INSERT INTO options (id, verse_id, position, type, text, target_type, target_verse_dn, target_location_dn, requirement, result, hidden, once, condition_group, conditional_targets, children) VALUES (3083, 1429, 0, 'choice', 'Продолжить.', 'verse', 559, NULL, NULL, NULL, NULL, FALSE, NULL, NULL, NULL);
INSERT INTO verses (id, location_id, display_number) VALUES (1430, 75, 544);
INSERT INTO options (id, verse_id, position, type, text, target_type, target_verse_dn, target_location_dn, requirement, result, hidden, once, condition_group, conditional_targets, children) VALUES (3084, 1430, 0, 'choice', 'Продолжить.', 'verse', 545, NULL, NULL, NULL, NULL, FALSE, NULL, NULL, NULL);
INSERT INTO verses (id, location_id, display_number) VALUES (1431, 75, 545);
INSERT INTO options (id, verse_id, position, type, text, target_type, target_verse_dn, target_location_dn, requirement, result, hidden, once, condition_group, conditional_targets, children) VALUES (3085, 1431, 0, 'choice', 'Продолжить.', 'end', NULL, NULL, NULL, 'Найдите секретную карту встречи 205 «Жители Сурлузы» (зелёная). Поместите на эту карту 1 @QuestToken@ (+1 @QuestToken@ за члена команды). Затем проведите встречу.  Если на карте «Жители Сурлузы» не осталось @QuestToken@, вы побеждаете в этой встрече и получаете добычу. Вне зависимости от итога встречи исследование окончено.', NULL, FALSE, NULL, NULL, NULL);
INSERT INTO verses (id, location_id, display_number) VALUES (1432, 75, 546);
INSERT INTO options (id, verse_id, position, type, text, target_type, target_verse_dn, target_location_dn, requirement, result, hidden, once, condition_group, conditional_targets, children) VALUES (3086, 1432, 0, 'condition', 'Нажмите сюда, если хотите увидеть подсказку.', 'verse', 546, NULL, NULL, 'Подсказка: ваша цель находится далеко, и по пути туда может многое случиться. Убедитесь, что у вас достаточно провизии и ресурсов, либо запаситесь ими по дороге.', NULL, FALSE, NULL, NULL, NULL);
INSERT INTO options (id, verse_id, position, type, text, target_type, target_verse_dn, target_location_dn, requirement, result, hidden, once, condition_group, conditional_targets, children) VALUES (3087, 1432, 1, 'condition', 'Нажмите сюда, если хотите увидеть подсказку.', 'verse', 546, NULL, 'Только если у вас есть синий светофильтр.', 'Подсказка:: теперь у вас есть синий осколок искажень-стекла, и в некоторых локациях, в которых вы уже побывали, вам стали доступны новые взаимодействия.', NULL, FALSE, NULL, NULL, NULL);
INSERT INTO options (id, verse_id, position, type, text, target_type, target_verse_dn, target_location_dn, requirement, result, hidden, once, condition_group, conditional_targets, children) VALUES (3088, 1432, 2, 'choice', 'Продолжить.', 'end', NULL, NULL, NULL, 'Исследование окончено.', NULL, FALSE, NULL, NULL, NULL);
INSERT INTO verses (id, location_id, display_number) VALUES (1433, 75, 547);
INSERT INTO options (id, verse_id, position, type, text, target_type, target_verse_dn, target_location_dn, requirement, result, hidden, once, condition_group, conditional_targets, children) VALUES (3089, 1433, 0, 'choice', 'Продолжить.', 'end', NULL, NULL, NULL, 'Получите часть 2 достижения «Семейные тайны».  Исследование окончено.', NULL, FALSE, NULL, NULL, NULL);
INSERT INTO verses (id, location_id, display_number) VALUES (1434, 75, 548);
INSERT INTO options (id, verse_id, position, type, text, target_type, target_verse_dn, target_location_dn, requirement, result, hidden, once, condition_group, conditional_targets, children) VALUES (3090, 1434, 0, 'choice', 'Напомнить ей про раба, которого она послала вас найти.', 'verse', 527, NULL, NULL, NULL, NULL, FALSE, NULL, NULL, NULL);
INSERT INTO options (id, verse_id, position, type, text, target_type, target_verse_dn, target_location_dn, requirement, result, hidden, once, condition_group, conditional_targets, children) VALUES (3091, 1434, 1, 'choice', 'Обойти эту тему и рассказать Октавии про Нония.', 'end', NULL, NULL, NULL, 'Выслушав вас, она решила, что вы должны повторить свой рассказ перед сенатом.  Выберите секрет 530 на главном экране.', NULL, FALSE, NULL, NULL, NULL);
INSERT INTO verses (id, location_id, display_number) VALUES (1435, 75, 549);
INSERT INTO options (id, verse_id, position, type, text, target_type, target_verse_dn, target_location_dn, requirement, result, hidden, once, condition_group, conditional_targets, children) VALUES (3092, 1435, 0, 'choice', 'Продолжить.', 'end', NULL, NULL, NULL, 'Получите часть 2 достижения «Семейные тайны».  Исследование окончено.', NULL, FALSE, NULL, NULL, NULL);
INSERT INTO verses (id, location_id, display_number) VALUES (1436, 75, 550);
INSERT INTO options (id, verse_id, position, type, text, target_type, target_verse_dn, target_location_dn, requirement, result, hidden, once, condition_group, conditional_targets, children) VALUES (3093, 1436, 0, 'choice', 'Продолжить.', 'end', NULL, NULL, NULL, 'Исследование окончено.', NULL, FALSE, NULL, NULL, NULL);
INSERT INTO verses (id, location_id, display_number) VALUES (1437, 75, 551);
INSERT INTO options (id, verse_id, position, type, text, target_type, target_verse_dn, target_location_dn, requirement, result, hidden, once, condition_group, conditional_targets, children) VALUES (3094, 1437, 0, 'choice', 'Продолжить.', 'verse', 530, NULL, NULL, 'Получите 4 золота.', NULL, FALSE, NULL, NULL, NULL);
INSERT INTO verses (id, location_id, display_number) VALUES (1438, 75, 552);
INSERT INTO options (id, verse_id, position, type, text, target_type, target_verse_dn, target_location_dn, requirement, result, hidden, once, condition_group, conditional_targets, children) VALUES (3095, 1438, 0, 'choice', 'Продолжить.', 'verse', 554, NULL, NULL, NULL, NULL, FALSE, NULL, NULL, NULL);
INSERT INTO verses (id, location_id, display_number) VALUES (1439, 75, 553);
INSERT INTO options (id, verse_id, position, type, text, target_type, target_verse_dn, target_location_dn, requirement, result, hidden, once, condition_group, conditional_targets, children) VALUES (3096, 1439, 0, 'condition', 'Нажмите сюда, если хотите увидеть подсказку.', 'verse', 553, NULL, NULL, 'Подсказка: если на каком-то этапе поиска вы решите, что потеряли шанс разыскать янтарную тварь, вернитесь к Валеске, чтобы получить другое задание.', NULL, FALSE, NULL, NULL, NULL);
INSERT INTO options (id, verse_id, position, type, text, target_type, target_verse_dn, target_location_dn, requirement, result, hidden, once, condition_group, conditional_targets, children) VALUES (3097, 1439, 1, 'choice', 'Продолжить.', 'verse', 558, NULL, NULL, NULL, NULL, FALSE, NULL, NULL, NULL);
INSERT INTO verses (id, location_id, display_number) VALUES (1440, 75, 554);
INSERT INTO options (id, verse_id, position, type, text, target_type, target_verse_dn, target_location_dn, requirement, result, hidden, once, condition_group, conditional_targets, children) VALUES (3098, 1440, 0, 'choice', 'Отогнать янтарную тварь. Вы не записывались в няньки древнему чудовищу.', 'verse', 562, NULL, NULL, NULL, NULL, FALSE, NULL, NULL, NULL);
INSERT INTO options (id, verse_id, position, type, text, target_type, target_verse_dn, target_location_dn, requirement, result, hidden, once, condition_group, conditional_targets, children) VALUES (3099, 1440, 1, 'choice', 'Подойти поближе.', 'verse', 564, NULL, NULL, NULL, NULL, FALSE, NULL, NULL, NULL);
INSERT INTO options (id, verse_id, position, type, text, target_type, target_verse_dn, target_location_dn, requirement, result, hidden, once, condition_group, conditional_targets, children) VALUES (3100, 1440, 2, 'choice', 'Сесть на землю и подождать.', 'verse', 568, NULL, NULL, NULL, NULL, FALSE, NULL, NULL, NULL);
INSERT INTO verses (id, location_id, display_number) VALUES (1441, 75, 555);
INSERT INTO options (id, verse_id, position, type, text, target_type, target_verse_dn, target_location_dn, requirement, result, hidden, once, condition_group, conditional_targets, children) VALUES (3101, 1441, 0, 'choice', 'Продолжить.', 'end', NULL, NULL, NULL, 'Получите часть 5 достижения «Свобода» и часть 7 достижения «Народный герой».  Исследование окончено.', NULL, FALSE, NULL, NULL, NULL);
INSERT INTO verses (id, location_id, display_number) VALUES (1442, 75, 556);
INSERT INTO options (id, verse_id, position, type, text, target_type, target_verse_dn, target_location_dn, requirement, result, hidden, once, condition_group, conditional_targets, children) VALUES (3102, 1442, 0, 'choice', 'Продолжить.', 'end', NULL, NULL, NULL, 'Поздравляем! Вы освоили новое действие боя. Получите секретную карту 118 (карта боя «Поставить ловушку») и замешайте её в колоду боя Гердвин.  Получите часть 3 достижения «Угнетатель» и часть 4 достижения «Случайные встречи».  Гердвин получает 1 опыт.  Исследование окончено.', NULL, FALSE, NULL, NULL, NULL);
INSERT INTO verses (id, location_id, display_number) VALUES (1443, 75, 557);
INSERT INTO options (id, verse_id, position, type, text, target_type, target_verse_dn, target_location_dn, requirement, result, hidden, once, condition_group, conditional_targets, children) VALUES (3103, 1443, 0, 'condition', 'Если у вас есть карта секрета 21 или 30.', 'verse', 480, NULL, NULL, NULL, NULL, FALSE, NULL, NULL, NULL);
INSERT INTO options (id, verse_id, position, type, text, target_type, target_verse_dn, target_location_dn, requirement, result, hidden, once, condition_group, conditional_targets, children) VALUES (3104, 1443, 1, 'choice', '1—7.', 'verse', 532, NULL, NULL, 'Вы ничего не нашли.', NULL, FALSE, NULL, NULL, NULL);
INSERT INTO options (id, verse_id, position, type, text, target_type, target_verse_dn, target_location_dn, requirement, result, hidden, once, condition_group, conditional_targets, children) VALUES (3105, 1443, 2, 'choice', '≥8.', 'verse', 485, NULL, NULL, 'Вы нашли кое-что интересное!', NULL, FALSE, NULL, NULL, NULL);
INSERT INTO verses (id, location_id, display_number) VALUES (1444, 75, 558);
INSERT INTO options (id, verse_id, position, type, text, target_type, target_verse_dn, target_location_dn, requirement, result, hidden, once, condition_group, conditional_targets, children) VALUES (3106, 1444, 0, 'choice', 'Повторить всё, что вы знаете о янтарных тварях. Освежить память на дорожку не помешает.', 'verse', 563, NULL, NULL, NULL, NULL, FALSE, NULL, NULL, NULL);
INSERT INTO options (id, verse_id, position, type, text, target_type, target_verse_dn, target_location_dn, requirement, result, hidden, once, condition_group, conditional_targets, children) VALUES (3107, 1444, 1, 'choice', 'Начать поиски. Вы давно во всём разобрались и достаточно много знали о янтарных тварях.', 'cross_location', 876, 1001, NULL, NULL, NULL, FALSE, NULL, NULL, NULL);
INSERT INTO verses (id, location_id, display_number) VALUES (1445, 75, 559);
INSERT INTO options (id, verse_id, position, type, text, target_type, target_verse_dn, target_location_dn, requirement, result, hidden, once, condition_group, conditional_targets, children) VALUES (3108, 1445, 0, 'choice', 'Продолжить.', 'end', NULL, NULL, NULL, 'Получите часть 5 достижения «Странные уроки».  Каждый член команды получает 1 @Terror@.  Поместите в эту локацию 2 @LightTT@.  Исследование окончено.', NULL, FALSE, NULL, NULL, NULL);
INSERT INTO verses (id, location_id, display_number) VALUES (1446, 75, 560);
INSERT INTO options (id, verse_id, position, type, text, target_type, target_verse_dn, target_location_dn, requirement, result, hidden, once, condition_group, conditional_targets, children) VALUES (3109, 1446, 0, 'choice', '1 @Energy@ Обыскать дворец.', 'cross_location', 625, 1001, NULL, NULL, NULL, FALSE, NULL, NULL, NULL);
INSERT INTO options (id, verse_id, position, type, text, target_type, target_verse_dn, target_location_dn, requirement, result, hidden, once, condition_group, conditional_targets, children) VALUES (3110, 1446, 1, 'choice', '1 @Energy@ Посетить бани.', 'verse', 536, NULL, NULL, NULL, NULL, FALSE, NULL, NULL, NULL);
INSERT INTO options (id, verse_id, position, type, text, target_type, target_verse_dn, target_location_dn, requirement, result, hidden, once, condition_group, conditional_targets, children) VALUES (3111, 1446, 2, 'choice', '1 @Energy@ Посетить архив.', 'verse', 532, NULL, NULL, NULL, NULL, FALSE, NULL, NULL, NULL);
INSERT INTO options (id, verse_id, position, type, text, target_type, target_verse_dn, target_location_dn, requirement, result, hidden, once, condition_group, conditional_targets, children) VALUES (3112, 1446, 3, 'choice', 'Вернуться к двум храмам.', 'verse', 517, NULL, NULL, NULL, NULL, FALSE, NULL, NULL, NULL);
INSERT INTO options (id, verse_id, position, type, text, target_type, target_verse_dn, target_location_dn, requirement, result, hidden, once, condition_group, conditional_targets, children) VALUES (3113, 1446, 4, 'choice', 'Покинуть город.', 'end', NULL, NULL, NULL, 'Исследование окончено.', NULL, FALSE, NULL, NULL, NULL);
INSERT INTO verses (id, location_id, display_number) VALUES (1447, 75, 561);
INSERT INTO options (id, verse_id, position, type, text, target_type, target_verse_dn, target_location_dn, requirement, result, hidden, once, condition_group, conditional_targets, children) VALUES (3114, 1447, 0, 'choice', 'Продолжить.', 'verse', 530, NULL, NULL, NULL, NULL, FALSE, NULL, NULL, NULL);
INSERT INTO verses (id, location_id, display_number) VALUES (1448, 75, 562);
INSERT INTO options (id, verse_id, position, type, text, target_type, target_verse_dn, target_location_dn, requirement, result, hidden, once, condition_group, conditional_targets, children) VALUES (3115, 1448, 0, 'choice', 'Подойти поближе.', 'verse', 564, NULL, NULL, 'Поместите в эту локацию 1 @QuestToken@.', NULL, FALSE, NULL, NULL, NULL);
INSERT INTO options (id, verse_id, position, type, text, target_type, target_verse_dn, target_location_dn, requirement, result, hidden, once, condition_group, conditional_targets, children) VALUES (3116, 1448, 1, 'choice', 'Сесть на землю и подождать.', 'verse', 568, NULL, NULL, 'Поместите в эту локацию 1 @QuestToken@.', NULL, FALSE, NULL, NULL, NULL);
INSERT INTO verses (id, location_id, display_number) VALUES (1449, 75, 563);
INSERT INTO options (id, verse_id, position, type, text, target_type, target_verse_dn, target_location_dn, requirement, result, hidden, once, condition_group, conditional_targets, children) VALUES (3117, 1449, 0, 'condition', 'Нажмите сюда, если хотите увидеть подсказку.', 'verse', 563, NULL, NULL, 'Подсказка: янтарные существа происходят из незапамятных времён, и зародились они в полном ядовитых газов вулканическом климате задолго до того, как остров погрузился в океан. Сами по себе они предпочитают избегать конфликтов и прятаться, но под руководством вожака стаи готовы напасть на кого угодно, невзирая на последствия. Они избегают солнечного света и излишнего внимания, предпочитая оставаться в тени и, по возможности, в укрытии. Янтарные твари — засадные хищники, они затаиваются обычно в высоких и толстых ветвях крупных деревьев, откуда нападают на существ поменьше, чем они сами. Для поддержания жизни им также необходима богатая солями и минералами вода, желательно из недр земли.', NULL, FALSE, NULL, NULL, NULL);
INSERT INTO options (id, verse_id, position, type, text, target_type, target_verse_dn, target_location_dn, requirement, result, hidden, once, condition_group, conditional_targets, children) VALUES (3118, 1449, 1, 'condition', 'Если вы находитесь в локации 141-Б.', 'cross_location', 876, 1001, NULL, NULL, NULL, FALSE, NULL, NULL, NULL);
INSERT INTO options (id, verse_id, position, type, text, target_type, target_verse_dn, target_location_dn, requirement, result, hidden, once, condition_group, conditional_targets, children) VALUES (3119, 1449, 2, 'condition', 'В противном случае.', 'end', NULL, NULL, NULL, 'Исследование окончено.', NULL, FALSE, NULL, NULL, NULL);
INSERT INTO verses (id, location_id, display_number) VALUES (1450, 75, 564);
INSERT INTO options (id, verse_id, position, type, text, target_type, target_verse_dn, target_location_dn, requirement, result, hidden, once, condition_group, conditional_targets, children) VALUES (3120, 1450, 0, 'condition', 'Если в этой локации есть хотя бы 2 @QuestToken@.', 'cross_location', 611, 1001, NULL, NULL, NULL, FALSE, NULL, NULL, NULL);
INSERT INTO options (id, verse_id, position, type, text, target_type, target_verse_dn, target_location_dn, requirement, result, hidden, once, condition_group, conditional_targets, children) VALUES (3121, 1450, 1, 'condition', 'В противном случае.', 'verse', 568, NULL, NULL, 'С трудом, но янтарная тварь смогла подавить порыв и остаться на месте.', NULL, FALSE, NULL, NULL, NULL);
INSERT INTO verses (id, location_id, display_number) VALUES (1451, 75, 565);
INSERT INTO options (id, verse_id, position, type, text, target_type, target_verse_dn, target_location_dn, requirement, result, hidden, once, condition_group, conditional_targets, children) VALUES (3122, 1451, 0, 'choice', 'Продолжить.', 'verse', 566, NULL, NULL, NULL, NULL, FALSE, NULL, NULL, NULL);
INSERT INTO verses (id, location_id, display_number) VALUES (1452, 75, 566);
INSERT INTO options (id, verse_id, position, type, text, target_type, target_verse_dn, target_location_dn, requirement, result, hidden, once, condition_group, conditional_targets, children) VALUES (3123, 1452, 0, 'condition', 'Если у вас есть карта секрета 6.', 'verse', 538, NULL, NULL, NULL, NULL, FALSE, NULL, NULL, NULL);
INSERT INTO options (id, verse_id, position, type, text, target_type, target_verse_dn, target_location_dn, requirement, result, hidden, once, condition_group, conditional_targets, children) VALUES (3124, 1452, 1, 'condition', 'В противном случае.', 'cross_location', 1235, 1001, NULL, NULL, NULL, FALSE, NULL, NULL, NULL);
INSERT INTO verses (id, location_id, display_number) VALUES (1453, 75, 567);
INSERT INTO options (id, verse_id, position, type, text, target_type, target_verse_dn, target_location_dn, requirement, result, hidden, once, condition_group, conditional_targets, children) VALUES (3125, 1453, 0, 'choice', 'Захватить фомора.', 'verse', 556, NULL, NULL, NULL, NULL, FALSE, NULL, NULL, NULL);
INSERT INTO options (id, verse_id, position, type, text, target_type, target_verse_dn, target_location_dn, requirement, result, hidden, once, condition_group, conditional_targets, children) VALUES (3126, 1453, 1, 'choice', 'Помочь фомору.', 'verse', 588, NULL, NULL, NULL, NULL, FALSE, NULL, NULL, NULL);
INSERT INTO verses (id, location_id, display_number) VALUES (1454, 75, 568);
INSERT INTO options (id, verse_id, position, type, text, target_type, target_verse_dn, target_location_dn, requirement, result, hidden, once, condition_group, conditional_targets, children) VALUES (3127, 1454, 0, 'choice', 'Оттолкнуть лапу.', 'verse', 589, NULL, NULL, NULL, NULL, FALSE, NULL, NULL, NULL);
INSERT INTO options (id, verse_id, position, type, text, target_type, target_verse_dn, target_location_dn, requirement, result, hidden, once, condition_group, conditional_targets, children) VALUES (3128, 1454, 1, 'choice', 'Не шевелиться.', 'cross_location', 640, 1001, NULL, NULL, NULL, FALSE, NULL, NULL, NULL);
INSERT INTO verses (id, location_id, display_number) VALUES (1455, 75, 569);
INSERT INTO options (id, verse_id, position, type, text, target_type, target_verse_dn, target_location_dn, requirement, result, hidden, once, condition_group, conditional_targets, children) VALUES (3129, 1455, 0, 'choice', 'Продолжить.', 'end', NULL, NULL, NULL, 'Получите часть 5 достижения «Свобода».  Исследование окончено.', NULL, FALSE, NULL, NULL, NULL);
INSERT INTO verses (id, location_id, display_number) VALUES (1456, 75, 570);
INSERT INTO options (id, verse_id, position, type, text, target_type, target_verse_dn, target_location_dn, requirement, result, hidden, once, condition_group, conditional_targets, children) VALUES (3130, 1456, 0, 'choice', 'Продолжить.', 'end', NULL, NULL, NULL, 'Получите одну часть достижения «Время идёт (глава 5)».  Если в вашей локации есть хотя бы один путеводный камень, погасите один из них.  Каждый персонаж получает 1 @Terror@.   Поместите 2 красных маркера на карту секрета 10.  Продолжайте игру.', NULL, FALSE, NULL, NULL, NULL);
INSERT INTO verses (id, location_id, display_number) VALUES (1457, 75, 571);
INSERT INTO options (id, verse_id, position, type, text, target_type, target_verse_dn, target_location_dn, requirement, result, hidden, once, condition_group, conditional_targets, children) VALUES (3131, 1457, 0, 'condition', 'Если у вас есть синий светофильтр.', 'verse', 571, NULL, NULL, 'Вдруг под ближайшим кустом что-то блеснуло. Вы подошли поближе и нашли небольшой флакон с мерцающей жидкостью.  Получите 1 магию.', NULL, FALSE, NULL, NULL, NULL);
INSERT INTO options (id, verse_id, position, type, text, target_type, target_verse_dn, target_location_dn, requirement, result, hidden, once, condition_group, conditional_targets, children) VALUES (3132, 1457, 1, 'choice', 'Продолжить.', 'end', NULL, NULL, NULL, 'Можете получить 1 @Terror@ и 2 еды.  Исследование окончено.', NULL, FALSE, NULL, NULL, NULL);
INSERT INTO verses (id, location_id, display_number) VALUES (1458, 75, 572);
INSERT INTO options (id, verse_id, position, type, text, target_type, target_verse_dn, target_location_dn, requirement, result, hidden, once, condition_group, conditional_targets, children) VALUES (3133, 1458, 0, 'condition', 'Если у вас есть часть 3 достижения «Страхи и напасти», но нет части 4 достижения «Горькая правда».', 'cross_location', 921, 1001, NULL, NULL, NULL, FALSE, NULL, NULL, NULL);
INSERT INTO options (id, verse_id, position, type, text, target_type, target_verse_dn, target_location_dn, requirement, result, hidden, once, condition_group, conditional_targets, children) VALUES (3134, 1458, 1, 'condition', 'Если вы проходите главу 9Б или 10.', 'end', NULL, NULL, NULL, 'Здесь больше нечего смотреть.  Исследование окончено.', NULL, FALSE, NULL, NULL, NULL);
INSERT INTO options (id, verse_id, position, type, text, target_type, target_verse_dn, target_location_dn, requirement, result, hidden, once, condition_group, conditional_targets, children) VALUES (3135, 1458, 2, 'choice', 'Продолжить.', 'end', NULL, NULL, NULL, 'Если у вас нет части 6 достижения «Трофеи искаженья», каждый член команды получает 1 @Health@ и теряет 2 @Terror@. Затем получите часть и достижения «Трофеи искаженья».  Исследование окончено.', NULL, FALSE, NULL, NULL, NULL);
INSERT INTO verses (id, location_id, display_number) VALUES (1459, 75, 573);
INSERT INTO options (id, verse_id, position, type, text, target_type, target_verse_dn, target_location_dn, requirement, result, hidden, once, condition_group, conditional_targets, children) VALUES (3136, 1459, 0, 'condition', 'Если у вас нет части 3 достижения «Наглость».', 'verse', 575, NULL, NULL, 'Не успела стража выдворить вас прочь, как король Лот очнулся и вмешался.  — Шериф, постой! Эта особа уже доказала, что достойна моего доверия. Пусть приступает к работе, а ты разгони всех бесполезных зевак.', NULL, FALSE, NULL, NULL, NULL);
INSERT INTO options (id, verse_id, position, type, text, target_type, target_verse_dn, target_location_dn, requirement, result, hidden, once, condition_group, conditional_targets, children) VALUES (3137, 1459, 1, 'condition', 'Если у вас есть часть 9 достижения «Небольшая услуга».', 'verse', 575, NULL, NULL, 'Не успела стража выдворить вас прочь, как вмешался Аэд.  — Шериф, уходи! Пусть поиском улик займётся тот, кому я доверяю. А ты лучше сделай что-нибудь, чтобы разогнать этих бесполезных зевак.', NULL, FALSE, NULL, NULL, NULL);
INSERT INTO options (id, verse_id, position, type, text, target_type, target_verse_dn, target_location_dn, requirement, result, hidden, once, condition_group, conditional_targets, children) VALUES (3138, 1459, 2, 'condition', 'Если у вас есть часть 6 достижения «Небольшая услуга».', 'verse', 575, NULL, NULL, 'Не успела стража выдворить вас прочь, как раздался пронзительный крик. Толпа расступилась, освобождая путь для близнецов в паланкине.  — Молчать! Всем молчать! Ты! Мы верим только тебе. / Во что бы то ни стало раскрой это чудовищное преступление.', NULL, FALSE, NULL, NULL, NULL);
INSERT INTO options (id, verse_id, position, type, text, target_type, target_verse_dn, target_location_dn, requirement, result, hidden, once, condition_group, conditional_targets, children) VALUES (3139, 1459, 3, 'condition', 'В противном случае.', 'verse', 511, NULL, NULL, NULL, NULL, FALSE, NULL, NULL, NULL);
INSERT INTO verses (id, location_id, display_number) VALUES (1460, 75, 574);
INSERT INTO options (id, verse_id, position, type, text, target_type, target_verse_dn, target_location_dn, requirement, result, hidden, once, condition_group, conditional_targets, children) VALUES (3140, 1460, 0, 'choice', 'Продолжить.', 'end', NULL, NULL, NULL, 'Получите часть 1 достижения «Неудачи Непосвящённого».  Исследование окончено.', NULL, FALSE, NULL, NULL, NULL);
INSERT INTO verses (id, location_id, display_number) VALUES (1461, 75, 575);
INSERT INTO options (id, verse_id, position, type, text, target_type, target_verse_dn, target_location_dn, requirement, result, hidden, once, condition_group, conditional_targets, children) VALUES (3141, 1461, 0, 'choice', '1—6.', 'verse', 506, NULL, NULL, 'Долгие поиски не принесли результата. Вам пришлось признать поражение.', NULL, FALSE, NULL, NULL, NULL);
INSERT INTO options (id, verse_id, position, type, text, target_type, target_verse_dn, target_location_dn, requirement, result, hidden, once, condition_group, conditional_targets, children) VALUES (3142, 1461, 1, 'choice', '≥7.', 'verse', 224, NULL, NULL, 'Вы нашли кое-что интересное!', NULL, FALSE, NULL, NULL, NULL);
INSERT INTO verses (id, location_id, display_number) VALUES (1462, 75, 576);
INSERT INTO options (id, verse_id, position, type, text, target_type, target_verse_dn, target_location_dn, requirement, result, hidden, once, condition_group, conditional_targets, children) VALUES (3143, 1462, 0, 'choice', 'Рассказать предтече историю о том, как появились люди.', 'verse', 579, NULL, NULL, NULL, NULL, FALSE, NULL, NULL, NULL);
INSERT INTO options (id, verse_id, position, type, text, target_type, target_verse_dn, target_location_dn, requirement, result, hidden, once, condition_group, conditional_targets, children) VALUES (3144, 1462, 1, 'choice', 'Рассказать предтече историю про Артура Пендрагона и о том, как он стал королём.', 'verse', 582, NULL, NULL, NULL, NULL, FALSE, NULL, NULL, NULL);
INSERT INTO verses (id, location_id, display_number) VALUES (1463, 75, 577);
INSERT INTO options (id, verse_id, position, type, text, target_type, target_verse_dn, target_location_dn, requirement, result, hidden, once, condition_group, conditional_targets, children) VALUES (3145, 1463, 0, 'choice', 'Продолжить.', 'verse', 578, NULL, NULL, 'Получите часть 6 достижения «Топография».  Сбросьте из локации 122 все @LightTT@.  Приложите локацию 125 («Южные земли») снизу к локации 126 («Отвоёванные земли») @Clear@ стороной вверх. Переместите всех персонажей в локацию 125, не применяя её @Thunder@ эффект.', NULL, FALSE, NULL, NULL, NULL);
INSERT INTO verses (id, location_id, display_number) VALUES (1464, 75, 578);
INSERT INTO options (id, verse_id, position, type, text, target_type, target_verse_dn, target_location_dn, requirement, result, hidden, once, condition_group, conditional_targets, children) VALUES (3146, 1464, 0, 'choice', 'Продолжить.', 'end', NULL, NULL, NULL, 'Исследование окончено.', NULL, FALSE, NULL, NULL, NULL);
INSERT INTO verses (id, location_id, display_number) VALUES (1465, 75, 579);
INSERT INTO options (id, verse_id, position, type, text, target_type, target_verse_dn, target_location_dn, requirement, result, hidden, once, condition_group, conditional_targets, children) VALUES (3147, 1465, 0, 'choice', 'Рассказать ему историю про Мерлина, мудрейшего из людей.', 'verse', 576, NULL, NULL, NULL, NULL, FALSE, NULL, NULL, NULL);
INSERT INTO options (id, verse_id, position, type, text, target_type, target_verse_dn, target_location_dn, requirement, result, hidden, once, condition_group, conditional_targets, children) VALUES (3148, 1465, 1, 'choice', 'Рассказать ему историю про Артура Пендрагона и о том, как он стал королём.', 'verse', 582, NULL, NULL, NULL, NULL, FALSE, NULL, NULL, NULL);
INSERT INTO verses (id, location_id, display_number) VALUES (1466, 75, 580);
INSERT INTO verses (id, location_id, display_number) VALUES (1467, 75, 581);
INSERT INTO options (id, verse_id, position, type, text, target_type, target_verse_dn, target_location_dn, requirement, result, hidden, once, condition_group, conditional_targets, children) VALUES (3149, 1467, 0, 'condition', 'Если у вас есть часть 4 достижения «Строители Сурлузы».', 'verse', 517, NULL, NULL, NULL, NULL, FALSE, NULL, NULL, NULL);
INSERT INTO options (id, verse_id, position, type, text, target_type, target_verse_dn, target_location_dn, requirement, result, hidden, once, condition_group, conditional_targets, children) VALUES (3150, 1467, 1, 'condition', 'Если у вас есть часть 3 достижения «Строители Сурлузы».', 'cross_location', 657, 1001, NULL, NULL, NULL, FALSE, NULL, NULL, NULL);
INSERT INTO options (id, verse_id, position, type, text, target_type, target_verse_dn, target_location_dn, requirement, result, hidden, once, condition_group, conditional_targets, children) VALUES (3151, 1467, 2, 'condition', 'Если у вас есть часть 2 достижения «Строители Сурлузы».', 'verse', 517, NULL, NULL, NULL, NULL, FALSE, NULL, NULL, NULL);
INSERT INTO options (id, verse_id, position, type, text, target_type, target_verse_dn, target_location_dn, requirement, result, hidden, once, condition_group, conditional_targets, children) VALUES (3152, 1467, 3, 'condition', 'Нажмите сюда, если хотите увидеть подсказку.', 'verse', 581, NULL, NULL, 'Подсказка: по всей видимости, искаженье скапливалось там, где в кладке мостовой не хватало светящихся камней. Может быть, вам поможет, если заполнить выбоины светящимся камнем?', NULL, FALSE, NULL, NULL, NULL);
INSERT INTO options (id, verse_id, position, type, text, target_type, target_verse_dn, target_location_dn, requirement, result, hidden, once, condition_group, conditional_targets, children) VALUES (3153, 1467, 4, 'choice', 'Продолжить.', 'end', NULL, NULL, NULL, 'Исследование окончено.', NULL, FALSE, NULL, NULL, NULL);
INSERT INTO verses (id, location_id, display_number) VALUES (1468, 75, 582);
INSERT INTO options (id, verse_id, position, type, text, target_type, target_verse_dn, target_location_dn, requirement, result, hidden, once, condition_group, conditional_targets, children) VALUES (3154, 1468, 0, 'choice', 'Продолжить.', 'end', NULL, NULL, NULL, 'Откройте и прочитайте новую карту события.   Затем исследование окончено.', NULL, FALSE, NULL, NULL, NULL);
INSERT INTO verses (id, location_id, display_number) VALUES (1469, 75, 583);
INSERT INTO options (id, verse_id, position, type, text, target_type, target_verse_dn, target_location_dn, requirement, result, hidden, once, condition_group, conditional_targets, children) VALUES (3155, 1469, 0, 'condition', 'Если у вас есть часть 5 достижения «Трофеи искаженья».', 'verse', 584, NULL, NULL, NULL, NULL, FALSE, NULL, NULL, NULL);
INSERT INTO options (id, verse_id, position, type, text, target_type, target_verse_dn, target_location_dn, requirement, result, hidden, once, condition_group, conditional_targets, children) VALUES (3156, 1469, 1, 'choice', 'Продолжить.', 'end', NULL, NULL, NULL, 'Каждый персонаж получает 1 опыт.  Получите часть 5 достижения «Трофеи искаженья».   Уберите 2 красных маркера с карты секрета 10.   Продолжайте игру.', NULL, FALSE, NULL, NULL, NULL);
INSERT INTO verses (id, location_id, display_number) VALUES (1470, 75, 584);
INSERT INTO options (id, verse_id, position, type, text, target_type, target_verse_dn, target_location_dn, requirement, result, hidden, once, condition_group, conditional_targets, children) VALUES (3157, 1470, 0, 'choice', 'Продолжить.', 'end', NULL, NULL, NULL, 'Уберите 2 красных маркера с карты секрета 10.   Каждый персонаж получает 1 @Health@, 1 @Energy@ и теряет 1 @Terror@.   Продолжайте игру.', NULL, FALSE, NULL, NULL, NULL);
INSERT INTO verses (id, location_id, display_number) VALUES (1471, 75, 585);
INSERT INTO options (id, verse_id, position, type, text, target_type, target_verse_dn, target_location_dn, requirement, result, hidden, once, condition_group, conditional_targets, children) VALUES (3158, 1471, 0, 'choice', '1—8.', 'verse', 300, NULL, NULL, 'Он вас услышал!   Поместите фигурку Клаудина Непосвящённого в вашу локацию.   Получите секретную карту 145.', NULL, FALSE, NULL, NULL, NULL);
INSERT INTO options (id, verse_id, position, type, text, target_type, target_verse_dn, target_location_dn, requirement, result, hidden, once, condition_group, conditional_targets, children) VALUES (3159, 1471, 1, 'choice', '≥9.', 'verse', 590, NULL, NULL, 'Вам удалось подойти достаточно близко, чтобы расслышать его шёпот.', NULL, FALSE, NULL, NULL, NULL);
INSERT INTO verses (id, location_id, display_number) VALUES (1472, 75, 586);
INSERT INTO options (id, verse_id, position, type, text, target_type, target_verse_dn, target_location_dn, requirement, result, hidden, once, condition_group, conditional_targets, children) VALUES (3160, 1472, 0, 'choice', 'Продолжить.', 'verse', 577, NULL, NULL, 'Каждый персонаж теряет 1 @Terror@.', NULL, FALSE, NULL, NULL, NULL);
INSERT INTO verses (id, location_id, display_number) VALUES (1473, 75, 587);
INSERT INTO options (id, verse_id, position, type, text, target_type, target_verse_dn, target_location_dn, requirement, result, hidden, once, condition_group, conditional_targets, children) VALUES (3161, 1473, 0, 'choice', '1—5.', 'verse', 300, NULL, NULL, 'Он вас услышал!   Поместите фигурку Клаудина Непосвящённого в вашу локацию.   Получите секретную карту 145.', NULL, FALSE, NULL, NULL, NULL);
INSERT INTO options (id, verse_id, position, type, text, target_type, target_verse_dn, target_location_dn, requirement, result, hidden, once, condition_group, conditional_targets, children) VALUES (3162, 1473, 1, 'choice', '≥6.', 'cross_location', 627, 1001, NULL, 'Вам удалось ускользнуть.', NULL, FALSE, NULL, NULL, NULL);
INSERT INTO verses (id, location_id, display_number) VALUES (1474, 75, 588);
INSERT INTO options (id, verse_id, position, type, text, target_type, target_verse_dn, target_location_dn, requirement, result, hidden, once, condition_group, conditional_targets, children) VALUES (3163, 1474, 0, 'choice', 'Продолжить.', 'end', NULL, NULL, NULL, 'Поздравляем! Вы освоили новое действие дипломатии. Получите секретную карту 123 (карта дипломатии «Рука помощи») и замешайте её в колоду дипломатии Гердвин.  Получите часть 1 достижения «Свобода» и часть 4 достижения «Случайные встречи».  Гердвин получает 1 опыт.  Исследование окончено.', NULL, FALSE, NULL, NULL, NULL);
INSERT INTO verses (id, location_id, display_number) VALUES (1475, 75, 589);
INSERT INTO options (id, verse_id, position, type, text, target_type, target_verse_dn, target_location_dn, requirement, result, hidden, once, condition_group, conditional_targets, children) VALUES (3164, 1475, 0, 'condition', 'Если в этой локации хотя бы 2 @QuestToken@.', 'cross_location', 611, 1001, NULL, NULL, NULL, FALSE, NULL, NULL, NULL);
INSERT INTO options (id, verse_id, position, type, text, target_type, target_verse_dn, target_location_dn, requirement, result, hidden, once, condition_group, conditional_targets, children) VALUES (3165, 1475, 1, 'condition', 'В противном случае.', 'cross_location', 1236, 1001, NULL, NULL, NULL, FALSE, NULL, NULL, NULL);
INSERT INTO verses (id, location_id, display_number) VALUES (1476, 75, 590);
INSERT INTO options (id, verse_id, position, type, text, target_type, target_verse_dn, target_location_dn, requirement, result, hidden, once, condition_group, conditional_targets, children) VALUES (3166, 1476, 0, 'choice', 'Продолжить.', 'cross_location', 627, 1001, NULL, 'Получите часть 3 достижения «Неудачи Непосвящённого».', NULL, FALSE, NULL, NULL, NULL);
INSERT INTO verses (id, location_id, display_number) VALUES (1477, 75, 591);
INSERT INTO options (id, verse_id, position, type, text, target_type, target_verse_dn, target_location_dn, requirement, result, hidden, once, condition_group, conditional_targets, children) VALUES (3167, 1477, 0, 'choice', 'Продолжить.', 'end', NULL, NULL, NULL, 'Получите одну часть достижения «Уроки хитрости».  Откройте и прочитайте новую карту события.   Затем исследование окончено.', NULL, FALSE, NULL, NULL, NULL);
INSERT INTO verses (id, location_id, display_number) VALUES (1478, 75, 592);
INSERT INTO options (id, verse_id, position, type, text, target_type, target_verse_dn, target_location_dn, requirement, result, hidden, once, condition_group, conditional_targets, children) VALUES (3168, 1478, 0, 'choice', '1.', 'verse', 594, NULL, NULL, 'Туман впился в ваше тело, как голодный зверь.   Каждый персонаж теряет 2 @Health@ (–1 за каждое очко своей @Aggression@).', NULL, FALSE, NULL, NULL, NULL);
INSERT INTO options (id, verse_id, position, type, text, target_type, target_verse_dn, target_location_dn, requirement, result, hidden, once, condition_group, conditional_targets, children) VALUES (3169, 1478, 1, 'choice', '2.', 'verse', 594, NULL, NULL, 'Туман медленно разъедал ваш разум.   Каждый персонаж получает 2 @Terror@ (–1 за каждое очко своей @Courage@).', NULL, FALSE, NULL, NULL, NULL);
INSERT INTO options (id, verse_id, position, type, text, target_type, target_verse_dn, target_location_dn, requirement, result, hidden, once, condition_group, conditional_targets, children) VALUES (3170, 1478, 2, 'choice', '3—4.', 'verse', 594, NULL, NULL, 'Вы наткнулись на нечто ужасное.   Возьмите фиолетовую карту встречи и проведите её.', NULL, FALSE, NULL, NULL, NULL);
INSERT INTO options (id, verse_id, position, type, text, target_type, target_verse_dn, target_location_dn, requirement, result, hidden, once, condition_group, conditional_targets, children) VALUES (3171, 1478, 3, 'choice', '≥5.', 'verse', 594, NULL, NULL, 'Вы немного продвинулись вперёд.  Поместите в вашу локацию 1 @LightTT@.', NULL, FALSE, NULL, NULL, NULL);
INSERT INTO verses (id, location_id, display_number) VALUES (1479, 75, 593);
INSERT INTO options (id, verse_id, position, type, text, target_type, target_verse_dn, target_location_dn, requirement, result, hidden, once, condition_group, conditional_targets, children) VALUES (3172, 1479, 0, 'choice', 'Продолжить.', 'end', NULL, NULL, NULL, 'Получите 4 золота и часть 5 достижения «Угнетатель».   Исследование окончено.', NULL, FALSE, NULL, NULL, NULL);
INSERT INTO verses (id, location_id, display_number) VALUES (1480, 75, 594);
INSERT INTO options (id, verse_id, position, type, text, target_type, target_verse_dn, target_location_dn, requirement, result, hidden, once, condition_group, conditional_targets, children) VALUES (3173, 1480, 0, 'condition', 'Если в этой локации нет @LightTT@.', 'verse', 597, NULL, NULL, NULL, NULL, FALSE, NULL, NULL, NULL);
INSERT INTO options (id, verse_id, position, type, text, target_type, target_verse_dn, target_location_dn, requirement, result, hidden, once, condition_group, conditional_targets, children) VALUES (3174, 1480, 1, 'condition', 'Если в этой локации 1 @LightTT@.', 'cross_location', 604, 1001, NULL, NULL, NULL, FALSE, NULL, NULL, NULL);
INSERT INTO options (id, verse_id, position, type, text, target_type, target_verse_dn, target_location_dn, requirement, result, hidden, once, condition_group, conditional_targets, children) VALUES (3175, 1480, 2, 'condition', 'Если в этой локации 2 @LightTT@.', 'cross_location', 613, 1001, NULL, NULL, NULL, FALSE, NULL, NULL, NULL);
INSERT INTO options (id, verse_id, position, type, text, target_type, target_verse_dn, target_location_dn, requirement, result, hidden, once, condition_group, conditional_targets, children) VALUES (3176, 1480, 3, 'condition', 'Если в этой локации 3 @LightTT@.', 'verse', 577, NULL, NULL, NULL, NULL, FALSE, NULL, NULL, NULL);
INSERT INTO verses (id, location_id, display_number) VALUES (1481, 75, 595);
INSERT INTO options (id, verse_id, position, type, text, target_type, target_verse_dn, target_location_dn, requirement, result, hidden, once, condition_group, conditional_targets, children) VALUES (3177, 1481, 0, 'choice', 'Продолжить.', 'end', NULL, NULL, NULL, 'Получите часть 6 достижения «Великие деяния».  Исследование окончено.', NULL, FALSE, NULL, NULL, NULL);
INSERT INTO verses (id, location_id, display_number) VALUES (1482, 75, 596);
INSERT INTO options (id, verse_id, position, type, text, target_type, target_verse_dn, target_location_dn, requirement, result, hidden, once, condition_group, conditional_targets, children) VALUES (3178, 1482, 0, 'condition', 'Если @Health@ любого персонажа упадёт до 0.', 'verse', 392, NULL, NULL, NULL, NULL, FALSE, NULL, NULL, NULL);
INSERT INTO options (id, verse_id, position, type, text, target_type, target_verse_dn, target_location_dn, requirement, result, hidden, once, condition_group, conditional_targets, children) VALUES (3179, 1482, 1, 'condition', 'Если вы победили.', 'verse', 595, NULL, NULL, NULL, NULL, FALSE, NULL, NULL, NULL);
INSERT INTO options (id, verse_id, position, type, text, target_type, target_verse_dn, target_location_dn, requirement, result, hidden, once, condition_group, conditional_targets, children) VALUES (3180, 1482, 2, 'condition', 'В противном случае.', 'end', NULL, NULL, NULL, 'Исследование окончено.', NULL, FALSE, NULL, NULL, NULL);
INSERT INTO verses (id, location_id, display_number) VALUES (1483, 75, 597);
INSERT INTO options (id, verse_id, position, type, text, target_type, target_verse_dn, target_location_dn, requirement, result, hidden, once, condition_group, conditional_targets, children) VALUES (3181, 1483, 0, 'condition', 'Если у вас есть часть 6 достижения «Топография».', 'cross_location', 620, 1001, NULL, NULL, NULL, FALSE, NULL, NULL, NULL);
INSERT INTO options (id, verse_id, position, type, text, target_type, target_verse_dn, target_location_dn, requirement, result, hidden, once, condition_group, conditional_targets, children) VALUES (3182, 1483, 1, 'choice', 'Зажечь дивосвечу.', 'cross_location', 604, 1001, 'Сбросьте одноразовый предмет «Дивосвеча».', 'Поместите 1 @LightTT@ в эту локацию.', NULL, FALSE, NULL, NULL, NULL);
INSERT INTO options (id, verse_id, position, type, text, target_type, target_verse_dn, target_location_dn, requirement, result, hidden, once, condition_group, conditional_targets, children) VALUES (3183, 1483, 2, 'choice', 'Развеять искаженье с помощью магии.', 'cross_location', 604, 1001, 'Потратьте 2 магии.', 'Поместите 1 @LightTT@ в эту локацию.', NULL, FALSE, NULL, NULL, NULL);
INSERT INTO options (id, verse_id, position, type, text, target_type, target_verse_dn, target_location_dn, requirement, result, hidden, once, condition_group, conditional_targets, children) VALUES (3184, 1483, 3, 'choice', 'Пойти сквозь туман.', 'verse', 592, NULL, NULL, NULL, NULL, FALSE, NULL, NULL, NULL);
INSERT INTO options (id, verse_id, position, type, text, target_type, target_verse_dn, target_location_dn, requirement, result, hidden, once, condition_group, conditional_targets, children) VALUES (3185, 1483, 4, 'choice', 'Повернуть назад, пока не поздно.', 'end', NULL, NULL, NULL, 'Исследование окончено.', NULL, FALSE, NULL, NULL, NULL);
INSERT INTO verses (id, location_id, display_number) VALUES (1484, 75, 598);
INSERT INTO options (id, verse_id, position, type, text, target_type, target_verse_dn, target_location_dn, requirement, result, hidden, once, condition_group, conditional_targets, children) VALUES (3186, 1484, 0, 'choice', 'Продолжить.', 'verse', 600, NULL, NULL, NULL, NULL, FALSE, NULL, NULL, NULL);
INSERT INTO verses (id, location_id, display_number) VALUES (1485, 75, 599);
INSERT INTO options (id, verse_id, position, type, text, target_type, target_verse_dn, target_location_dn, requirement, result, hidden, once, condition_group, conditional_targets, children) VALUES (3187, 1485, 0, 'choice', 'Продолжить.', 'verse', 600, NULL, NULL, NULL, NULL, FALSE, NULL, NULL, NULL);
INSERT INTO verses (id, location_id, display_number) VALUES (1486, 75, 600);
INSERT INTO options (id, verse_id, position, type, text, target_type, target_verse_dn, target_location_dn, requirement, result, hidden, once, condition_group, conditional_targets, children) VALUES (3188, 1486, 0, 'choice', 'Продолжить.', 'end', NULL, NULL, NULL, 'Исследование окончено.', NULL, FALSE, NULL, NULL, NULL);

INSERT INTO locations (id, campaign_id, display_number, name) VALUES (76, 1, 1001, 'Книга секретов');
INSERT INTO verses (id, location_id, display_number) VALUES (1487, 76, 601);
INSERT INTO options (id, verse_id, position, type, text, target_type, target_verse_dn, target_location_dn, requirement, result, hidden, once, condition_group, conditional_targets, children) VALUES (3189, 1487, 0, 'choice', 'Продолжить.', 'end', NULL, NULL, NULL, 'o Получите одну часть достижения «Время идёт (глава 4)».  o Каждый персонаж восстанавливает @Health@ и @Energy@ до максимального значения.  o Каждый персонаж, у которого более 5 еды, золота или магии, уменьшает свою еду, золото и магию до 5.  o Каждый персонаж, у которого менее 5 магии, увеличивает свою магию до 5.  Обратите внимание: если у вас есть не все части достижения «Неудачи Непосвящённого», рассмотрите возможность отыскать больше информации о правлении Клаудина — его проступках и слабостях. Это поможет вам в решающей схватке.  Исследование окончено.', NULL, FALSE, NULL, NULL, NULL);
INSERT INTO verses (id, location_id, display_number) VALUES (1488, 76, 602);
INSERT INTO options (id, verse_id, position, type, text, target_type, target_verse_dn, target_location_dn, requirement, result, hidden, once, condition_group, conditional_targets, children) VALUES (3190, 1488, 0, 'condition', 'Если вы проходите главу 5, часть 3 и в этой локации нет @DarkTT@.', 'verse', 603, NULL, NULL, NULL, NULL, FALSE, NULL, NULL, NULL);
INSERT INTO options (id, verse_id, position, type, text, target_type, target_verse_dn, target_location_dn, requirement, result, hidden, once, condition_group, conditional_targets, children) VALUES (3191, 1488, 1, 'condition', 'Если в этой локации нет @DarkTT@.', 'end', NULL, NULL, NULL, 'Исследование окончено.', NULL, FALSE, NULL, NULL, NULL);
INSERT INTO options (id, verse_id, position, type, text, target_type, target_verse_dn, target_location_dn, requirement, result, hidden, once, condition_group, conditional_targets, children) VALUES (3192, 1488, 2, 'condition', 'Если в этой локации есть @DarkTT@.', 'verse', 1237, NULL, NULL, NULL, NULL, FALSE, NULL, NULL, NULL);
INSERT INTO verses (id, location_id, display_number) VALUES (1489, 76, 603);
INSERT INTO options (id, verse_id, position, type, text, target_type, target_verse_dn, target_location_dn, requirement, result, hidden, once, condition_group, conditional_targets, children) VALUES (3193, 1489, 0, 'condition', 'Если у вас есть карта секрета 10.', 'verse', 609, NULL, NULL, NULL, NULL, FALSE, NULL, NULL, NULL);
INSERT INTO options (id, verse_id, position, type, text, target_type, target_verse_dn, target_location_dn, requirement, result, hidden, once, condition_group, conditional_targets, children) VALUES (3194, 1489, 1, 'choice', 'Продолжить.', 'end', NULL, NULL, NULL, 'Приложите локацию 105-Б снизу к этой локации. Переместите туда всех членов команды.   Исследование окончено.', NULL, FALSE, NULL, NULL, NULL);
INSERT INTO verses (id, location_id, display_number) VALUES (1490, 76, 604);
INSERT INTO options (id, verse_id, position, type, text, target_type, target_verse_dn, target_location_dn, requirement, result, hidden, once, condition_group, conditional_targets, children) VALUES (3195, 1490, 0, 'choice', 'Зажечь дивосвечу.', 'verse', 613, NULL, 'Сбросьте одноразовый предмет «Дивосвеча».', 'Поместите в эту локацию 1 @LightTT@.', NULL, FALSE, NULL, NULL, NULL);
INSERT INTO options (id, verse_id, position, type, text, target_type, target_verse_dn, target_location_dn, requirement, result, hidden, once, condition_group, conditional_targets, children) VALUES (3196, 1490, 1, 'choice', 'Рассеять искаженье с помощью магии.', 'verse', 613, NULL, 'Потратьте 2 магии.', 'Поместите в эту локацию 1 @LightTT@.', NULL, FALSE, NULL, NULL, NULL);
INSERT INTO options (id, verse_id, position, type, text, target_type, target_verse_dn, target_location_dn, requirement, result, hidden, once, condition_group, conditional_targets, children) VALUES (3197, 1490, 2, 'choice', 'Пойти сквозь туман.', 'cross_location', 592, 999, NULL, NULL, NULL, FALSE, NULL, NULL, NULL);
INSERT INTO verses (id, location_id, display_number) VALUES (1491, 76, 605);
INSERT INTO options (id, verse_id, position, type, text, target_type, target_verse_dn, target_location_dn, requirement, result, hidden, once, condition_group, conditional_targets, children) VALUES (3198, 1491, 0, 'choice', '1.', 'verse', 607, NULL, NULL, NULL, NULL, FALSE, NULL, NULL, NULL);
INSERT INTO options (id, verse_id, position, type, text, target_type, target_verse_dn, target_location_dn, requirement, result, hidden, once, condition_group, conditional_targets, children) VALUES (3199, 1491, 1, 'choice', '2.', 'verse', 618, NULL, NULL, NULL, NULL, FALSE, NULL, NULL, NULL);
INSERT INTO options (id, verse_id, position, type, text, target_type, target_verse_dn, target_location_dn, requirement, result, hidden, once, condition_group, conditional_targets, children) VALUES (3200, 1491, 2, 'choice', '3.', 'verse', 622, NULL, NULL, NULL, NULL, FALSE, NULL, NULL, NULL);
INSERT INTO options (id, verse_id, position, type, text, target_type, target_verse_dn, target_location_dn, requirement, result, hidden, once, condition_group, conditional_targets, children) VALUES (3201, 1491, 3, 'choice', '4.', 'verse', 632, NULL, NULL, NULL, NULL, FALSE, NULL, NULL, NULL);
INSERT INTO options (id, verse_id, position, type, text, target_type, target_verse_dn, target_location_dn, requirement, result, hidden, once, condition_group, conditional_targets, children) VALUES (3202, 1491, 4, 'choice', '5.', 'verse', 636, NULL, NULL, NULL, NULL, FALSE, NULL, NULL, NULL);
INSERT INTO options (id, verse_id, position, type, text, target_type, target_verse_dn, target_location_dn, requirement, result, hidden, once, condition_group, conditional_targets, children) VALUES (3203, 1491, 5, 'choice', '6.', 'verse', 674, NULL, NULL, NULL, NULL, FALSE, NULL, NULL, NULL);
INSERT INTO verses (id, location_id, display_number) VALUES (1492, 76, 606);
INSERT INTO options (id, verse_id, position, type, text, target_type, target_verse_dn, target_location_dn, requirement, result, hidden, once, condition_group, conditional_targets, children) VALUES (3204, 1492, 0, 'choice', 'Продолжить.', 'verse', 614, NULL, NULL, NULL, NULL, FALSE, NULL, NULL, NULL);
INSERT INTO verses (id, location_id, display_number) VALUES (1493, 76, 607);
INSERT INTO options (id, verse_id, position, type, text, target_type, target_verse_dn, target_location_dn, requirement, result, hidden, once, condition_group, conditional_targets, children) VALUES (3205, 1493, 0, 'choice', 'Рассказать ему историю про Мерлина, мудрейшего из людей.', 'cross_location', 576, 999, NULL, NULL, NULL, FALSE, NULL, NULL, NULL);
INSERT INTO options (id, verse_id, position, type, text, target_type, target_verse_dn, target_location_dn, requirement, result, hidden, once, condition_group, conditional_targets, children) VALUES (3206, 1493, 1, 'choice', 'Рассказать ему историю о том, как появились люди.', 'cross_location', 579, 999, NULL, NULL, NULL, FALSE, NULL, NULL, NULL);
INSERT INTO options (id, verse_id, position, type, text, target_type, target_verse_dn, target_location_dn, requirement, result, hidden, once, condition_group, conditional_targets, children) VALUES (3207, 1493, 2, 'choice', 'Рассказать ему историю про Артура Пендрагона и о том, как он стал королём.', 'cross_location', 582, 999, NULL, NULL, NULL, FALSE, NULL, NULL, NULL);
INSERT INTO verses (id, location_id, display_number) VALUES (1494, 76, 608);
INSERT INTO options (id, verse_id, position, type, text, target_type, target_verse_dn, target_location_dn, requirement, result, hidden, once, condition_group, conditional_targets, children) VALUES (3208, 1494, 0, 'choice', 'Продолжить.', 'end', NULL, NULL, NULL, 'Получите одну часть достижения «Уроки вдохновения».  Откройте и прочитайте новую карту события. Затем исследование окончено.', NULL, FALSE, NULL, NULL, NULL);
INSERT INTO verses (id, location_id, display_number) VALUES (1495, 76, 609);
INSERT INTO options (id, verse_id, position, type, text, target_type, target_verse_dn, target_location_dn, requirement, result, hidden, once, condition_group, conditional_targets, children) VALUES (3209, 1495, 0, 'choice', 'Попробовать добежать обратно наверх.', 'verse', 606, NULL, NULL, NULL, NULL, FALSE, NULL, NULL, NULL);
INSERT INTO options (id, verse_id, position, type, text, target_type, target_verse_dn, target_location_dn, requirement, result, hidden, once, condition_group, conditional_targets, children) VALUES (3210, 1495, 1, 'choice', 'Попытаться как можно быстрее спуститься.', 'verse', 614, NULL, NULL, NULL, NULL, FALSE, NULL, NULL, NULL);
INSERT INTO verses (id, location_id, display_number) VALUES (1496, 76, 610);
INSERT INTO options (id, verse_id, position, type, text, target_type, target_verse_dn, target_location_dn, requirement, result, hidden, once, condition_group, conditional_targets, children) VALUES (3211, 1496, 0, 'choice', 'Продолжить.', 'end', NULL, NULL, NULL, 'Получите часть 3 достижения «Неудачи Непосвящённого».  Поместите 1 @LightTT@ в эту локацию.  Исследование окончено.', NULL, FALSE, NULL, NULL, NULL);
INSERT INTO verses (id, location_id, display_number) VALUES (1497, 76, 611);
INSERT INTO options (id, verse_id, position, type, text, target_type, target_verse_dn, target_location_dn, requirement, result, hidden, once, condition_group, conditional_targets, children) VALUES (3212, 1497, 0, 'choice', 'Продолжить.', 'verse', 649, NULL, NULL, 'Получите часть 7 достижения «Путь Венедии».', NULL, FALSE, NULL, NULL, NULL);
INSERT INTO verses (id, location_id, display_number) VALUES (1498, 76, 612);
INSERT INTO options (id, verse_id, position, type, text, target_type, target_verse_dn, target_location_dn, requirement, result, hidden, once, condition_group, conditional_targets, children) VALUES (3213, 1498, 0, 'choice', 'Продолжить.', 'end', NULL, NULL, NULL, 'Если в этой локации нет @DarkTT@, поместите сюда 1 @DarkTT@ и получите 1 магию.  Исследование окончено.', NULL, FALSE, NULL, NULL, NULL);
INSERT INTO verses (id, location_id, display_number) VALUES (1499, 76, 613);
INSERT INTO options (id, verse_id, position, type, text, target_type, target_verse_dn, target_location_dn, requirement, result, hidden, once, condition_group, conditional_targets, children) VALUES (3214, 1499, 0, 'choice', 'Вверить судьбу старой свече.', 'cross_location', 586, 999, 'Нужна карта секрета 4.', NULL, NULL, FALSE, NULL, NULL, NULL);
INSERT INTO options (id, verse_id, position, type, text, target_type, target_verse_dn, target_location_dn, requirement, result, hidden, once, condition_group, conditional_targets, children) VALUES (3215, 1499, 1, 'choice', 'Развеять искаженье с помощью магии.', 'cross_location', 577, 999, 'Потратьте 2 магии.', NULL, NULL, FALSE, NULL, NULL, NULL);
INSERT INTO options (id, verse_id, position, type, text, target_type, target_verse_dn, target_location_dn, requirement, result, hidden, once, condition_group, conditional_targets, children) VALUES (3216, 1499, 2, 'choice', 'Пойти сквозь туман.', 'cross_location', 592, 999, NULL, NULL, NULL, FALSE, NULL, NULL, NULL);
INSERT INTO verses (id, location_id, display_number) VALUES (1500, 76, 614);
INSERT INTO options (id, verse_id, position, type, text, target_type, target_verse_dn, target_location_dn, requirement, result, hidden, once, condition_group, conditional_targets, children) VALUES (3217, 1500, 0, 'choice', '0—2.', 'verse', 676, NULL, NULL, 'Вы были слишком медлительны. Пламя настигло вас, и вы упали вниз в облаке пылающих обломков.', NULL, FALSE, NULL, NULL, NULL);
INSERT INTO options (id, verse_id, position, type, text, target_type, target_verse_dn, target_location_dn, requirement, result, hidden, once, condition_group, conditional_targets, children) VALUES (3218, 1500, 1, 'choice', '3—4.', 'verse', 630, NULL, NULL, 'Вы едва успели, но всё же смогли перепрыгнуть на следующую часть моста, хотя и обожглись.   Каждый член команды теряет 1 @Health@ и получает 1 @Terror@.', NULL, FALSE, NULL, NULL, NULL);
INSERT INTO options (id, verse_id, position, type, text, target_type, target_verse_dn, target_location_dn, requirement, result, hidden, once, condition_group, conditional_targets, children) VALUES (3219, 1500, 2, 'choice', '≥5.', 'verse', 630, NULL, NULL, 'Вы опередили пламя и быстро спустились ниже.', NULL, FALSE, NULL, NULL, NULL);
INSERT INTO verses (id, location_id, display_number) VALUES (1501, 76, 615);
INSERT INTO options (id, verse_id, position, type, text, target_type, target_verse_dn, target_location_dn, requirement, result, hidden, once, condition_group, conditional_targets, children) VALUES (3220, 1501, 0, 'choice', 'Продолжить.', 'end', NULL, NULL, NULL, 'Поздравляем! Вы освоили новое действие боя или дипломатии. Возьмите секретные карты 128 (карта боя «Повелительница оружия») и 133 (карта дипломатии «Целебное масло»). Выберите одну из них и замешайте в соответствующую колоду. Уберите другую карту из игры.  Юнис получает 1 опыт.  Получите часть 7 достижения «Личные дела».   Исследование окончено.', NULL, FALSE, NULL, NULL, NULL);
INSERT INTO verses (id, location_id, display_number) VALUES (1502, 76, 616);
INSERT INTO options (id, verse_id, position, type, text, target_type, target_verse_dn, target_location_dn, requirement, result, hidden, once, condition_group, conditional_targets, children) VALUES (3221, 1502, 0, 'choice', 'Продолжить.', 'verse', 685, NULL, NULL, 'Поместите в эту локацию 1 @DarkTT@.', NULL, FALSE, NULL, NULL, NULL);
INSERT INTO verses (id, location_id, display_number) VALUES (1503, 76, 617);
INSERT INTO verses (id, location_id, display_number) VALUES (1504, 76, 618);
INSERT INTO options (id, verse_id, position, type, text, target_type, target_verse_dn, target_location_dn, requirement, result, hidden, once, condition_group, conditional_targets, children) VALUES (3222, 1504, 0, 'choice', 'Ответить, что Мерлин желал увезти Артура от кровожадного Утера и его бесконечных войн, от двора, где единственного наследника избаловали бы сверх меры. Вместо этого у юного Артура было обычное детство, а его наставником стал один из достойнейших рыцарей королевства.', 'verse', 608, NULL, NULL, NULL, NULL, FALSE, NULL, NULL, NULL);
INSERT INTO options (id, verse_id, position, type, text, target_type, target_verse_dn, target_location_dn, requirement, result, hidden, once, condition_group, conditional_targets, children) VALUES (3223, 1504, 1, 'choice', 'Ответить, что Мерлин хотел убедиться, что все безоговорочно признают Артура законным правителем. Королевство Утера было создано недавно, и после его смерти Артур мог столкнуться с мятежом со стороны других лордов. Необычайная история о мече и камне разнеслась по всему королевству. Теперь окрестные государства вряд ли могли объявить войну «королю из пророчества».', 'cross_location', 591, 999, NULL, NULL, NULL, FALSE, NULL, NULL, NULL);
INSERT INTO verses (id, location_id, display_number) VALUES (1505, 76, 619);
INSERT INTO options (id, verse_id, position, type, text, target_type, target_verse_dn, target_location_dn, requirement, result, hidden, once, condition_group, conditional_targets, children) VALUES (3224, 1505, 0, 'choice', 'Продолжить.', 'end', NULL, NULL, NULL, 'Получите часть 5 достижения «Странные уроки».  Каждый персонаж получает 1 опыт.  Исследование окончено.', NULL, FALSE, NULL, NULL, NULL);
INSERT INTO verses (id, location_id, display_number) VALUES (1506, 76, 620);
INSERT INTO options (id, verse_id, position, type, text, target_type, target_verse_dn, target_location_dn, requirement, result, hidden, once, condition_group, conditional_targets, children) VALUES (3225, 1506, 0, 'choice', 'Защититься от искаженья.', 'end', NULL, NULL, 'Потратьте 1 магию за персонажа или сбросьте одноразовый предмет «Дивосвеча».', 'Переместите всех членов команды в локацию 125.   Исследование окончено.', NULL, FALSE, NULL, NULL, NULL);
INSERT INTO options (id, verse_id, position, type, text, target_type, target_verse_dn, target_location_dn, requirement, result, hidden, once, condition_group, conditional_targets, children) VALUES (3226, 1506, 1, 'choice', 'Пройти через искаженье.', 'end', NULL, NULL, NULL, 'Каждый член команды теряет 1 @Health@ и получает 1 @Terror@.   Переместите всех членов команды в локацию 125.  Исследование окончено.', NULL, FALSE, NULL, NULL, NULL);
INSERT INTO verses (id, location_id, display_number) VALUES (1507, 76, 621);
INSERT INTO options (id, verse_id, position, type, text, target_type, target_verse_dn, target_location_dn, requirement, result, hidden, once, condition_group, conditional_targets, children) VALUES (3227, 1507, 0, 'choice', 'Продолжить.', 'verse', 638, NULL, NULL, 'Получите часть 3 достижения «Народный герой».  Поместите в эту локацию 1 @DarkTT@.', NULL, FALSE, NULL, NULL, NULL);
INSERT INTO verses (id, location_id, display_number) VALUES (1508, 76, 622);
INSERT INTO options (id, verse_id, position, type, text, target_type, target_verse_dn, target_location_dn, requirement, result, hidden, once, condition_group, conditional_targets, children) VALUES (3228, 1508, 0, 'choice', 'Каждый хвалит себя как может. Чем больше золота мы тратим, тем больше к нам прислушиваются.', 'cross_location', 591, 999, NULL, NULL, NULL, FALSE, NULL, NULL, NULL);
INSERT INTO options (id, verse_id, position, type, text, target_type, target_verse_dn, target_location_dn, requirement, result, hidden, once, condition_group, conditional_targets, children) VALUES (3229, 1508, 1, 'choice', 'Нет, он дал людям разных государств возможность во что-то верить и так победил.', 'verse', 608, NULL, NULL, NULL, NULL, FALSE, NULL, NULL, NULL);
INSERT INTO verses (id, location_id, display_number) VALUES (1509, 76, 623);
INSERT INTO options (id, verse_id, position, type, text, target_type, target_verse_dn, target_location_dn, requirement, result, hidden, once, condition_group, conditional_targets, children) VALUES (3230, 1509, 0, 'choice', 'Остановить союзника и взять его с собой.', 'verse', 616, NULL, NULL, NULL, NULL, FALSE, NULL, NULL, NULL);
INSERT INTO options (id, verse_id, position, type, text, target_type, target_verse_dn, target_location_dn, requirement, result, hidden, once, condition_group, conditional_targets, children) VALUES (3231, 1509, 1, 'choice', 'Пусть поступает как хочет.', 'verse', 688, NULL, NULL, NULL, NULL, FALSE, NULL, NULL, NULL);
INSERT INTO verses (id, location_id, display_number) VALUES (1510, 76, 624);
INSERT INTO options (id, verse_id, position, type, text, target_type, target_verse_dn, target_location_dn, requirement, result, hidden, once, condition_group, conditional_targets, children) VALUES (3232, 1510, 0, 'choice', '0—7.', 'end', NULL, NULL, NULL, 'Вы очнулись от наваждения и ушли из города.   Исследование окончено.', NULL, FALSE, NULL, NULL, NULL);
INSERT INTO options (id, verse_id, position, type, text, target_type, target_verse_dn, target_location_dn, requirement, result, hidden, once, condition_group, conditional_targets, children) VALUES (3233, 1510, 1, 'choice', '≥8.', 'verse', 660, NULL, NULL, 'Город настойчиво звал вас. Вы остались, сделавшись частью мечты Клаудина.', NULL, FALSE, NULL, NULL, NULL);
INSERT INTO verses (id, location_id, display_number) VALUES (1511, 76, 625);
INSERT INTO options (id, verse_id, position, type, text, target_type, target_verse_dn, target_location_dn, requirement, result, hidden, once, condition_group, conditional_targets, children) VALUES (3234, 1511, 0, 'condition', 'Если фигурка Клаудина Непосвящённого на поле.', 'verse', 627, NULL, NULL, NULL, NULL, FALSE, NULL, NULL, NULL);
INSERT INTO options (id, verse_id, position, type, text, target_type, target_verse_dn, target_location_dn, requirement, result, hidden, once, condition_group, conditional_targets, children) VALUES (3235, 1511, 1, 'condition', 'В противном случае.', 'verse', 1263, NULL, NULL, NULL, NULL, FALSE, NULL, NULL, NULL);
INSERT INTO verses (id, location_id, display_number) VALUES (1512, 76, 626);
INSERT INTO options (id, verse_id, position, type, text, target_type, target_verse_dn, target_location_dn, requirement, result, hidden, once, condition_group, conditional_targets, children) VALUES (3236, 1512, 0, 'condition', 'Если у вас нет части 7 достижения «Топография».', 'verse', 631, NULL, NULL, NULL, NULL, FALSE, NULL, NULL, NULL);
INSERT INTO options (id, verse_id, position, type, text, target_type, target_verse_dn, target_location_dn, requirement, result, hidden, once, condition_group, conditional_targets, children) VALUES (3237, 1512, 1, 'choice', 'Отправиться по Тропе рабов (нужны все персонажи; только если вы проходите главу 6—10).', 'cross_location', 419, 999, 'Если вы проходите главу 6, часть 1.', NULL, NULL, FALSE, NULL, NULL, NULL);
INSERT INTO options (id, verse_id, position, type, text, target_type, target_verse_dn, target_location_dn, requirement, result, hidden, once, condition_group, conditional_targets, children) VALUES (3238, 1512, 2, 'choice', 'Отправиться по Тропе рабов (нужны все персонажи; только если вы проходите главу 6—10).', 'cross_location', 143, 999, 'Если вы проходите главу 9А, часть 1.', NULL, NULL, FALSE, NULL, NULL, NULL);
INSERT INTO options (id, verse_id, position, type, text, target_type, target_verse_dn, target_location_dn, requirement, result, hidden, once, condition_group, conditional_targets, children) VALUES (3239, 1512, 3, 'choice', 'Отправиться по Тропе рабов (нужны все персонажи; только если вы проходите главу 6—10).', 'cross_location', 446, 999, 'В противном случае.', NULL, NULL, FALSE, NULL, NULL, NULL);
INSERT INTO options (id, verse_id, position, type, text, target_type, target_verse_dn, target_location_dn, requirement, result, hidden, once, condition_group, conditional_targets, children) VALUES (3240, 1512, 4, 'choice', 'Уйти.', 'end', NULL, NULL, NULL, 'Исследование окончено.', NULL, FALSE, NULL, NULL, NULL);
INSERT INTO verses (id, location_id, display_number) VALUES (1513, 76, 627);
INSERT INTO options (id, verse_id, position, type, text, target_type, target_verse_dn, target_location_dn, requirement, result, hidden, once, condition_group, conditional_targets, children) VALUES (3241, 1513, 0, 'choice', 'Продолжить.', 'cross_location', 560, 999, NULL, 'Если у вас нет части 2 достижения «Древние знания», получите одну часть достижения «Улицы Сурлузы». Получите часть 2 достижения «Древние знания».', NULL, FALSE, NULL, NULL, NULL);
INSERT INTO verses (id, location_id, display_number) VALUES (1514, 76, 628);
INSERT INTO options (id, verse_id, position, type, text, target_type, target_verse_dn, target_location_dn, requirement, result, hidden, once, condition_group, conditional_targets, children) VALUES (3242, 1514, 0, 'choice', '2 @Energy@ Подняться по шатким ступенькам к верхней части акведука.', 'cross_location', 181, 999, NULL, NULL, NULL, FALSE, NULL, NULL, NULL);
INSERT INTO options (id, verse_id, position, type, text, target_type, target_verse_dn, target_location_dn, requirement, result, hidden, once, condition_group, conditional_targets, children) VALUES (3243, 1514, 1, 'choice', '2 @Energy@ Выступить в Верхнем городе.', 'cross_location', 137, 999, 'Нужен Осберт; только если у вас нет части 2 достижения «Выступления».', NULL, NULL, FALSE, NULL, NULL, NULL);
INSERT INTO options (id, verse_id, position, type, text, target_type, target_verse_dn, target_location_dn, requirement, result, hidden, once, condition_group, conditional_targets, children) VALUES (3244, 1514, 2, 'choice', '1 @Energy@ Поискать информацию о своей семье.', 'cross_location', 157, 999, 'Нужен Элган и часть 2 достижения «Личные дела».', NULL, NULL, FALSE, NULL, NULL, NULL);
INSERT INTO options (id, verse_id, position, type, text, target_type, target_verse_dn, target_location_dn, requirement, result, hidden, once, condition_group, conditional_targets, children) VALUES (3245, 1514, 3, 'choice', '1 @Energy@ Собрать информацию о Сурлузе.', 'cross_location', 114, 999, 'Потратьте 3 золота (–1 за каждое очко вашей @Empathy@).', NULL, NULL, FALSE, NULL, NULL, NULL);
INSERT INTO options (id, verse_id, position, type, text, target_type, target_verse_dn, target_location_dn, requirement, result, hidden, once, condition_group, conditional_targets, children) VALUES (3246, 1514, 4, 'choice', '1 @Energy@ Торговать с местными жителями.', 'verse', 633, NULL, NULL, NULL, NULL, FALSE, NULL, NULL, NULL);
INSERT INTO options (id, verse_id, position, type, text, target_type, target_verse_dn, target_location_dn, requirement, result, hidden, once, condition_group, conditional_targets, children) VALUES (3247, 1514, 5, 'choice', 'Зайти в таверну Верхнего города.', 'cross_location', 125, 999, 'Потратьте 1 золото или 1 магию за члена команды.', NULL, NULL, FALSE, NULL, NULL, NULL);
INSERT INTO options (id, verse_id, position, type, text, target_type, target_verse_dn, target_location_dn, requirement, result, hidden, once, condition_group, conditional_targets, children) VALUES (3248, 1514, 6, 'choice', 'Посетить храм в верхней части города.', 'cross_location', 31, 999, NULL, NULL, NULL, FALSE, NULL, NULL, NULL);
INSERT INTO options (id, verse_id, position, type, text, target_type, target_verse_dn, target_location_dn, requirement, result, hidden, once, condition_group, conditional_targets, children) VALUES (3249, 1514, 7, 'choice', 'Уйти.', 'end', NULL, NULL, NULL, 'Исследование окончено.', NULL, FALSE, NULL, NULL, NULL);
INSERT INTO verses (id, location_id, display_number) VALUES (1515, 76, 629);
INSERT INTO options (id, verse_id, position, type, text, target_type, target_verse_dn, target_location_dn, requirement, result, hidden, once, condition_group, conditional_targets, children) VALUES (3250, 1515, 0, 'choice', 'Купить еду.', 'verse', 629, NULL, 'Потратьте 2 золота.', 'Получите 1 еду.   Сделайте новый выбор.', NULL, FALSE, NULL, NULL, NULL);
INSERT INTO options (id, verse_id, position, type, text, target_type, target_verse_dn, target_location_dn, requirement, result, hidden, once, condition_group, conditional_targets, children) VALUES (3251, 1515, 1, 'choice', 'Продать еду.', 'verse', 629, NULL, 'Потратьте 1 еду.', 'Получите 1 золото.   Сделайте новый выбор.', NULL, FALSE, NULL, NULL, NULL);
INSERT INTO options (id, verse_id, position, type, text, target_type, target_verse_dn, target_location_dn, requirement, result, hidden, once, condition_group, conditional_targets, children) VALUES (3252, 1515, 2, 'choice', 'Купить снаряжение.', 'verse', 629, NULL, NULL, 'Возьмите 3 предмета A. Можете купить любые из них, потратив 2 золота за каждый. Замешайте некупленное обратно в колоду предметов А.   Сделайте новый выбор (в этом исследовании выбрать этот вариант больше нельзя).', NULL, FALSE, NULL, NULL, NULL);
INSERT INTO options (id, verse_id, position, type, text, target_type, target_verse_dn, target_location_dn, requirement, result, hidden, once, condition_group, conditional_targets, children) VALUES (3253, 1515, 3, 'choice', 'Продать снаряжение.', 'verse', 629, NULL, 'Сбросьте 1 предмет.', 'Получите 1 золото.   Сделайте новый выбор.', NULL, FALSE, NULL, NULL, NULL);
INSERT INTO options (id, verse_id, position, type, text, target_type, target_verse_dn, target_location_dn, requirement, result, hidden, once, condition_group, conditional_targets, children) VALUES (3254, 1515, 4, 'choice', 'Купить одноразовые предметы.', 'verse', 629, NULL, NULL, 'Возьмите 3 одноразовых предмета. Можете купить любые из них, потратив 1 золото за каждый. Замешайте некупленное обратно в колоду одноразовых предметов.   Сделайте новый выбор (в этом исследовании выбрать этот вариант больше нельзя).', NULL, FALSE, NULL, NULL, NULL);
INSERT INTO options (id, verse_id, position, type, text, target_type, target_verse_dn, target_location_dn, requirement, result, hidden, once, condition_group, conditional_targets, children) VALUES (3255, 1515, 5, 'choice', 'Уйти.', 'end', NULL, NULL, NULL, 'Исследование окончено.', NULL, FALSE, NULL, NULL, NULL);
INSERT INTO verses (id, location_id, display_number) VALUES (1516, 76, 630);
INSERT INTO options (id, verse_id, position, type, text, target_type, target_verse_dn, target_location_dn, requirement, result, hidden, once, condition_group, conditional_targets, children) VALUES (3256, 1516, 0, 'choice', 'Попробовать спасти путника.', 'verse', 621, NULL, NULL, NULL, NULL, FALSE, NULL, NULL, NULL);
INSERT INTO options (id, verse_id, position, type, text, target_type, target_verse_dn, target_location_dn, requirement, result, hidden, once, condition_group, conditional_targets, children) VALUES (3257, 1516, 1, 'choice', 'Пройти мимо.', 'verse', 638, NULL, NULL, NULL, NULL, FALSE, NULL, NULL, NULL);
INSERT INTO verses (id, location_id, display_number) VALUES (1517, 76, 631);
INSERT INTO options (id, verse_id, position, type, text, target_type, target_verse_dn, target_location_dn, requirement, result, hidden, once, condition_group, conditional_targets, children) VALUES (3258, 1517, 0, 'condition', 'Если вы победили.', 'verse', 626, NULL, NULL, 'Получите часть 7 достижения «Топография».', NULL, FALSE, NULL, NULL, NULL);
INSERT INTO options (id, verse_id, position, type, text, target_type, target_verse_dn, target_location_dn, requirement, result, hidden, once, condition_group, conditional_targets, children) VALUES (3259, 1517, 1, 'condition', 'В противном случае.', 'end', NULL, NULL, NULL, 'Переместите всех членов команды в локацию 111.   Исследование окончено.', NULL, FALSE, NULL, NULL, NULL);
INSERT INTO verses (id, location_id, display_number) VALUES (1518, 76, 632);
INSERT INTO options (id, verse_id, position, type, text, target_type, target_verse_dn, target_location_dn, requirement, result, hidden, once, condition_group, conditional_targets, children) VALUES (3260, 1518, 0, 'choice', 'Он показал рыцарям, что никогда не станет требовать от них того, на что не способен сам. Разумеется, Артур осознавал, на что идёт, но решил, что королевству нужнее правитель, который готов героически пасть в бою или преуспеть, но не прятаться за чужими спинами.', 'verse', 608, NULL, NULL, NULL, NULL, FALSE, NULL, NULL, NULL);
INSERT INTO options (id, verse_id, position, type, text, target_type, target_verse_dn, target_location_dn, requirement, result, hidden, once, condition_group, conditional_targets, children) VALUES (3261, 1518, 1, 'choice', 'Он знал, что сразивший великана покроет себя славой, и не хотел, чтобы такой почёт заслужил другой рыцарь.', 'cross_location', 591, 999, NULL, NULL, NULL, FALSE, NULL, NULL, NULL);
INSERT INTO verses (id, location_id, display_number) VALUES (1519, 76, 633);
INSERT INTO options (id, verse_id, position, type, text, target_type, target_verse_dn, target_location_dn, requirement, result, hidden, once, condition_group, conditional_targets, children) VALUES (3262, 1519, 0, 'condition', 'Если у вас есть часть 1 достижения «Случайные встречи».', 'verse', 629, NULL, NULL, NULL, NULL, FALSE, NULL, NULL, NULL);
INSERT INTO options (id, verse_id, position, type, text, target_type, target_verse_dn, target_location_dn, requirement, result, hidden, once, condition_group, conditional_targets, children) VALUES (3263, 1519, 1, 'choice', 'Продолжить.', 'verse', 629, NULL, NULL, 'Получите часть 1 достижения «Случайные встречи».', NULL, FALSE, NULL, NULL, NULL);
INSERT INTO options (id, verse_id, position, type, text, target_type, target_verse_dn, target_location_dn, requirement, result, hidden, once, condition_group, conditional_targets, children) VALUES (3264, 1519, 2, 'condition', 'Если у вас есть карта секрета 6.', 'verse', 633, NULL, NULL, 'Каждый персонаж теряет 1@Terror@.', NULL, FALSE, NULL, NULL, NULL);
INSERT INTO verses (id, location_id, display_number) VALUES (1520, 76, 634);
INSERT INTO options (id, verse_id, position, type, text, target_type, target_verse_dn, target_location_dn, requirement, result, hidden, once, condition_group, conditional_targets, children) VALUES (3265, 1520, 0, 'choice', 'Купить еду.', 'verse', 634, NULL, 'Потратьте 1 золото.', 'Получите 1 еду.   Сделайте новый выбор.', NULL, FALSE, NULL, NULL, NULL);
INSERT INTO options (id, verse_id, position, type, text, target_type, target_verse_dn, target_location_dn, requirement, result, hidden, once, condition_group, conditional_targets, children) VALUES (3266, 1520, 1, 'choice', 'Продать еду.', 'verse', 634, NULL, 'Потратьте 2 еды.', 'Получите 1 золото.   Сделайте новый выбор.', NULL, FALSE, NULL, NULL, NULL);
INSERT INTO options (id, verse_id, position, type, text, target_type, target_verse_dn, target_location_dn, requirement, result, hidden, once, condition_group, conditional_targets, children) VALUES (3267, 1520, 2, 'choice', 'Купить снаряжение.', 'verse', 634, NULL, NULL, 'Возьмите 3 предмета Б. Можете купить любые из них, потратив 3 золота за каждый. Замешайте некупленное обратно в колоду предметов Б.   Сделайте новый выбор (в этом исследовании выбрать этот вариант больше нельзя).', NULL, FALSE, NULL, NULL, NULL);
INSERT INTO options (id, verse_id, position, type, text, target_type, target_verse_dn, target_location_dn, requirement, result, hidden, once, condition_group, conditional_targets, children) VALUES (3268, 1520, 3, 'choice', 'Продать снаряжение.', 'verse', 634, NULL, 'Сбросьте 1 предмет.', 'Получите 1 золото.  Сделайте новый выбор.', NULL, FALSE, NULL, NULL, NULL);
INSERT INTO options (id, verse_id, position, type, text, target_type, target_verse_dn, target_location_dn, requirement, result, hidden, once, condition_group, conditional_targets, children) VALUES (3269, 1520, 4, 'choice', 'Купить одноразовые предметы.', 'verse', 634, NULL, NULL, 'Возьмите 3 одноразовых предмета. Можете купить любые из них, потратив 1 золото за каждый. Замешайте некупленное обратно в колоду одноразовых предметов.   Сделайте новый выбор (в этом исследовании выбрать этот вариант больше нельзя).', NULL, FALSE, NULL, NULL, NULL);
INSERT INTO options (id, verse_id, position, type, text, target_type, target_verse_dn, target_location_dn, requirement, result, hidden, once, condition_group, conditional_targets, children) VALUES (3270, 1520, 5, 'choice', 'Уйти.', 'end', NULL, NULL, NULL, 'Исследование окончено.', NULL, FALSE, NULL, NULL, NULL);
INSERT INTO verses (id, location_id, display_number) VALUES (1521, 76, 635);
INSERT INTO options (id, verse_id, position, type, text, target_type, target_verse_dn, target_location_dn, requirement, result, hidden, once, condition_group, conditional_targets, children) VALUES (3271, 1521, 0, 'choice', '0—6.', 'end', NULL, NULL, NULL, 'Вы очнулись от наваждения и ушли из города.  Исследование окончено.', NULL, FALSE, NULL, NULL, NULL);
INSERT INTO options (id, verse_id, position, type, text, target_type, target_verse_dn, target_location_dn, requirement, result, hidden, once, condition_group, conditional_targets, children) VALUES (3272, 1521, 1, 'choice', '≥7.', 'verse', 660, NULL, NULL, 'Город настойчиво звал вас. Вы остались, сделавшись частью мечты Клаудина.', NULL, FALSE, NULL, NULL, NULL);
INSERT INTO verses (id, location_id, display_number) VALUES (1522, 76, 636);
INSERT INTO options (id, verse_id, position, type, text, target_type, target_verse_dn, target_location_dn, requirement, result, hidden, once, condition_group, conditional_targets, children) VALUES (3273, 1522, 0, 'choice', 'Ответить, что Артур поступил так, потому что чувствовал личную ответственность за каждого из своих подданных и верил, что жизнь крестьянина так же ценна, как жизнь рыцаря.', 'verse', 641, NULL, NULL, 'Получите одну часть достижения «Уроки вдохновения».', NULL, FALSE, NULL, NULL, NULL);
INSERT INTO options (id, verse_id, position, type, text, target_type, target_verse_dn, target_location_dn, requirement, result, hidden, once, condition_group, conditional_targets, children) VALUES (3274, 1522, 1, 'choice', 'Ответить, что Артур поступил так, потому что знал, что королевства строят не рыцари, а фермеры, ремесленники и простые люди.', 'verse', 641, NULL, NULL, 'Получите одну часть достижения «Уроки хитрости».', NULL, FALSE, NULL, NULL, NULL);
INSERT INTO verses (id, location_id, display_number) VALUES (1523, 76, 637);
INSERT INTO options (id, verse_id, position, type, text, target_type, target_verse_dn, target_location_dn, requirement, result, hidden, once, condition_group, conditional_targets, children) VALUES (3275, 1523, 0, 'choice', 'Продолжить.', 'end', NULL, NULL, NULL, 'Если у вас нет части 7 достижения «Смутная догадка», каждый член команды теряет 2 @Terror@. Затем получите часть 7 достижения «Смутная догадка».  Исследование окончено.', NULL, FALSE, NULL, NULL, NULL);
INSERT INTO verses (id, location_id, display_number) VALUES (1524, 76, 638);
INSERT INTO options (id, verse_id, position, type, text, target_type, target_verse_dn, target_location_dn, requirement, result, hidden, once, condition_group, conditional_targets, children) VALUES (3276, 1524, 0, 'choice', '0—2.', 'verse', 676, NULL, NULL, 'Вы были слишком медлительны. Пламя настигло вас, и вы упали вниз в облаке пылающих обломков.', NULL, FALSE, NULL, NULL, NULL);
INSERT INTO options (id, verse_id, position, type, text, target_type, target_verse_dn, target_location_dn, requirement, result, hidden, once, condition_group, conditional_targets, children) VALUES (3277, 1524, 1, 'choice', '3—4.', 'verse', 623, NULL, NULL, 'Вы едва успели, но всё же смогли перепрыгнуть на следующую часть моста, хотя и обожглись.   Каждый член команды теряет 1 @Health@ и получает 1 @Terror@.', NULL, FALSE, NULL, NULL, NULL);
INSERT INTO options (id, verse_id, position, type, text, target_type, target_verse_dn, target_location_dn, requirement, result, hidden, once, condition_group, conditional_targets, children) VALUES (3278, 1524, 2, 'choice', '≥5.', 'verse', 623, NULL, NULL, 'Вы опередили пламя и быстро спустились ниже.', NULL, FALSE, NULL, NULL, NULL);
INSERT INTO verses (id, location_id, display_number) VALUES (1525, 76, 639);
INSERT INTO options (id, verse_id, position, type, text, target_type, target_verse_dn, target_location_dn, requirement, result, hidden, once, condition_group, conditional_targets, children) VALUES (3279, 1525, 0, 'choice', 'Купить еду.', 'verse', 639, NULL, 'Потратьте 2 золота.', 'Получите 1 еду.   Сделайте новый выбор.', NULL, FALSE, NULL, NULL, NULL);
INSERT INTO options (id, verse_id, position, type, text, target_type, target_verse_dn, target_location_dn, requirement, result, hidden, once, condition_group, conditional_targets, children) VALUES (3280, 1525, 1, 'choice', 'Продать еду.', 'verse', 639, NULL, 'Потратьте 2 еды.', 'Получите 1 золото.   Сделайте новый выбор.', NULL, FALSE, NULL, NULL, NULL);
INSERT INTO options (id, verse_id, position, type, text, target_type, target_verse_dn, target_location_dn, requirement, result, hidden, once, condition_group, conditional_targets, children) VALUES (3281, 1525, 2, 'choice', 'Купить снаряжение.', 'verse', 639, NULL, NULL, 'Если вы проходите главу 6А, 7А, 8А или 9Б, возьмите 3 предмета В.   Если вы проходите главу 6Б, 7Б, 8Б или 9А, возьмите 3 предмета Г.  Можете купить любые из них, потратив 4 золота за каждый. Замешайте некупленное обратно в соответствующую колоду.   Сделайте новый выбор (в этом исследовании выбрать этот вариант больше нельзя).', NULL, FALSE, NULL, NULL, NULL);
INSERT INTO options (id, verse_id, position, type, text, target_type, target_verse_dn, target_location_dn, requirement, result, hidden, once, condition_group, conditional_targets, children) VALUES (3282, 1525, 3, 'choice', 'Продать снаряжение.', 'verse', 639, NULL, 'Сбросьте 1 предмет.', 'Получите 1 золото.  Сделайте новый выбор.', NULL, FALSE, NULL, NULL, NULL);
INSERT INTO options (id, verse_id, position, type, text, target_type, target_verse_dn, target_location_dn, requirement, result, hidden, once, condition_group, conditional_targets, children) VALUES (3283, 1525, 4, 'choice', 'Купить одноразовые предметы.', 'verse', 639, NULL, NULL, 'Возьмите 3 одноразовых предмета. Можете купить любые из них, потратив 2 золота за каждый. Замешайте некупленное обратно в колоду одноразовых предметов.   Сделайте новый выбор (в этом исследовании выбрать этот вариант больше нельзя).', NULL, FALSE, NULL, NULL, NULL);
INSERT INTO options (id, verse_id, position, type, text, target_type, target_verse_dn, target_location_dn, requirement, result, hidden, once, condition_group, conditional_targets, children) VALUES (3284, 1525, 5, 'choice', 'Уйти.', 'end', NULL, NULL, NULL, 'Исследование окончено.', NULL, FALSE, NULL, NULL, NULL);
INSERT INTO verses (id, location_id, display_number) VALUES (1526, 76, 640);
INSERT INTO options (id, verse_id, position, type, text, target_type, target_verse_dn, target_location_dn, requirement, result, hidden, once, condition_group, conditional_targets, children) VALUES (3285, 1526, 0, 'choice', 'Попробовать ответить существу.', 'verse', 645, NULL, NULL, NULL, NULL, FALSE, NULL, NULL, NULL);
INSERT INTO options (id, verse_id, position, type, text, target_type, target_verse_dn, target_location_dn, requirement, result, hidden, once, condition_group, conditional_targets, children) VALUES (3286, 1526, 1, 'choice', 'Дать существу понять, что вы не знаете.', 'verse', 643, NULL, NULL, NULL, NULL, FALSE, NULL, NULL, NULL);
INSERT INTO verses (id, location_id, display_number) VALUES (1527, 76, 641);
INSERT INTO options (id, verse_id, position, type, text, target_type, target_verse_dn, target_location_dn, requirement, result, hidden, once, condition_group, conditional_targets, children) VALUES (3287, 1527, 0, 'choice', 'Продолжить.', 'end', NULL, NULL, NULL, 'Откройте и прочитайте новую карту события.   Затем исследование окончено.', NULL, FALSE, NULL, NULL, NULL);
INSERT INTO verses (id, location_id, display_number) VALUES (1528, 76, 642);
INSERT INTO options (id, verse_id, position, type, text, target_type, target_verse_dn, target_location_dn, requirement, result, hidden, once, condition_group, conditional_targets, children) VALUES (3288, 1528, 0, 'condition', 'Если у вас есть хотя бы одна часть достижения «Тающий воск».', 'verse', 644, NULL, NULL, NULL, NULL, FALSE, NULL, NULL, NULL);
INSERT INTO options (id, verse_id, position, type, text, target_type, target_verse_dn, target_location_dn, requirement, result, hidden, once, condition_group, conditional_targets, children) VALUES (3289, 1528, 1, 'choice', 'Продолжить.', 'end', NULL, NULL, NULL, 'Получите 1 магию и одну часть достижения «Тающий воск».  Действие окончено.', NULL, FALSE, NULL, NULL, NULL);
INSERT INTO verses (id, location_id, display_number) VALUES (1529, 76, 643);
INSERT INTO options (id, verse_id, position, type, text, target_type, target_verse_dn, target_location_dn, requirement, result, hidden, once, condition_group, conditional_targets, children) VALUES (3290, 1529, 0, 'choice', 'Продолжить.', 'verse', 649, NULL, NULL, 'Получите часть 8 достижения «Путь Венедии».', NULL, FALSE, NULL, NULL, NULL);
INSERT INTO verses (id, location_id, display_number) VALUES (1530, 76, 644);
INSERT INTO options (id, verse_id, position, type, text, target_type, target_verse_dn, target_location_dn, requirement, result, hidden, once, condition_group, conditional_targets, children) VALUES (3291, 1530, 0, 'condition', 'Если у вас есть хотя бы три части достижения «Тающий воск».', 'verse', 646, NULL, NULL, NULL, NULL, FALSE, NULL, NULL, NULL);
INSERT INTO options (id, verse_id, position, type, text, target_type, target_verse_dn, target_location_dn, requirement, result, hidden, once, condition_group, conditional_targets, children) VALUES (3292, 1530, 1, 'choice', 'Продолжить.', 'end', NULL, NULL, NULL, 'Получите 1 магию и одну часть достижения «Тающий воск».  Действие окончено.', NULL, FALSE, NULL, NULL, NULL);
INSERT INTO verses (id, location_id, display_number) VALUES (1531, 76, 645);
INSERT INTO options (id, verse_id, position, type, text, target_type, target_verse_dn, target_location_dn, requirement, result, hidden, once, condition_group, conditional_targets, children) VALUES (3293, 1531, 0, 'choice', 'Продолжить.', 'verse', 649, NULL, NULL, 'Получите часть 8 достижения «Путь Венедии».', NULL, FALSE, NULL, NULL, NULL);
INSERT INTO verses (id, location_id, display_number) VALUES (1532, 76, 646);
INSERT INTO options (id, verse_id, position, type, text, target_type, target_verse_dn, target_location_dn, requirement, result, hidden, once, condition_group, conditional_targets, children) VALUES (3294, 1532, 0, 'condition', 'Если у вас есть хотя бы четыре части достижения «Тающий воск».', 'verse', 648, NULL, NULL, NULL, NULL, FALSE, NULL, NULL, NULL);
INSERT INTO options (id, verse_id, position, type, text, target_type, target_verse_dn, target_location_dn, requirement, result, hidden, once, condition_group, conditional_targets, children) VALUES (3295, 1532, 1, 'choice', 'Не обращать внимания. Со временем откроется, что заключено в центре голема. До тех пор пусть он ещё вам послужит.', 'end', NULL, NULL, NULL, 'Получите 1 магию и одну часть достижения «Тающий воск».  Действие окончено.', NULL, FALSE, NULL, NULL, NULL);
INSERT INTO options (id, verse_id, position, type, text, target_type, target_verse_dn, target_location_dn, requirement, result, hidden, once, condition_group, conditional_targets, children) VALUES (3296, 1532, 2, 'choice', 'Очистить оставшийся воск. Ожидание было невыносимо: вы должны узнать ответ прямо сейчас!', 'verse', 648, NULL, NULL, 'Получите 1 магию и одну часть достижения «Тающий воск».', NULL, FALSE, NULL, NULL, NULL);
INSERT INTO verses (id, location_id, display_number) VALUES (1533, 76, 647);
INSERT INTO options (id, verse_id, position, type, text, target_type, target_verse_dn, target_location_dn, requirement, result, hidden, once, condition_group, conditional_targets, children) VALUES (3297, 1533, 0, 'condition', 'Если вы в локации 159.', 'verse', 713, NULL, NULL, NULL, NULL, FALSE, NULL, NULL, NULL);
INSERT INTO options (id, verse_id, position, type, text, target_type, target_verse_dn, target_location_dn, requirement, result, hidden, once, condition_group, conditional_targets, children) VALUES (3298, 1533, 1, 'condition', 'Если вы в локации 158.', 'verse', 726, NULL, NULL, NULL, NULL, FALSE, NULL, NULL, NULL);
INSERT INTO options (id, verse_id, position, type, text, target_type, target_verse_dn, target_location_dn, requirement, result, hidden, once, condition_group, conditional_targets, children) VALUES (3299, 1533, 2, 'condition', 'Если вы в локации 153.', 'verse', 746, NULL, NULL, NULL, NULL, FALSE, NULL, NULL, NULL);
INSERT INTO verses (id, location_id, display_number) VALUES (1534, 76, 648);
INSERT INTO options (id, verse_id, position, type, text, target_type, target_verse_dn, target_location_dn, requirement, result, hidden, once, condition_group, conditional_targets, children) VALUES (3300, 1534, 0, 'condition', 'Если у вас есть хотя бы пять частей достижения «Тающий воск».', 'verse', 652, NULL, NULL, NULL, NULL, FALSE, NULL, NULL, NULL);
INSERT INTO options (id, verse_id, position, type, text, target_type, target_verse_dn, target_location_dn, requirement, result, hidden, once, condition_group, conditional_targets, children) VALUES (3301, 1534, 1, 'choice', 'Сказать «да». Правда может ранить, но вы не видите причин лгать.', 'verse', 763, NULL, NULL, 'Получите 1 магию и одну часть достижения «Тающий воск».', NULL, FALSE, NULL, NULL, NULL);
INSERT INTO options (id, verse_id, position, type, text, target_type, target_verse_dn, target_location_dn, requirement, result, hidden, once, condition_group, conditional_targets, children) VALUES (3302, 1534, 2, 'choice', 'Сказать «нет». Абсурдная мысль! Объясните ей, что она — магическое создание, призванное выполнять чужие приказы.', 'end', NULL, NULL, NULL, 'Получите 1 магию и одну часть достижения «Тающий воск».  Действие окончено.', NULL, FALSE, NULL, NULL, NULL);
INSERT INTO options (id, verse_id, position, type, text, target_type, target_verse_dn, target_location_dn, requirement, result, hidden, once, condition_group, conditional_targets, children) VALUES (3303, 1534, 3, 'choice', 'Очистить оставшийся воск. Ожидание было невыносимо: вы должны узнать ответ прямо сейчас!', 'verse', 652, NULL, NULL, 'Получите 1 магию и одну часть достижения «Тающий воск».', NULL, FALSE, NULL, NULL, NULL);
INSERT INTO verses (id, location_id, display_number) VALUES (1535, 76, 649);
INSERT INTO options (id, verse_id, position, type, text, target_type, target_verse_dn, target_location_dn, requirement, result, hidden, once, condition_group, conditional_targets, children) VALUES (3304, 1535, 0, 'choice', 'Продолжить.', 'end', NULL, NULL, NULL, 'Исследование окончено.', NULL, FALSE, NULL, NULL, NULL);
INSERT INTO verses (id, location_id, display_number) VALUES (1536, 76, 650);
INSERT INTO options (id, verse_id, position, type, text, target_type, target_verse_dn, target_location_dn, requirement, result, hidden, once, condition_group, conditional_targets, children) VALUES (3305, 1536, 0, 'condition', 'Если у вас есть часть 7 достижения «Великие деяния».', 'verse', 665, NULL, NULL, NULL, NULL, FALSE, NULL, NULL, NULL);
INSERT INTO options (id, verse_id, position, type, text, target_type, target_verse_dn, target_location_dn, requirement, result, hidden, once, condition_group, conditional_targets, children) VALUES (3306, 1536, 1, 'condition', 'Если у вас есть карта секрета 7 или 31.', 'verse', 946, NULL, NULL, NULL, NULL, FALSE, NULL, NULL, NULL);
INSERT INTO options (id, verse_id, position, type, text, target_type, target_verse_dn, target_location_dn, requirement, result, hidden, once, condition_group, conditional_targets, children) VALUES (3307, 1536, 2, 'choice', 'Приготовиться к бою с ней.', 'verse', 675, NULL, NULL, NULL, NULL, FALSE, NULL, NULL, NULL);
INSERT INTO options (id, verse_id, position, type, text, target_type, target_verse_dn, target_location_dn, requirement, result, hidden, once, condition_group, conditional_targets, children) VALUES (3308, 1536, 3, 'choice', 'Попробовать договориться с ней.', 'verse', 680, NULL, NULL, NULL, NULL, FALSE, NULL, NULL, NULL);
INSERT INTO options (id, verse_id, position, type, text, target_type, target_verse_dn, target_location_dn, requirement, result, hidden, once, condition_group, conditional_targets, children) VALUES (3309, 1536, 4, 'choice', 'Уйти ради собственного блага.', 'end', NULL, NULL, NULL, 'Переместите всех членов команды в локацию 132.   Исследование окончено.', NULL, FALSE, NULL, NULL, NULL);
INSERT INTO options (id, verse_id, position, type, text, target_type, target_verse_dn, target_location_dn, requirement, result, hidden, once, condition_group, conditional_targets, children) VALUES (3310, 1536, 5, 'condition', 'Если вы проходите главу 9Б.', 'verse', 995, NULL, NULL, NULL, NULL, FALSE, NULL, NULL, NULL);
INSERT INTO verses (id, location_id, display_number) VALUES (1537, 76, 651);
INSERT INTO options (id, verse_id, position, type, text, target_type, target_verse_dn, target_location_dn, requirement, result, hidden, once, condition_group, conditional_targets, children) VALUES (3311, 1537, 0, 'choice', 'Подойти к ней.', 'verse', 653, NULL, NULL, NULL, NULL, FALSE, NULL, NULL, NULL);
INSERT INTO options (id, verse_id, position, type, text, target_type, target_verse_dn, target_location_dn, requirement, result, hidden, once, condition_group, conditional_targets, children) VALUES (3312, 1537, 1, 'choice', 'Убежать.', 'end', NULL, NULL, NULL, 'Исследование окончено.', NULL, FALSE, NULL, NULL, NULL);
INSERT INTO verses (id, location_id, display_number) VALUES (1538, 76, 652);
INSERT INTO options (id, verse_id, position, type, text, target_type, target_verse_dn, target_location_dn, requirement, result, hidden, once, condition_group, conditional_targets, children) VALUES (3313, 1538, 0, 'condition', 'Если у вас есть шесть частей достижения «Тающий воск».', 'verse', 656, NULL, NULL, NULL, NULL, FALSE, NULL, NULL, NULL);
INSERT INTO options (id, verse_id, position, type, text, target_type, target_verse_dn, target_location_dn, requirement, result, hidden, once, condition_group, conditional_targets, children) VALUES (3314, 1538, 1, 'choice', 'Продолжить.', 'end', NULL, NULL, NULL, 'Получите одну часть достижения «Тающий воск», 1 магию и 1 @Terror@.  Действие окончено.', NULL, FALSE, NULL, NULL, NULL);
INSERT INTO verses (id, location_id, display_number) VALUES (1539, 76, 653);
INSERT INTO options (id, verse_id, position, type, text, target_type, target_verse_dn, target_location_dn, requirement, result, hidden, once, condition_group, conditional_targets, children) VALUES (3315, 1539, 0, 'choice', 'Назвать её Радмилой и сказать, что не причините ей вреда.', 'verse', 661, NULL, 'Нужна часть 6 достижения «Слухи и сплетни».', NULL, NULL, FALSE, NULL, NULL, NULL);
INSERT INTO options (id, verse_id, position, type, text, target_type, target_verse_dn, target_location_dn, requirement, result, hidden, once, condition_group, conditional_targets, children) VALUES (3316, 1539, 1, 'choice', 'Назвать её Младеной и сказать, что не причините ей вреда.', 'verse', 667, NULL, 'Нужна часть 6 достижения «Слухи и сплетни».', NULL, NULL, FALSE, NULL, NULL, NULL);
INSERT INTO options (id, verse_id, position, type, text, target_type, target_verse_dn, target_location_dn, requirement, result, hidden, once, condition_group, conditional_targets, children) VALUES (3317, 1539, 2, 'choice', 'Заверить, что не причините ей вреда.', 'verse', 669, NULL, 'Нужно хотя бы 4 очка @Empathy@.', NULL, NULL, FALSE, NULL, NULL, NULL);
INSERT INTO options (id, verse_id, position, type, text, target_type, target_verse_dn, target_location_dn, requirement, result, hidden, once, condition_group, conditional_targets, children) VALUES (3318, 1539, 3, 'choice', 'Уйти.', 'end', NULL, NULL, NULL, 'Исследование окончено.', NULL, FALSE, NULL, NULL, NULL);
INSERT INTO verses (id, location_id, display_number) VALUES (1540, 76, 654);
INSERT INTO options (id, verse_id, position, type, text, target_type, target_verse_dn, target_location_dn, requirement, result, hidden, once, condition_group, conditional_targets, children) VALUES (3319, 1540, 0, 'choice', 'Предложить ей соревнование в стрельбе из лука. Та, кого прозвали Железной Стрелой Севера, наверняка отличная лучница.', 'verse', 658, NULL, 'Нужна Гердвин; только если у вас нет части 10 достижения «Заготовки».', NULL, NULL, FALSE, NULL, NULL, NULL);
INSERT INTO options (id, verse_id, position, type, text, target_type, target_verse_dn, target_location_dn, requirement, result, hidden, once, condition_group, conditional_targets, children) VALUES (3320, 1540, 1, 'choice', 'Поговорить с ней о её знакомстве с предтечами. Её необычный наряд наверняка имеет свою историю.', 'verse', 659, NULL, 'Нужна Юнис; только если у вас нет части 11 достижения «Заготовки».', NULL, NULL, FALSE, NULL, NULL, NULL);
INSERT INTO options (id, verse_id, position, type, text, target_type, target_verse_dn, target_location_dn, requirement, result, hidden, once, condition_group, conditional_targets, children) VALUES (3321, 1540, 2, 'choice', 'Уйти.', 'end', NULL, NULL, NULL, 'Исследование окончено.', NULL, FALSE, NULL, NULL, NULL);
INSERT INTO verses (id, location_id, display_number) VALUES (1541, 76, 655);
INSERT INTO options (id, verse_id, position, type, text, target_type, target_verse_dn, target_location_dn, requirement, result, hidden, once, condition_group, conditional_targets, children) VALUES (3322, 1541, 0, 'choice', 'Продолжить.', 'end', NULL, NULL, NULL, 'Получите 1 магию.   Каждый член команды теряет 1 @Terror@.   Исследование окончено.', NULL, FALSE, NULL, NULL, NULL);
INSERT INTO verses (id, location_id, display_number) VALUES (1542, 76, 656);
INSERT INTO options (id, verse_id, position, type, text, target_type, target_verse_dn, target_location_dn, requirement, result, hidden, once, condition_group, conditional_targets, children) VALUES (3323, 1542, 0, 'choice', 'Продолжить.', 'end', NULL, NULL, NULL, 'Получите одну часть достижения «Тающий воск».   Каждый персонаж получает 1 @Terror@ и теряет 1 @Energy@.  Уберите из игры фигурку Свечного голема и секретную карту 308.  Действие окончено.', NULL, FALSE, NULL, NULL, NULL);
INSERT INTO verses (id, location_id, display_number) VALUES (1543, 76, 657);
INSERT INTO options (id, verse_id, position, type, text, target_type, target_verse_dn, target_location_dn, requirement, result, hidden, once, condition_group, conditional_targets, children) VALUES (3324, 1543, 0, 'condition', 'Нажмите сюда, если хотите увидеть подсказку.', 'verse', 657, NULL, NULL, 'Когда искаженье рассеется, вернитесь и уберите отсюда светящиеся камни.', NULL, FALSE, NULL, NULL, NULL);
INSERT INTO options (id, verse_id, position, type, text, target_type, target_verse_dn, target_location_dn, requirement, result, hidden, once, condition_group, conditional_targets, children) VALUES (3325, 1543, 1, 'choice', 'Продолжить.', 'end', NULL, NULL, NULL, 'Исследование окончено.', NULL, FALSE, NULL, NULL, NULL);
INSERT INTO verses (id, location_id, display_number) VALUES (1544, 76, 658);
INSERT INTO options (id, verse_id, position, type, text, target_type, target_verse_dn, target_location_dn, requirement, result, hidden, once, condition_group, conditional_targets, children) VALUES (3326, 1544, 0, 'choice', 'Продолжить.', 'end', NULL, NULL, NULL, 'Поздравляем! Вы освоили новое действие боя или дипломатии. Возьмите секретные карты 117 (карта боя «Ослепляющая стрела») и 122 (карта дипломатии «Второй шанс»). Выберите одну из них и замешайте в соответствующую колоду. Уберите другую карту из игры.  Гердвин получает 1 опыт.  Получите часть 10 достижения «Заготовки».  Исследование окончено.', NULL, FALSE, NULL, NULL, NULL);
INSERT INTO verses (id, location_id, display_number) VALUES (1545, 76, 659);
INSERT INTO options (id, verse_id, position, type, text, target_type, target_verse_dn, target_location_dn, requirement, result, hidden, once, condition_group, conditional_targets, children) VALUES (3327, 1545, 0, 'choice', 'Продолжить.', 'end', NULL, NULL, NULL, 'Поздравляем! Вы освоили новое действие боя или дипломатии. Возьмите секретные карты 127 (карта боя «Решающий удар») и 132 (карта дипломатии «Последнее слово»). Выберите одну из них и замешайте в соответствующую колоду. Уберите другую карту из игры.   Юнис получает 1 опыт.  Получите часть 11 достижения «Заготовки».  Исследование окончено.', NULL, FALSE, NULL, NULL, NULL);
INSERT INTO verses (id, location_id, display_number) VALUES (1546, 76, 660);
INSERT INTO options (id, verse_id, position, type, text, target_type, target_verse_dn, target_location_dn, requirement, result, hidden, once, condition_group, conditional_targets, children) VALUES (3328, 1546, 0, 'choice', 'Продолжить.', 'end', NULL, NULL, NULL, 'Каждый член команды теряет 2 @Energy@ и получает 2 @Terror@.  Исследование окончено.', NULL, FALSE, NULL, NULL, NULL);
INSERT INTO verses (id, location_id, display_number) VALUES (1547, 76, 661);
INSERT INTO options (id, verse_id, position, type, text, target_type, target_verse_dn, target_location_dn, requirement, result, hidden, once, condition_group, conditional_targets, children) VALUES (3329, 1547, 0, 'choice', 'Продолжить.', 'end', NULL, NULL, NULL, 'Каждый член команды получает 1 @Terror@ и теряет 1 @Health@.  Исследование окончено.', NULL, FALSE, NULL, NULL, NULL);
INSERT INTO verses (id, location_id, display_number) VALUES (1548, 76, 662);
INSERT INTO options (id, verse_id, position, type, text, target_type, target_verse_dn, target_location_dn, requirement, result, hidden, once, condition_group, conditional_targets, children) VALUES (3330, 1548, 0, 'choice', '1 @Energy@ Пойти в личные покои Венеды.', 'verse', 724, NULL, NULL, NULL, NULL, FALSE, NULL, NULL, NULL);
INSERT INTO options (id, verse_id, position, type, text, target_type, target_verse_dn, target_location_dn, requirement, result, hidden, once, condition_group, conditional_targets, children) VALUES (3331, 1548, 1, 'choice', '1 @Energy@ Навестить семейство князя Аскольда.', 'verse', 721, NULL, 'Нужна часть 2 достижения «Случайные встречи»; только если у вас нет части 1 достижения «Союз Чернолесья».', NULL, NULL, FALSE, NULL, NULL, NULL);
INSERT INTO options (id, verse_id, position, type, text, target_type, target_verse_dn, target_location_dn, requirement, result, hidden, once, condition_group, conditional_targets, children) VALUES (3332, 1548, 2, 'choice', 'Украсть всё, что плохо лежит, и поджечь дворец. Это станет тяжёлым ударом для Венеды.', 'verse', 727, NULL, 'Только если у вас нет ни части 9 достижения «Бессердечность», ни части 1 достижения «Союз Чернолесья».', NULL, NULL, FALSE, NULL, NULL, NULL);
INSERT INTO options (id, verse_id, position, type, text, target_type, target_verse_dn, target_location_dn, requirement, result, hidden, once, condition_group, conditional_targets, children) VALUES (3333, 1548, 3, 'choice', 'Уйти.', 'end', NULL, NULL, NULL, 'Исследование окончено.', NULL, FALSE, NULL, NULL, NULL);
INSERT INTO verses (id, location_id, display_number) VALUES (1549, 76, 663);
INSERT INTO options (id, verse_id, position, type, text, target_type, target_verse_dn, target_location_dn, requirement, result, hidden, once, condition_group, conditional_targets, children) VALUES (3334, 1549, 0, 'choice', '', 'end', NULL, NULL, NULL, NULL, NULL, FALSE, NULL, NULL, NULL);
INSERT INTO verses (id, location_id, display_number) VALUES (1550, 76, 664);
INSERT INTO options (id, verse_id, position, type, text, target_type, target_verse_dn, target_location_dn, requirement, result, hidden, once, condition_group, conditional_targets, children) VALUES (3335, 1550, 0, 'choice', 'Спросить, почему она осталась так близко к Влинскому. Не слишком ли это было рискованно?', 'verse', 678, NULL, NULL, NULL, NULL, FALSE, NULL, NULL, NULL);
INSERT INTO options (id, verse_id, position, type, text, target_type, target_verse_dn, target_location_dn, requirement, result, hidden, once, condition_group, conditional_targets, children) VALUES (3336, 1550, 1, 'choice', 'Спросить, видела ли она Андро.', 'verse', 686, NULL, NULL, NULL, NULL, FALSE, NULL, NULL, NULL);
INSERT INTO options (id, verse_id, position, type, text, target_type, target_verse_dn, target_location_dn, requirement, result, hidden, once, condition_group, conditional_targets, children) VALUES (3337, 1550, 2, 'choice', 'Спросить, можете ли вы чем-то помочь.', 'verse', 689, NULL, NULL, NULL, NULL, FALSE, NULL, NULL, NULL);
INSERT INTO options (id, verse_id, position, type, text, target_type, target_verse_dn, target_location_dn, requirement, result, hidden, once, condition_group, conditional_targets, children) VALUES (3338, 1550, 3, 'choice', 'Закончить разговор.', 'verse', 692, NULL, NULL, NULL, NULL, FALSE, NULL, NULL, NULL);
INSERT INTO verses (id, location_id, display_number) VALUES (1551, 76, 665);
INSERT INTO options (id, verse_id, position, type, text, target_type, target_verse_dn, target_location_dn, requirement, result, hidden, once, condition_group, conditional_targets, children) VALUES (3339, 1551, 0, 'choice', '1—2.', 'verse', 914, NULL, NULL, 'Янтарная царица и её отродья напали на вас.', NULL, FALSE, NULL, NULL, NULL);
INSERT INTO options (id, verse_id, position, type, text, target_type, target_verse_dn, target_location_dn, requirement, result, hidden, once, condition_group, conditional_targets, children) VALUES (3340, 1551, 1, 'choice', '3—4.', 'verse', 915, NULL, NULL, 'Янтарная царица приблизилась — она была согласна на переговоры.', NULL, FALSE, NULL, NULL, NULL);
INSERT INTO options (id, verse_id, position, type, text, target_type, target_verse_dn, target_location_dn, requirement, result, hidden, once, condition_group, conditional_targets, children) VALUES (3341, 1551, 2, 'choice', '5.', 'end', NULL, NULL, NULL, 'Личная охрана и янтарные отродья помогли янтарной царице прогнать вас.   Переместите всех членов команды в любую связанную локацию.   Каждый член команды теряет 1 @Energy@.   Исследование окончено.', NULL, FALSE, NULL, NULL, NULL);
INSERT INTO options (id, verse_id, position, type, text, target_type, target_verse_dn, target_location_dn, requirement, result, hidden, once, condition_group, conditional_targets, children) VALUES (3342, 1551, 3, 'choice', '≥6.', 'end', NULL, NULL, NULL, 'Когда вы подошли, янтарная царица снова растаяла в тумане.  Уберите с поля фигурку янтарной царицы Венеды.   Исследование окончено.', NULL, FALSE, NULL, NULL, NULL);
INSERT INTO verses (id, location_id, display_number) VALUES (1552, 76, 666);
INSERT INTO options (id, verse_id, position, type, text, target_type, target_verse_dn, target_location_dn, requirement, result, hidden, once, condition_group, conditional_targets, children) VALUES (3343, 1552, 0, 'choice', 'Провести ритуал, помочь демону и козе освободиться. Если всё пойдёт по плану, Вузиэль вернётся в свой родной мир, а чародей снова обретёт человеческое тело.', 'verse', 1093, NULL, NULL, NULL, NULL, FALSE, NULL, NULL, NULL);
INSERT INTO options (id, verse_id, position, type, text, target_type, target_verse_dn, target_location_dn, requirement, result, hidden, once, condition_group, conditional_targets, children) VALUES (3344, 1552, 1, 'choice', 'Изменить ритуал: пусть демон отправляется в тело козы. Если переставить местами несколько символов, Вузиэль окажется в теле козы, как и задумывал чародей.', 'verse', 1110, NULL, NULL, NULL, NULL, FALSE, NULL, NULL, NULL);
INSERT INTO verses (id, location_id, display_number) VALUES (1553, 76, 667);
INSERT INTO options (id, verse_id, position, type, text, target_type, target_verse_dn, target_location_dn, requirement, result, hidden, once, condition_group, conditional_targets, children) VALUES (3345, 1553, 0, 'choice', 'Продолжить.', 'verse', 668, NULL, NULL, NULL, NULL, FALSE, NULL, NULL, NULL);
INSERT INTO verses (id, location_id, display_number) VALUES (1554, 76, 668);
INSERT INTO options (id, verse_id, position, type, text, target_type, target_verse_dn, target_location_dn, requirement, result, hidden, once, condition_group, conditional_targets, children) VALUES (3346, 1554, 0, 'choice', 'Продолжить.', 'verse', 664, NULL, NULL, NULL, NULL, FALSE, NULL, NULL, NULL);
INSERT INTO verses (id, location_id, display_number) VALUES (1555, 76, 669);
INSERT INTO options (id, verse_id, position, type, text, target_type, target_verse_dn, target_location_dn, requirement, result, hidden, once, condition_group, conditional_targets, children) VALUES (3347, 1555, 0, 'choice', 'Продолжить.', 'verse', 668, NULL, NULL, NULL, NULL, FALSE, NULL, NULL, NULL);
INSERT INTO verses (id, location_id, display_number) VALUES (1556, 76, 670);
INSERT INTO options (id, verse_id, position, type, text, target_type, target_verse_dn, target_location_dn, requirement, result, hidden, once, condition_group, conditional_targets, children) VALUES (3348, 1556, 0, 'condition', 'Если вы проходите главу 6Б.', 'verse', 671, NULL, NULL, NULL, NULL, FALSE, NULL, NULL, NULL);
INSERT INTO options (id, verse_id, position, type, text, target_type, target_verse_dn, target_location_dn, requirement, result, hidden, once, condition_group, conditional_targets, children) VALUES (3349, 1556, 1, 'condition', 'Если вы проходите главу 7Б, часть 4.', 'verse', 673, NULL, NULL, NULL, NULL, FALSE, NULL, NULL, NULL);
INSERT INTO options (id, verse_id, position, type, text, target_type, target_verse_dn, target_location_dn, requirement, result, hidden, once, condition_group, conditional_targets, children) VALUES (3350, 1556, 2, 'condition', 'Если вы проходите главу 8Б.', 'verse', 739, NULL, NULL, NULL, NULL, FALSE, NULL, NULL, NULL);
INSERT INTO options (id, verse_id, position, type, text, target_type, target_verse_dn, target_location_dn, requirement, result, hidden, once, condition_group, conditional_targets, children) VALUES (3351, 1556, 3, 'choice', '1.', 'end', NULL, NULL, NULL, 'Ноний, владыка глубин, вызвал ужасную бурю, и вы заблудились.  Выберите связанную локацию и переместите туда всех членов команды. Каждый член команды тратит 1 магию или теряет 1 @Energy@.  Исследование окончено.', NULL, FALSE, NULL, NULL, NULL);
INSERT INTO options (id, verse_id, position, type, text, target_type, target_verse_dn, target_location_dn, requirement, result, hidden, once, condition_group, conditional_targets, children) VALUES (3352, 1556, 4, 'choice', '2, 4.', 'cross_location', 203, 999, NULL, 'Ноний вскинул посох и приготовился атаковать.', NULL, FALSE, NULL, NULL, NULL);
INSERT INTO options (id, verse_id, position, type, text, target_type, target_verse_dn, target_location_dn, requirement, result, hidden, once, condition_group, conditional_targets, children) VALUES (3353, 1556, 5, 'choice', '3, 5.', 'cross_location', 205, 999, NULL, 'Ноний издалека окликнул вас и спросил, как вы смеете вторгаться в земли фоморов.', NULL, FALSE, NULL, NULL, NULL);
INSERT INTO options (id, verse_id, position, type, text, target_type, target_verse_dn, target_location_dn, requirement, result, hidden, once, condition_group, conditional_targets, children) VALUES (3354, 1556, 6, 'choice', '≥6.', 'verse', 1210, NULL, NULL, 'Внушительная фигура Нония высилась под дождём. Он ждал, что вы будете делать.   Поместите по 1 @QuestToken@ на планшеты персонажей всех членов команды.', NULL, FALSE, NULL, NULL, NULL);
INSERT INTO verses (id, location_id, display_number) VALUES (1557, 76, 671);
INSERT INTO options (id, verse_id, position, type, text, target_type, target_verse_dn, target_location_dn, requirement, result, hidden, once, condition_group, conditional_targets, children) VALUES (3355, 1557, 0, 'choice', 'Приготовиться к бою.', 'cross_location', 326, 999, NULL, NULL, NULL, FALSE, NULL, NULL, NULL);
INSERT INTO options (id, verse_id, position, type, text, target_type, target_verse_dn, target_location_dn, requirement, result, hidden, once, condition_group, conditional_targets, children) VALUES (3356, 1557, 1, 'choice', 'Попробовать с ним договориться.', 'cross_location', 328, 999, NULL, NULL, NULL, FALSE, NULL, NULL, NULL);
INSERT INTO options (id, verse_id, position, type, text, target_type, target_verse_dn, target_location_dn, requirement, result, hidden, once, condition_group, conditional_targets, children) VALUES (3357, 1557, 2, 'choice', 'Отступить.', 'end', NULL, NULL, NULL, 'Переместите всех членов команды в локацию 154 («Латифундии») или 153 («Угрюмый хребет»).   Исследование окончено.', NULL, FALSE, NULL, NULL, NULL);
INSERT INTO verses (id, location_id, display_number) VALUES (1558, 76, 672);
INSERT INTO options (id, verse_id, position, type, text, target_type, target_verse_dn, target_location_dn, requirement, result, hidden, once, condition_group, conditional_targets, children) VALUES (3358, 1558, 0, 'condition', 'Если Элган в этой локации и у вас есть часть 1 достижения «Путники из прошлого», но нет части 1 достижения «Уроки прошлого».', 'verse', 765, NULL, NULL, NULL, NULL, FALSE, NULL, NULL, NULL);
INSERT INTO options (id, verse_id, position, type, text, target_type, target_verse_dn, target_location_dn, requirement, result, hidden, once, condition_group, conditional_targets, children) VALUES (3359, 1558, 1, 'condition', 'Если Гердвин в этой локации и у вас есть часть 2 достижения «Путники из прошлого», но нет части 2 достижения «Уроки прошлого».', 'verse', 769, NULL, NULL, NULL, NULL, FALSE, NULL, NULL, NULL);
INSERT INTO options (id, verse_id, position, type, text, target_type, target_verse_dn, target_location_dn, requirement, result, hidden, once, condition_group, conditional_targets, children) VALUES (3360, 1558, 2, 'condition', 'Если Осберт в этой локации и у вас есть часть 3 достижения «Путники из прошлого», но нет части 3 достижения «Уроки прошлого».', 'verse', 775, NULL, NULL, NULL, NULL, FALSE, NULL, NULL, NULL);
INSERT INTO options (id, verse_id, position, type, text, target_type, target_verse_dn, target_location_dn, requirement, result, hidden, once, condition_group, conditional_targets, children) VALUES (3361, 1558, 3, 'condition', 'Если Юнис в этой локации и у вас есть часть 4 достижения «Путники из прошлого», но нет части 4 достижения «Уроки прошлого».', 'verse', 782, NULL, NULL, NULL, NULL, FALSE, NULL, NULL, NULL);
INSERT INTO verses (id, location_id, display_number) VALUES (1559, 76, 673);
INSERT INTO options (id, verse_id, position, type, text, target_type, target_verse_dn, target_location_dn, requirement, result, hidden, once, condition_group, conditional_targets, children) VALUES (3362, 1559, 0, 'condition', 'Если в этой локации есть хотя бы 1 @QuestToken@ и присутствуют все персонажи.', 'verse', 690, NULL, NULL, NULL, NULL, FALSE, NULL, NULL, NULL);
INSERT INTO options (id, verse_id, position, type, text, target_type, target_verse_dn, target_location_dn, requirement, result, hidden, once, condition_group, conditional_targets, children) VALUES (3363, 1559, 1, 'choice', 'Продолжить.', 'end', NULL, NULL, NULL, 'Переместите всех членов команды в связанную локацию.   Исследование окончено.', NULL, FALSE, NULL, NULL, NULL);
INSERT INTO verses (id, location_id, display_number) VALUES (1560, 76, 674);
INSERT INTO options (id, verse_id, position, type, text, target_type, target_verse_dn, target_location_dn, requirement, result, hidden, once, condition_group, conditional_targets, children) VALUES (3364, 1560, 0, 'choice', 'Продолжить.', 'end', NULL, NULL, NULL, 'Получите одну часть достижения «Время идёт (глава 5)».  Уберите особое событие Д из игры.  Положите особое событие Г на колоду событий. Затем положите  сверху 6 (− 1 за персонажа) случайных событий.  Откройте и прочитайте новую карту события.   Затем исследование окончено.', NULL, FALSE, NULL, NULL, NULL);
INSERT INTO verses (id, location_id, display_number) VALUES (1561, 76, 675);
INSERT INTO options (id, verse_id, position, type, text, target_type, target_verse_dn, target_location_dn, requirement, result, hidden, once, condition_group, conditional_targets, children) VALUES (3365, 1561, 0, 'condition', 'Если вы победили.', 'verse', 679, NULL, NULL, NULL, NULL, FALSE, NULL, NULL, NULL);
INSERT INTO options (id, verse_id, position, type, text, target_type, target_verse_dn, target_location_dn, requirement, result, hidden, once, condition_group, conditional_targets, children) VALUES (3366, 1561, 1, 'condition', 'В противном случае.', 'verse', 681, NULL, NULL, NULL, NULL, FALSE, NULL, NULL, NULL);
INSERT INTO verses (id, location_id, display_number) VALUES (1562, 76, 676);
INSERT INTO options (id, verse_id, position, type, text, target_type, target_verse_dn, target_location_dn, requirement, result, hidden, once, condition_group, conditional_targets, children) VALUES (3367, 1562, 0, 'choice', 'Продолжить.', 'end', NULL, NULL, NULL, 'o Каждый член команды получает 2 @Terror@.  o Каждый член команды теряет 6 @Health@ (–2 за каждый красный маркер в этой локации).  o Уберите 3 красных маркера (–1 за каждый красный маркер в этой локации) с карты секрета 10 (если вам потребуется перейти к другой строфе, сделайте это после окончания исследования).  o Уберите все красные маркеры из этой локации.  o Поместите 1 @DarkTT@ в эту локацию.  o Если локация 105-Б («Брошенный лагерь») не приложена снизу локации 109, приложите её сейчас.  o Переместите всех членов команды и спутников в локацию 105-Б.  Исследование окончено.', NULL, FALSE, NULL, NULL, NULL);
INSERT INTO verses (id, location_id, display_number) VALUES (1563, 76, 677);
INSERT INTO options (id, verse_id, position, type, text, target_type, target_verse_dn, target_location_dn, requirement, result, hidden, once, condition_group, conditional_targets, children) VALUES (3368, 1563, 0, 'condition', 'Если вы проходите главу 9Б.', 'verse', 1005, NULL, NULL, NULL, NULL, FALSE, NULL, NULL, NULL);
INSERT INTO options (id, verse_id, position, type, text, target_type, target_verse_dn, target_location_dn, requirement, result, hidden, once, condition_group, conditional_targets, children) VALUES (3369, 1563, 1, 'condition', 'В противном случае.', 'verse', 1238, NULL, NULL, NULL, NULL, FALSE, NULL, NULL, NULL);
INSERT INTO verses (id, location_id, display_number) VALUES (1564, 76, 678);
INSERT INTO options (id, verse_id, position, type, text, target_type, target_verse_dn, target_location_dn, requirement, result, hidden, once, condition_group, conditional_targets, children) VALUES (3370, 1564, 0, 'choice', 'Продолжить.', 'verse', 664, NULL, NULL, NULL, NULL, FALSE, NULL, NULL, NULL);
INSERT INTO verses (id, location_id, display_number) VALUES (1565, 76, 679);
INSERT INTO options (id, verse_id, position, type, text, target_type, target_verse_dn, target_location_dn, requirement, result, hidden, once, condition_group, conditional_targets, children) VALUES (3371, 1565, 0, 'condition', 'Если вы проходите главу 9Б.', 'verse', 1005, NULL, NULL, NULL, NULL, FALSE, NULL, NULL, NULL);
INSERT INTO options (id, verse_id, position, type, text, target_type, target_verse_dn, target_location_dn, requirement, result, hidden, once, condition_group, conditional_targets, children) VALUES (3372, 1565, 1, 'condition', 'В противном случае.', 'verse', 1239, NULL, NULL, NULL, NULL, FALSE, NULL, NULL, NULL);
INSERT INTO verses (id, location_id, display_number) VALUES (1566, 76, 680);
INSERT INTO options (id, verse_id, position, type, text, target_type, target_verse_dn, target_location_dn, requirement, result, hidden, once, condition_group, conditional_targets, children) VALUES (3373, 1566, 0, 'condition', 'Если развязка @GreenOutcome@.', 'verse', 677, NULL, NULL, NULL, NULL, FALSE, NULL, NULL, NULL);
INSERT INTO options (id, verse_id, position, type, text, target_type, target_verse_dn, target_location_dn, requirement, result, hidden, once, condition_group, conditional_targets, children) VALUES (3374, 1566, 1, 'condition', 'Если развязка @GrayOutcome@.', 'verse', 684, NULL, NULL, NULL, NULL, FALSE, NULL, NULL, NULL);
INSERT INTO options (id, verse_id, position, type, text, target_type, target_verse_dn, target_location_dn, requirement, result, hidden, once, condition_group, conditional_targets, children) VALUES (3375, 1566, 2, 'condition', 'В противном случае.', 'verse', 687, NULL, NULL, NULL, NULL, FALSE, NULL, NULL, NULL);
INSERT INTO verses (id, location_id, display_number) VALUES (1567, 76, 681);
INSERT INTO options (id, verse_id, position, type, text, target_type, target_verse_dn, target_location_dn, requirement, result, hidden, once, condition_group, conditional_targets, children) VALUES (3376, 1567, 0, 'condition', 'Если вы проходите главу 9Б.', 'verse', 1009, NULL, NULL, NULL, NULL, FALSE, NULL, NULL, NULL);
INSERT INTO options (id, verse_id, position, type, text, target_type, target_verse_dn, target_location_dn, requirement, result, hidden, once, condition_group, conditional_targets, children) VALUES (3377, 1567, 1, 'choice', 'Продолжить.', 'end', NULL, NULL, NULL, 'Каждый член команды теряет 1 золото и 1 @Energy@.   Затем переместите всех членов команды в связанную локацию с наименьшим номером.   Исследование окончено.', NULL, FALSE, NULL, NULL, NULL);
INSERT INTO verses (id, location_id, display_number) VALUES (1568, 76, 682);
INSERT INTO options (id, verse_id, position, type, text, target_type, target_verse_dn, target_location_dn, requirement, result, hidden, once, condition_group, conditional_targets, children) VALUES (3378, 1568, 0, 'choice', 'Продолжить.', 'end', NULL, NULL, NULL, 'Исследование окончено.', NULL, FALSE, NULL, NULL, NULL);
INSERT INTO verses (id, location_id, display_number) VALUES (1569, 76, 683);
INSERT INTO options (id, verse_id, position, type, text, target_type, target_verse_dn, target_location_dn, requirement, result, hidden, once, condition_group, conditional_targets, children) VALUES (3379, 1569, 0, 'choice', 'Продолжить.', 'verse', 693, NULL, NULL, NULL, NULL, FALSE, NULL, NULL, NULL);
INSERT INTO verses (id, location_id, display_number) VALUES (1570, 76, 684);
INSERT INTO options (id, verse_id, position, type, text, target_type, target_verse_dn, target_location_dn, requirement, result, hidden, once, condition_group, conditional_targets, children) VALUES (3380, 1570, 0, 'condition', 'Если вы проходите главу 9Б.', 'verse', 1005, NULL, NULL, 'Получите часть 7 достижения «Великие деяния».', NULL, FALSE, NULL, NULL, NULL);
INSERT INTO options (id, verse_id, position, type, text, target_type, target_verse_dn, target_location_dn, requirement, result, hidden, once, condition_group, conditional_targets, children) VALUES (3381, 1570, 1, 'choice', 'Продолжить.', 'end', NULL, NULL, NULL, 'Получите часть 7 достижения «Великие деяния».  Уберите с поля фигурку янтарной царицы Венеды и верните секретную карту 160 в секретную колоду.  Исследование окончено.', NULL, FALSE, NULL, NULL, NULL);
INSERT INTO verses (id, location_id, display_number) VALUES (1571, 76, 685);
INSERT INTO options (id, verse_id, position, type, text, target_type, target_verse_dn, target_location_dn, requirement, result, hidden, once, condition_group, conditional_targets, children) VALUES (3382, 1571, 0, 'choice', '0—2.', 'verse', 676, NULL, NULL, 'Вы были слишком медлительны. Пламя настигло вас, и вы упали вниз в облаке пылающих обломков.', NULL, FALSE, NULL, NULL, NULL);
INSERT INTO options (id, verse_id, position, type, text, target_type, target_verse_dn, target_location_dn, requirement, result, hidden, once, condition_group, conditional_targets, children) VALUES (3383, 1571, 1, 'choice', '3—4.', 'verse', 711, NULL, NULL, 'Вы едва успели, но всё же смогли перепрыгнуть на следующую часть моста, хотя и обожглись.   Каждый член команды теряет 1 @Health@ и получает 1 @Terror@.', NULL, FALSE, NULL, NULL, NULL);
INSERT INTO options (id, verse_id, position, type, text, target_type, target_verse_dn, target_location_dn, requirement, result, hidden, once, condition_group, conditional_targets, children) VALUES (3384, 1571, 2, 'choice', '≥5.', 'verse', 711, NULL, NULL, 'Вы опередили пламя и быстро спустились вниз.', NULL, FALSE, NULL, NULL, NULL);
INSERT INTO verses (id, location_id, display_number) VALUES (1572, 76, 686);
INSERT INTO options (id, verse_id, position, type, text, target_type, target_verse_dn, target_location_dn, requirement, result, hidden, once, condition_group, conditional_targets, children) VALUES (3385, 1572, 0, 'choice', 'Продолжить.', 'verse', 664, NULL, NULL, NULL, NULL, FALSE, NULL, NULL, NULL);
INSERT INTO verses (id, location_id, display_number) VALUES (1573, 76, 687);
INSERT INTO options (id, verse_id, position, type, text, target_type, target_verse_dn, target_location_dn, requirement, result, hidden, once, condition_group, conditional_targets, children) VALUES (3386, 1573, 0, 'condition', 'Если вы проходите главу 9Б.', 'verse', 1009, NULL, NULL, NULL, NULL, FALSE, NULL, NULL, NULL);
INSERT INTO options (id, verse_id, position, type, text, target_type, target_verse_dn, target_location_dn, requirement, result, hidden, once, condition_group, conditional_targets, children) VALUES (3387, 1573, 1, 'choice', 'Продолжить.', 'end', NULL, NULL, NULL, 'Каждый член команды теряет 1 золото и 1 @Energy@.   Затем переместите всех членов команды в связанную локацию с наименьшим номером.   Исследование окончено.', NULL, FALSE, NULL, NULL, NULL);
INSERT INTO verses (id, location_id, display_number) VALUES (1574, 76, 688);
INSERT INTO options (id, verse_id, position, type, text, target_type, target_verse_dn, target_location_dn, requirement, result, hidden, once, condition_group, conditional_targets, children) VALUES (3388, 1574, 0, 'choice', 'Продолжить.', 'verse', 685, NULL, NULL, 'Уберите 2 красных маркера с карты секрета 10 (если вам потребуется перейти к другой строфе, сделайте это после окончания исследования).', NULL, FALSE, NULL, NULL, NULL);
INSERT INTO verses (id, location_id, display_number) VALUES (1575, 76, 689);
INSERT INTO options (id, verse_id, position, type, text, target_type, target_verse_dn, target_location_dn, requirement, result, hidden, once, condition_group, conditional_targets, children) VALUES (3389, 1575, 0, 'choice', 'Продолжить.', 'verse', 664, NULL, NULL, NULL, NULL, FALSE, NULL, NULL, NULL);
INSERT INTO verses (id, location_id, display_number) VALUES (1576, 76, 690);
INSERT INTO options (id, verse_id, position, type, text, target_type, target_verse_dn, target_location_dn, requirement, result, hidden, once, condition_group, conditional_targets, children) VALUES (3390, 1576, 0, 'condition', 'Если у вас есть 2 красных маркера на карте секрета 50.', 'verse', 647, NULL, NULL, NULL, NULL, FALSE, NULL, NULL, NULL);
INSERT INTO options (id, verse_id, position, type, text, target_type, target_verse_dn, target_location_dn, requirement, result, hidden, once, condition_group, conditional_targets, children) VALUES (3391, 1576, 1, 'condition', 'В противном случае.', 'verse', 1240, NULL, NULL, NULL, NULL, FALSE, NULL, NULL, NULL);
INSERT INTO verses (id, location_id, display_number) VALUES (1577, 76, 691);
INSERT INTO options (id, verse_id, position, type, text, target_type, target_verse_dn, target_location_dn, requirement, result, hidden, once, condition_group, conditional_targets, children) VALUES (3392, 1577, 0, 'choice', 'Продолжить.', 'verse', 682, NULL, NULL, 'Осберт получает 1 @Terror@.', NULL, FALSE, NULL, NULL, NULL);
INSERT INTO verses (id, location_id, display_number) VALUES (1578, 76, 692);
INSERT INTO options (id, verse_id, position, type, text, target_type, target_verse_dn, target_location_dn, requirement, result, hidden, once, condition_group, conditional_targets, children) VALUES (3393, 1578, 0, 'choice', 'Продолжить.', 'end', NULL, NULL, NULL, 'Получите часть 2 достижения «Горькая правда».  Исследование окончено.', NULL, FALSE, NULL, NULL, NULL);
INSERT INTO verses (id, location_id, display_number) VALUES (1579, 76, 693);
INSERT INTO options (id, verse_id, position, type, text, target_type, target_verse_dn, target_location_dn, requirement, result, hidden, once, condition_group, conditional_targets, children) VALUES (3394, 1579, 0, 'choice', 'Дать Кливару знак вырваться и укусить незнакомца. Дело рискованное, но вам не привыкать.', 'verse', 691, NULL, NULL, NULL, NULL, FALSE, NULL, NULL, NULL);
INSERT INTO options (id, verse_id, position, type, text, target_type, target_verse_dn, target_location_dn, requirement, result, hidden, once, condition_group, conditional_targets, children) VALUES (3395, 1579, 1, 'choice', 'Передать грамоту. Да, грамота — это ваше будущее. Но как же Кливар? Он вам как родной, больше у вас никого нет.', 'verse', 697, NULL, NULL, NULL, NULL, FALSE, NULL, NULL, NULL);
INSERT INTO options (id, verse_id, position, type, text, target_type, target_verse_dn, target_location_dn, requirement, result, hidden, once, condition_group, conditional_targets, children) VALUES (3396, 1579, 2, 'choice', 'Спросить незнакомца, зачем он так поступает.', 'verse', 695, NULL, NULL, NULL, NULL, FALSE, NULL, NULL, NULL);
INSERT INTO verses (id, location_id, display_number) VALUES (1580, 76, 694);
INSERT INTO options (id, verse_id, position, type, text, target_type, target_verse_dn, target_location_dn, requirement, result, hidden, once, condition_group, conditional_targets, children) VALUES (3397, 1580, 0, 'choice', '...фоморы. Как бы вы к ним ни относились, у вас был общий враг — предтечи. Если они победят и придут к власти, это в равной мере навредит Лотиану и Венедии.', 'end', NULL, NULL, NULL, 'Получите одну часть достижения «Преимущество: вода».  Поместите 1 красный маркер на карту секрета 50.   Исследование окончено.', NULL, FALSE, NULL, NULL, NULL);
INSERT INTO options (id, verse_id, position, type, text, target_type, target_verse_dn, target_location_dn, requirement, result, hidden, once, condition_group, conditional_targets, children) VALUES (3398, 1580, 1, 'choice', '...предтечи. Если сейчас ослабить Нония, ему придётся труднее в грядущих боях. Вы готовы на всё ради достижения своей цели, невзирая на последствия.', 'end', NULL, NULL, NULL, 'Получите одну часть достижения «Преимущество: искаженье».  Поместите 1 красный маркер на карту секрета 50.   Исследование окончено.', NULL, FALSE, NULL, NULL, NULL);
INSERT INTO verses (id, location_id, display_number) VALUES (1581, 76, 695);
INSERT INTO options (id, verse_id, position, type, text, target_type, target_verse_dn, target_location_dn, requirement, result, hidden, once, condition_group, conditional_targets, children) VALUES (3399, 1581, 0, 'choice', 'Продолжить.', 'verse', 693, NULL, NULL, NULL, NULL, FALSE, NULL, NULL, NULL);
INSERT INTO verses (id, location_id, display_number) VALUES (1582, 76, 696);
INSERT INTO options (id, verse_id, position, type, text, target_type, target_verse_dn, target_location_dn, requirement, result, hidden, once, condition_group, conditional_targets, children) VALUES (3400, 1582, 0, 'condition', 'Если в этой локации есть @LightTT@.', 'end', NULL, NULL, NULL, 'Вы пришли слишком рано.  Исследование окончено.', NULL, FALSE, NULL, NULL, NULL);
INSERT INTO options (id, verse_id, position, type, text, target_type, target_verse_dn, target_location_dn, requirement, result, hidden, once, condition_group, conditional_targets, children) VALUES (3401, 1582, 1, 'condition', 'Если у вас есть часть 6 достижения «Осведомитель».', 'verse', 702, NULL, NULL, NULL, NULL, FALSE, NULL, NULL, NULL);
INSERT INTO options (id, verse_id, position, type, text, target_type, target_verse_dn, target_location_dn, requirement, result, hidden, once, condition_group, conditional_targets, children) VALUES (3402, 1582, 2, 'choice', 'Продолжить.', 'end', NULL, NULL, NULL, 'Если у вас нет части 9 достижения «Странные уроки», каждый персонаж получает 1 опыт.   Получите часть 9 достижения «Странные уроки».   Исследование окончено.', NULL, FALSE, NULL, NULL, NULL);
INSERT INTO verses (id, location_id, display_number) VALUES (1583, 76, 697);
INSERT INTO options (id, verse_id, position, type, text, target_type, target_verse_dn, target_location_dn, requirement, result, hidden, once, condition_group, conditional_targets, children) VALUES (3403, 1583, 0, 'choice', 'Продолжить.', 'verse', 682, NULL, NULL, 'Нажмите «Продолжить».', NULL, FALSE, NULL, NULL, NULL);
INSERT INTO verses (id, location_id, display_number) VALUES (1584, 76, 698);
INSERT INTO options (id, verse_id, position, type, text, target_type, target_verse_dn, target_location_dn, requirement, result, hidden, once, condition_group, conditional_targets, children) VALUES (3404, 1584, 0, 'choice', 'Купить еду.', 'verse', 698, NULL, 'Потратьте 2 золота.', 'Получите 1 еду.   Сделайте новый выбор.', NULL, FALSE, NULL, NULL, NULL);
INSERT INTO options (id, verse_id, position, type, text, target_type, target_verse_dn, target_location_dn, requirement, result, hidden, once, condition_group, conditional_targets, children) VALUES (3405, 1584, 1, 'choice', 'Продать еду.', 'verse', 698, NULL, 'Потратьте 2 еды.', 'Получите 1 золото.   Сделайте новый выбор.', NULL, FALSE, NULL, NULL, NULL);
INSERT INTO options (id, verse_id, position, type, text, target_type, target_verse_dn, target_location_dn, requirement, result, hidden, once, condition_group, conditional_targets, children) VALUES (3406, 1584, 2, 'choice', 'Купить снаряжение.', 'verse', 698, NULL, NULL, 'Возьмите 3 предмета A. Можете купить любые из них, потратив 2 золота за каждый. Замешайте некупленное обратно в колоду предметов А.   Сделайте новый выбор (в этом исследовании выбрать этот вариант больше нельзя).', NULL, FALSE, NULL, NULL, NULL);
INSERT INTO options (id, verse_id, position, type, text, target_type, target_verse_dn, target_location_dn, requirement, result, hidden, once, condition_group, conditional_targets, children) VALUES (3407, 1584, 3, 'choice', 'Продать снаряжение.', 'verse', 698, NULL, 'Сбросьте 1 предмет.', 'Получите 1 золото.  Сделайте новый выбор.', NULL, FALSE, NULL, NULL, NULL);
INSERT INTO options (id, verse_id, position, type, text, target_type, target_verse_dn, target_location_dn, requirement, result, hidden, once, condition_group, conditional_targets, children) VALUES (3408, 1584, 4, 'choice', 'Купить одноразовые предметы.', 'verse', 698, NULL, NULL, 'Возьмите 3 одноразовых предмета. Можете купить любые из них, потратив 1 золото за каждый. Замешайте некупленное обратно в колоду одноразовых предметов.   Сделайте новый выбор (в этом исследовании выбрать этот вариант больше нельзя).', NULL, FALSE, NULL, NULL, NULL);
INSERT INTO options (id, verse_id, position, type, text, target_type, target_verse_dn, target_location_dn, requirement, result, hidden, once, condition_group, conditional_targets, children) VALUES (3409, 1584, 5, 'choice', 'Попробовать уйти.', 'end', NULL, NULL, 'Если у вас есть часть 5 достижения «Небольшая услуга».', 'Исследование окончено.', NULL, FALSE, NULL, NULL, NULL);
INSERT INTO options (id, verse_id, position, type, text, target_type, target_verse_dn, target_location_dn, requirement, result, hidden, once, condition_group, conditional_targets, children) VALUES (3410, 1584, 6, 'choice', 'Попробовать уйти.', 'cross_location', 228, 999, NULL, NULL, NULL, FALSE, NULL, NULL, NULL);
INSERT INTO verses (id, location_id, display_number) VALUES (1585, 76, 699);
INSERT INTO options (id, verse_id, position, type, text, target_type, target_verse_dn, target_location_dn, requirement, result, hidden, once, condition_group, conditional_targets, children) VALUES (3411, 1585, 0, 'choice', 'Если вы проходите главу 4.', 'verse', 704, NULL, NULL, NULL, NULL, FALSE, NULL, NULL, NULL);
INSERT INTO options (id, verse_id, position, type, text, target_type, target_verse_dn, target_location_dn, requirement, result, hidden, once, condition_group, conditional_targets, children) VALUES (3412, 1585, 1, 'choice', 'Если вы проходите главу 5.', 'verse', 705, NULL, NULL, NULL, NULL, FALSE, NULL, NULL, NULL);
INSERT INTO options (id, verse_id, position, type, text, target_type, target_verse_dn, target_location_dn, requirement, result, hidden, once, condition_group, conditional_targets, children) VALUES (3413, 1585, 2, 'choice', 'Если вы проходите главу 6А или 6Б.', 'verse', 706, NULL, NULL, NULL, NULL, FALSE, NULL, NULL, NULL);
INSERT INTO options (id, verse_id, position, type, text, target_type, target_verse_dn, target_location_dn, requirement, result, hidden, once, condition_group, conditional_targets, children) VALUES (3414, 1585, 3, 'choice', 'Если вы проходите главу 7А или 7Б.', 'verse', 707, NULL, NULL, NULL, NULL, FALSE, NULL, NULL, NULL);
INSERT INTO options (id, verse_id, position, type, text, target_type, target_verse_dn, target_location_dn, requirement, result, hidden, once, condition_group, conditional_targets, children) VALUES (3415, 1585, 4, 'choice', 'Если вы проходите главу 8А или 8Б.', 'verse', 708, NULL, NULL, NULL, NULL, FALSE, NULL, NULL, NULL);
INSERT INTO verses (id, location_id, display_number) VALUES (1586, 76, 700);
INSERT INTO options (id, verse_id, position, type, text, target_type, target_verse_dn, target_location_dn, requirement, result, hidden, once, condition_group, conditional_targets, children) VALUES (3416, 1586, 0, 'condition', 'Если вы находитесь в локациях 101—111, 127 или 150.', 'verse', 936, NULL, NULL, NULL, NULL, FALSE, NULL, NULL, NULL);
INSERT INTO options (id, verse_id, position, type, text, target_type, target_verse_dn, target_location_dn, requirement, result, hidden, once, condition_group, conditional_targets, children) VALUES (3417, 1586, 1, 'condition', 'Если вы находитесь в локациях 128—141.', 'verse', 840, NULL, NULL, NULL, NULL, FALSE, NULL, NULL, NULL);
INSERT INTO options (id, verse_id, position, type, text, target_type, target_verse_dn, target_location_dn, requirement, result, hidden, once, condition_group, conditional_targets, children) VALUES (3418, 1586, 2, 'condition', 'Если вы находитесь в локациях 151—162.', 'verse', 860, NULL, NULL, NULL, NULL, FALSE, NULL, NULL, NULL);
INSERT INTO options (id, verse_id, position, type, text, target_type, target_verse_dn, target_location_dn, requirement, result, hidden, once, condition_group, conditional_targets, children) VALUES (3419, 1586, 3, 'condition', 'Если вы находитесь в локациях 112—126.', 'verse', 700, NULL, NULL, 'Добавьте 700 к номеру текущей локации и выберите секрет с получившимся номером на главном экране.   Например: если вы в локации 112, выберите секрет 812.', NULL, FALSE, NULL, NULL, NULL);
INSERT INTO options (id, verse_id, position, type, text, target_type, target_verse_dn, target_location_dn, requirement, result, hidden, once, condition_group, conditional_targets, children) VALUES (3420, 1586, 4, 'condition', 'В противном случае.', 'end', NULL, NULL, NULL, 'Кендрику нечего вам сказать.   Действие окончено.', NULL, FALSE, NULL, NULL, NULL);
INSERT INTO verses (id, location_id, display_number) VALUES (1587, 76, 701);
INSERT INTO options (id, verse_id, position, type, text, target_type, target_verse_dn, target_location_dn, requirement, result, hidden, once, condition_group, conditional_targets, children) VALUES (3421, 1587, 0, 'condition', 'Если вы проходите главу 10.', 'verse', 1135, NULL, NULL, 'Если под картой секрета 20 есть предмет, сбросьте его.  Верните карту секрета 20 в колоду секретов.', NULL, FALSE, NULL, NULL, NULL);
INSERT INTO options (id, verse_id, position, type, text, target_type, target_verse_dn, target_location_dn, requirement, result, hidden, once, condition_group, conditional_targets, children) VALUES (3422, 1587, 1, 'choice', 'Продолжить.', 'end', NULL, NULL, NULL, 'Если под картой секрета 20 есть предмет, сбросьте его.  Верните карту секрета 20 в колоду секретов.  Исследование окончено.', NULL, FALSE, NULL, NULL, NULL);
INSERT INTO verses (id, location_id, display_number) VALUES (1588, 76, 702);
INSERT INTO options (id, verse_id, position, type, text, target_type, target_verse_dn, target_location_dn, requirement, result, hidden, once, condition_group, conditional_targets, children) VALUES (3423, 1588, 0, 'choice', 'Продолжить.', 'end', NULL, NULL, NULL, 'Если у вас нет части 9 достижения «Странные уроки», каждый персонаж получает 1 опыт. Получите часть 9 достижения «Странные уроки».  Исследование окончено.', NULL, FALSE, NULL, NULL, NULL);
INSERT INTO verses (id, location_id, display_number) VALUES (1589, 76, 703);
INSERT INTO options (id, verse_id, position, type, text, target_type, target_verse_dn, target_location_dn, requirement, result, hidden, once, condition_group, conditional_targets, children) VALUES (3424, 1589, 0, 'choice', 'Отдать знамя. Приказать выжившим вернуться в лагерь в Лотиане и восстановить его. Имя Железной дружины будет стёрто из истории, но её воины продолжат своё дело под новыми знамёнами.', 'verse', 771, NULL, NULL, 'Получите часть 11 достижения «Личные дела».', NULL, FALSE, NULL, NULL, NULL);
INSERT INTO options (id, verse_id, position, type, text, target_type, target_verse_dn, target_location_dn, requirement, result, hidden, once, condition_group, conditional_targets, children) VALUES (3425, 1589, 1, 'choice', 'Убедить венедцев не забирать знамя у дружины. Приказать выжившим вернуться в лагерь в Лотиане и восстановить его. Да, венедцам это придётся не по душе, но Железная дружина сохранит своё знамя.', 'verse', 771, NULL, NULL, NULL, NULL, FALSE, NULL, NULL, NULL);
INSERT INTO options (id, verse_id, position, type, text, target_type, target_verse_dn, target_location_dn, requirement, result, hidden, once, condition_group, conditional_targets, children) VALUES (3426, 1589, 2, 'choice', 'Распустить дружину, поделить её казну и приказать выжившим отправляться восвояси. Запятнанная история Железной дружины закончится здесь и сейчас. Пусть здешние дружинники и те, кто остался в Лотиане, идут куда захотят. Они вправе искать любого будущего, как и вы.', 'cross_location', 348, 999, NULL, 'Получите часть 12 достижения «Личные дела».', NULL, FALSE, NULL, NULL, NULL);
INSERT INTO verses (id, location_id, display_number) VALUES (1590, 76, 704);
INSERT INTO options (id, verse_id, position, type, text, target_type, target_verse_dn, target_location_dn, requirement, result, hidden, once, condition_group, conditional_targets, children) VALUES (3427, 1590, 0, 'condition', 'Если вы проходите главу 4, часть 1.', 'verse', 751, NULL, NULL, NULL, NULL, FALSE, NULL, NULL, NULL);
INSERT INTO options (id, verse_id, position, type, text, target_type, target_verse_dn, target_location_dn, requirement, result, hidden, once, condition_group, conditional_targets, children) VALUES (3428, 1590, 1, 'condition', 'Если вы проходите главу 4, часть 2.', 'verse', 752, NULL, NULL, NULL, NULL, FALSE, NULL, NULL, NULL);
INSERT INTO options (id, verse_id, position, type, text, target_type, target_verse_dn, target_location_dn, requirement, result, hidden, once, condition_group, conditional_targets, children) VALUES (3429, 1590, 2, 'condition', 'Если вы проходите главу 4, часть 3.', 'verse', 753, NULL, NULL, NULL, NULL, FALSE, NULL, NULL, NULL);
INSERT INTO options (id, verse_id, position, type, text, target_type, target_verse_dn, target_location_dn, requirement, result, hidden, once, condition_group, conditional_targets, children) VALUES (3430, 1590, 3, 'condition', 'Если вы проходите главу 4, часть 4.', 'verse', 754, NULL, NULL, NULL, NULL, FALSE, NULL, NULL, NULL);
INSERT INTO verses (id, location_id, display_number) VALUES (1591, 76, 705);
INSERT INTO options (id, verse_id, position, type, text, target_type, target_verse_dn, target_location_dn, requirement, result, hidden, once, condition_group, conditional_targets, children) VALUES (3431, 1591, 0, 'condition', 'Если вы проходите главу 5, часть 1.', 'verse', 755, NULL, NULL, NULL, NULL, FALSE, NULL, NULL, NULL);
INSERT INTO options (id, verse_id, position, type, text, target_type, target_verse_dn, target_location_dn, requirement, result, hidden, once, condition_group, conditional_targets, children) VALUES (3432, 1591, 1, 'condition', 'Если вы проходите главу 5, часть 2.', 'verse', 756, NULL, NULL, NULL, NULL, FALSE, NULL, NULL, NULL);
INSERT INTO options (id, verse_id, position, type, text, target_type, target_verse_dn, target_location_dn, requirement, result, hidden, once, condition_group, conditional_targets, children) VALUES (3433, 1591, 2, 'condition', 'Если вы проходите главу 5, часть 3.', 'verse', 757, NULL, NULL, NULL, NULL, FALSE, NULL, NULL, NULL);
INSERT INTO options (id, verse_id, position, type, text, target_type, target_verse_dn, target_location_dn, requirement, result, hidden, once, condition_group, conditional_targets, children) VALUES (3434, 1591, 3, 'condition', 'Если вы проходите главу 5, часть 4.', 'verse', 758, NULL, NULL, NULL, NULL, FALSE, NULL, NULL, NULL);
INSERT INTO verses (id, location_id, display_number) VALUES (1592, 76, 706);
INSERT INTO options (id, verse_id, position, type, text, target_type, target_verse_dn, target_location_dn, requirement, result, hidden, once, condition_group, conditional_targets, children) VALUES (3435, 1592, 0, 'condition', 'Если вы проходите главу 6, часть 1.', 'verse', 759, NULL, NULL, NULL, NULL, FALSE, NULL, NULL, NULL);
INSERT INTO options (id, verse_id, position, type, text, target_type, target_verse_dn, target_location_dn, requirement, result, hidden, once, condition_group, conditional_targets, children) VALUES (3436, 1592, 1, 'condition', 'Если вы проходите главу 6А, часть 2.', 'verse', 760, NULL, NULL, NULL, NULL, FALSE, NULL, NULL, NULL);
INSERT INTO options (id, verse_id, position, type, text, target_type, target_verse_dn, target_location_dn, requirement, result, hidden, once, condition_group, conditional_targets, children) VALUES (3437, 1592, 2, 'condition', 'Если вы проходите главу 6А, часть 3.', 'verse', 761, NULL, NULL, NULL, NULL, FALSE, NULL, NULL, NULL);
INSERT INTO options (id, verse_id, position, type, text, target_type, target_verse_dn, target_location_dn, requirement, result, hidden, once, condition_group, conditional_targets, children) VALUES (3438, 1592, 3, 'condition', 'Если вы проходите главу 6А, часть 4.', 'verse', 762, NULL, NULL, NULL, NULL, FALSE, NULL, NULL, NULL);
INSERT INTO options (id, verse_id, position, type, text, target_type, target_verse_dn, target_location_dn, requirement, result, hidden, once, condition_group, conditional_targets, children) VALUES (3439, 1592, 4, 'condition', 'Если вы проходите главу 6Б, часть 2.', 'cross_location', 97, 999, NULL, NULL, NULL, FALSE, NULL, NULL, NULL);
INSERT INTO options (id, verse_id, position, type, text, target_type, target_verse_dn, target_location_dn, requirement, result, hidden, once, condition_group, conditional_targets, children) VALUES (3440, 1592, 5, 'condition', 'Если вы проходите главу 6Б, часть 3.', 'cross_location', 98, 999, NULL, NULL, NULL, FALSE, NULL, NULL, NULL);
INSERT INTO options (id, verse_id, position, type, text, target_type, target_verse_dn, target_location_dn, requirement, result, hidden, once, condition_group, conditional_targets, children) VALUES (3441, 1592, 6, 'condition', 'Если вы проходите главу 6Б, часть 4.', 'cross_location', 99, 999, NULL, NULL, NULL, FALSE, NULL, NULL, NULL);
INSERT INTO verses (id, location_id, display_number) VALUES (1593, 76, 707);
INSERT INTO options (id, verse_id, position, type, text, target_type, target_verse_dn, target_location_dn, requirement, result, hidden, once, condition_group, conditional_targets, children) VALUES (3442, 1593, 0, 'condition', 'Если открыто особое событие Е.', 'verse', 930, NULL, NULL, NULL, NULL, FALSE, NULL, NULL, NULL);
INSERT INTO options (id, verse_id, position, type, text, target_type, target_verse_dn, target_location_dn, requirement, result, hidden, once, condition_group, conditional_targets, children) VALUES (3443, 1593, 1, 'condition', 'Если вы проходите главу 7А, часть 1.', 'verse', 931, NULL, NULL, NULL, NULL, FALSE, NULL, NULL, NULL);
INSERT INTO options (id, verse_id, position, type, text, target_type, target_verse_dn, target_location_dn, requirement, result, hidden, once, condition_group, conditional_targets, children) VALUES (3444, 1593, 2, 'condition', 'Если вы проходите главу 7А, часть 2.', 'verse', 932, NULL, NULL, NULL, NULL, FALSE, NULL, NULL, NULL);
INSERT INTO options (id, verse_id, position, type, text, target_type, target_verse_dn, target_location_dn, requirement, result, hidden, once, condition_group, conditional_targets, children) VALUES (3445, 1593, 3, 'condition', 'Если вы проходите главу 7А, часть 3.', 'verse', 933, NULL, NULL, NULL, NULL, FALSE, NULL, NULL, NULL);
INSERT INTO options (id, verse_id, position, type, text, target_type, target_verse_dn, target_location_dn, requirement, result, hidden, once, condition_group, conditional_targets, children) VALUES (3446, 1593, 4, 'condition', 'Если вы проходите главу 7Б, часть 1.', 'cross_location', 103, 999, NULL, NULL, NULL, FALSE, NULL, NULL, NULL);
INSERT INTO options (id, verse_id, position, type, text, target_type, target_verse_dn, target_location_dn, requirement, result, hidden, once, condition_group, conditional_targets, children) VALUES (3447, 1593, 5, 'condition', 'Если вы проходите главу 7Б, часть 2.', 'cross_location', 104, 999, NULL, NULL, NULL, FALSE, NULL, NULL, NULL);
INSERT INTO options (id, verse_id, position, type, text, target_type, target_verse_dn, target_location_dn, requirement, result, hidden, once, condition_group, conditional_targets, children) VALUES (3448, 1593, 6, 'condition', 'Если вы проходите главу 7Б, часть 3.', 'cross_location', 105, 999, NULL, NULL, NULL, FALSE, NULL, NULL, NULL);
INSERT INTO options (id, verse_id, position, type, text, target_type, target_verse_dn, target_location_dn, requirement, result, hidden, once, condition_group, conditional_targets, children) VALUES (3449, 1593, 7, 'condition', 'Если вы проходите главу 7Б, часть 4.', 'cross_location', 106, 999, NULL, NULL, NULL, FALSE, NULL, NULL, NULL);
INSERT INTO verses (id, location_id, display_number) VALUES (1594, 76, 708);
INSERT INTO options (id, verse_id, position, type, text, target_type, target_verse_dn, target_location_dn, requirement, result, hidden, once, condition_group, conditional_targets, children) VALUES (3450, 1594, 0, 'condition', 'Если вы проходите главу 8А, часть 1.', 'verse', 942, NULL, NULL, NULL, NULL, FALSE, NULL, NULL, NULL);
INSERT INTO options (id, verse_id, position, type, text, target_type, target_verse_dn, target_location_dn, requirement, result, hidden, once, condition_group, conditional_targets, children) VALUES (3451, 1594, 1, 'condition', 'Если вы проходите главу 8А, часть 2.', 'verse', 943, NULL, NULL, NULL, NULL, FALSE, NULL, NULL, NULL);
INSERT INTO options (id, verse_id, position, type, text, target_type, target_verse_dn, target_location_dn, requirement, result, hidden, once, condition_group, conditional_targets, children) VALUES (3452, 1594, 2, 'condition', 'Если вы проходите главу 8А, часть 3.', 'verse', 944, NULL, NULL, NULL, NULL, FALSE, NULL, NULL, NULL);
INSERT INTO options (id, verse_id, position, type, text, target_type, target_verse_dn, target_location_dn, requirement, result, hidden, once, condition_group, conditional_targets, children) VALUES (3453, 1594, 3, 'condition', 'Если вы проходите главу 8А, часть 4.', 'verse', 947, NULL, NULL, NULL, NULL, FALSE, NULL, NULL, NULL);
INSERT INTO options (id, verse_id, position, type, text, target_type, target_verse_dn, target_location_dn, requirement, result, hidden, once, condition_group, conditional_targets, children) VALUES (3454, 1594, 4, 'condition', 'Если вы проходите главу 8А, часть 5.', 'verse', 948, NULL, NULL, NULL, NULL, FALSE, NULL, NULL, NULL);
INSERT INTO options (id, verse_id, position, type, text, target_type, target_verse_dn, target_location_dn, requirement, result, hidden, once, condition_group, conditional_targets, children) VALUES (3455, 1594, 5, 'condition', 'Если вы проходите главу 8Б.', 'verse', 710, NULL, NULL, NULL, NULL, FALSE, NULL, NULL, NULL);
INSERT INTO verses (id, location_id, display_number) VALUES (1595, 76, 709);
INSERT INTO options (id, verse_id, position, type, text, target_type, target_verse_dn, target_location_dn, requirement, result, hidden, once, condition_group, conditional_targets, children) VALUES (3456, 1595, 0, 'choice', 'Продолжить.', 'end', NULL, NULL, NULL, 'Действие окончено.', NULL, FALSE, NULL, NULL, NULL);
INSERT INTO verses (id, location_id, display_number) VALUES (1596, 76, 710);
INSERT INTO options (id, verse_id, position, type, text, target_type, target_verse_dn, target_location_dn, requirement, result, hidden, once, condition_group, conditional_targets, children) VALUES (3457, 1596, 0, 'choice', 'Продолжить.', 'end', NULL, NULL, NULL, 'Действие окончено.', NULL, FALSE, NULL, NULL, NULL);
INSERT INTO verses (id, location_id, display_number) VALUES (1597, 76, 711);
INSERT INTO options (id, verse_id, position, type, text, target_type, target_verse_dn, target_location_dn, requirement, result, hidden, once, condition_group, conditional_targets, children) VALUES (3458, 1597, 0, 'choice', 'Продолжить.', 'end', NULL, NULL, NULL, 'Исследование окончено.', NULL, FALSE, NULL, NULL, NULL);
INSERT INTO verses (id, location_id, display_number) VALUES (1598, 76, 712);
INSERT INTO options (id, verse_id, position, type, text, target_type, target_verse_dn, target_location_dn, requirement, result, hidden, once, condition_group, conditional_targets, children) VALUES (3459, 1598, 0, 'choice', 'Согласиться пойти с ней. Вы сможете сменить сторону позже.', 'verse', 748, NULL, NULL, NULL, NULL, FALSE, NULL, NULL, NULL);
INSERT INTO options (id, verse_id, position, type, text, target_type, target_verse_dn, target_location_dn, requirement, result, hidden, once, condition_group, conditional_targets, children) VALUES (3460, 1598, 1, 'choice', 'Отказаться.', 'end', NULL, NULL, NULL, 'Исследование окончено.', NULL, FALSE, NULL, NULL, NULL);
INSERT INTO verses (id, location_id, display_number) VALUES (1599, 76, 713);
INSERT INTO options (id, verse_id, position, type, text, target_type, target_verse_dn, target_location_dn, requirement, result, hidden, once, condition_group, conditional_targets, children) VALUES (3461, 1599, 0, 'choice', 'Продолжить.', 'verse', 913, NULL, NULL, 'Получите одну часть достижения «Преимущество: искаженье».', NULL, FALSE, NULL, NULL, NULL);
INSERT INTO verses (id, location_id, display_number) VALUES (1600, 76, 714);
INSERT INTO options (id, verse_id, position, type, text, target_type, target_verse_dn, target_location_dn, requirement, result, hidden, once, condition_group, conditional_targets, children) VALUES (3462, 1600, 0, 'condition', 'Если у вас есть часть 5 или 6 достижения «Конец пути».', 'verse', 989, NULL, NULL, NULL, NULL, FALSE, NULL, NULL, NULL);
INSERT INTO options (id, verse_id, position, type, text, target_type, target_verse_dn, target_location_dn, requirement, result, hidden, once, condition_group, conditional_targets, children) VALUES (3463, 1600, 1, 'choice', 'Попросить их вернуться с вами в Лотиан. Вы одна семья и вместе вернётесь туда, где всё началось, чтобы восстановить старую мастерскую. Затем, когда вы избавитесь от клейма, то сможете осесть там навсегда.', 'verse', 1026, NULL, NULL, NULL, NULL, FALSE, NULL, NULL, NULL);
INSERT INTO options (id, verse_id, position, type, text, target_type, target_verse_dn, target_location_dn, requirement, result, hidden, once, condition_group, conditional_targets, children) VALUES (3464, 1600, 2, 'choice', 'Пусть остаются жить в Фомории. Лисса с Каем останутся в своей новой мастерской и продолжат жить, как жили, а вы будете иногда их навещать.', 'verse', 1075, NULL, NULL, NULL, NULL, FALSE, NULL, NULL, NULL);
INSERT INTO verses (id, location_id, display_number) VALUES (1601, 76, 715);
INSERT INTO options (id, verse_id, position, type, text, target_type, target_verse_dn, target_location_dn, requirement, result, hidden, once, condition_group, conditional_targets, children) VALUES (3465, 1601, 0, 'choice', '0—6.', 'verse', 716, NULL, NULL, 'Вы не смогли их убедить. Они обнажили мечи.', NULL, FALSE, NULL, NULL, NULL);
INSERT INTO options (id, verse_id, position, type, text, target_type, target_verse_dn, target_location_dn, requirement, result, hidden, once, condition_group, conditional_targets, children) VALUES (3466, 1601, 1, 'choice', '≥7.', 'verse', 719, NULL, NULL, 'Они успокоились. Вы смогли подняться на перевал.', NULL, FALSE, NULL, NULL, NULL);
INSERT INTO verses (id, location_id, display_number) VALUES (1602, 76, 716);
INSERT INTO options (id, verse_id, position, type, text, target_type, target_verse_dn, target_location_dn, requirement, result, hidden, once, condition_group, conditional_targets, children) VALUES (3467, 1602, 0, 'choice', 'Продолжить.', 'verse', 719, NULL, NULL, 'Уберите 2 красных маркера с карты секрета 10 (если вам потребуется перейти к другой строфе, сделайте это после окончания исследования).  Каждый персонаж получает 2 @Terror@.', NULL, FALSE, NULL, NULL, NULL);
INSERT INTO verses (id, location_id, display_number) VALUES (1603, 76, 717);
INSERT INTO options (id, verse_id, position, type, text, target_type, target_verse_dn, target_location_dn, requirement, result, hidden, once, condition_group, conditional_targets, children) VALUES (3468, 1603, 0, 'condition', 'Если вы проходите главу 9Б.', 'verse', 951, NULL, NULL, NULL, NULL, FALSE, NULL, NULL, NULL);
INSERT INTO options (id, verse_id, position, type, text, target_type, target_verse_dn, target_location_dn, requirement, result, hidden, once, condition_group, conditional_targets, children) VALUES (3469, 1603, 1, 'choice', 'Дружина сдаётся: попробовать обсудить условия. Рольф не прислушается к вам, но его люди, возможно, послушают. Учитывая, что Валеска вам должна, у вас есть шанс договориться о безопасном отступлении для оставшейся части дружины.', 'verse', 703, NULL, NULL, NULL, NULL, FALSE, NULL, NULL, NULL);
INSERT INTO options (id, verse_id, position, type, text, target_type, target_verse_dn, target_location_dn, requirement, result, hidden, once, condition_group, conditional_targets, children) VALUES (3470, 1603, 2, 'choice', 'Пусть венедцы сами разбираются с дружиной. Большинство воинов дружины погибнут в бою, а остальные попадут в плен. История Железной дружины закончится здесь и сейчас, но не вы выбрали для неё этот путь.', 'verse', 728, NULL, NULL, NULL, NULL, FALSE, NULL, NULL, NULL);
INSERT INTO verses (id, location_id, display_number) VALUES (1604, 76, 718);
INSERT INTO options (id, verse_id, position, type, text, target_type, target_verse_dn, target_location_dn, requirement, result, hidden, once, condition_group, conditional_targets, children) VALUES (3471, 1604, 0, 'choice', '0—6.', 'verse', 716, NULL, NULL, 'Вы не смогли их убедить. Они обнажили мечи.', NULL, FALSE, NULL, NULL, NULL);
INSERT INTO options (id, verse_id, position, type, text, target_type, target_verse_dn, target_location_dn, requirement, result, hidden, once, condition_group, conditional_targets, children) VALUES (3472, 1604, 1, 'choice', '≥7.', 'verse', 719, NULL, NULL, 'Вам удалось разрядить обстановку. Вы смогли подняться на перевал.', NULL, FALSE, NULL, NULL, NULL);
INSERT INTO verses (id, location_id, display_number) VALUES (1605, 76, 719);
INSERT INTO options (id, verse_id, position, type, text, target_type, target_verse_dn, target_location_dn, requirement, result, hidden, once, condition_group, conditional_targets, children) VALUES (3473, 1605, 0, 'choice', 'Если у вас есть часть 1 достижения «Спутники».', 'verse', 666, NULL, NULL, NULL, NULL, FALSE, NULL, NULL, NULL);
INSERT INTO options (id, verse_id, position, type, text, target_type, target_verse_dn, target_location_dn, requirement, result, hidden, once, condition_group, conditional_targets, children) VALUES (3474, 1605, 1, 'choice', 'В противном случае.', 'end', NULL, NULL, NULL, 'Исследуйте локацию 111.', NULL, FALSE, NULL, NULL, NULL);
INSERT INTO verses (id, location_id, display_number) VALUES (1606, 76, 720);
INSERT INTO options (id, verse_id, position, type, text, target_type, target_verse_dn, target_location_dn, requirement, result, hidden, once, condition_group, conditional_targets, children) VALUES (3475, 1606, 0, 'choice', 'Продолжить.', 'end', NULL, NULL, NULL, 'Верните карту секрета 20 в колоду секретов.  Получите часть 1 достижения «Следопыт».  Исследование окончено.', NULL, FALSE, NULL, NULL, NULL);
INSERT INTO verses (id, location_id, display_number) VALUES (1607, 76, 721);
INSERT INTO options (id, verse_id, position, type, text, target_type, target_verse_dn, target_location_dn, requirement, result, hidden, once, condition_group, conditional_targets, children) VALUES (3476, 1607, 0, 'choice', 'Продолжить.', 'verse', 740, NULL, NULL, NULL, NULL, FALSE, NULL, NULL, NULL);
INSERT INTO verses (id, location_id, display_number) VALUES (1608, 76, 722);
INSERT INTO options (id, verse_id, position, type, text, target_type, target_verse_dn, target_location_dn, requirement, result, hidden, once, condition_group, conditional_targets, children) VALUES (3477, 1608, 0, 'choice', 'Попросить предтечу снять доспех. Без него он станет меньше и будет казаться больше похожим на человека.', 'verse', 731, NULL, NULL, NULL, NULL, FALSE, NULL, NULL, NULL);
INSERT INTO options (id, verse_id, position, type, text, target_type, target_verse_dn, target_location_dn, requirement, result, hidden, once, condition_group, conditional_targets, children) VALUES (3478, 1608, 1, 'choice', 'Попытаться проскользнуть ночью. В темноте ваш союзник будет не так бросаться в глаза, но ночные патрули более подозрительны.', 'verse', 741, NULL, NULL, NULL, NULL, FALSE, NULL, NULL, NULL);
INSERT INTO options (id, verse_id, position, type, text, target_type, target_verse_dn, target_location_dn, requirement, result, hidden, once, condition_group, conditional_targets, children) VALUES (3479, 1608, 2, 'choice', 'Идти вперёд. По тропе нынче ходят многие необычные путники, включая нескольких фоморов. Вы надеялись, что никто не обратит внимания на ещё одну странную фигуру.', 'verse', 749, NULL, NULL, NULL, NULL, FALSE, NULL, NULL, NULL);
INSERT INTO options (id, verse_id, position, type, text, target_type, target_verse_dn, target_location_dn, requirement, result, hidden, once, condition_group, conditional_targets, children) VALUES (3480, 1608, 3, 'choice', 'Уйти.', 'end', NULL, NULL, NULL, 'Исследование окончено.', NULL, FALSE, NULL, NULL, NULL);
INSERT INTO verses (id, location_id, display_number) VALUES (1609, 76, 724);
INSERT INTO options (id, verse_id, position, type, text, target_type, target_verse_dn, target_location_dn, requirement, result, hidden, once, condition_group, conditional_targets, children) VALUES (3481, 1609, 0, 'choice', '0—2.', 'end', NULL, NULL, NULL, 'Вы в ужасе бежали. Стража обнаружила ваше присутствие!  Найдите карту встречи «Рыцарь-подлец» (зелёная, сложность 3) и проведите её. Вне зависимости от её итога исследование окончено.', NULL, FALSE, NULL, NULL, NULL);
INSERT INTO options (id, verse_id, position, type, text, target_type, target_verse_dn, target_location_dn, requirement, result, hidden, once, condition_group, conditional_targets, children) VALUES (3482, 1609, 1, 'choice', '3—4.', 'verse', 662, NULL, NULL, 'Давящая атмосфера заставила вас отступить.', NULL, FALSE, NULL, NULL, NULL);
INSERT INTO options (id, verse_id, position, type, text, target_type, target_verse_dn, target_location_dn, requirement, result, hidden, once, condition_group, conditional_targets, children) VALUES (3483, 1609, 2, 'choice', '≥5.', 'verse', 732, NULL, NULL, 'Вы сумели преодолеть защиту!', NULL, FALSE, NULL, NULL, NULL);
INSERT INTO verses (id, location_id, display_number) VALUES (1610, 76, 725);
INSERT INTO options (id, verse_id, position, type, text, target_type, target_verse_dn, target_location_dn, requirement, result, hidden, once, condition_group, conditional_targets, children) VALUES (3484, 1610, 0, 'choice', 'Продолжить.', 'end', NULL, NULL, NULL, 'Каждый персонаж получает 2 опыта.   Получите часть 8 достижения «Свобода».   Получите часть 7 достижения «Будущее Авалона».  Исследование окончено.', NULL, FALSE, NULL, NULL, NULL);
INSERT INTO verses (id, location_id, display_number) VALUES (1611, 76, 726);
INSERT INTO options (id, verse_id, position, type, text, target_type, target_verse_dn, target_location_dn, requirement, result, hidden, once, condition_group, conditional_targets, children) VALUES (3485, 1611, 0, 'choice', 'Продолжить.', 'verse', 746, NULL, NULL, NULL, NULL, FALSE, NULL, NULL, NULL);
INSERT INTO verses (id, location_id, display_number) VALUES (1612, 76, 727);
INSERT INTO options (id, verse_id, position, type, text, target_type, target_verse_dn, target_location_dn, requirement, result, hidden, once, condition_group, conditional_targets, children) VALUES (3486, 1612, 0, 'condition', 'Если вы проходите главу 9Б.', 'end', NULL, NULL, NULL, 'Исследование окончено.', NULL, FALSE, NULL, NULL, NULL);
INSERT INTO options (id, verse_id, position, type, text, target_type, target_verse_dn, target_location_dn, requirement, result, hidden, once, condition_group, conditional_targets, children) VALUES (3487, 1612, 1, 'condition', 'В противном случае.', 'verse', 980, NULL, 'Получите часть 1 достижения «Союз Чернолесья».   Если у вас теперь есть хотя бы три части достижения «Союз Чернолесья».', NULL, NULL, FALSE, NULL, NULL, NULL);
INSERT INTO options (id, verse_id, position, type, text, target_type, target_verse_dn, target_location_dn, requirement, result, hidden, once, condition_group, conditional_targets, children) VALUES (3488, 1612, 2, 'condition', 'В противном случае.', 'end', NULL, NULL, NULL, 'Исследование окончено.', NULL, FALSE, NULL, NULL, NULL);
INSERT INTO verses (id, location_id, display_number) VALUES (1613, 76, 728);
INSERT INTO options (id, verse_id, position, type, text, target_type, target_verse_dn, target_location_dn, requirement, result, hidden, once, condition_group, conditional_targets, children) VALUES (3489, 1613, 0, 'condition', 'Если вы проходите главу 9Б.', 'verse', 966, NULL, NULL, NULL, NULL, FALSE, NULL, NULL, NULL);
INSERT INTO options (id, verse_id, position, type, text, target_type, target_verse_dn, target_location_dn, requirement, result, hidden, once, condition_group, conditional_targets, children) VALUES (3490, 1613, 1, 'choice', 'Продолжить.', 'verse', 970, NULL, NULL, NULL, NULL, FALSE, NULL, NULL, NULL);
INSERT INTO verses (id, location_id, display_number) VALUES (1614, 76, 729);
INSERT INTO options (id, verse_id, position, type, text, target_type, target_verse_dn, target_location_dn, requirement, result, hidden, once, condition_group, conditional_targets, children) VALUES (3491, 1614, 0, 'choice', 'Согласиться пойти с ней. Вы сможете перейти на другую сторону позже.', 'verse', 748, NULL, NULL, NULL, NULL, FALSE, NULL, NULL, NULL);
INSERT INTO options (id, verse_id, position, type, text, target_type, target_verse_dn, target_location_dn, requirement, result, hidden, once, condition_group, conditional_targets, children) VALUES (3492, 1614, 1, 'choice', 'Отказаться.', 'end', NULL, NULL, NULL, 'Исследование окончено.', NULL, FALSE, NULL, NULL, NULL);
INSERT INTO verses (id, location_id, display_number) VALUES (1615, 76, 730);
INSERT INTO options (id, verse_id, position, type, text, target_type, target_verse_dn, target_location_dn, requirement, result, hidden, once, condition_group, conditional_targets, children) VALUES (3493, 1615, 0, 'choice', 'Продолжить.', 'end', NULL, NULL, NULL, 'Действие окончено.', NULL, FALSE, NULL, NULL, NULL);
INSERT INTO verses (id, location_id, display_number) VALUES (1616, 76, 731);
INSERT INTO options (id, verse_id, position, type, text, target_type, target_verse_dn, target_location_dn, requirement, result, hidden, once, condition_group, conditional_targets, children) VALUES (3494, 1616, 0, 'choice', 'Попытаться проскользнуть ночью. В темноте ваш союзник будет не так бросаться в глаза, но ночные патрули более подозрительны.', 'verse', 741, NULL, NULL, NULL, NULL, FALSE, NULL, NULL, NULL);
INSERT INTO options (id, verse_id, position, type, text, target_type, target_verse_dn, target_location_dn, requirement, result, hidden, once, condition_group, conditional_targets, children) VALUES (3495, 1616, 1, 'choice', 'Идти вперёд. По тропе нынче ходят многие необычные путники, включая нескольких фоморов. Вы надеялись, что никто не обратит внимания на ещё одну странную фигуру.', 'verse', 749, NULL, NULL, NULL, NULL, FALSE, NULL, NULL, NULL);
INSERT INTO verses (id, location_id, display_number) VALUES (1617, 76, 732);
INSERT INTO options (id, verse_id, position, type, text, target_type, target_verse_dn, target_location_dn, requirement, result, hidden, once, condition_group, conditional_targets, children) VALUES (3496, 1617, 0, 'choice', 'Продолжить.', 'verse', 662, NULL, NULL, 'Получите часть 3 достижения «Тайны янтарной царицы».', NULL, FALSE, NULL, NULL, NULL);
INSERT INTO verses (id, location_id, display_number) VALUES (1618, 76, 733);
INSERT INTO options (id, verse_id, position, type, text, target_type, target_verse_dn, target_location_dn, requirement, result, hidden, once, condition_group, conditional_targets, children) VALUES (3497, 1618, 0, 'choice', 'Продолжить.', 'end', NULL, NULL, NULL, 'Действие окончено.', NULL, FALSE, NULL, NULL, NULL);
INSERT INTO verses (id, location_id, display_number) VALUES (1619, 76, 734);
INSERT INTO options (id, verse_id, position, type, text, target_type, target_verse_dn, target_location_dn, requirement, result, hidden, once, condition_group, conditional_targets, children) VALUES (3498, 1619, 0, 'choice', 'Продолжить.', 'end', NULL, NULL, NULL, 'Исследование окончено.', NULL, FALSE, NULL, NULL, NULL);
INSERT INTO verses (id, location_id, display_number) VALUES (1620, 76, 735);
INSERT INTO options (id, verse_id, position, type, text, target_type, target_verse_dn, target_location_dn, requirement, result, hidden, once, condition_group, conditional_targets, children) VALUES (3499, 1620, 0, 'choice', 'Попробовать соорудить тележку, чтобы перевезти тело. Можно использовать обломки боевой колесницы Клаудина, чтобы построить простую телегу.', 'verse', 734, NULL, 'Нужно хотя бы 3 очка @Practicality@.', 'Получите карту секрета 2.  Поместите 1 @QuestToken@ на карту секрета 2.', NULL, FALSE, NULL, NULL, NULL);
INSERT INTO options (id, verse_id, position, type, text, target_type, target_verse_dn, target_location_dn, requirement, result, hidden, once, condition_group, conditional_targets, children) VALUES (3500, 1620, 1, 'choice', 'Попробовать призвать магию, чтобы перенести тело. Вы достаточно изучили магию, чтобы призвать силу, способную переносить грузы.', 'verse', 734, NULL, 'Нужно хотя бы 3 очка @Spirituality@.', 'Получите карту секрета 2.  Поместите 1 @QuestToken@ на карту секрета 2.', NULL, FALSE, NULL, NULL, NULL);
INSERT INTO options (id, verse_id, position, type, text, target_type, target_verse_dn, target_location_dn, requirement, result, hidden, once, condition_group, conditional_targets, children) VALUES (3501, 1620, 2, 'choice', 'Закинуть тело на спину и перетащить. С вашей необыкновенной силой и выносливостью у вас всё получится, хотя кто угодно другой на вашем месте мог и не справиться.', 'verse', 734, NULL, 'Нужно хотя бы 3 очка @Aggression@.', 'Получите карту секрета 2.  Поместите 1 @QuestToken@ на карту секрета 2.', NULL, FALSE, NULL, NULL, NULL);
INSERT INTO options (id, verse_id, position, type, text, target_type, target_verse_dn, target_location_dn, requirement, result, hidden, once, condition_group, conditional_targets, children) VALUES (3502, 1620, 3, 'choice', 'Призвать козу — пусть везёт тело. Коза была не рада такой ноше и протестующе заблеяла.', 'verse', 734, NULL, 'Нужна секретная карта 305.', 'Получите карту секрета 2.  Поместите 1 @QuestToken@ на карту секрета 2.', NULL, FALSE, NULL, NULL, NULL);
INSERT INTO options (id, verse_id, position, type, text, target_type, target_verse_dn, target_location_dn, requirement, result, hidden, once, condition_group, conditional_targets, children) VALUES (3503, 1620, 4, 'choice', 'Тащить тело по земле.', 'verse', 734, NULL, NULL, 'Получите карту секрета 2.', NULL, FALSE, NULL, NULL, NULL);
INSERT INTO verses (id, location_id, display_number) VALUES (1621, 76, 736);
INSERT INTO options (id, verse_id, position, type, text, target_type, target_verse_dn, target_location_dn, requirement, result, hidden, once, condition_group, conditional_targets, children) VALUES (3504, 1621, 0, 'choice', 'Продолжить.', 'end', NULL, NULL, NULL, 'Каждый член команды теряет 1 @Health@ или получает 1 @Terror@.  Получите часть 2 достижения «Кендрик».  Действие окончено.', NULL, FALSE, NULL, NULL, NULL);
INSERT INTO verses (id, location_id, display_number) VALUES (1622, 76, 737);
INSERT INTO options (id, verse_id, position, type, text, target_type, target_verse_dn, target_location_dn, requirement, result, hidden, once, condition_group, conditional_targets, children) VALUES (3505, 1622, 0, 'condition', 'Если у вас есть хотя бы три части достижения «Союз Чернолесья».', 'verse', 980, NULL, NULL, NULL, NULL, FALSE, NULL, NULL, NULL);
INSERT INTO options (id, verse_id, position, type, text, target_type, target_verse_dn, target_location_dn, requirement, result, hidden, once, condition_group, conditional_targets, children) VALUES (3506, 1622, 1, 'condition', 'В противном случае.', 'end', NULL, NULL, NULL, 'Исследование окончено.', NULL, FALSE, NULL, NULL, NULL);
INSERT INTO verses (id, location_id, display_number) VALUES (1623, 76, 738);
INSERT INTO options (id, verse_id, position, type, text, target_type, target_verse_dn, target_location_dn, requirement, result, hidden, once, condition_group, conditional_targets, children) VALUES (3507, 1623, 0, 'condition', 'Если у вас нет ни части 3, ни части 4 достижения «Королевские похороны».', 'verse', 881, NULL, NULL, NULL, NULL, FALSE, NULL, NULL, NULL);
INSERT INTO options (id, verse_id, position, type, text, target_type, target_verse_dn, target_location_dn, requirement, result, hidden, once, condition_group, conditional_targets, children) VALUES (3508, 1623, 1, 'condition', 'Если у вас есть часть 3 достижения «Будущее Авалона».', 'verse', 887, NULL, NULL, NULL, NULL, FALSE, NULL, NULL, NULL);
INSERT INTO options (id, verse_id, position, type, text, target_type, target_verse_dn, target_location_dn, requirement, result, hidden, once, condition_group, conditional_targets, children) VALUES (3509, 1623, 2, 'condition', 'В противном случае.', 'verse', 1241, NULL, NULL, NULL, NULL, FALSE, NULL, NULL, NULL);
INSERT INTO verses (id, location_id, display_number) VALUES (1624, 76, 739);
INSERT INTO options (id, verse_id, position, type, text, target_type, target_verse_dn, target_location_dn, requirement, result, hidden, once, condition_group, conditional_targets, children) VALUES (3510, 1624, 0, 'condition', 'Если все персонажи здесь.', 'cross_location', 1, 162, NULL, NULL, NULL, FALSE, NULL, NULL, NULL);
INSERT INTO options (id, verse_id, position, type, text, target_type, target_verse_dn, target_location_dn, requirement, result, hidden, once, condition_group, conditional_targets, children) VALUES (3511, 1624, 1, 'condition', 'В противном случае.', 'end', NULL, NULL, NULL, 'Переместите всех членов команды в локацию 158-Б.   Исследование окончено.', NULL, FALSE, NULL, NULL, NULL);
INSERT INTO verses (id, location_id, display_number) VALUES (1625, 76, 740);
INSERT INTO options (id, verse_id, position, type, text, target_type, target_verse_dn, target_location_dn, requirement, result, hidden, once, condition_group, conditional_targets, children) VALUES (3512, 1625, 0, 'choice', 'Убедить их, что не стоит больше помогать Венеде.', 'verse', 1242, NULL, NULL, 'Если у вас нет части 3 достижения «Дружба со знатью», каждый член команды теряет 1 @Terror@. Затем получите 2 золота и часть 3 достижения «Дружба со знатью».', NULL, FALSE, NULL, NULL, NULL);
INSERT INTO options (id, verse_id, position, type, text, target_type, target_verse_dn, target_location_dn, requirement, result, hidden, once, condition_group, conditional_targets, children) VALUES (3513, 1625, 1, 'choice', 'Пусть сами решают, что делать.', 'verse', 662, NULL, NULL, 'Если у вас нет части 3 достижения «Дружба со знатью», каждый член команды теряет 1 @Terror@. Затем получите 2 золота и часть 3 достижения «Дружба со знатью».', NULL, FALSE, NULL, NULL, NULL);
INSERT INTO verses (id, location_id, display_number) VALUES (1626, 76, 741);
INSERT INTO options (id, verse_id, position, type, text, target_type, target_verse_dn, target_location_dn, requirement, result, hidden, once, condition_group, conditional_targets, children) VALUES (3514, 1626, 0, 'choice', 'Сказать им, что он рыцарь из замка Лотиан, выполняющий тайную миссию.', 'verse', 715, NULL, NULL, 'Поместите 1 @QuestToken@ в эту локацию.', NULL, FALSE, NULL, NULL, NULL);
INSERT INTO options (id, verse_id, position, type, text, target_type, target_verse_dn, target_location_dn, requirement, result, hidden, once, condition_group, conditional_targets, children) VALUES (3515, 1626, 1, 'choice', 'Сказать, что он ваш родич, поражённый искаженьем, и вы ведёте его к древним ведуньям Венедии — может, они сумеют помочь.', 'verse', 715, NULL, NULL, NULL, NULL, FALSE, NULL, NULL, NULL);
INSERT INTO options (id, verse_id, position, type, text, target_type, target_verse_dn, target_location_dn, requirement, result, hidden, once, condition_group, conditional_targets, children) VALUES (3516, 1626, 2, 'choice', 'Сказать, что это их не касается, они не имеют права останавливать путников на перевале.', 'verse', 715, NULL, NULL, 'Поместите 1 красный маркер в эту локацию.', NULL, FALSE, NULL, NULL, NULL);
INSERT INTO verses (id, location_id, display_number) VALUES (1627, 76, 742);
INSERT INTO options (id, verse_id, position, type, text, target_type, target_verse_dn, target_location_dn, requirement, result, hidden, once, condition_group, conditional_targets, children) VALUES (3517, 1627, 0, 'choice', 'Продолжить.', 'end', NULL, NULL, NULL, 'Каждый член команды теряет 2 @Terror@ и 1 @Energy@ и получает 1 еду.   Получите часть 2 достижения «Празднество».  Исследование окончено.', NULL, FALSE, NULL, NULL, NULL);
INSERT INTO verses (id, location_id, display_number) VALUES (1628, 76, 743);
INSERT INTO options (id, verse_id, position, type, text, target_type, target_verse_dn, target_location_dn, requirement, result, hidden, once, condition_group, conditional_targets, children) VALUES (3518, 1628, 0, 'choice', 'Продолжить.', 'verse', 745, NULL, NULL, NULL, NULL, FALSE, NULL, NULL, NULL);
INSERT INTO verses (id, location_id, display_number) VALUES (1629, 76, 744);
INSERT INTO options (id, verse_id, position, type, text, target_type, target_verse_dn, target_location_dn, requirement, result, hidden, once, condition_group, conditional_targets, children) VALUES (3519, 1629, 0, 'choice', 'Продолжить.', 'end', NULL, NULL, NULL, 'Каждый персонаж получает 1 опыт.   Исследование окончено.', NULL, FALSE, NULL, NULL, NULL);
INSERT INTO verses (id, location_id, display_number) VALUES (1630, 76, 745);
INSERT INTO options (id, verse_id, position, type, text, target_type, target_verse_dn, target_location_dn, requirement, result, hidden, once, condition_group, conditional_targets, children) VALUES (3520, 1630, 0, 'choice', 'Спросить, какой вред обильное искаженье может нанести королевству. Ведь могут погибнуть и невинные люди?', 'verse', 747, NULL, NULL, NULL, NULL, FALSE, NULL, NULL, NULL);
INSERT INTO options (id, verse_id, position, type, text, target_type, target_verse_dn, target_location_dn, requirement, result, hidden, once, condition_group, conditional_targets, children) VALUES (3521, 1630, 1, 'choice', 'Поддержать этот план.', 'verse', 750, NULL, NULL, NULL, NULL, FALSE, NULL, NULL, NULL);
INSERT INTO options (id, verse_id, position, type, text, target_type, target_verse_dn, target_location_dn, requirement, result, hidden, once, condition_group, conditional_targets, children) VALUES (3522, 1630, 2, 'choice', 'Отвергнуть план.', 'verse', 780, NULL, NULL, NULL, NULL, FALSE, NULL, NULL, NULL);
INSERT INTO options (id, verse_id, position, type, text, target_type, target_verse_dn, target_location_dn, requirement, result, hidden, once, condition_group, conditional_targets, children) VALUES (3523, 1630, 3, 'choice', 'Предложить другой вариант, не подразумевающий использование искаженья.', 'verse', 784, NULL, 'Нужны хотя бы две части достижения «Союз Чернолесья» и часть 4 достижения «Будущее Авалона».', NULL, NULL, FALSE, NULL, NULL, NULL);
INSERT INTO verses (id, location_id, display_number) VALUES (1631, 76, 746);
INSERT INTO options (id, verse_id, position, type, text, target_type, target_verse_dn, target_location_dn, requirement, result, hidden, once, condition_group, conditional_targets, children) VALUES (3524, 1631, 0, 'choice', 'Продолжить.', 'verse', 913, NULL, NULL, 'Получите одну часть достижения «Преимущество: вода».', NULL, FALSE, NULL, NULL, NULL);
INSERT INTO verses (id, location_id, display_number) VALUES (1632, 76, 747);
INSERT INTO options (id, verse_id, position, type, text, target_type, target_verse_dn, target_location_dn, requirement, result, hidden, once, condition_group, conditional_targets, children) VALUES (3525, 1632, 0, 'choice', 'Поддержать этот план.', 'verse', 750, NULL, NULL, NULL, NULL, FALSE, NULL, NULL, NULL);
INSERT INTO options (id, verse_id, position, type, text, target_type, target_verse_dn, target_location_dn, requirement, result, hidden, once, condition_group, conditional_targets, children) VALUES (3526, 1632, 1, 'choice', 'Отвергнуть план.', 'verse', 780, NULL, NULL, NULL, NULL, FALSE, NULL, NULL, NULL);
INSERT INTO options (id, verse_id, position, type, text, target_type, target_verse_dn, target_location_dn, requirement, result, hidden, once, condition_group, conditional_targets, children) VALUES (3527, 1632, 2, 'choice', 'Предложить свой вариант.', 'verse', 784, NULL, 'Нужны хотя бы две части достижения «Союз Чернолесья» и часть 4 достижения «Будущее Авалона».', NULL, NULL, FALSE, NULL, NULL, NULL);
INSERT INTO verses (id, location_id, display_number) VALUES (1633, 76, 748);
INSERT INTO options (id, verse_id, position, type, text, target_type, target_verse_dn, target_location_dn, requirement, result, hidden, once, condition_group, conditional_targets, children) VALUES (3528, 1633, 0, 'choice', '…Капреллида должна лишиться положения в сенате.', 'verse', 773, NULL, NULL, 'Получите часть 4 достижения «Бюрократия».', NULL, FALSE, NULL, NULL, NULL);
INSERT INTO options (id, verse_id, position, type, text, target_type, target_verse_dn, target_location_dn, requirement, result, hidden, once, condition_group, conditional_targets, children) VALUES (3529, 1633, 1, 'choice', '…Октавия должна лишиться титула Глубочайшей.', 'verse', 777, NULL, NULL, 'Получите часть 4 достижения «Бюрократия».', NULL, FALSE, NULL, NULL, NULL);
INSERT INTO options (id, verse_id, position, type, text, target_type, target_verse_dn, target_location_dn, requirement, result, hidden, once, condition_group, conditional_targets, children) VALUES (3530, 1633, 2, 'choice', '…вы случайно здесь оказались. Затем уходите с праздника.', 'end', NULL, NULL, NULL, 'Получите часть 4 достижения «Бюрократия».  Исследование окончено.', NULL, FALSE, NULL, NULL, NULL);
INSERT INTO verses (id, location_id, display_number) VALUES (1634, 76, 749);
INSERT INTO options (id, verse_id, position, type, text, target_type, target_verse_dn, target_location_dn, requirement, result, hidden, once, condition_group, conditional_targets, children) VALUES (3531, 1634, 0, 'choice', 'Попросить их перестать: вы путешествуете с кузеном, тело и разум которого изуродовало искаженье.', 'verse', 718, NULL, NULL, NULL, NULL, FALSE, NULL, NULL, NULL);
INSERT INTO options (id, verse_id, position, type, text, target_type, target_verse_dn, target_location_dn, requirement, result, hidden, once, condition_group, conditional_targets, children) VALUES (3532, 1634, 1, 'choice', 'Объяснить им, что это не человек, а высокопоставленный фомор инкогнито, которого вы сопровождаете домой.', 'verse', 718, NULL, NULL, 'Поместите 1 @QuestToken@ в эту локацию.', NULL, FALSE, NULL, NULL, NULL);
INSERT INTO options (id, verse_id, position, type, text, target_type, target_verse_dn, target_location_dn, requirement, result, hidden, once, condition_group, conditional_targets, children) VALUES (3533, 1634, 2, 'choice', 'Посоветовать им не трогать плащ, а не то заразятся красной смертью.', 'verse', 718, NULL, NULL, 'Поместите 1 красный маркер в эту локацию.', NULL, FALSE, NULL, NULL, NULL);
INSERT INTO verses (id, location_id, display_number) VALUES (1635, 76, 750);
INSERT INTO options (id, verse_id, position, type, text, target_type, target_verse_dn, target_location_dn, requirement, result, hidden, once, condition_group, conditional_targets, children) VALUES (3534, 1635, 0, 'condition', 'Если в игре 4 персонажа.', 'verse', 794, NULL, NULL, NULL, NULL, FALSE, NULL, NULL, NULL);
INSERT INTO options (id, verse_id, position, type, text, target_type, target_verse_dn, target_location_dn, requirement, result, hidden, once, condition_group, conditional_targets, children) VALUES (3535, 1635, 1, 'condition', 'Если в игре 3 персонажа.', 'verse', 797, NULL, NULL, NULL, NULL, FALSE, NULL, NULL, NULL);
INSERT INTO options (id, verse_id, position, type, text, target_type, target_verse_dn, target_location_dn, requirement, result, hidden, once, condition_group, conditional_targets, children) VALUES (3536, 1635, 2, 'condition', 'Если в игре 2 персонажа.', 'verse', 804, NULL, NULL, NULL, NULL, FALSE, NULL, NULL, NULL);
INSERT INTO options (id, verse_id, position, type, text, target_type, target_verse_dn, target_location_dn, requirement, result, hidden, once, condition_group, conditional_targets, children) VALUES (3537, 1635, 3, 'condition', 'В противном случае.', 'verse', 1243, NULL, NULL, NULL, NULL, FALSE, NULL, NULL, NULL);
INSERT INTO verses (id, location_id, display_number) VALUES (1636, 76, 751);
INSERT INTO options (id, verse_id, position, type, text, target_type, target_verse_dn, target_location_dn, requirement, result, hidden, once, condition_group, conditional_targets, children) VALUES (3538, 1636, 0, 'choice', 'Продолжить.', 'end', NULL, NULL, NULL, 'Действие окончено.', NULL, FALSE, NULL, NULL, NULL);
INSERT INTO verses (id, location_id, display_number) VALUES (1637, 76, 752);
INSERT INTO options (id, verse_id, position, type, text, target_type, target_verse_dn, target_location_dn, requirement, result, hidden, once, condition_group, conditional_targets, children) VALUES (3539, 1637, 0, 'choice', 'Продолжить.', 'end', NULL, NULL, NULL, 'Действие окончено.', NULL, FALSE, NULL, NULL, NULL);
INSERT INTO verses (id, location_id, display_number) VALUES (1638, 76, 753);
INSERT INTO options (id, verse_id, position, type, text, target_type, target_verse_dn, target_location_dn, requirement, result, hidden, once, condition_group, conditional_targets, children) VALUES (3540, 1638, 0, 'choice', 'Продолжить.', 'end', NULL, NULL, NULL, 'Действие окончено.', NULL, FALSE, NULL, NULL, NULL);
INSERT INTO verses (id, location_id, display_number) VALUES (1639, 76, 754);
INSERT INTO options (id, verse_id, position, type, text, target_type, target_verse_dn, target_location_dn, requirement, result, hidden, once, condition_group, conditional_targets, children) VALUES (3541, 1639, 0, 'choice', 'Продолжить.', 'end', NULL, NULL, NULL, 'Действие окончено.', NULL, FALSE, NULL, NULL, NULL);
INSERT INTO verses (id, location_id, display_number) VALUES (1640, 76, 755);
INSERT INTO options (id, verse_id, position, type, text, target_type, target_verse_dn, target_location_dn, requirement, result, hidden, once, condition_group, conditional_targets, children) VALUES (3542, 1640, 0, 'choice', 'Продолжить.', 'end', NULL, NULL, NULL, 'Действие окончено.', NULL, FALSE, NULL, NULL, NULL);
INSERT INTO verses (id, location_id, display_number) VALUES (1641, 76, 756);
INSERT INTO options (id, verse_id, position, type, text, target_type, target_verse_dn, target_location_dn, requirement, result, hidden, once, condition_group, conditional_targets, children) VALUES (3543, 1641, 0, 'choice', 'Продолжить.', 'end', NULL, NULL, NULL, 'Действие окончено.', NULL, FALSE, NULL, NULL, NULL);
INSERT INTO verses (id, location_id, display_number) VALUES (1642, 76, 757);
INSERT INTO options (id, verse_id, position, type, text, target_type, target_verse_dn, target_location_dn, requirement, result, hidden, once, condition_group, conditional_targets, children) VALUES (3544, 1642, 0, 'choice', 'Продолжить.', 'end', NULL, NULL, NULL, 'Действие окончено.', NULL, FALSE, NULL, NULL, NULL);
INSERT INTO verses (id, location_id, display_number) VALUES (1643, 76, 758);
INSERT INTO options (id, verse_id, position, type, text, target_type, target_verse_dn, target_location_dn, requirement, result, hidden, once, condition_group, conditional_targets, children) VALUES (3545, 1643, 0, 'choice', 'Продолжить.', 'end', NULL, NULL, NULL, 'Действие окончено.', NULL, FALSE, NULL, NULL, NULL);
INSERT INTO verses (id, location_id, display_number) VALUES (1644, 76, 759);
INSERT INTO options (id, verse_id, position, type, text, target_type, target_verse_dn, target_location_dn, requirement, result, hidden, once, condition_group, conditional_targets, children) VALUES (3546, 1644, 0, 'choice', 'Продолжить.', 'end', NULL, NULL, NULL, 'Действие окончено.', NULL, FALSE, NULL, NULL, NULL);
INSERT INTO verses (id, location_id, display_number) VALUES (1645, 76, 760);
INSERT INTO options (id, verse_id, position, type, text, target_type, target_verse_dn, target_location_dn, requirement, result, hidden, once, condition_group, conditional_targets, children) VALUES (3547, 1645, 0, 'choice', 'Продолжить.', 'end', NULL, NULL, NULL, 'Действие окончено.', NULL, FALSE, NULL, NULL, NULL);
INSERT INTO verses (id, location_id, display_number) VALUES (1646, 76, 761);
INSERT INTO options (id, verse_id, position, type, text, target_type, target_verse_dn, target_location_dn, requirement, result, hidden, once, condition_group, conditional_targets, children) VALUES (3548, 1646, 0, 'choice', 'Продолжить.', 'end', NULL, NULL, NULL, 'Действие окончено.', NULL, FALSE, NULL, NULL, NULL);
INSERT INTO verses (id, location_id, display_number) VALUES (1647, 76, 762);
INSERT INTO options (id, verse_id, position, type, text, target_type, target_verse_dn, target_location_dn, requirement, result, hidden, once, condition_group, conditional_targets, children) VALUES (3549, 1647, 0, 'condition', 'Нажмите сюда, если хотите увидеть решение.', 'verse', 762, NULL, NULL, 'Есть несколько способов раздобыть свят-медовуху.  o У медовара в Жеремье (132), но ему понадобится священный мёд (карта секрета 16), сделанный пчёлами у Блуждающих камней (129). Пчёлам взамен нужно дать нового «сладостного святого» (либо князя Аскольда, который в определённое время может быть найден в локации 129, либо отчаянного добровольца из локации 132-Б).  o Купить во время Праздника венков(132-Б) за сумасшедшую цену.  o Получить в качестве награды за помощь послушнице Чернобога (если игроки помогли ей в локации 131, то могут получить награду в локации 128).  o Получить в награду за помощь в церемонии обрезания волос (в дальнем поселении в локации 130).  Резчиков можно нанять в Жеремье (132).  Получив оба достижения, игроки возвращаются в Сердце чащ (141) и выбирают соответствующий вариант.', NULL, FALSE, NULL, NULL, NULL);
INSERT INTO options (id, verse_id, position, type, text, target_type, target_verse_dn, target_location_dn, requirement, result, hidden, once, condition_group, conditional_targets, children) VALUES (3550, 1647, 1, 'choice', 'Продолжить.', 'end', NULL, NULL, NULL, 'Действие окончено.', NULL, FALSE, NULL, NULL, NULL);
INSERT INTO verses (id, location_id, display_number) VALUES (1648, 76, 763);
INSERT INTO options (id, verse_id, position, type, text, target_type, target_verse_dn, target_location_dn, requirement, result, hidden, once, condition_group, conditional_targets, children) VALUES (3551, 1648, 0, 'choice', 'Продолжать путь. Со временем откроется, что заключено в центре голема. До тех пор пусть ещё вам послужит.', 'end', NULL, NULL, NULL, 'Действие окончено.', NULL, FALSE, NULL, NULL, NULL);
INSERT INTO options (id, verse_id, position, type, text, target_type, target_verse_dn, target_location_dn, requirement, result, hidden, once, condition_group, conditional_targets, children) VALUES (3552, 1648, 1, 'choice', 'Очистить оставшийся воск. Ожидание было невыносимо: вы должны узнать ответ прямо сейчас!', 'verse', 652, NULL, NULL, NULL, NULL, FALSE, NULL, NULL, NULL);
INSERT INTO verses (id, location_id, display_number) VALUES (1649, 76, 764);
INSERT INTO options (id, verse_id, position, type, text, target_type, target_verse_dn, target_location_dn, requirement, result, hidden, once, condition_group, conditional_targets, children) VALUES (3553, 1649, 0, 'choice', 'Продолжить.', 'end', NULL, NULL, NULL, 'Получите карту секрета 19.   Каждый персонаж получает 1 опыт.  Исследование окончено.', NULL, FALSE, NULL, NULL, NULL);
INSERT INTO verses (id, location_id, display_number) VALUES (1650, 76, 765);
INSERT INTO options (id, verse_id, position, type, text, target_type, target_verse_dn, target_location_dn, requirement, result, hidden, once, condition_group, conditional_targets, children) VALUES (3554, 1650, 0, 'choice', 'Продолжить.', 'verse', 672, NULL, NULL, 'Поздравляем! Вы освоили новое действие боя. Получите секретную карту 106 (карта боя «Укрепляющая свеча») и замешайте её в колоду боя Элгана.  Получите часть 1 достижения «Уроки прошлого».', NULL, FALSE, NULL, NULL, NULL);
INSERT INTO verses (id, location_id, display_number) VALUES (1651, 76, 766);
INSERT INTO options (id, verse_id, position, type, text, target_type, target_verse_dn, target_location_dn, requirement, result, hidden, once, condition_group, conditional_targets, children) VALUES (3555, 1651, 0, 'choice', 'Продолжить.', 'verse', 770, NULL, NULL, NULL, NULL, FALSE, NULL, NULL, NULL);
INSERT INTO verses (id, location_id, display_number) VALUES (1652, 76, 767);
INSERT INTO options (id, verse_id, position, type, text, target_type, target_verse_dn, target_location_dn, requirement, result, hidden, once, condition_group, conditional_targets, children) VALUES (3556, 1652, 0, 'choice', 'Продолжить.', 'end', NULL, NULL, NULL, 'Исследование окончено.', NULL, FALSE, NULL, NULL, NULL);
INSERT INTO verses (id, location_id, display_number) VALUES (1653, 76, 768);
INSERT INTO options (id, verse_id, position, type, text, target_type, target_verse_dn, target_location_dn, requirement, result, hidden, once, condition_group, conditional_targets, children) VALUES (3557, 1653, 0, 'choice', 'Продолжить.', 'end', NULL, NULL, NULL, 'Получите карту секрета 23.   Каждый персонаж получает 1 опыт.  Исследование окончено.', NULL, FALSE, NULL, NULL, NULL);
INSERT INTO verses (id, location_id, display_number) VALUES (1654, 76, 769);
INSERT INTO options (id, verse_id, position, type, text, target_type, target_verse_dn, target_location_dn, requirement, result, hidden, once, condition_group, conditional_targets, children) VALUES (3558, 1654, 0, 'choice', 'Продолжить.', 'verse', 672, NULL, NULL, 'Поздравляем! Вы освоили новое действие боя. Получите секретную карту 116 (карта боя «Железная стена») и замешайте её в колоду боя Гердвин.  Получите часть 2 достижения «Уроки прошлого».', NULL, FALSE, NULL, NULL, NULL);
INSERT INTO verses (id, location_id, display_number) VALUES (1655, 76, 770);
INSERT INTO options (id, verse_id, position, type, text, target_type, target_verse_dn, target_location_dn, requirement, result, hidden, once, condition_group, conditional_targets, children) VALUES (3559, 1655, 0, 'condition', 'Если вы играете за Осберта.', 'verse', 772, NULL, NULL, NULL, NULL, FALSE, NULL, NULL, NULL);
INSERT INTO options (id, verse_id, position, type, text, target_type, target_verse_dn, target_location_dn, requirement, result, hidden, once, condition_group, conditional_targets, children) VALUES (3560, 1655, 1, 'condition', 'В противном случае.', 'verse', 1244, NULL, NULL, NULL, NULL, FALSE, NULL, NULL, NULL);
INSERT INTO verses (id, location_id, display_number) VALUES (1656, 76, 771);
INSERT INTO options (id, verse_id, position, type, text, target_type, target_verse_dn, target_location_dn, requirement, result, hidden, once, condition_group, conditional_targets, children) VALUES (3561, 1656, 0, 'choice', 'После окончания странствий вы вернётесь в лагерь в Лотиане и станете новым командиром. Килан Колдфайр был достойным человеком, но его действия десять лет назад привели дружину к поражению в Лотиане. А Рольф… Что ж, Рольф — это Рольф. Вы справитесь лучше любого из них. К тому же воины дружины уже один раз доверили вам свои жизни.', 'cross_location', 359, 999, 'Только если вы не в искажённой форме.', 'Получите часть 13 достижения «Личные дела».', NULL, FALSE, NULL, NULL, NULL);
INSERT INTO options (id, verse_id, position, type, text, target_type, target_verse_dn, target_location_dn, requirement, result, hidden, once, condition_group, conditional_targets, children) VALUES (3562, 1656, 1, 'choice', 'После окончания странствий вы вернётесь в лагерь в Лотиане, чтобы стать разведчиком и проводником. Многие в дружине хотели бы видеть вас командиром, но это было невозможно из-за вашего прискорбного преображения. Впрочем, оно могло сослужить вам добрую службу и помочь оградить дружину от влияния искаженья. Не будет разведчика лучше вас. Вы не могли быть командиром, но в вашем лице они обретут преданного защитника, что ещё важнее.', 'cross_location', 359, 999, 'Только если вы в искажённой форме.', 'Получите часть 14 достижения «Личные дела».', NULL, FALSE, NULL, NULL, NULL);
INSERT INTO options (id, verse_id, position, type, text, target_type, target_verse_dn, target_location_dn, requirement, result, hidden, once, condition_group, conditional_targets, children) VALUES (3563, 1656, 2, 'choice', 'Сказать им, что у вас свой путь.', 'cross_location', 348, 999, NULL, NULL, NULL, FALSE, NULL, NULL, NULL);
INSERT INTO verses (id, location_id, display_number) VALUES (1657, 76, 772);
INSERT INTO options (id, verse_id, position, type, text, target_type, target_verse_dn, target_location_dn, requirement, result, hidden, once, condition_group, conditional_targets, children) VALUES (3564, 1657, 0, 'choice', 'Сказать им, что вы новый господин этих земель, и показать грамоту.', 'verse', 783, NULL, NULL, NULL, NULL, FALSE, NULL, NULL, NULL);
INSERT INTO options (id, verse_id, position, type, text, target_type, target_verse_dn, target_location_dn, requirement, result, hidden, once, condition_group, conditional_targets, children) VALUES (3565, 1657, 1, 'choice', 'Объяснить, что добрый господин лучше никакого.', 'verse', 776, NULL, NULL, NULL, NULL, FALSE, NULL, NULL, NULL);
INSERT INTO options (id, verse_id, position, type, text, target_type, target_verse_dn, target_location_dn, requirement, result, hidden, once, condition_group, conditional_targets, children) VALUES (3566, 1657, 2, 'choice', 'Отказаться от притязаний на земли и уйти.', 'verse', 798, NULL, NULL, NULL, NULL, FALSE, NULL, NULL, NULL);
INSERT INTO verses (id, location_id, display_number) VALUES (1658, 76, 773);
INSERT INTO options (id, verse_id, position, type, text, target_type, target_verse_dn, target_location_dn, requirement, result, hidden, once, condition_group, conditional_targets, children) VALUES (3567, 1658, 0, 'condition', 'Если у вас есть часть 2 или 3 достижения «Планы и интриги».', 'verse', 939, NULL, NULL, NULL, NULL, FALSE, NULL, NULL, NULL);
INSERT INTO options (id, verse_id, position, type, text, target_type, target_verse_dn, target_location_dn, requirement, result, hidden, once, condition_group, conditional_targets, children) VALUES (3568, 1658, 1, 'condition', 'Если у вас есть часть 1 достижения «Планы и интриги» и хотя бы одна часть достижения «Преимущество: искаженье».', 'verse', 939, NULL, NULL, NULL, NULL, FALSE, NULL, NULL, NULL);
INSERT INTO options (id, verse_id, position, type, text, target_type, target_verse_dn, target_location_dn, requirement, result, hidden, once, condition_group, conditional_targets, children) VALUES (3569, 1658, 2, 'condition', 'Если у вас есть хотя бы две части достижения «Преимущество: искаженье».', 'verse', 939, NULL, NULL, NULL, NULL, FALSE, NULL, NULL, NULL);
INSERT INTO options (id, verse_id, position, type, text, target_type, target_verse_dn, target_location_dn, requirement, result, hidden, once, condition_group, conditional_targets, children) VALUES (3570, 1658, 3, 'choice', 'Продолжить.', 'verse', 764, NULL, NULL, NULL, NULL, FALSE, NULL, NULL, NULL);
INSERT INTO verses (id, location_id, display_number) VALUES (1659, 76, 774);
INSERT INTO verses (id, location_id, display_number) VALUES (1660, 76, 775);
INSERT INTO options (id, verse_id, position, type, text, target_type, target_verse_dn, target_location_dn, requirement, result, hidden, once, condition_group, conditional_targets, children) VALUES (3571, 1660, 0, 'choice', 'Продолжить.', 'verse', 672, NULL, NULL, 'Поздравляем! Вы освоили новое действие дипломатии. Получите секретную карту 141 (карта дипломатии «Мастер на все руки») и замешайте её в колоду дипломатии Осберта.  Получите часть 3 достижения «Уроки прошлого».', NULL, FALSE, NULL, NULL, NULL);
INSERT INTO verses (id, location_id, display_number) VALUES (1661, 76, 776);
INSERT INTO options (id, verse_id, position, type, text, target_type, target_verse_dn, target_location_dn, requirement, result, hidden, once, condition_group, conditional_targets, children) VALUES (3572, 1661, 0, 'choice', 'Сказать им, что вы новый хозяин этих земель, и показать грамоту.', 'verse', 783, NULL, NULL, NULL, NULL, FALSE, NULL, NULL, NULL);
INSERT INTO options (id, verse_id, position, type, text, target_type, target_verse_dn, target_location_dn, requirement, result, hidden, once, condition_group, conditional_targets, children) VALUES (3573, 1661, 1, 'choice', 'Отказаться от притязаний на земли и уйти.', 'verse', 798, NULL, NULL, NULL, NULL, FALSE, NULL, NULL, NULL);
INSERT INTO verses (id, location_id, display_number) VALUES (1662, 76, 777);
INSERT INTO options (id, verse_id, position, type, text, target_type, target_verse_dn, target_location_dn, requirement, result, hidden, once, condition_group, conditional_targets, children) VALUES (3574, 1662, 0, 'condition', 'Если развязка @GreenOutcome@.', 'verse', 768, NULL, NULL, NULL, NULL, FALSE, NULL, NULL, NULL);
INSERT INTO options (id, verse_id, position, type, text, target_type, target_verse_dn, target_location_dn, requirement, result, hidden, once, condition_group, conditional_targets, children) VALUES (3575, 1662, 1, 'condition', 'В противном случае.', 'verse', 767, NULL, NULL, NULL, NULL, FALSE, NULL, NULL, NULL);
INSERT INTO verses (id, location_id, display_number) VALUES (1663, 76, 778);
INSERT INTO options (id, verse_id, position, type, text, target_type, target_verse_dn, target_location_dn, requirement, result, hidden, once, condition_group, conditional_targets, children) VALUES (3576, 1663, 0, 'condition', 'Если вы победили.', 'verse', 766, NULL, NULL, 'Получите часть 7 достижения «Бессердечность».', NULL, FALSE, NULL, NULL, NULL);
INSERT INTO options (id, verse_id, position, type, text, target_type, target_verse_dn, target_location_dn, requirement, result, hidden, once, condition_group, conditional_targets, children) VALUES (3577, 1663, 1, 'condition', 'В противном случае.', 'verse', 1245, NULL, NULL, NULL, NULL, FALSE, NULL, NULL, NULL);
INSERT INTO verses (id, location_id, display_number) VALUES (1664, 76, 779);
INSERT INTO verses (id, location_id, display_number) VALUES (1665, 76, 780);
INSERT INTO options (id, verse_id, position, type, text, target_type, target_verse_dn, target_location_dn, requirement, result, hidden, once, condition_group, conditional_targets, children) VALUES (3578, 1665, 0, 'choice', 'Передумать. Вы ещё не настолько сошли с ума, чтобы браться за два невыполнимых дела сразу.', 'verse', 745, NULL, NULL, NULL, NULL, FALSE, NULL, NULL, NULL);
INSERT INTO options (id, verse_id, position, type, text, target_type, target_verse_dn, target_location_dn, requirement, result, hidden, once, condition_group, conditional_targets, children) VALUES (3579, 1665, 1, 'choice', 'Не отступать: вы сами справитесь с Венедой и её армией. Звучит самоубийственно, но, пока клеймо не даёт вам погибнуть, рано или поздно вы наверняка преуспеете — неважно, уйдёт ли на это одна попытка или сто.', 'verse', 811, NULL, NULL, NULL, NULL, FALSE, NULL, NULL, NULL);
INSERT INTO verses (id, location_id, display_number) VALUES (1666, 76, 781);
INSERT INTO options (id, verse_id, position, type, text, target_type, target_verse_dn, target_location_dn, requirement, result, hidden, once, condition_group, conditional_targets, children) VALUES (3580, 1666, 0, 'choice', 'Продолжить.', 'end', NULL, NULL, NULL, 'Получите часть 7 достижения «Слухи и сплетни».  Исследование окончено.', NULL, FALSE, NULL, NULL, NULL);
INSERT INTO verses (id, location_id, display_number) VALUES (1667, 76, 782);
INSERT INTO options (id, verse_id, position, type, text, target_type, target_verse_dn, target_location_dn, requirement, result, hidden, once, condition_group, conditional_targets, children) VALUES (3581, 1667, 0, 'choice', 'Продолжить.', 'verse', 672, NULL, NULL, 'Поздравляем! Вы освоили новое действие дипломатии. Получите секретную карту 131 (карта дипломатии «Фоморская полемика») и замешайте её в колоду дипломатии Юнис.  Получите часть 4 достижения «Уроки прошлого».', NULL, FALSE, NULL, NULL, NULL);
INSERT INTO verses (id, location_id, display_number) VALUES (1668, 76, 783);
INSERT INTO options (id, verse_id, position, type, text, target_type, target_verse_dn, target_location_dn, requirement, result, hidden, once, condition_group, conditional_targets, children) VALUES (3582, 1668, 0, 'condition', 'Если Осберт в искажённой форме.', 'verse', 787, NULL, NULL, NULL, NULL, FALSE, NULL, NULL, NULL);
INSERT INTO options (id, verse_id, position, type, text, target_type, target_verse_dn, target_location_dn, requirement, result, hidden, once, condition_group, conditional_targets, children) VALUES (3583, 1668, 1, 'condition', 'Если у вас есть часть 5 достижения «Народный герой».', 'verse', 785, NULL, NULL, NULL, NULL, FALSE, NULL, NULL, NULL);
INSERT INTO options (id, verse_id, position, type, text, target_type, target_verse_dn, target_location_dn, requirement, result, hidden, once, condition_group, conditional_targets, children) VALUES (3584, 1668, 2, 'condition', 'Если у вас есть часть 7 достижения «Бессердечность».', 'verse', 788, NULL, NULL, NULL, NULL, FALSE, NULL, NULL, NULL);
INSERT INTO options (id, verse_id, position, type, text, target_type, target_verse_dn, target_location_dn, requirement, result, hidden, once, condition_group, conditional_targets, children) VALUES (3585, 1668, 3, 'condition', 'В противном случае.', 'verse', 1246, NULL, NULL, NULL, NULL, FALSE, NULL, NULL, NULL);
INSERT INTO verses (id, location_id, display_number) VALUES (1669, 76, 784);
INSERT INTO options (id, verse_id, position, type, text, target_type, target_verse_dn, target_location_dn, requirement, result, hidden, once, condition_group, conditional_targets, children) VALUES (3586, 1669, 0, 'choice', 'Продолжить.', 'verse', 940, NULL, NULL, 'Возьмите по 1 предмету В за персонажа и 1 предмет Д. Каждый персонаж может взять себе 1 из этих предметов. Сбросьте оставшийся предмет.  У всех персонажей восстанавливается максимальное значение @Health@. Потеряйте весь @Terror@.', NULL, FALSE, NULL, NULL, NULL);
INSERT INTO verses (id, location_id, display_number) VALUES (1670, 76, 785);
INSERT INTO options (id, verse_id, position, type, text, target_type, target_verse_dn, target_location_dn, requirement, result, hidden, once, condition_group, conditional_targets, children) VALUES (3587, 1670, 0, 'choice', 'Продолжить.', 'verse', 793, NULL, NULL, NULL, NULL, FALSE, NULL, NULL, NULL);
INSERT INTO verses (id, location_id, display_number) VALUES (1671, 76, 786);
INSERT INTO options (id, verse_id, position, type, text, target_type, target_verse_dn, target_location_dn, requirement, result, hidden, once, condition_group, conditional_targets, children) VALUES (3588, 1671, 0, 'choice', 'Продолжить.', 'end', NULL, NULL, NULL, 'Получите 2 магии и часть 8 достижения «Сквозь искажень-стекло».  Исследование окончено.', NULL, FALSE, NULL, NULL, NULL);
INSERT INTO verses (id, location_id, display_number) VALUES (1672, 76, 787);
INSERT INTO options (id, verse_id, position, type, text, target_type, target_verse_dn, target_location_dn, requirement, result, hidden, once, condition_group, conditional_targets, children) VALUES (3589, 1672, 0, 'choice', 'Продолжить.', 'verse', 793, NULL, NULL, NULL, NULL, FALSE, NULL, NULL, NULL);
INSERT INTO verses (id, location_id, display_number) VALUES (1673, 76, 788);
INSERT INTO options (id, verse_id, position, type, text, target_type, target_verse_dn, target_location_dn, requirement, result, hidden, once, condition_group, conditional_targets, children) VALUES (3590, 1673, 0, 'choice', 'Продолжить.', 'verse', 793, NULL, NULL, NULL, NULL, FALSE, NULL, NULL, NULL);
INSERT INTO verses (id, location_id, display_number) VALUES (1674, 76, 789);
INSERT INTO options (id, verse_id, position, type, text, target_type, target_verse_dn, target_location_dn, requirement, result, hidden, once, condition_group, conditional_targets, children) VALUES (3591, 1674, 0, 'choice', 'Продолжить.', 'end', NULL, NULL, NULL, 'Переместите всех членов команды в локацию 129.  Исследование окончено.', NULL, FALSE, NULL, NULL, NULL);
INSERT INTO verses (id, location_id, display_number) VALUES (1675, 76, 790);
INSERT INTO options (id, verse_id, position, type, text, target_type, target_verse_dn, target_location_dn, requirement, result, hidden, once, condition_group, conditional_targets, children) VALUES (3592, 1675, 0, 'condition', 'Если «Уроков вдохновения» хотя бы на 2 больше, чем «Уроков хитрости».', 'verse', 791, NULL, NULL, NULL, NULL, FALSE, NULL, NULL, NULL);
INSERT INTO options (id, verse_id, position, type, text, target_type, target_verse_dn, target_location_dn, requirement, result, hidden, once, condition_group, conditional_targets, children) VALUES (3593, 1675, 1, 'condition', 'Если «Уроков хитрости» хотя бы на 2 больше, чем «Уроков вдохновения».', 'verse', 792, NULL, NULL, NULL, NULL, FALSE, NULL, NULL, NULL);
INSERT INTO options (id, verse_id, position, type, text, target_type, target_verse_dn, target_location_dn, requirement, result, hidden, once, condition_group, conditional_targets, children) VALUES (3594, 1675, 2, 'condition', 'В противном случае.', 'verse', 1247, NULL, NULL, NULL, NULL, FALSE, NULL, NULL, NULL);
INSERT INTO verses (id, location_id, display_number) VALUES (1676, 76, 791);
INSERT INTO options (id, verse_id, position, type, text, target_type, target_verse_dn, target_location_dn, requirement, result, hidden, once, condition_group, conditional_targets, children) VALUES (3595, 1676, 0, 'choice', 'Продолжить.', 'verse', 795, NULL, NULL, 'Каждый персонаж получает 1 опыт.', NULL, FALSE, NULL, NULL, NULL);
INSERT INTO verses (id, location_id, display_number) VALUES (1677, 76, 792);
INSERT INTO options (id, verse_id, position, type, text, target_type, target_verse_dn, target_location_dn, requirement, result, hidden, once, condition_group, conditional_targets, children) VALUES (3596, 1677, 0, 'choice', 'Продолжить.', 'verse', 795, NULL, NULL, 'Каждый персонаж получает 1 опыт.', NULL, FALSE, NULL, NULL, NULL);
INSERT INTO verses (id, location_id, display_number) VALUES (1678, 76, 793);
INSERT INTO options (id, verse_id, position, type, text, target_type, target_verse_dn, target_location_dn, requirement, result, hidden, once, condition_group, conditional_targets, children) VALUES (3597, 1678, 0, 'choice', 'Отказаться от притязаний и уйти. Всё будет как раньше. Пусть люди в этих землях сами будут себе хозяевами, сколько смогут, — а вы покинете их.', 'verse', 798, NULL, NULL, NULL, NULL, FALSE, NULL, NULL, NULL);
INSERT INTO options (id, verse_id, position, type, text, target_type, target_verse_dn, target_location_dn, requirement, result, hidden, once, condition_group, conditional_targets, children) VALUES (3598, 1678, 1, 'choice', 'Задёрнуть штору и пойти спать. Вы теперь князь Влинский. Всю жизнь вы были изгнанником, но теперь вы наконец заняли такое положение, что никто больше не сможет так с вами поступать. Это было приятное чувство.', 'verse', 796, NULL, NULL, NULL, NULL, FALSE, NULL, NULL, NULL);
INSERT INTO verses (id, location_id, display_number) VALUES (1679, 76, 794);
INSERT INTO options (id, verse_id, position, type, text, target_type, target_verse_dn, target_location_dn, requirement, result, hidden, once, condition_group, conditional_targets, children) VALUES (3599, 1679, 0, 'choice', 'Продолжить.', 'verse', 806, NULL, NULL, 'Персонажи могут обменяться любыми предметами, секретами и/или ресурсами. Затем на выбор переместите одного персонажа в локацию 132 (либо 132-Б), одного — в локацию 135 и двух — в локацию 140. Не применяйте @Thunder@ эффекты в этих локациях.', NULL, FALSE, NULL, NULL, NULL);
INSERT INTO verses (id, location_id, display_number) VALUES (1680, 76, 795);
INSERT INTO options (id, verse_id, position, type, text, target_type, target_verse_dn, target_location_dn, requirement, result, hidden, once, condition_group, conditional_targets, children) VALUES (3600, 1680, 0, 'choice', 'Продолжить.', 'verse', 799, NULL, NULL, 'Уберите из игры карту секрета 10.', NULL, FALSE, NULL, NULL, NULL);
INSERT INTO verses (id, location_id, display_number) VALUES (1681, 76, 796);
INSERT INTO options (id, verse_id, position, type, text, target_type, target_verse_dn, target_location_dn, requirement, result, hidden, once, condition_group, conditional_targets, children) VALUES (3601, 1681, 0, 'choice', 'Продолжить.', 'end', NULL, NULL, NULL, 'Поздравляем! Личная история Осберта подошла к концу. Вы ознакомитесь с её развязкой, когда завершите игру.  o Получите часть 3 достижения «Конец пути».  o Осберт получает 3 опыта.  o Осберт получает 8 золота и 1 предмет Д.  o Осберт получает секретную карту 139 (карта боя «Воспоминания о доме») и секретную карту 144 (карта дипломатии «Уверенность аристократа») и замешивает их в соответствующие колоды.  o Каждый персонаж получает 2 @Health@ и теряет 2 @Terror@.  Исследование окончено.', NULL, FALSE, NULL, NULL, NULL);
INSERT INTO verses (id, location_id, display_number) VALUES (1682, 76, 797);
INSERT INTO options (id, verse_id, position, type, text, target_type, target_verse_dn, target_location_dn, requirement, result, hidden, once, condition_group, conditional_targets, children) VALUES (3602, 1682, 0, 'choice', 'Продолжить.', 'verse', 806, NULL, NULL, 'Персонажи могут обменяться любыми предметами, секретами и/или ресурсами. Затем на выбор переместите одного персонажа в локацию 132 (либо 132-Б), одного — в локацию 135 и одного — в локацию 140. Не применяйте @Thunder@ эффекты в этих локациях.', NULL, FALSE, NULL, NULL, NULL);
INSERT INTO verses (id, location_id, display_number) VALUES (1683, 76, 798);
INSERT INTO options (id, verse_id, position, type, text, target_type, target_verse_dn, target_location_dn, requirement, result, hidden, once, condition_group, conditional_targets, children) VALUES (3603, 1683, 0, 'choice', 'Продолжить.', 'end', NULL, NULL, NULL, 'Поздравляем! Осберт сделал окончательный выбор в своей личной истории. Вы ознакомитесь с её развязкой, когда завершите игру.  o Получите часть 4 достижения «Конец пути».  o Осберт получает 3 опыта.  o Осберт получает 4 золота и 2 предмета В.  o Осберт получает секретную карту 139 (карта боя «Воспоминания о доме») и секретную карту 144 (карта дипломатии «Уверенность аристократа») и замешивает их в соответствующие колоды.  o Каждый персонаж получает 2 @Health@ и теряет 2 @Terror@.  Исследование окончено.', NULL, FALSE, NULL, NULL, NULL);
INSERT INTO verses (id, location_id, display_number) VALUES (1684, 76, 799);
INSERT INTO options (id, verse_id, position, type, text, target_type, target_verse_dn, target_location_dn, requirement, result, hidden, once, condition_group, conditional_targets, children) VALUES (3604, 1684, 0, 'choice', 'Продолжить.', 'end', NULL, NULL, NULL, 'Исследование окончено.', NULL, FALSE, NULL, NULL, NULL);
INSERT INTO verses (id, location_id, display_number) VALUES (1685, 76, 800);
INSERT INTO options (id, verse_id, position, type, text, target_type, target_verse_dn, target_location_dn, requirement, result, hidden, once, condition_group, conditional_targets, children) VALUES (3605, 1685, 0, 'choice', 'Продолжить.', 'end', NULL, NULL, NULL, 'Исследование окончено.', NULL, FALSE, NULL, NULL, NULL);
INSERT INTO verses (id, location_id, display_number) VALUES (1686, 76, 801);
INSERT INTO options (id, verse_id, position, type, text, target_type, target_verse_dn, target_location_dn, requirement, result, hidden, once, condition_group, conditional_targets, children) VALUES (3606, 1686, 0, 'choice', 'Продолжить.', 'verse', 810, NULL, NULL, NULL, NULL, FALSE, NULL, NULL, NULL);
INSERT INTO verses (id, location_id, display_number) VALUES (1687, 76, 802);
INSERT INTO options (id, verse_id, position, type, text, target_type, target_verse_dn, target_location_dn, requirement, result, hidden, once, condition_group, conditional_targets, children) VALUES (3607, 1687, 0, 'condition', 'Если в этой локации хотя бы 3 @QuestToken@.', 'verse', 874, NULL, NULL, NULL, NULL, FALSE, NULL, NULL, NULL);
INSERT INTO options (id, verse_id, position, type, text, target_type, target_verse_dn, target_location_dn, requirement, result, hidden, once, condition_group, conditional_targets, children) VALUES (3608, 1687, 1, 'condition', 'В противном случае.', 'verse', 808, NULL, NULL, NULL, NULL, FALSE, NULL, NULL, NULL);
INSERT INTO verses (id, location_id, display_number) VALUES (1688, 76, 803);
INSERT INTO options (id, verse_id, position, type, text, target_type, target_verse_dn, target_location_dn, requirement, result, hidden, once, condition_group, conditional_targets, children) VALUES (3609, 1688, 0, 'choice', 'Продолжить.', 'verse', 871, NULL, NULL, NULL, NULL, FALSE, NULL, NULL, NULL);
INSERT INTO verses (id, location_id, display_number) VALUES (1689, 76, 804);
INSERT INTO options (id, verse_id, position, type, text, target_type, target_verse_dn, target_location_dn, requirement, result, hidden, once, condition_group, conditional_targets, children) VALUES (3610, 1689, 0, 'choice', 'Продолжить.', 'verse', 806, NULL, NULL, 'Персонажи могут обменяться любыми предметами, секретами и/или ресурсами. Затем на выбор переместите одного персонажа в локацию 130, а второго — в локацию 140. Не применяйте @Thunder@ эффекты в этих локациях.', NULL, FALSE, NULL, NULL, NULL);
INSERT INTO verses (id, location_id, display_number) VALUES (1690, 76, 805);
INSERT INTO options (id, verse_id, position, type, text, target_type, target_verse_dn, target_location_dn, requirement, result, hidden, once, condition_group, conditional_targets, children) VALUES (3611, 1690, 0, 'condition', 'Если в этой локации хотя бы 3 @QuestToken@.', 'verse', 874, NULL, NULL, NULL, NULL, FALSE, NULL, NULL, NULL);
INSERT INTO options (id, verse_id, position, type, text, target_type, target_verse_dn, target_location_dn, requirement, result, hidden, once, condition_group, conditional_targets, children) VALUES (3612, 1690, 1, 'condition', 'В противном случае.', 'verse', 808, NULL, NULL, NULL, NULL, FALSE, NULL, NULL, NULL);
INSERT INTO verses (id, location_id, display_number) VALUES (1691, 76, 806);
INSERT INTO options (id, verse_id, position, type, text, target_type, target_verse_dn, target_location_dn, requirement, result, hidden, once, condition_group, conditional_targets, children) VALUES (3613, 1691, 0, 'choice', 'Продолжить.', 'end', NULL, NULL, NULL, 'Исследование окончено.', NULL, FALSE, NULL, NULL, NULL);
INSERT INTO verses (id, location_id, display_number) VALUES (1692, 76, 807);
INSERT INTO options (id, verse_id, position, type, text, target_type, target_verse_dn, target_location_dn, requirement, result, hidden, once, condition_group, conditional_targets, children) VALUES (3614, 1692, 0, 'condition', 'Если в этой локации хотя бы 3 @QuestToken@.', 'verse', 874, NULL, NULL, NULL, NULL, FALSE, NULL, NULL, NULL);
INSERT INTO options (id, verse_id, position, type, text, target_type, target_verse_dn, target_location_dn, requirement, result, hidden, once, condition_group, conditional_targets, children) VALUES (3615, 1692, 1, 'condition', 'В противном случае.', 'verse', 808, NULL, NULL, NULL, NULL, FALSE, NULL, NULL, NULL);
INSERT INTO verses (id, location_id, display_number) VALUES (1693, 76, 808);
INSERT INTO options (id, verse_id, position, type, text, target_type, target_verse_dn, target_location_dn, requirement, result, hidden, once, condition_group, conditional_targets, children) VALUES (3616, 1693, 0, 'choice', 'Спросить их, как дела в городе.', 'verse', 805, NULL, NULL, NULL, NULL, FALSE, NULL, NULL, NULL);
INSERT INTO options (id, verse_id, position, type, text, target_type, target_verse_dn, target_location_dn, requirement, result, hidden, once, condition_group, conditional_targets, children) VALUES (3617, 1693, 1, 'choice', 'Спросить их, чем занимается Валеска.', 'verse', 807, NULL, NULL, NULL, NULL, FALSE, NULL, NULL, NULL);
INSERT INTO options (id, verse_id, position, type, text, target_type, target_verse_dn, target_location_dn, requirement, result, hidden, once, condition_group, conditional_targets, children) VALUES (3618, 1693, 2, 'choice', 'Сидеть и наслаждаться плаванием.', 'verse', 802, NULL, NULL, NULL, NULL, FALSE, NULL, NULL, NULL);
INSERT INTO options (id, verse_id, position, type, text, target_type, target_verse_dn, target_location_dn, requirement, result, hidden, once, condition_group, conditional_targets, children) VALUES (3619, 1693, 3, 'choice', 'Прыгнуть за борт и попытаться спастись.', 'verse', 803, NULL, NULL, NULL, NULL, FALSE, NULL, NULL, NULL);
INSERT INTO verses (id, location_id, display_number) VALUES (1694, 76, 809);
INSERT INTO options (id, verse_id, position, type, text, target_type, target_verse_dn, target_location_dn, requirement, result, hidden, once, condition_group, conditional_targets, children) VALUES (3620, 1694, 0, 'choice', 'Продолжить.', 'end', NULL, NULL, NULL, 'Исследование окончено.', NULL, FALSE, NULL, NULL, NULL);
INSERT INTO verses (id, location_id, display_number) VALUES (1695, 76, 810);
INSERT INTO options (id, verse_id, position, type, text, target_type, target_verse_dn, target_location_dn, requirement, result, hidden, once, condition_group, conditional_targets, children) VALUES (3621, 1695, 0, 'condition', 'Если в этой локации хотя бы 4 @QuestToken@.', 'verse', 874, NULL, NULL, NULL, NULL, FALSE, NULL, NULL, NULL);
INSERT INTO options (id, verse_id, position, type, text, target_type, target_verse_dn, target_location_dn, requirement, result, hidden, once, condition_group, conditional_targets, children) VALUES (3622, 1695, 1, 'choice', 'Спросить их, как дела в городе.', 'verse', 805, NULL, NULL, NULL, NULL, FALSE, NULL, NULL, NULL);
INSERT INTO options (id, verse_id, position, type, text, target_type, target_verse_dn, target_location_dn, requirement, result, hidden, once, condition_group, conditional_targets, children) VALUES (3623, 1695, 2, 'choice', 'Спросить их, чем занимается Валеска.', 'verse', 807, NULL, NULL, NULL, NULL, FALSE, NULL, NULL, NULL);
INSERT INTO options (id, verse_id, position, type, text, target_type, target_verse_dn, target_location_dn, requirement, result, hidden, once, condition_group, conditional_targets, children) VALUES (3624, 1695, 3, 'choice', 'Сидеть и наслаждаться водной прогулкой.', 'verse', 802, NULL, NULL, NULL, NULL, FALSE, NULL, NULL, NULL);
INSERT INTO verses (id, location_id, display_number) VALUES (1696, 76, 811);
INSERT INTO options (id, verse_id, position, type, text, target_type, target_verse_dn, target_location_dn, requirement, result, hidden, once, condition_group, conditional_targets, children) VALUES (3625, 1696, 0, 'choice', 'Продолжить.', 'end', NULL, NULL, NULL, 'Исследование окончено.', NULL, FALSE, NULL, NULL, NULL);
INSERT INTO verses (id, location_id, display_number) VALUES (1697, 76, 812);
INSERT INTO options (id, verse_id, position, type, text, target_type, target_verse_dn, target_location_dn, requirement, result, hidden, once, condition_group, conditional_targets, children) VALUES (3626, 1697, 0, 'choice', 'Продолжить.', 'end', NULL, NULL, NULL, 'Действие окончено.', NULL, FALSE, NULL, NULL, NULL);
INSERT INTO verses (id, location_id, display_number) VALUES (1698, 76, 813);
INSERT INTO options (id, verse_id, position, type, text, target_type, target_verse_dn, target_location_dn, requirement, result, hidden, once, condition_group, conditional_targets, children) VALUES (3627, 1698, 0, 'condition', 'Если у вас есть часть 1 достижения «Кендрик».', 'verse', 875, NULL, NULL, NULL, NULL, FALSE, NULL, NULL, NULL);
INSERT INTO options (id, verse_id, position, type, text, target_type, target_verse_dn, target_location_dn, requirement, result, hidden, once, condition_group, conditional_targets, children) VALUES (3628, 1698, 1, 'choice', 'Сказать ему, что он давно мёртв.', 'verse', 880, NULL, NULL, NULL, NULL, FALSE, NULL, NULL, NULL);
INSERT INTO options (id, verse_id, position, type, text, target_type, target_verse_dn, target_location_dn, requirement, result, hidden, once, condition_group, conditional_targets, children) VALUES (3629, 1698, 2, 'choice', 'Объяснить, что лес, вероятно, вырос так быстро под влиянием искаженья.', 'verse', 885, NULL, NULL, NULL, NULL, FALSE, NULL, NULL, NULL);
INSERT INTO verses (id, location_id, display_number) VALUES (1699, 76, 814);
INSERT INTO options (id, verse_id, position, type, text, target_type, target_verse_dn, target_location_dn, requirement, result, hidden, once, condition_group, conditional_targets, children) VALUES (3630, 1699, 0, 'condition', 'Если у вас есть часть 1 достижения «Кендрик».', 'verse', 875, NULL, NULL, NULL, NULL, FALSE, NULL, NULL, NULL);
INSERT INTO options (id, verse_id, position, type, text, target_type, target_verse_dn, target_location_dn, requirement, result, hidden, once, condition_group, conditional_targets, children) VALUES (3631, 1699, 1, 'choice', 'Сказать ему, что он давно мёртв.', 'verse', 880, NULL, NULL, NULL, NULL, FALSE, NULL, NULL, NULL);
INSERT INTO options (id, verse_id, position, type, text, target_type, target_verse_dn, target_location_dn, requirement, result, hidden, once, condition_group, conditional_targets, children) VALUES (3632, 1699, 2, 'choice', 'Объяснить, что лес, вероятно, вырос так быстро под влиянием искаженья.', 'verse', 885, NULL, NULL, NULL, NULL, FALSE, NULL, NULL, NULL);
INSERT INTO verses (id, location_id, display_number) VALUES (1700, 76, 815);
INSERT INTO options (id, verse_id, position, type, text, target_type, target_verse_dn, target_location_dn, requirement, result, hidden, once, condition_group, conditional_targets, children) VALUES (3633, 1700, 0, 'condition', 'Если у вас есть часть 1 достижения «Кендрик».', 'verse', 875, NULL, NULL, NULL, NULL, FALSE, NULL, NULL, NULL);
INSERT INTO options (id, verse_id, position, type, text, target_type, target_verse_dn, target_location_dn, requirement, result, hidden, once, condition_group, conditional_targets, children) VALUES (3634, 1700, 1, 'choice', 'Сказать ему, что он давно мёртв.', 'verse', 880, NULL, NULL, NULL, NULL, FALSE, NULL, NULL, NULL);
INSERT INTO options (id, verse_id, position, type, text, target_type, target_verse_dn, target_location_dn, requirement, result, hidden, once, condition_group, conditional_targets, children) VALUES (3635, 1700, 2, 'choice', 'Объяснить, что лес, вероятно, вырос так быстро под влиянием искаженья.', 'verse', 885, NULL, NULL, NULL, NULL, FALSE, NULL, NULL, NULL);
INSERT INTO verses (id, location_id, display_number) VALUES (1701, 76, 816);
INSERT INTO options (id, verse_id, position, type, text, target_type, target_verse_dn, target_location_dn, requirement, result, hidden, once, condition_group, conditional_targets, children) VALUES (3636, 1701, 0, 'choice', 'Продолжить.', 'end', NULL, NULL, NULL, 'Действие окончено.', NULL, FALSE, NULL, NULL, NULL);
INSERT INTO verses (id, location_id, display_number) VALUES (1702, 76, 817);
INSERT INTO options (id, verse_id, position, type, text, target_type, target_verse_dn, target_location_dn, requirement, result, hidden, once, condition_group, conditional_targets, children) VALUES (3637, 1702, 0, 'condition', 'Если вы в локации 117-Б.', 'verse', 917, NULL, NULL, NULL, NULL, FALSE, NULL, NULL, NULL);
INSERT INTO options (id, verse_id, position, type, text, target_type, target_verse_dn, target_location_dn, requirement, result, hidden, once, condition_group, conditional_targets, children) VALUES (3638, 1702, 1, 'choice', 'Продолжить.', 'end', NULL, NULL, NULL, 'Действие окончено.', NULL, FALSE, NULL, NULL, NULL);
INSERT INTO verses (id, location_id, display_number) VALUES (1703, 76, 818);
INSERT INTO options (id, verse_id, position, type, text, target_type, target_verse_dn, target_location_dn, requirement, result, hidden, once, condition_group, conditional_targets, children) VALUES (3639, 1703, 0, 'condition', 'Если вы в локации 118-Б.', 'verse', 918, NULL, NULL, NULL, NULL, FALSE, NULL, NULL, NULL);
INSERT INTO options (id, verse_id, position, type, text, target_type, target_verse_dn, target_location_dn, requirement, result, hidden, once, condition_group, conditional_targets, children) VALUES (3640, 1703, 1, 'choice', 'Продолжить.', 'end', NULL, NULL, NULL, 'Действие окончено.', NULL, FALSE, NULL, NULL, NULL);
INSERT INTO verses (id, location_id, display_number) VALUES (1704, 76, 819);
INSERT INTO options (id, verse_id, position, type, text, target_type, target_verse_dn, target_location_dn, requirement, result, hidden, once, condition_group, conditional_targets, children) VALUES (3641, 1704, 0, 'condition', 'Если вы в локации 119-Б.', 'verse', 919, NULL, NULL, NULL, NULL, FALSE, NULL, NULL, NULL);
INSERT INTO options (id, verse_id, position, type, text, target_type, target_verse_dn, target_location_dn, requirement, result, hidden, once, condition_group, conditional_targets, children) VALUES (3642, 1704, 1, 'condition', 'Если у вас есть часть 2 достижения «Обыск».', 'end', NULL, NULL, NULL, 'Здесь больше ничего не удастся найти.  Исследование окончено.', NULL, FALSE, NULL, NULL, NULL);
INSERT INTO options (id, verse_id, position, type, text, target_type, target_verse_dn, target_location_dn, requirement, result, hidden, once, condition_group, conditional_targets, children) VALUES (3643, 1704, 2, 'condition', 'Продолжить.', 'verse', 890, NULL, 'Возьмите синюю карту дипломатической встречи и проведите её.  Если развязка @GreenOutcome@.', NULL, NULL, FALSE, NULL, NULL, NULL);
INSERT INTO options (id, verse_id, position, type, text, target_type, target_verse_dn, target_location_dn, requirement, result, hidden, once, condition_group, conditional_targets, children) VALUES (3644, 1704, 3, 'condition', 'Продолжить.', 'end', NULL, NULL, NULL, 'Действие окончено.', NULL, FALSE, NULL, NULL, NULL);
INSERT INTO options (id, verse_id, position, type, text, target_type, target_verse_dn, target_location_dn, requirement, result, hidden, once, condition_group, conditional_targets, children) VALUES (3645, 1704, 4, 'choice', 'Продолжить.', 'verse', 890, NULL, 'Возьмите синюю карту дипломатической встречи и проведите её.  Если развязка @GreenOutcome@.', NULL, NULL, FALSE, NULL, NULL, NULL);
INSERT INTO options (id, verse_id, position, type, text, target_type, target_verse_dn, target_location_dn, requirement, result, hidden, once, condition_group, conditional_targets, children) VALUES (3646, 1704, 5, 'choice', 'Продолжить.', 'end', NULL, NULL, NULL, 'Действие окончено.', NULL, FALSE, NULL, NULL, NULL);
INSERT INTO verses (id, location_id, display_number) VALUES (1705, 76, 820);
INSERT INTO options (id, verse_id, position, type, text, target_type, target_verse_dn, target_location_dn, requirement, result, hidden, once, condition_group, conditional_targets, children) VALUES (3647, 1705, 0, 'choice', 'Продолжить.', 'end', NULL, NULL, NULL, 'Действие окончено.', NULL, FALSE, NULL, NULL, NULL);
INSERT INTO verses (id, location_id, display_number) VALUES (1706, 76, 821);
INSERT INTO options (id, verse_id, position, type, text, target_type, target_verse_dn, target_location_dn, requirement, result, hidden, once, condition_group, conditional_targets, children) VALUES (3648, 1706, 0, 'choice', '2 @Energy@ Проверить озёрное дно.', 'verse', 898, NULL, NULL, NULL, NULL, FALSE, NULL, NULL, NULL);
INSERT INTO options (id, verse_id, position, type, text, target_type, target_verse_dn, target_location_dn, requirement, result, hidden, once, condition_group, conditional_targets, children) VALUES (3649, 1706, 1, 'choice', 'Уйти.', 'end', NULL, NULL, NULL, 'Действие окончено.', NULL, FALSE, NULL, NULL, NULL);
INSERT INTO verses (id, location_id, display_number) VALUES (1707, 76, 822);
INSERT INTO options (id, verse_id, position, type, text, target_type, target_verse_dn, target_location_dn, requirement, result, hidden, once, condition_group, conditional_targets, children) VALUES (3650, 1707, 0, 'choice', 'Продолжить.', 'end', NULL, NULL, NULL, 'Действие окончено.', NULL, FALSE, NULL, NULL, NULL);
INSERT INTO verses (id, location_id, display_number) VALUES (1708, 76, 823);
INSERT INTO options (id, verse_id, position, type, text, target_type, target_verse_dn, target_location_dn, requirement, result, hidden, once, condition_group, conditional_targets, children) VALUES (3651, 1708, 0, 'choice', 'Продолжить.', 'end', NULL, NULL, NULL, 'Действие окончено.', NULL, FALSE, NULL, NULL, NULL);
INSERT INTO verses (id, location_id, display_number) VALUES (1709, 76, 824);
INSERT INTO options (id, verse_id, position, type, text, target_type, target_verse_dn, target_location_dn, requirement, result, hidden, once, condition_group, conditional_targets, children) VALUES (3652, 1709, 0, 'choice', 'Продолжить.', 'end', NULL, NULL, NULL, 'Действие окончено.', NULL, FALSE, NULL, NULL, NULL);
INSERT INTO verses (id, location_id, display_number) VALUES (1710, 76, 825);
INSERT INTO options (id, verse_id, position, type, text, target_type, target_verse_dn, target_location_dn, requirement, result, hidden, once, condition_group, conditional_targets, children) VALUES (3653, 1710, 0, 'choice', 'Продолжить.', 'end', NULL, NULL, NULL, 'Действие окончено.', NULL, FALSE, NULL, NULL, NULL);
INSERT INTO verses (id, location_id, display_number) VALUES (1711, 76, 826);
INSERT INTO options (id, verse_id, position, type, text, target_type, target_verse_dn, target_location_dn, requirement, result, hidden, once, condition_group, conditional_targets, children) VALUES (3654, 1711, 0, 'condition', 'Если у вас есть часть 2 достижения «Кендрик».', 'verse', 730, NULL, NULL, NULL, NULL, FALSE, NULL, NULL, NULL);
INSERT INTO options (id, verse_id, position, type, text, target_type, target_verse_dn, target_location_dn, requirement, result, hidden, once, condition_group, conditional_targets, children) VALUES (3655, 1711, 1, 'choice', 'Сказать, что стена переместилась через искаженье.', 'verse', 733, NULL, NULL, NULL, NULL, FALSE, NULL, NULL, NULL);
INSERT INTO options (id, verse_id, position, type, text, target_type, target_verse_dn, target_location_dn, requirement, result, hidden, once, condition_group, conditional_targets, children) VALUES (3656, 1711, 2, 'choice', 'Сказать, что он давно мёртв.', 'verse', 736, NULL, NULL, NULL, NULL, FALSE, NULL, NULL, NULL);
INSERT INTO verses (id, location_id, display_number) VALUES (1712, 76, 827);
INSERT INTO verses (id, location_id, display_number) VALUES (1713, 76, 828);
INSERT INTO options (id, verse_id, position, type, text, target_type, target_verse_dn, target_location_dn, requirement, result, hidden, once, condition_group, conditional_targets, children) VALUES (3657, 1713, 0, 'choice', 'Сказать, что это потому, что он давно умер и стал призраком.', 'verse', 839, NULL, NULL, NULL, NULL, FALSE, NULL, NULL, NULL);
INSERT INTO options (id, verse_id, position, type, text, target_type, target_verse_dn, target_location_dn, requirement, result, hidden, once, condition_group, conditional_targets, children) VALUES (3658, 1713, 1, 'choice', 'Сказать, что всему виной искаженье. Со временем ему станет лучше.', 'verse', 831, NULL, NULL, NULL, NULL, FALSE, NULL, NULL, NULL);
INSERT INTO verses (id, location_id, display_number) VALUES (1714, 76, 829);
INSERT INTO options (id, verse_id, position, type, text, target_type, target_verse_dn, target_location_dn, requirement, result, hidden, once, condition_group, conditional_targets, children) VALUES (3659, 1714, 0, 'choice', 'Продолжить.', 'verse', 1124, NULL, NULL, 'Уберите из игры фигурку Кендрика, учёного-призрака, и секретную карту 304.', NULL, FALSE, NULL, NULL, NULL);
INSERT INTO verses (id, location_id, display_number) VALUES (1715, 76, 830);
INSERT INTO options (id, verse_id, position, type, text, target_type, target_verse_dn, target_location_dn, requirement, result, hidden, once, condition_group, conditional_targets, children) VALUES (3660, 1715, 0, 'choice', 'Продолжить.', 'verse', 829, NULL, NULL, NULL, NULL, FALSE, NULL, NULL, NULL);
INSERT INTO verses (id, location_id, display_number) VALUES (1716, 76, 831);
INSERT INTO options (id, verse_id, position, type, text, target_type, target_verse_dn, target_location_dn, requirement, result, hidden, once, condition_group, conditional_targets, children) VALUES (3661, 1716, 0, 'choice', 'Продолжить.', 'verse', 829, NULL, NULL, NULL, NULL, FALSE, NULL, NULL, NULL);
INSERT INTO verses (id, location_id, display_number) VALUES (1717, 76, 832);
INSERT INTO options (id, verse_id, position, type, text, target_type, target_verse_dn, target_location_dn, requirement, result, hidden, once, condition_group, conditional_targets, children) VALUES (3662, 1717, 0, 'choice', 'Продолжить.', 'end', NULL, NULL, NULL, 'Каждый член команды теряет 1 @Energy@.   Получите часть 5 достижения «Кендрик».  Действие окончено.', NULL, FALSE, NULL, NULL, NULL);
INSERT INTO verses (id, location_id, display_number) VALUES (1718, 76, 833);
INSERT INTO options (id, verse_id, position, type, text, target_type, target_verse_dn, target_location_dn, requirement, result, hidden, once, condition_group, conditional_targets, children) VALUES (3663, 1718, 0, 'choice', 'Сказать, что Гнездо было разрушено много лет назад.', 'verse', 836, NULL, NULL, NULL, NULL, FALSE, NULL, NULL, NULL);
INSERT INTO options (id, verse_id, position, type, text, target_type, target_verse_dn, target_location_dn, requirement, result, hidden, once, condition_group, conditional_targets, children) VALUES (3664, 1718, 1, 'choice', 'Сказать, что на город, должно быть, напали туатанцы.', 'verse', 842, NULL, NULL, NULL, NULL, FALSE, NULL, NULL, NULL);
INSERT INTO verses (id, location_id, display_number) VALUES (1719, 76, 834);
INSERT INTO options (id, verse_id, position, type, text, target_type, target_verse_dn, target_location_dn, requirement, result, hidden, once, condition_group, conditional_targets, children) VALUES (3665, 1719, 0, 'choice', 'Продолжить.', 'verse', 888, NULL, NULL, NULL, NULL, FALSE, NULL, NULL, NULL);
INSERT INTO verses (id, location_id, display_number) VALUES (1720, 76, 835);
INSERT INTO options (id, verse_id, position, type, text, target_type, target_verse_dn, target_location_dn, requirement, result, hidden, once, condition_group, conditional_targets, children) VALUES (3666, 1720, 0, 'choice', 'Продолжить.', 'end', NULL, NULL, NULL, 'Получите часть 5 достижения «Древние знания».  Действие окончено.', NULL, FALSE, NULL, NULL, NULL);
INSERT INTO verses (id, location_id, display_number) VALUES (1721, 76, 836);
INSERT INTO options (id, verse_id, position, type, text, target_type, target_verse_dn, target_location_dn, requirement, result, hidden, once, condition_group, conditional_targets, children) VALUES (3667, 1721, 0, 'choice', 'Продолжить.', 'end', NULL, NULL, NULL, 'Каждый член команды теряет 1 @Health@.  Получите часть 4 достижения «Кендрик».  Действие окончено.', NULL, FALSE, NULL, NULL, NULL);
INSERT INTO verses (id, location_id, display_number) VALUES (1722, 76, 837);
INSERT INTO options (id, verse_id, position, type, text, target_type, target_verse_dn, target_location_dn, requirement, result, hidden, once, condition_group, conditional_targets, children) VALUES (3668, 1722, 0, 'choice', 'Продолжить.', 'end', NULL, NULL, NULL, 'Уберите из игры карту секрета 21. Получите карту секрета 30.  Действие окончено.', NULL, FALSE, NULL, NULL, NULL);
INSERT INTO verses (id, location_id, display_number) VALUES (1723, 76, 838);
INSERT INTO options (id, verse_id, position, type, text, target_type, target_verse_dn, target_location_dn, requirement, result, hidden, once, condition_group, conditional_targets, children) VALUES (3669, 1723, 0, 'choice', 'Продолжить.', 'verse', 888, NULL, NULL, NULL, NULL, FALSE, NULL, NULL, NULL);
INSERT INTO verses (id, location_id, display_number) VALUES (1724, 76, 839);
INSERT INTO options (id, verse_id, position, type, text, target_type, target_verse_dn, target_location_dn, requirement, result, hidden, once, condition_group, conditional_targets, children) VALUES (3670, 1724, 0, 'condition', 'Если у вас есть хотя бы четыре части достижения «Кендрик».', 'verse', 830, NULL, NULL, NULL, NULL, FALSE, NULL, NULL, NULL);
INSERT INTO options (id, verse_id, position, type, text, target_type, target_verse_dn, target_location_dn, requirement, result, hidden, once, condition_group, conditional_targets, children) VALUES (3671, 1724, 1, 'choice', 'Продолжить.', 'verse', 829, NULL, NULL, 'Каждый персонаж теряет 4  @Health@ (–1 за каждое очко своей @Aggression@) и получает 3 @Terror@ (–1 за каждое очко своей @Spirituality@).', NULL, FALSE, NULL, NULL, NULL);
INSERT INTO verses (id, location_id, display_number) VALUES (1725, 76, 840);
INSERT INTO options (id, verse_id, position, type, text, target_type, target_verse_dn, target_location_dn, requirement, result, hidden, once, condition_group, conditional_targets, children) VALUES (3672, 1725, 0, 'condition', 'Если вы находитесь в локации 133.', 'verse', 833, NULL, NULL, NULL, NULL, FALSE, NULL, NULL, NULL);
INSERT INTO options (id, verse_id, position, type, text, target_type, target_verse_dn, target_location_dn, requirement, result, hidden, once, condition_group, conditional_targets, children) VALUES (3673, 1725, 1, 'condition', 'Если вы находитесь в локации 135.', 'verse', 835, NULL, NULL, NULL, NULL, FALSE, NULL, NULL, NULL);
INSERT INTO options (id, verse_id, position, type, text, target_type, target_verse_dn, target_location_dn, requirement, result, hidden, once, condition_group, conditional_targets, children) VALUES (3674, 1725, 2, 'condition', 'Если вы находитесь в локации 141.', 'verse', 841, NULL, NULL, NULL, NULL, FALSE, NULL, NULL, NULL);
INSERT INTO options (id, verse_id, position, type, text, target_type, target_verse_dn, target_location_dn, requirement, result, hidden, once, condition_group, conditional_targets, children) VALUES (3675, 1725, 3, 'choice', 'Продолжить.', 'end', NULL, NULL, NULL, 'Действие окончено.', NULL, FALSE, NULL, NULL, NULL);
INSERT INTO verses (id, location_id, display_number) VALUES (1726, 76, 841);
INSERT INTO options (id, verse_id, position, type, text, target_type, target_verse_dn, target_location_dn, requirement, result, hidden, once, condition_group, conditional_targets, children) VALUES (3676, 1726, 0, 'choice', 'Сказать, что он был здесь больше ста лет назад.', 'verse', 832, NULL, NULL, NULL, NULL, FALSE, NULL, NULL, NULL);
INSERT INTO options (id, verse_id, position, type, text, target_type, target_verse_dn, target_location_dn, requirement, result, hidden, once, condition_group, conditional_targets, children) VALUES (3677, 1726, 1, 'choice', 'Сказать, что Корневеда иссушили злые чары янтарной царицы.', 'end', NULL, NULL, NULL, 'Кендрик печально кивнул, попрощался с погибшим деревом и ушёл.  Действие окончено.', NULL, FALSE, NULL, NULL, NULL);
INSERT INTO verses (id, location_id, display_number) VALUES (1727, 76, 842);
INSERT INTO options (id, verse_id, position, type, text, target_type, target_verse_dn, target_location_dn, requirement, result, hidden, once, condition_group, conditional_targets, children) VALUES (3678, 1727, 0, 'choice', 'Продолжить.', 'end', NULL, NULL, NULL, 'Действие окончено.', NULL, FALSE, NULL, NULL, NULL);
INSERT INTO verses (id, location_id, display_number) VALUES (1728, 76, 843);
INSERT INTO options (id, verse_id, position, type, text, target_type, target_verse_dn, target_location_dn, requirement, result, hidden, once, condition_group, conditional_targets, children) VALUES (3679, 1728, 0, 'choice', 'Положить вяленую рыбу перед лисом.', 'verse', 861, NULL, NULL, NULL, NULL, FALSE, NULL, NULL, NULL);
INSERT INTO options (id, verse_id, position, type, text, target_type, target_verse_dn, target_location_dn, requirement, result, hidden, once, condition_group, conditional_targets, children) VALUES (3680, 1728, 1, 'choice', 'Не обращать на него внимания и уйти. У вас нет времени на игры.', 'end', NULL, NULL, NULL, 'Уберите Лисьего бога c поля и верните секретную карту 306 в секретную колоду.  Действие окончено.', NULL, FALSE, NULL, NULL, NULL);
INSERT INTO verses (id, location_id, display_number) VALUES (1729, 76, 844);
INSERT INTO options (id, verse_id, position, type, text, target_type, target_verse_dn, target_location_dn, requirement, result, hidden, once, condition_group, conditional_targets, children) VALUES (3681, 1729, 0, 'condition', 'Если у вас есть часть 5 достижения «Хвост удачи».', 'verse', 848, NULL, NULL, NULL, NULL, FALSE, NULL, NULL, NULL);
INSERT INTO options (id, verse_id, position, type, text, target_type, target_verse_dn, target_location_dn, requirement, result, hidden, once, condition_group, conditional_targets, children) VALUES (3682, 1729, 1, 'condition', 'Если у вас есть часть 4 достижения «Хвост удачи».', 'verse', 847, NULL, NULL, NULL, NULL, FALSE, NULL, NULL, NULL);
INSERT INTO options (id, verse_id, position, type, text, target_type, target_verse_dn, target_location_dn, requirement, result, hidden, once, condition_group, conditional_targets, children) VALUES (3683, 1729, 2, 'condition', 'Если у вас есть часть 3 достижения «Хвост удачи».', 'verse', 846, NULL, NULL, NULL, NULL, FALSE, NULL, NULL, NULL);
INSERT INTO options (id, verse_id, position, type, text, target_type, target_verse_dn, target_location_dn, requirement, result, hidden, once, condition_group, conditional_targets, children) VALUES (3684, 1729, 3, 'condition', 'Если у вас есть часть 2 достижения «Хвост удачи».', 'verse', 845, NULL, NULL, NULL, NULL, FALSE, NULL, NULL, NULL);
INSERT INTO options (id, verse_id, position, type, text, target_type, target_verse_dn, target_location_dn, requirement, result, hidden, once, condition_group, conditional_targets, children) VALUES (3685, 1729, 4, 'choice', 'Продолжить.', 'end', NULL, NULL, NULL, 'Получите случайную карту секрета 27 и часть 2 достижения «Хвост удачи».  Уберите Лисьего бога c поля. Уберите из игры открытую сейчас секретную карту 309.  Действие окончено.', NULL, FALSE, NULL, NULL, NULL);
INSERT INTO verses (id, location_id, display_number) VALUES (1730, 76, 845);
INSERT INTO options (id, verse_id, position, type, text, target_type, target_verse_dn, target_location_dn, requirement, result, hidden, once, condition_group, conditional_targets, children) VALUES (3686, 1730, 0, 'choice', 'Продолжить.', 'end', NULL, NULL, NULL, 'Получите случайную карту секрета 27 и часть 3 достижения «Хвост удачи».  Уберите Лисьего бога c поля. Уберите из игры открытую сейчас секретную карту 309.  Действие окончено.', NULL, FALSE, NULL, NULL, NULL);
INSERT INTO verses (id, location_id, display_number) VALUES (1731, 76, 846);
INSERT INTO options (id, verse_id, position, type, text, target_type, target_verse_dn, target_location_dn, requirement, result, hidden, once, condition_group, conditional_targets, children) VALUES (3687, 1731, 0, 'choice', 'Продолжить.', 'end', NULL, NULL, NULL, 'Получите случайную карту секрета 27 и часть 4 достижения «Хвост удачи».  Уберите Лисьего бога c поля. Уберите из игры открытую сейчас секретную карту 309.  Действие окончено.', NULL, FALSE, NULL, NULL, NULL);
INSERT INTO verses (id, location_id, display_number) VALUES (1732, 76, 847);
INSERT INTO options (id, verse_id, position, type, text, target_type, target_verse_dn, target_location_dn, requirement, result, hidden, once, condition_group, conditional_targets, children) VALUES (3688, 1732, 0, 'choice', 'Продолжить.', 'end', NULL, NULL, NULL, 'Получите случайную карту секрета 27 и часть 5 достижения «Хвост удачи».  Уберите Лисьего бога c поля. Уберите из игры открытую сейчас секретную карту 309.  Действие окончено.', NULL, FALSE, NULL, NULL, NULL);
INSERT INTO verses (id, location_id, display_number) VALUES (1733, 76, 848);
INSERT INTO options (id, verse_id, position, type, text, target_type, target_verse_dn, target_location_dn, requirement, result, hidden, once, condition_group, conditional_targets, children) VALUES (3689, 1733, 0, 'choice', 'Продолжить.', 'end', NULL, NULL, NULL, 'Получите карту секрета 29. Уберите из игры фигурку Лисьего бога и открытую сейчас секретную карту 309.  Найдите в колоде событий, колоде случайных событий или области активных событий секретные карты 296—298 и уберите их из игры. Перемешайте колоду случайных событий. Если вы убрали какую-либо карту из колоды событий, положите вместо неё новое случайное событие.  Действие окончено.', NULL, FALSE, NULL, NULL, NULL);
INSERT INTO verses (id, location_id, display_number) VALUES (1734, 76, 849);
INSERT INTO options (id, verse_id, position, type, text, target_type, target_verse_dn, target_location_dn, requirement, result, hidden, once, condition_group, conditional_targets, children) VALUES (3690, 1734, 0, 'choice', 'Продолжить.', 'verse', 1124, NULL, NULL, 'Уберите из игры фигурку Свечного голема и секретную карту 308.', NULL, FALSE, NULL, NULL, NULL);
INSERT INTO verses (id, location_id, display_number) VALUES (1735, 76, 850);
INSERT INTO options (id, verse_id, position, type, text, target_type, target_verse_dn, target_location_dn, requirement, result, hidden, once, condition_group, conditional_targets, children) VALUES (3691, 1735, 0, 'choice', 'Продолжить.', 'end', NULL, NULL, NULL, 'Уберите из игры карту секрета 7. Получите карту секрета 31.  Действие окончено.', NULL, FALSE, NULL, NULL, NULL);
INSERT INTO verses (id, location_id, display_number) VALUES (1736, 76, 851);
INSERT INTO options (id, verse_id, position, type, text, target_type, target_verse_dn, target_location_dn, requirement, result, hidden, once, condition_group, conditional_targets, children) VALUES (3692, 1736, 0, 'choice', 'Продолжить.', 'end', NULL, NULL, NULL, 'Уберите из игры карту секрета 14. Получите карту секрета 32.  Действие окончено.', NULL, FALSE, NULL, NULL, NULL);
INSERT INTO verses (id, location_id, display_number) VALUES (1737, 76, 852);
INSERT INTO options (id, verse_id, position, type, text, target_type, target_verse_dn, target_location_dn, requirement, result, hidden, once, condition_group, conditional_targets, children) VALUES (3693, 1737, 0, 'choice', 'Продолжить.', 'end', NULL, NULL, NULL, 'Действие окончено.', NULL, FALSE, NULL, NULL, NULL);
INSERT INTO verses (id, location_id, display_number) VALUES (1738, 76, 853);
INSERT INTO options (id, verse_id, position, type, text, target_type, target_verse_dn, target_location_dn, requirement, result, hidden, once, condition_group, conditional_targets, children) VALUES (3694, 1738, 0, 'choice', 'Сказать, что он прогуливался тут несколько веков назад.', 'verse', 857, NULL, NULL, NULL, NULL, FALSE, NULL, NULL, NULL);
INSERT INTO options (id, verse_id, position, type, text, target_type, target_verse_dn, target_location_dn, requirement, result, hidden, once, condition_group, conditional_targets, children) VALUES (3695, 1738, 1, 'choice', 'Сказать, что всему виной искаженье.', 'verse', 858, NULL, NULL, NULL, NULL, FALSE, NULL, NULL, NULL);
INSERT INTO verses (id, location_id, display_number) VALUES (1739, 76, 854);
INSERT INTO options (id, verse_id, position, type, text, target_type, target_verse_dn, target_location_dn, requirement, result, hidden, once, condition_group, conditional_targets, children) VALUES (3696, 1739, 0, 'choice', 'Продолжить.', 'end', NULL, NULL, NULL, 'Каждый член команды получает 1 @Terror@.  Получите часть 7 достижения «Кендрик».  Действие окончено.', NULL, FALSE, NULL, NULL, NULL);
INSERT INTO verses (id, location_id, display_number) VALUES (1740, 76, 855);
INSERT INTO options (id, verse_id, position, type, text, target_type, target_verse_dn, target_location_dn, requirement, result, hidden, once, condition_group, conditional_targets, children) VALUES (3697, 1740, 0, 'choice', 'Продолжить.', 'end', NULL, NULL, NULL, 'Получите часть 2 достижения «Ключи и пароли».  Действие окончено.', NULL, FALSE, NULL, NULL, NULL);
INSERT INTO verses (id, location_id, display_number) VALUES (1741, 76, 856);
INSERT INTO options (id, verse_id, position, type, text, target_type, target_verse_dn, target_location_dn, requirement, result, hidden, once, condition_group, conditional_targets, children) VALUES (3698, 1741, 0, 'choice', 'Продолжить.', 'end', NULL, NULL, NULL, 'Исследование окончено.', NULL, FALSE, NULL, NULL, NULL);
INSERT INTO verses (id, location_id, display_number) VALUES (1742, 76, 857);
INSERT INTO options (id, verse_id, position, type, text, target_type, target_verse_dn, target_location_dn, requirement, result, hidden, once, condition_group, conditional_targets, children) VALUES (3699, 1742, 0, 'choice', 'Продолжить.', 'end', NULL, NULL, NULL, 'Каждый член команды теряет 1 @Health@.  Получите часть 6 достижения «Кендрик».  Действие окончено.', NULL, FALSE, NULL, NULL, NULL);
INSERT INTO verses (id, location_id, display_number) VALUES (1743, 76, 858);
INSERT INTO options (id, verse_id, position, type, text, target_type, target_verse_dn, target_location_dn, requirement, result, hidden, once, condition_group, conditional_targets, children) VALUES (3700, 1743, 0, 'choice', 'Продолжить.', 'end', NULL, NULL, NULL, 'Действие окончено.', NULL, FALSE, NULL, NULL, NULL);
INSERT INTO verses (id, location_id, display_number) VALUES (1744, 76, 859);
INSERT INTO options (id, verse_id, position, type, text, target_type, target_verse_dn, target_location_dn, requirement, result, hidden, once, condition_group, conditional_targets, children) VALUES (3701, 1744, 0, 'choice', 'Сказать Кендрику, что вы видели, как он умер.', 'verse', 854, NULL, NULL, NULL, NULL, FALSE, NULL, NULL, NULL);
INSERT INTO options (id, verse_id, position, type, text, target_type, target_verse_dn, target_location_dn, requirement, result, hidden, once, condition_group, conditional_targets, children) VALUES (3702, 1744, 1, 'choice', 'Продолжить путь.', 'end', NULL, NULL, NULL, 'Действие окончено.', NULL, FALSE, NULL, NULL, NULL);
INSERT INTO verses (id, location_id, display_number) VALUES (1745, 76, 860);
INSERT INTO options (id, verse_id, position, type, text, target_type, target_verse_dn, target_location_dn, requirement, result, hidden, once, condition_group, conditional_targets, children) VALUES (3703, 1745, 0, 'condition', 'Если вы находитесь в локации 152.', 'verse', 852, NULL, NULL, NULL, NULL, FALSE, NULL, NULL, NULL);
INSERT INTO options (id, verse_id, position, type, text, target_type, target_verse_dn, target_location_dn, requirement, result, hidden, once, condition_group, conditional_targets, children) VALUES (3704, 1745, 1, 'condition', 'Если вы находитесь в локации 153.', 'verse', 853, NULL, NULL, NULL, NULL, FALSE, NULL, NULL, NULL);
INSERT INTO options (id, verse_id, position, type, text, target_type, target_verse_dn, target_location_dn, requirement, result, hidden, once, condition_group, conditional_targets, children) VALUES (3705, 1745, 2, 'condition', 'Если вы находитесь в локации 155 или 156.', 'verse', 855, NULL, NULL, NULL, NULL, FALSE, NULL, NULL, NULL);
INSERT INTO options (id, verse_id, position, type, text, target_type, target_verse_dn, target_location_dn, requirement, result, hidden, once, condition_group, conditional_targets, children) VALUES (3706, 1745, 3, 'condition', 'Если вы находитесь в локации 159.', 'verse', 859, NULL, NULL, NULL, NULL, FALSE, NULL, NULL, NULL);
INSERT INTO options (id, verse_id, position, type, text, target_type, target_verse_dn, target_location_dn, requirement, result, hidden, once, condition_group, conditional_targets, children) VALUES (3707, 1745, 4, 'choice', 'Продолжить.', 'end', NULL, NULL, NULL, 'Действие окончено.', NULL, FALSE, NULL, NULL, NULL);
INSERT INTO verses (id, location_id, display_number) VALUES (1746, 76, 861);
INSERT INTO options (id, verse_id, position, type, text, target_type, target_verse_dn, target_location_dn, requirement, result, hidden, once, condition_group, conditional_targets, children) VALUES (3708, 1746, 0, 'choice', 'Продолжить.', 'end', NULL, NULL, NULL, 'Поздравляем! Лисий бог заинтересовался вами, он ещё вернётся.  Уберите с поля фигурку Лисьего бога и уберите из игры секретную карту 306. Получите случайную карту секрета 27 и часть 1 достижения «Хвост удачи».  Действие окончено.', NULL, FALSE, NULL, NULL, NULL);
INSERT INTO verses (id, location_id, display_number) VALUES (1747, 76, 862);
INSERT INTO verses (id, location_id, display_number) VALUES (1748, 76, 863);
INSERT INTO verses (id, location_id, display_number) VALUES (1749, 76, 864);
INSERT INTO verses (id, location_id, display_number) VALUES (1750, 76, 865);
INSERT INTO verses (id, location_id, display_number) VALUES (1751, 76, 866);
INSERT INTO verses (id, location_id, display_number) VALUES (1752, 76, 867);
INSERT INTO verses (id, location_id, display_number) VALUES (1753, 76, 868);
INSERT INTO verses (id, location_id, display_number) VALUES (1754, 76, 869);
INSERT INTO verses (id, location_id, display_number) VALUES (1755, 76, 870);
INSERT INTO options (id, verse_id, position, type, text, target_type, target_verse_dn, target_location_dn, requirement, result, hidden, once, condition_group, conditional_targets, children) VALUES (3709, 1755, 0, 'choice', 'Продолжить.', 'verse', 1092, NULL, NULL, 'o Уберите со стола все фигурки и маркеры.  o Сбросьте все карты локаций и стражей.  o Положите локацию 150 на стол (@Clear@ стороной вверх). Поместите в неё всех персонажей и спутников, не применяя её @Thunder@ эффект.  o Приложите локацию 111 сверху к этой локации (@Wyrdness@ стороной вверх).  o Поместите путеводный камень в правый нижний угол локации 150.', NULL, FALSE, NULL, NULL, NULL);
INSERT INTO verses (id, location_id, display_number) VALUES (1756, 76, 871);
INSERT INTO options (id, verse_id, position, type, text, target_type, target_verse_dn, target_location_dn, requirement, result, hidden, once, condition_group, conditional_targets, children) VALUES (3710, 1756, 0, 'condition', 'Если теперь в этой локации нет @QuestToken@.', 'verse', 873, NULL, NULL, NULL, NULL, FALSE, NULL, NULL, NULL);
INSERT INTO options (id, verse_id, position, type, text, target_type, target_verse_dn, target_location_dn, requirement, result, hidden, once, condition_group, conditional_targets, children) VALUES (3711, 1756, 1, 'condition', 'В противном случае.', 'verse', 1248, NULL, NULL, NULL, NULL, FALSE, NULL, NULL, NULL);
INSERT INTO verses (id, location_id, display_number) VALUES (1757, 76, 872);
INSERT INTO options (id, verse_id, position, type, text, target_type, target_verse_dn, target_location_dn, requirement, result, hidden, once, condition_group, conditional_targets, children) VALUES (3712, 1757, 0, 'choice', 'Продолжить.', 'end', NULL, NULL, NULL, 'Получите часть 2 достижения «Тайны янтарной царицы».  Исследование окончено.', NULL, FALSE, NULL, NULL, NULL);
INSERT INTO verses (id, location_id, display_number) VALUES (1758, 76, 873);
INSERT INTO options (id, verse_id, position, type, text, target_type, target_verse_dn, target_location_dn, requirement, result, hidden, once, condition_group, conditional_targets, children) VALUES (3713, 1758, 0, 'choice', 'Продолжить.', 'end', NULL, NULL, NULL, 'Исследование окончено.', NULL, FALSE, NULL, NULL, NULL);
INSERT INTO verses (id, location_id, display_number) VALUES (1759, 76, 874);
INSERT INTO options (id, verse_id, position, type, text, target_type, target_verse_dn, target_location_dn, requirement, result, hidden, once, condition_group, conditional_targets, children) VALUES (3714, 1759, 0, 'choice', 'Продолжить.', 'verse', 871, NULL, NULL, 'Поместите в эту локацию 1 @QuestToken@.', NULL, FALSE, NULL, NULL, NULL);
INSERT INTO verses (id, location_id, display_number) VALUES (1760, 76, 875);
INSERT INTO options (id, verse_id, position, type, text, target_type, target_verse_dn, target_location_dn, requirement, result, hidden, once, condition_group, conditional_targets, children) VALUES (3715, 1760, 0, 'choice', 'Продолжить.', 'end', NULL, NULL, NULL, 'Действие окончено.', NULL, FALSE, NULL, NULL, NULL);
INSERT INTO verses (id, location_id, display_number) VALUES (1761, 76, 876);
INSERT INTO options (id, verse_id, position, type, text, target_type, target_verse_dn, target_location_dn, requirement, result, hidden, once, condition_group, conditional_targets, children) VALUES (3716, 1761, 0, 'choice', 'Искать на равнинах над Сердцем чащ.', 'cross_location', 83, 999, NULL, NULL, NULL, FALSE, NULL, NULL, NULL);
INSERT INTO options (id, verse_id, position, type, text, target_type, target_verse_dn, target_location_dn, requirement, result, hidden, once, condition_group, conditional_targets, children) VALUES (3717, 1761, 1, 'choice', 'Спросить древомудров, не видели ли они существо.', 'cross_location', 117, 999, NULL, NULL, NULL, FALSE, NULL, NULL, NULL);
INSERT INTO options (id, verse_id, position, type, text, target_type, target_verse_dn, target_location_dn, requirement, result, hidden, once, condition_group, conditional_targets, children) VALUES (3718, 1761, 2, 'choice', 'Проверить местность возле реки.', 'cross_location', 505, 999, NULL, NULL, NULL, FALSE, NULL, NULL, NULL);
INSERT INTO options (id, verse_id, position, type, text, target_type, target_verse_dn, target_location_dn, requirement, result, hidden, once, condition_group, conditional_targets, children) VALUES (3719, 1761, 3, 'choice', 'Сходить к горным источникам.', 'verse', 720, NULL, NULL, NULL, NULL, FALSE, NULL, NULL, NULL);
INSERT INTO options (id, verse_id, position, type, text, target_type, target_verse_dn, target_location_dn, requirement, result, hidden, once, condition_group, conditional_targets, children) VALUES (3720, 1761, 4, 'choice', 'Поискать в восточной части леса.', 'verse', 752, NULL, NULL, NULL, NULL, FALSE, NULL, NULL, NULL);
INSERT INTO options (id, verse_id, position, type, text, target_type, target_verse_dn, target_location_dn, requirement, result, hidden, once, condition_group, conditional_targets, children) VALUES (3721, 1761, 5, 'choice', 'Поискать в южной части леса.', 'verse', 807, NULL, NULL, NULL, NULL, FALSE, NULL, NULL, NULL);
INSERT INTO options (id, verse_id, position, type, text, target_type, target_verse_dn, target_location_dn, requirement, result, hidden, once, condition_group, conditional_targets, children) VALUES (3722, 1761, 6, 'choice', 'Поискать в северной части леса.', 'verse', 821, NULL, NULL, NULL, NULL, FALSE, NULL, NULL, NULL);
INSERT INTO options (id, verse_id, position, type, text, target_type, target_verse_dn, target_location_dn, requirement, result, hidden, once, condition_group, conditional_targets, children) VALUES (3723, 1761, 7, 'choice', 'Набить коровью шкуру, использовать её в качестве приманки и затаиться поблизости.', 'cross_location', 303, 999, NULL, NULL, NULL, FALSE, NULL, NULL, NULL);
INSERT INTO options (id, verse_id, position, type, text, target_type, target_verse_dn, target_location_dn, requirement, result, hidden, once, condition_group, conditional_targets, children) VALUES (3724, 1761, 8, 'choice', 'Набить волчью шкуру, использовать её в качестве приманки и затаиться поблизости.', 'cross_location', 325, 999, NULL, NULL, NULL, FALSE, NULL, NULL, NULL);
INSERT INTO options (id, verse_id, position, type, text, target_type, target_verse_dn, target_location_dn, requirement, result, hidden, once, condition_group, conditional_targets, children) VALUES (3725, 1761, 9, 'choice', 'Раскидать янтарные осколки и ждать рядом с ними.', 'cross_location', 501, 999, NULL, NULL, NULL, FALSE, NULL, NULL, NULL);
INSERT INTO verses (id, location_id, display_number) VALUES (1762, 76, 877);
INSERT INTO options (id, verse_id, position, type, text, target_type, target_verse_dn, target_location_dn, requirement, result, hidden, once, condition_group, conditional_targets, children) VALUES (3726, 1762, 0, 'choice', 'Продолжить.', 'end', NULL, NULL, NULL, 'Исследование окончено.', NULL, FALSE, NULL, NULL, NULL);
INSERT INTO verses (id, location_id, display_number) VALUES (1763, 76, 878);
INSERT INTO options (id, verse_id, position, type, text, target_type, target_verse_dn, target_location_dn, requirement, result, hidden, once, condition_group, conditional_targets, children) VALUES (3727, 1763, 0, 'choice', 'Продолжить.', 'verse', 1099, NULL, NULL, 'Уберите из игры фигурку Изолют Золотой Маски и секретную карту 307.', NULL, FALSE, NULL, NULL, NULL);
INSERT INTO verses (id, location_id, display_number) VALUES (1764, 76, 879);
INSERT INTO options (id, verse_id, position, type, text, target_type, target_verse_dn, target_location_dn, requirement, result, hidden, once, condition_group, conditional_targets, children) VALUES (3728, 1764, 0, 'choice', 'Попробовать остановить их. Кто бы ни пал в этой схватке, от этого выиграет только Венеда.', 'verse', 892, NULL, NULL, NULL, NULL, FALSE, NULL, NULL, NULL);
INSERT INTO options (id, verse_id, position, type, text, target_type, target_verse_dn, target_location_dn, requirement, result, hidden, once, condition_group, conditional_targets, children) VALUES (3729, 1764, 1, 'choice', 'Пусть себе дерутся. Это их личное дело, негоже вам лезть.', 'verse', 927, NULL, NULL, NULL, NULL, FALSE, NULL, NULL, NULL);
INSERT INTO verses (id, location_id, display_number) VALUES (1765, 76, 880);
INSERT INTO options (id, verse_id, position, type, text, target_type, target_verse_dn, target_location_dn, requirement, result, hidden, once, condition_group, conditional_targets, children) VALUES (3730, 1765, 0, 'choice', 'Продолжить.', 'end', NULL, NULL, NULL, 'Каждый член команды теряет 1 @Health@ или получает 1 @Terror@.  Получите часть 1 достижения «Кендрик».  Действие окончено.', NULL, FALSE, NULL, NULL, NULL);
INSERT INTO verses (id, location_id, display_number) VALUES (1766, 76, 881);
INSERT INTO options (id, verse_id, position, type, text, target_type, target_verse_dn, target_location_dn, requirement, result, hidden, once, condition_group, conditional_targets, children) VALUES (3731, 1766, 0, 'choice', 'Продолжить.', 'verse', 743, NULL, NULL, NULL, NULL, FALSE, NULL, NULL, NULL);
INSERT INTO verses (id, location_id, display_number) VALUES (1767, 76, 882);
INSERT INTO options (id, verse_id, position, type, text, target_type, target_verse_dn, target_location_dn, requirement, result, hidden, once, condition_group, conditional_targets, children) VALUES (3732, 1767, 0, 'choice', 'Кольцо.', 'verse', 785, NULL, NULL, NULL, NULL, FALSE, NULL, NULL, NULL);
INSERT INTO options (id, verse_id, position, type, text, target_type, target_verse_dn, target_location_dn, requirement, result, hidden, once, condition_group, conditional_targets, children) VALUES (3733, 1767, 1, 'choice', 'Блин.', 'cross_location', 501, 999, NULL, NULL, NULL, FALSE, NULL, NULL, NULL);
INSERT INTO options (id, verse_id, position, type, text, target_type, target_verse_dn, target_location_dn, requirement, result, hidden, once, condition_group, conditional_targets, children) VALUES (3734, 1767, 2, 'choice', 'Монета.', 'cross_location', 96, 999, NULL, NULL, NULL, FALSE, NULL, NULL, NULL);
INSERT INTO options (id, verse_id, position, type, text, target_type, target_verse_dn, target_location_dn, requirement, result, hidden, once, condition_group, conditional_targets, children) VALUES (3735, 1767, 3, 'choice', 'Колесо.', 'cross_location', 6, 999, NULL, NULL, NULL, FALSE, NULL, NULL, NULL);
INSERT INTO options (id, verse_id, position, type, text, target_type, target_verse_dn, target_location_dn, requirement, result, hidden, once, condition_group, conditional_targets, children) VALUES (3736, 1767, 4, 'choice', 'Апельсин.', 'cross_location', 87, 999, NULL, NULL, NULL, FALSE, NULL, NULL, NULL);
INSERT INTO options (id, verse_id, position, type, text, target_type, target_verse_dn, target_location_dn, requirement, result, hidden, once, condition_group, conditional_targets, children) VALUES (3737, 1767, 5, 'choice', 'Лицо.', 'cross_location', 80, 999, NULL, NULL, NULL, FALSE, NULL, NULL, NULL);
INSERT INTO options (id, verse_id, position, type, text, target_type, target_verse_dn, target_location_dn, requirement, result, hidden, once, condition_group, conditional_targets, children) VALUES (3738, 1767, 6, 'choice', 'Божья коровка.', 'verse', 899, NULL, NULL, NULL, NULL, FALSE, NULL, NULL, NULL);
INSERT INTO options (id, verse_id, position, type, text, target_type, target_verse_dn, target_location_dn, requirement, result, hidden, once, condition_group, conditional_targets, children) VALUES (3739, 1767, 7, 'choice', 'Одуванчик.', 'cross_location', 221, 999, NULL, NULL, NULL, FALSE, NULL, NULL, NULL);
INSERT INTO options (id, verse_id, position, type, text, target_type, target_verse_dn, target_location_dn, requirement, result, hidden, once, condition_group, conditional_targets, children) VALUES (3740, 1767, 8, 'choice', 'Яйцо.', 'cross_location', 412, 999, NULL, NULL, NULL, FALSE, NULL, NULL, NULL);
INSERT INTO options (id, verse_id, position, type, text, target_type, target_verse_dn, target_location_dn, requirement, result, hidden, once, condition_group, conditional_targets, children) VALUES (3741, 1767, 9, 'choice', 'Луна.', 'verse', 625, NULL, NULL, NULL, NULL, FALSE, NULL, NULL, NULL);
INSERT INTO verses (id, location_id, display_number) VALUES (1768, 76, 883);
INSERT INTO options (id, verse_id, position, type, text, target_type, target_verse_dn, target_location_dn, requirement, result, hidden, once, condition_group, conditional_targets, children) VALUES (3742, 1768, 0, 'choice', 'Идти вперёд.', 'verse', 897, NULL, NULL, 'Каждый член команды получает 1 @Terror@ и теряет 1 @Energy@.', NULL, FALSE, NULL, NULL, NULL);
INSERT INTO options (id, verse_id, position, type, text, target_type, target_verse_dn, target_location_dn, requirement, result, hidden, once, condition_group, conditional_targets, children) VALUES (3743, 1768, 1, 'choice', 'Вернуться на развилку.', 'verse', 901, NULL, NULL, 'Каждый член команды получает 1 @Terror@ и теряет 1 @Energy@.', NULL, FALSE, NULL, NULL, NULL);
INSERT INTO verses (id, location_id, display_number) VALUES (1769, 76, 884);
INSERT INTO options (id, verse_id, position, type, text, target_type, target_verse_dn, target_location_dn, requirement, result, hidden, once, condition_group, conditional_targets, children) VALUES (3744, 1769, 0, 'choice', 'Продолжить.', 'end', NULL, NULL, NULL, 'Один персонаж получает столько магии, сколько у него очков @Spirituality@.  Каждый персонаж теряет 2 @Terror@.  Получите одну часть достижения «Тающий воск».  Уберите из игры фигурку Свечного голема и секретную карту 308.  Исследование окончено.', NULL, FALSE, NULL, NULL, NULL);
INSERT INTO verses (id, location_id, display_number) VALUES (1770, 76, 885);
INSERT INTO options (id, verse_id, position, type, text, target_type, target_verse_dn, target_location_dn, requirement, result, hidden, once, condition_group, conditional_targets, children) VALUES (3745, 1770, 0, 'choice', 'Продолжить.', 'end', NULL, NULL, NULL, 'Действие окончено.', NULL, FALSE, NULL, NULL, NULL);
INSERT INTO verses (id, location_id, display_number) VALUES (1771, 76, 886);
INSERT INTO options (id, verse_id, position, type, text, target_type, target_verse_dn, target_location_dn, requirement, result, hidden, once, condition_group, conditional_targets, children) VALUES (3746, 1771, 0, 'condition', 'Если вы проходите главу 8Б.', 'verse', 870, NULL, NULL, NULL, NULL, FALSE, NULL, NULL, NULL);
INSERT INTO options (id, verse_id, position, type, text, target_type, target_verse_dn, target_location_dn, requirement, result, hidden, once, condition_group, conditional_targets, children) VALUES (3747, 1771, 1, 'choice', 'Продолжить.', 'verse', 963, NULL, NULL, NULL, NULL, FALSE, NULL, NULL, NULL);
INSERT INTO verses (id, location_id, display_number) VALUES (1772, 76, 887);
INSERT INTO options (id, verse_id, position, type, text, target_type, target_verse_dn, target_location_dn, requirement, result, hidden, once, condition_group, conditional_targets, children) VALUES (3748, 1772, 0, 'choice', 'Продолжить.', 'verse', 743, NULL, NULL, NULL, NULL, FALSE, NULL, NULL, NULL);
INSERT INTO verses (id, location_id, display_number) VALUES (1773, 76, 888);
INSERT INTO options (id, verse_id, position, type, text, target_type, target_verse_dn, target_location_dn, requirement, result, hidden, once, condition_group, conditional_targets, children) VALUES (3749, 1773, 0, 'condition', 'Если вы играете за Гердвин и у вас нет части 1 достижения «Конец пути».', 'verse', 717, NULL, NULL, 'Получите часть 10 достижения «Путь Венедии».   Каждый персонаж получает 4 @Health@ и теряет 2 @Terror@.', NULL, FALSE, NULL, NULL, NULL);
INSERT INTO options (id, verse_id, position, type, text, target_type, target_verse_dn, target_location_dn, requirement, result, hidden, once, condition_group, conditional_targets, children) VALUES (3750, 1773, 1, 'condition', 'В противном случае.', 'verse', 895, NULL, NULL, 'Получите часть 10 достижения «Путь Венедии».   Каждый персонаж получает 4 @Health@ и теряет 2 @Terror@.', NULL, FALSE, NULL, NULL, NULL);
INSERT INTO verses (id, location_id, display_number) VALUES (1774, 76, 889);
INSERT INTO options (id, verse_id, position, type, text, target_type, target_verse_dn, target_location_dn, requirement, result, hidden, once, condition_group, conditional_targets, children) VALUES (3751, 1774, 0, 'choice', 'Поискать в берёзовой роще.', 'cross_location', 92, 999, NULL, NULL, NULL, FALSE, NULL, NULL, NULL);
INSERT INTO options (id, verse_id, position, type, text, target_type, target_verse_dn, target_location_dn, requirement, result, hidden, once, condition_group, conditional_targets, children) VALUES (3752, 1774, 1, 'choice', 'Зайти в избушки ведьм.', 'cross_location', 234, 999, NULL, NULL, NULL, FALSE, NULL, NULL, NULL);
INSERT INTO options (id, verse_id, position, type, text, target_type, target_verse_dn, target_location_dn, requirement, result, hidden, once, condition_group, conditional_targets, children) VALUES (3753, 1774, 2, 'choice', 'Проверить водопой.', 'cross_location', 410, 999, NULL, NULL, NULL, FALSE, NULL, NULL, NULL);
INSERT INTO options (id, verse_id, position, type, text, target_type, target_verse_dn, target_location_dn, requirement, result, hidden, once, condition_group, conditional_targets, children) VALUES (3754, 1774, 3, 'choice', 'Проверить пляж.', 'cross_location', 291, 999, NULL, NULL, NULL, FALSE, NULL, NULL, NULL);
INSERT INTO options (id, verse_id, position, type, text, target_type, target_verse_dn, target_location_dn, requirement, result, hidden, once, condition_group, conditional_targets, children) VALUES (3755, 1774, 4, 'choice', 'Осмотреть главную тропу.', 'cross_location', 268, 999, NULL, NULL, NULL, FALSE, NULL, NULL, NULL);
INSERT INTO options (id, verse_id, position, type, text, target_type, target_verse_dn, target_location_dn, requirement, result, hidden, once, condition_group, conditional_targets, children) VALUES (3756, 1774, 5, 'choice', 'Обыскать пастбища у бухты.', 'cross_location', 425, 999, NULL, NULL, NULL, FALSE, NULL, NULL, NULL);
INSERT INTO options (id, verse_id, position, type, text, target_type, target_verse_dn, target_location_dn, requirement, result, hidden, once, condition_group, conditional_targets, children) VALUES (3757, 1774, 6, 'choice', 'Обыскать высокую дубраву.', 'verse', 941, NULL, NULL, NULL, NULL, FALSE, NULL, NULL, NULL);
INSERT INTO options (id, verse_id, position, type, text, target_type, target_verse_dn, target_location_dn, requirement, result, hidden, once, condition_group, conditional_targets, children) VALUES (3758, 1774, 7, 'choice', 'Осмотреть корабль в бухте.', 'cross_location', 361, 999, NULL, NULL, NULL, FALSE, NULL, NULL, NULL);
INSERT INTO options (id, verse_id, position, type, text, target_type, target_verse_dn, target_location_dn, requirement, result, hidden, once, condition_group, conditional_targets, children) VALUES (3759, 1774, 8, 'choice', 'Притвориться беспомощным путником и позвать на помощь.', 'cross_location', 529, 999, NULL, NULL, NULL, FALSE, NULL, NULL, NULL);
INSERT INTO options (id, verse_id, position, type, text, target_type, target_verse_dn, target_location_dn, requirement, result, hidden, once, condition_group, conditional_targets, children) VALUES (3760, 1774, 9, 'choice', 'Раскидать янтарные обломки и ждать неподалёку.', 'cross_location', 538, 999, NULL, NULL, NULL, FALSE, NULL, NULL, NULL);
INSERT INTO verses (id, location_id, display_number) VALUES (1775, 76, 890);
INSERT INTO options (id, verse_id, position, type, text, target_type, target_verse_dn, target_location_dn, requirement, result, hidden, once, condition_group, conditional_targets, children) VALUES (3761, 1775, 0, 'choice', 'Продолжить.', 'end', NULL, NULL, NULL, 'Получите 1 предмет Б.  Получите часть 2 достижения «Обыск».  Действие окончено.', NULL, FALSE, NULL, NULL, NULL);
INSERT INTO verses (id, location_id, display_number) VALUES (1776, 76, 891);
INSERT INTO options (id, verse_id, position, type, text, target_type, target_verse_dn, target_location_dn, requirement, result, hidden, once, condition_group, conditional_targets, children) VALUES (3762, 1776, 0, 'choice', 'Продолжить.', 'end', NULL, NULL, NULL, 'Получите часть 1 достижения «Тайны янтарной царицы».  Исследование окончено.', NULL, FALSE, NULL, NULL, NULL);
INSERT INTO verses (id, location_id, display_number) VALUES (1777, 76, 892);
INSERT INTO options (id, verse_id, position, type, text, target_type, target_verse_dn, target_location_dn, requirement, result, hidden, once, condition_group, conditional_targets, children) VALUES (3763, 1777, 0, 'choice', 'Сказать, что предтеча пришёл, чтобы убить Венеду.', 'verse', 894, NULL, NULL, NULL, NULL, FALSE, NULL, NULL, NULL);
INSERT INTO options (id, verse_id, position, type, text, target_type, target_verse_dn, target_location_dn, requirement, result, hidden, once, condition_group, conditional_targets, children) VALUES (3764, 1777, 1, 'choice', 'Сказать, что предтеча занимает не последнее место в Туатане.', 'verse', 896, NULL, NULL, NULL, NULL, FALSE, NULL, NULL, NULL);
INSERT INTO options (id, verse_id, position, type, text, target_type, target_verse_dn, target_location_dn, requirement, result, hidden, once, condition_group, conditional_targets, children) VALUES (3765, 1777, 2, 'choice', 'Сказать, что предтеча спас вам жизнь.', 'verse', 902, NULL, NULL, NULL, NULL, FALSE, NULL, NULL, NULL);
INSERT INTO verses (id, location_id, display_number) VALUES (1778, 76, 893);
INSERT INTO options (id, verse_id, position, type, text, target_type, target_verse_dn, target_location_dn, requirement, result, hidden, once, condition_group, conditional_targets, children) VALUES (3766, 1778, 0, 'choice', 'Поспрашивать в Перунгороде.', 'verse', 903, NULL, NULL, NULL, NULL, FALSE, NULL, NULL, NULL);
INSERT INTO options (id, verse_id, position, type, text, target_type, target_verse_dn, target_location_dn, requirement, result, hidden, once, condition_group, conditional_targets, children) VALUES (3767, 1778, 1, 'choice', 'Поискать на фермах в окрестностях города.', 'verse', 812, NULL, NULL, NULL, NULL, FALSE, NULL, NULL, NULL);
INSERT INTO options (id, verse_id, position, type, text, target_type, target_verse_dn, target_location_dn, requirement, result, hidden, once, condition_group, conditional_targets, children) VALUES (3768, 1778, 2, 'choice', 'Осмотреть побережье.', 'verse', 787, NULL, NULL, NULL, NULL, FALSE, NULL, NULL, NULL);
INSERT INTO options (id, verse_id, position, type, text, target_type, target_verse_dn, target_location_dn, requirement, result, hidden, once, condition_group, conditional_targets, children) VALUES (3769, 1778, 3, 'choice', 'Поискать на прибрежных островках.', 'verse', 763, NULL, NULL, NULL, NULL, FALSE, NULL, NULL, NULL);
INSERT INTO options (id, verse_id, position, type, text, target_type, target_verse_dn, target_location_dn, requirement, result, hidden, once, condition_group, conditional_targets, children) VALUES (3770, 1778, 4, 'choice', 'Расспросить путников о пропавшей скотине.', 'verse', 695, NULL, NULL, NULL, NULL, FALSE, NULL, NULL, NULL);
INSERT INTO options (id, verse_id, position, type, text, target_type, target_verse_dn, target_location_dn, requirement, result, hidden, once, condition_group, conditional_targets, children) VALUES (3771, 1778, 5, 'choice', 'Поискать следы на равнине.', 'verse', 654, NULL, NULL, NULL, NULL, FALSE, NULL, NULL, NULL);
INSERT INTO options (id, verse_id, position, type, text, target_type, target_verse_dn, target_location_dn, requirement, result, hidden, once, condition_group, conditional_targets, children) VALUES (3772, 1778, 6, 'choice', 'Поискать на солнечных холмах.', 'cross_location', 457, 999, NULL, NULL, NULL, FALSE, NULL, NULL, NULL);
INSERT INTO options (id, verse_id, position, type, text, target_type, target_verse_dn, target_location_dn, requirement, result, hidden, once, condition_group, conditional_targets, children) VALUES (3773, 1778, 7, 'choice', 'Осмотреть заросшие овраги.', 'cross_location', 307, 999, NULL, NULL, NULL, FALSE, NULL, NULL, NULL);
INSERT INTO options (id, verse_id, position, type, text, target_type, target_verse_dn, target_location_dn, requirement, result, hidden, once, condition_group, conditional_targets, children) VALUES (3774, 1778, 8, 'choice', 'Двинуться в болота.', 'cross_location', 243, 999, NULL, NULL, NULL, FALSE, NULL, NULL, NULL);
INSERT INTO options (id, verse_id, position, type, text, target_type, target_verse_dn, target_location_dn, requirement, result, hidden, once, condition_group, conditional_targets, children) VALUES (3775, 1778, 9, 'choice', 'Громко позвать существо.', 'cross_location', 194, 999, NULL, NULL, NULL, FALSE, NULL, NULL, NULL);
INSERT INTO verses (id, location_id, display_number) VALUES (1779, 76, 894);
INSERT INTO options (id, verse_id, position, type, text, target_type, target_verse_dn, target_location_dn, requirement, result, hidden, once, condition_group, conditional_targets, children) VALUES (3776, 1779, 0, 'choice', 'Сказать, что Валеска хочет убить Венеду.', 'verse', 909, NULL, NULL, NULL, NULL, FALSE, NULL, NULL, NULL);
INSERT INTO options (id, verse_id, position, type, text, target_type, target_verse_dn, target_location_dn, requirement, result, hidden, once, condition_group, conditional_targets, children) VALUES (3777, 1779, 1, 'choice', 'Сказать, что Валеска — благородная защитница своего народа.', 'verse', 937, NULL, NULL, NULL, NULL, FALSE, NULL, NULL, NULL);
INSERT INTO options (id, verse_id, position, type, text, target_type, target_verse_dn, target_location_dn, requirement, result, hidden, once, condition_group, conditional_targets, children) VALUES (3778, 1779, 2, 'choice', 'Сказать, что Валеска не хотела его обидеть.', 'verse', 922, NULL, NULL, NULL, NULL, FALSE, NULL, NULL, NULL);
INSERT INTO verses (id, location_id, display_number) VALUES (1780, 76, 895);
INSERT INTO options (id, verse_id, position, type, text, target_type, target_verse_dn, target_location_dn, requirement, result, hidden, once, condition_group, conditional_targets, children) VALUES (3779, 1780, 0, 'condition', 'Если вы проходите главу 9Б.', 'verse', 969, NULL, NULL, NULL, NULL, FALSE, NULL, NULL, NULL);
INSERT INTO options (id, verse_id, position, type, text, target_type, target_verse_dn, target_location_dn, requirement, result, hidden, once, condition_group, conditional_targets, children) VALUES (3780, 1780, 1, 'choice', 'Продолжить.', 'verse', 1129, NULL, NULL, 'Получите часть 5 достижения «Будущее Авалона».', NULL, FALSE, NULL, NULL, NULL);
INSERT INTO verses (id, location_id, display_number) VALUES (1781, 76, 896);
INSERT INTO options (id, verse_id, position, type, text, target_type, target_verse_dn, target_location_dn, requirement, result, hidden, once, condition_group, conditional_targets, children) VALUES (3781, 1781, 0, 'choice', 'Продолжить.', 'verse', 927, NULL, NULL, NULL, NULL, FALSE, NULL, NULL, NULL);
INSERT INTO verses (id, location_id, display_number) VALUES (1782, 76, 897);
INSERT INTO options (id, verse_id, position, type, text, target_type, target_verse_dn, target_location_dn, requirement, result, hidden, once, condition_group, conditional_targets, children) VALUES (3782, 1782, 0, 'choice', 'Продолжить.', 'end', NULL, NULL, NULL, 'Каждый член команды получает 1 @Terror@.  Если у вас нет части 4 достижения «Страхи и напасти», получите 2 предмета Г и часть 4 достижения «Страхи и напасти».  Исследование окончено.', NULL, FALSE, NULL, NULL, NULL);
INSERT INTO verses (id, location_id, display_number) VALUES (1783, 76, 898);
INSERT INTO options (id, verse_id, position, type, text, target_type, target_verse_dn, target_location_dn, requirement, result, hidden, once, condition_group, conditional_targets, children) VALUES (3783, 1783, 0, 'choice', '1—2.', 'end', NULL, NULL, NULL, 'Только ил и мутная вода.  Исследование окончено.', NULL, FALSE, NULL, NULL, NULL);
INSERT INTO options (id, verse_id, position, type, text, target_type, target_verse_dn, target_location_dn, requirement, result, hidden, once, condition_group, conditional_targets, children) VALUES (3784, 1783, 1, 'choice', '3—5.', 'end', NULL, NULL, NULL, 'Несколько монет. Лучше, чем ничего.   Получите 1 золото.  Исследование окончено.', NULL, FALSE, NULL, NULL, NULL);
INSERT INTO options (id, verse_id, position, type, text, target_type, target_verse_dn, target_location_dn, requirement, result, hidden, once, condition_group, conditional_targets, children) VALUES (3785, 1783, 2, 'choice', '≥6.', 'verse', 899, NULL, NULL, NULL, NULL, FALSE, NULL, NULL, NULL);
INSERT INTO verses (id, location_id, display_number) VALUES (1784, 76, 899);
INSERT INTO options (id, verse_id, position, type, text, target_type, target_verse_dn, target_location_dn, requirement, result, hidden, once, condition_group, conditional_targets, children) VALUES (3786, 1784, 0, 'choice', 'Продолжить.', 'end', NULL, NULL, NULL, 'Если у вас нет части 1 достижения «Обыск», получите 3 золота и часть 1 достижения «Обыск».  Исследование окончено.', NULL, FALSE, NULL, NULL, NULL);
INSERT INTO verses (id, location_id, display_number) VALUES (1785, 76, 900);
INSERT INTO options (id, verse_id, position, type, text, target_type, target_verse_dn, target_location_dn, requirement, result, hidden, once, condition_group, conditional_targets, children) VALUES (3787, 1785, 0, 'condition', 'Если вы в локации без путеводных камней.', 'end', NULL, NULL, NULL, 'Действие окончено.', NULL, FALSE, NULL, NULL, NULL);
INSERT INTO options (id, verse_id, position, type, text, target_type, target_verse_dn, target_location_dn, requirement, result, hidden, once, condition_group, conditional_targets, children) VALUES (3788, 1785, 1, 'choice', 'Немедленно развеять искаженье.', 'end', NULL, NULL, NULL, 'Переверните все локации, к которым относился этот путеводный камень (и в которых его больше нет), на @Wyrdness@ сторону.  Действие окончено.', NULL, FALSE, NULL, NULL, NULL);
INSERT INTO options (id, verse_id, position, type, text, target_type, target_verse_dn, target_location_dn, requirement, result, hidden, once, condition_group, conditional_targets, children) VALUES (3789, 1785, 2, 'choice', 'Дождаться естественного притока искаженья.', 'end', NULL, NULL, NULL, 'Оставьте локации без изменений (они автоматически перевернутся на @Wyrdness@ сторону в начале дня).  Действие окончено.', NULL, FALSE, NULL, NULL, NULL);
INSERT INTO verses (id, location_id, display_number) VALUES (1786, 76, 901);
INSERT INTO options (id, verse_id, position, type, text, target_type, target_verse_dn, target_location_dn, requirement, result, hidden, once, condition_group, conditional_targets, children) VALUES (3790, 1786, 0, 'condition', 'Если у вас есть синий светофильтр.', 'verse', 901, NULL, NULL, 'В одном из тоннелей вы с трудом разглядели каменную тропинку, чуть потемневшую от мокрых фоморских ног. Она вела на север. Наверное, приспешники Нония ходили этим путём до того, как гора раскололась.', NULL, FALSE, NULL, NULL, NULL);
INSERT INTO options (id, verse_id, position, type, text, target_type, target_verse_dn, target_location_dn, requirement, result, hidden, once, condition_group, conditional_targets, children) VALUES (3791, 1786, 1, 'choice', '1 @Energy@ Пойти по западному тоннелю, ведущему вниз.', 'verse', 883, NULL, NULL, NULL, NULL, FALSE, NULL, NULL, NULL);
INSERT INTO options (id, verse_id, position, type, text, target_type, target_verse_dn, target_location_dn, requirement, result, hidden, once, condition_group, conditional_targets, children) VALUES (3792, 1786, 2, 'choice', '1 @Energy@ Пойти по северному тоннелю.', 'verse', 929, NULL, NULL, NULL, NULL, FALSE, NULL, NULL, NULL);
INSERT INTO options (id, verse_id, position, type, text, target_type, target_verse_dn, target_location_dn, requirement, result, hidden, once, condition_group, conditional_targets, children) VALUES (3793, 1786, 3, 'choice', '1 @Energy@ Пойти по южному тоннелю.', 'verse', 975, NULL, NULL, NULL, NULL, FALSE, NULL, NULL, NULL);
INSERT INTO options (id, verse_id, position, type, text, target_type, target_verse_dn, target_location_dn, requirement, result, hidden, once, condition_group, conditional_targets, children) VALUES (3794, 1786, 4, 'choice', 'Уйти.', 'end', NULL, NULL, NULL, 'Исследование окончено.', NULL, FALSE, NULL, NULL, NULL);
INSERT INTO verses (id, location_id, display_number) VALUES (1787, 76, 902);
INSERT INTO options (id, verse_id, position, type, text, target_type, target_verse_dn, target_location_dn, requirement, result, hidden, once, condition_group, conditional_targets, children) VALUES (3795, 1787, 0, 'choice', 'Продолжить.', 'verse', 927, NULL, NULL, NULL, NULL, FALSE, NULL, NULL, NULL);
INSERT INTO verses (id, location_id, display_number) VALUES (1788, 76, 903);
INSERT INTO verses (id, location_id, display_number) VALUES (1789, 76, 904);
INSERT INTO options (id, verse_id, position, type, text, target_type, target_verse_dn, target_location_dn, requirement, result, hidden, once, condition_group, conditional_targets, children) VALUES (3796, 1789, 0, 'condition', 'Если вы играете за Элгана.', 'verse', 906, NULL, NULL, NULL, NULL, FALSE, NULL, NULL, NULL);
INSERT INTO options (id, verse_id, position, type, text, target_type, target_verse_dn, target_location_dn, requirement, result, hidden, once, condition_group, conditional_targets, children) VALUES (3797, 1789, 1, 'condition', 'Если вы играете за Гердвин.', 'verse', 908, NULL, NULL, NULL, NULL, FALSE, NULL, NULL, NULL);
INSERT INTO options (id, verse_id, position, type, text, target_type, target_verse_dn, target_location_dn, requirement, result, hidden, once, condition_group, conditional_targets, children) VALUES (3798, 1789, 2, 'condition', 'Если вы играете за Юнис.', 'verse', 910, NULL, NULL, NULL, NULL, FALSE, NULL, NULL, NULL);
INSERT INTO options (id, verse_id, position, type, text, target_type, target_verse_dn, target_location_dn, requirement, result, hidden, once, condition_group, conditional_targets, children) VALUES (3799, 1789, 3, 'condition', 'Если вы играете за Осберта.', 'verse', 912, NULL, NULL, NULL, NULL, FALSE, NULL, NULL, NULL);
INSERT INTO verses (id, location_id, display_number) VALUES (1790, 76, 905);
INSERT INTO verses (id, location_id, display_number) VALUES (1791, 76, 906);
INSERT INTO options (id, verse_id, position, type, text, target_type, target_verse_dn, target_location_dn, requirement, result, hidden, once, condition_group, conditional_targets, children) VALUES (3800, 1791, 0, 'choice', 'Продолжить.', 'verse', 916, NULL, NULL, NULL, NULL, FALSE, NULL, NULL, NULL);
INSERT INTO verses (id, location_id, display_number) VALUES (1792, 76, 907);
INSERT INTO options (id, verse_id, position, type, text, target_type, target_verse_dn, target_location_dn, requirement, result, hidden, once, condition_group, conditional_targets, children) VALUES (3801, 1792, 0, 'condition', 'Если все персонажи в игре находятся в разных локациях с печатью @Ritual@.', 'verse', 809, NULL, NULL, NULL, NULL, FALSE, NULL, NULL, NULL);
INSERT INTO options (id, verse_id, position, type, text, target_type, target_verse_dn, target_location_dn, requirement, result, hidden, once, condition_group, conditional_targets, children) VALUES (3802, 1792, 1, 'condition', 'В противном случае.', 'verse', 1249, NULL, NULL, NULL, NULL, FALSE, NULL, NULL, NULL);
INSERT INTO verses (id, location_id, display_number) VALUES (1793, 76, 908);
INSERT INTO options (id, verse_id, position, type, text, target_type, target_verse_dn, target_location_dn, requirement, result, hidden, once, condition_group, conditional_targets, children) VALUES (3803, 1793, 0, 'choice', 'Продолжить.', 'verse', 916, NULL, NULL, NULL, NULL, FALSE, NULL, NULL, NULL);
INSERT INTO verses (id, location_id, display_number) VALUES (1794, 76, 909);
INSERT INTO options (id, verse_id, position, type, text, target_type, target_verse_dn, target_location_dn, requirement, result, hidden, once, condition_group, conditional_targets, children) VALUES (3804, 1794, 0, 'choice', 'Продолжить.', 'verse', 927, NULL, NULL, NULL, NULL, FALSE, NULL, NULL, NULL);
INSERT INTO verses (id, location_id, display_number) VALUES (1795, 76, 910);
INSERT INTO options (id, verse_id, position, type, text, target_type, target_verse_dn, target_location_dn, requirement, result, hidden, once, condition_group, conditional_targets, children) VALUES (3805, 1795, 0, 'choice', 'Продолжить.', 'verse', 916, NULL, NULL, NULL, NULL, FALSE, NULL, NULL, NULL);
INSERT INTO verses (id, location_id, display_number) VALUES (1796, 76, 911);
INSERT INTO options (id, verse_id, position, type, text, target_type, target_verse_dn, target_location_dn, requirement, result, hidden, once, condition_group, conditional_targets, children) VALUES (3806, 1796, 0, 'condition', 'Если у вас есть часть 1 достижения «Изолют».', 'cross_location', 347, 999, NULL, 'Получите часть 10 достижения «Топография».', NULL, FALSE, NULL, NULL, NULL);
INSERT INTO options (id, verse_id, position, type, text, target_type, target_verse_dn, target_location_dn, requirement, result, hidden, once, condition_group, conditional_targets, children) VALUES (3807, 1796, 1, 'condition', 'В противном случае.', 'end', NULL, NULL, NULL, 'Получите часть 10 достижения «Топография».  Поздравляем! Вы завершили миссию!  o Каждый персонаж получает 1 опыт.  o Сбросьте карту активной миссии.  o Найдите в колоде событий карту «Глава 8Б. Часть 2» и прочитайте её. Не меняйте порядок остальных карт в колоде.  o Самое время сделать паузу! Либо сохраните игру и пока что прервитесь, либо продолжайте партию.  Исследование окончено.', NULL, FALSE, NULL, NULL, NULL);
INSERT INTO verses (id, location_id, display_number) VALUES (1797, 76, 912);
INSERT INTO options (id, verse_id, position, type, text, target_type, target_verse_dn, target_location_dn, requirement, result, hidden, once, condition_group, conditional_targets, children) VALUES (3808, 1797, 0, 'choice', 'Продолжить.', 'verse', 916, NULL, NULL, NULL, NULL, FALSE, NULL, NULL, NULL);
INSERT INTO verses (id, location_id, display_number) VALUES (1798, 76, 913);
INSERT INTO options (id, verse_id, position, type, text, target_type, target_verse_dn, target_location_dn, requirement, result, hidden, once, condition_group, conditional_targets, children) VALUES (3809, 1798, 0, 'choice', 'Продолжить.', 'end', NULL, NULL, NULL, 'Исследование окончено.', NULL, FALSE, NULL, NULL, NULL);
INSERT INTO verses (id, location_id, display_number) VALUES (1799, 76, 914);
INSERT INTO options (id, verse_id, position, type, text, target_type, target_verse_dn, target_location_dn, requirement, result, hidden, once, condition_group, conditional_targets, children) VALUES (3810, 1799, 0, 'condition', 'Если у вас есть часть 1 достижения «Запретная земля».', 'verse', 1125, NULL, NULL, NULL, NULL, FALSE, NULL, NULL, NULL);
INSERT INTO options (id, verse_id, position, type, text, target_type, target_verse_dn, target_location_dn, requirement, result, hidden, once, condition_group, conditional_targets, children) VALUES (3811, 1799, 1, 'condition', 'В противном случае.', 'verse', 1250, NULL, NULL, NULL, NULL, FALSE, NULL, NULL, NULL);
INSERT INTO verses (id, location_id, display_number) VALUES (1800, 76, 915);
INSERT INTO options (id, verse_id, position, type, text, target_type, target_verse_dn, target_location_dn, requirement, result, hidden, once, condition_group, conditional_targets, children) VALUES (3812, 1800, 0, 'condition', 'Если у вас есть часть 1 достижения «Запретная земля».', 'verse', 1132, NULL, NULL, NULL, NULL, FALSE, NULL, NULL, NULL);
INSERT INTO options (id, verse_id, position, type, text, target_type, target_verse_dn, target_location_dn, requirement, result, hidden, once, condition_group, conditional_targets, children) VALUES (3813, 1800, 1, 'condition', 'В противном случае.', 'verse', 1251, NULL, NULL, NULL, NULL, FALSE, NULL, NULL, NULL);
INSERT INTO verses (id, location_id, display_number) VALUES (1801, 76, 916);
INSERT INTO options (id, verse_id, position, type, text, target_type, target_verse_dn, target_location_dn, requirement, result, hidden, once, condition_group, conditional_targets, children) VALUES (3814, 1801, 0, 'choice', 'Согласиться. Вы были на всё готовы, лишь бы избавиться от этого страшного проклятья.', 'verse', 925, NULL, NULL, NULL, NULL, FALSE, NULL, NULL, NULL);
INSERT INTO options (id, verse_id, position, type, text, target_type, target_verse_dn, target_location_dn, requirement, result, hidden, once, condition_group, conditional_targets, children) VALUES (3815, 1801, 1, 'choice', 'Спросить, можно ли воссоздать вас без клейма искателя Короля.', 'verse', 920, NULL, NULL, NULL, NULL, FALSE, NULL, NULL, NULL);
INSERT INTO options (id, verse_id, position, type, text, target_type, target_verse_dn, target_location_dn, requirement, result, hidden, once, condition_group, conditional_targets, children) VALUES (3816, 1801, 2, 'choice', 'Отказаться. Звучит как будто вам предлагают умереть. Лучше остаться при своём теле.', 'end', NULL, NULL, NULL, 'Исследование окончено.', NULL, FALSE, NULL, NULL, NULL);
INSERT INTO verses (id, location_id, display_number) VALUES (1802, 76, 917);
INSERT INTO options (id, verse_id, position, type, text, target_type, target_verse_dn, target_location_dn, requirement, result, hidden, once, condition_group, conditional_targets, children) VALUES (3817, 1802, 0, 'choice', 'Продолжить.', 'end', NULL, NULL, NULL, 'Действие окончено.', NULL, FALSE, NULL, NULL, NULL);
INSERT INTO verses (id, location_id, display_number) VALUES (1803, 76, 918);
INSERT INTO options (id, verse_id, position, type, text, target_type, target_verse_dn, target_location_dn, requirement, result, hidden, once, condition_group, conditional_targets, children) VALUES (3818, 1803, 0, 'choice', 'Продолжить.', 'end', NULL, NULL, NULL, 'Действие окончено.', NULL, FALSE, NULL, NULL, NULL);
INSERT INTO verses (id, location_id, display_number) VALUES (1804, 76, 919);
INSERT INTO options (id, verse_id, position, type, text, target_type, target_verse_dn, target_location_dn, requirement, result, hidden, once, condition_group, conditional_targets, children) VALUES (3819, 1804, 0, 'condition', 'Если у вас есть часть 2 достижения «Обыск».', 'end', NULL, NULL, NULL, 'Здесь больше ничего не удастся найти.  Исследование окончено.', NULL, FALSE, NULL, NULL, NULL);
INSERT INTO options (id, verse_id, position, type, text, target_type, target_verse_dn, target_location_dn, requirement, result, hidden, once, condition_group, conditional_targets, children) VALUES (3820, 1804, 1, 'condition', 'Если развязка @GreenOutcome@.', 'verse', 890, NULL, NULL, NULL, NULL, FALSE, NULL, NULL, NULL);
INSERT INTO options (id, verse_id, position, type, text, target_type, target_verse_dn, target_location_dn, requirement, result, hidden, once, condition_group, conditional_targets, children) VALUES (3821, 1804, 2, 'condition', 'Если развязка @GreenOutcome@.', 'end', NULL, NULL, NULL, 'Действие окончено.', NULL, FALSE, NULL, NULL, NULL);
INSERT INTO options (id, verse_id, position, type, text, target_type, target_verse_dn, target_location_dn, requirement, result, hidden, once, condition_group, conditional_targets, children) VALUES (3822, 1804, 3, 'condition', 'В противном случае.', 'end', NULL, NULL, NULL, 'Действие окончено.', NULL, FALSE, NULL, NULL, NULL);
INSERT INTO verses (id, location_id, display_number) VALUES (1805, 76, 920);
INSERT INTO options (id, verse_id, position, type, text, target_type, target_verse_dn, target_location_dn, requirement, result, hidden, once, condition_group, conditional_targets, children) VALUES (3823, 1805, 0, 'choice', 'Согласиться. Вы были на всё готовы, лишь бы избавиться от этого страшного проклятья.', 'verse', 925, NULL, NULL, NULL, NULL, FALSE, NULL, NULL, NULL);
INSERT INTO options (id, verse_id, position, type, text, target_type, target_verse_dn, target_location_dn, requirement, result, hidden, once, condition_group, conditional_targets, children) VALUES (3824, 1805, 1, 'choice', 'Отказаться. Звучит как будто вам предлагают умереть. Лучше остаться при своём теле.', 'end', NULL, NULL, NULL, 'Исследование окончено.', NULL, FALSE, NULL, NULL, NULL);
INSERT INTO verses (id, location_id, display_number) VALUES (1806, 76, 921);
INSERT INTO options (id, verse_id, position, type, text, target_type, target_verse_dn, target_location_dn, requirement, result, hidden, once, condition_group, conditional_targets, children) VALUES (3825, 1806, 0, 'choice', 'Продолжить.', 'end', NULL, NULL, NULL, 'Если у вас нет части 4 достижения «Горькая правда», получите 1 магию за персонажа и 1 золото за персонажа. Получите часть 4 достижения «Горькая правда».  Исследование окончено.', NULL, FALSE, NULL, NULL, NULL);
INSERT INTO verses (id, location_id, display_number) VALUES (1807, 76, 922);
INSERT INTO options (id, verse_id, position, type, text, target_type, target_verse_dn, target_location_dn, requirement, result, hidden, once, condition_group, conditional_targets, children) VALUES (3826, 1807, 0, 'choice', 'Продолжить.', 'verse', 927, NULL, NULL, NULL, NULL, FALSE, NULL, NULL, NULL);
INSERT INTO verses (id, location_id, display_number) VALUES (1808, 76, 923);
INSERT INTO options (id, verse_id, position, type, text, target_type, target_verse_dn, target_location_dn, requirement, result, hidden, once, condition_group, conditional_targets, children) VALUES (3827, 1808, 0, 'condition', 'Если у вас есть часть 1 достижения «Запретная земля».', 'verse', 1143, NULL, NULL, NULL, NULL, FALSE, NULL, NULL, NULL);
INSERT INTO options (id, verse_id, position, type, text, target_type, target_verse_dn, target_location_dn, requirement, result, hidden, once, condition_group, conditional_targets, children) VALUES (3828, 1808, 1, 'choice', 'Продолжить.', 'end', NULL, NULL, NULL, 'Уберите с поля фигурку янтарной царицы Венеды.   Исследование окончено.', NULL, FALSE, NULL, NULL, NULL);
INSERT INTO verses (id, location_id, display_number) VALUES (1809, 76, 924);
INSERT INTO options (id, verse_id, position, type, text, target_type, target_verse_dn, target_location_dn, requirement, result, hidden, once, condition_group, conditional_targets, children) VALUES (3829, 1809, 0, 'choice', 'Продолжить.', 'end', NULL, NULL, NULL, 'Уберите с поля фигурку янтарной царицы Венеды.   Исследование окончено.', NULL, FALSE, NULL, NULL, NULL);
INSERT INTO verses (id, location_id, display_number) VALUES (1810, 76, 925);
INSERT INTO options (id, verse_id, position, type, text, target_type, target_verse_dn, target_location_dn, requirement, result, hidden, once, condition_group, conditional_targets, children) VALUES (3830, 1810, 0, 'choice', 'Продолжить.', 'verse', 945, NULL, NULL, 'o Получите 1 @Terror@.  o Замените фигурку своего персонажа в искажённой форме на обычную.  o Уберите все карты искажённой формы из своих колод боя и дипломатии.  o Уберите жетон персонажа в искажённой форме с планшета персонажа. Замените его на обычный жетон персонажа.  o Проверьте свой навык искажённой формы:  • Если на нём есть маркер характеристики, получите опыт, равный суммарному значению характеристик в этой паре +1, а затем сбросьте этот маркер характеристики.  • Сбросьте ваш навык искажённой формы.  • Получите любой навык на ваш выбор из той пары характеристик, в которых вы только что сбросили навык искажённой формы. Вы можете потратить опыт на повышение характеристики, если это необходимо для получения конкретного навыка.  o Если у вас уже есть 4 навыка в данной паре характеристик, получите любой другой навык. Вы можете потратить опыт на повышение характеристики, если это необходимо для получения конкретного навыка. Если даже в этом случае вы не можете получить никакой навык, получите 6 опыта.  o Улучшите колоды дипломатии и боя.', NULL, FALSE, NULL, NULL, NULL);
INSERT INTO verses (id, location_id, display_number) VALUES (1811, 76, 926);
INSERT INTO options (id, verse_id, position, type, text, target_type, target_verse_dn, target_location_dn, requirement, result, hidden, once, condition_group, conditional_targets, children) VALUES (3831, 1811, 0, 'choice', 'Продолжить.', 'end', NULL, NULL, NULL, NULL, NULL, FALSE, NULL, NULL, NULL);
INSERT INTO verses (id, location_id, display_number) VALUES (1812, 76, 927);
INSERT INTO options (id, verse_id, position, type, text, target_type, target_verse_dn, target_location_dn, requirement, result, hidden, once, condition_group, conditional_targets, children) VALUES (3832, 1812, 0, 'choice', 'Продолжить.', 'verse', 928, NULL, NULL, 'Получите часть 5 достижения «Кто не рискует».', NULL, FALSE, NULL, NULL, NULL);
INSERT INTO verses (id, location_id, display_number) VALUES (1813, 76, 928);
INSERT INTO options (id, verse_id, position, type, text, target_type, target_verse_dn, target_location_dn, requirement, result, hidden, once, condition_group, conditional_targets, children) VALUES (3833, 1813, 0, 'choice', 'Продолжить.', 'verse', 971, NULL, NULL, 'Получите часть 9 достижения «Путь Венедии».  Переместите всех персонажей в локацию 128 («Чёрный круг»), не применяя её @Thunder@ эффект.', NULL, FALSE, NULL, NULL, NULL);
INSERT INTO verses (id, location_id, display_number) VALUES (1814, 76, 929);
INSERT INTO options (id, verse_id, position, type, text, target_type, target_verse_dn, target_location_dn, requirement, result, hidden, once, condition_group, conditional_targets, children) VALUES (3834, 1814, 0, 'condition', 'Если вы победили.', 'verse', 911, NULL, NULL, NULL, NULL, FALSE, NULL, NULL, NULL);
INSERT INTO options (id, verse_id, position, type, text, target_type, target_verse_dn, target_location_dn, requirement, result, hidden, once, condition_group, conditional_targets, children) VALUES (3835, 1814, 1, 'condition', 'В противном случае.', 'end', NULL, NULL, NULL, 'Исследование окончено.', NULL, FALSE, NULL, NULL, NULL);
INSERT INTO verses (id, location_id, display_number) VALUES (1815, 76, 930);
INSERT INTO options (id, verse_id, position, type, text, target_type, target_verse_dn, target_location_dn, requirement, result, hidden, once, condition_group, conditional_targets, children) VALUES (3836, 1815, 0, 'condition', 'Нажмите сюда, если хотите увидеть решение.', 'verse', 930, NULL, NULL, 'Отправьтесь к Янтарным берегам (135). Когда вы туда доберётесь, бросок кубика определит, находится ли в локации старая сборщица янтаря. Если её там нет, можете вернуться позже или пойти в рыбацкую деревню, чтобы снова бросить кубик. Поговорите со старухой — это поможет вам продвинуться в выполнении миссии.  В локации 135 также можно найти обе части информации, необходимые для выполнения необязательного задания: одну — при разговоре со сборщицей янтаря, другую — из видения в локации.', NULL, FALSE, NULL, NULL, NULL);
INSERT INTO options (id, verse_id, position, type, text, target_type, target_verse_dn, target_location_dn, requirement, result, hidden, once, condition_group, conditional_targets, children) VALUES (3837, 1815, 1, 'choice', 'Продолжить.', 'end', NULL, NULL, NULL, 'Действие окончено.', NULL, FALSE, NULL, NULL, NULL);
INSERT INTO verses (id, location_id, display_number) VALUES (1816, 76, 931);
INSERT INTO options (id, verse_id, position, type, text, target_type, target_verse_dn, target_location_dn, requirement, result, hidden, once, condition_group, conditional_targets, children) VALUES (3838, 1816, 0, 'condition', 'Нажмите сюда, если хотите увидеть решение.', 'verse', 931, NULL, NULL, 'Отправьтесь к Каменному серпу (133) и плывите к вершине. Либо победите стража вершины, либо покажите ему амулет Янтарного круга, который можно получить на Берёзовых кручах (140), если помочь укротителю избушек. Затем пройдите к древним ведуньям и примите их предложение.', NULL, FALSE, NULL, NULL, NULL);
INSERT INTO options (id, verse_id, position, type, text, target_type, target_verse_dn, target_location_dn, requirement, result, hidden, once, condition_group, conditional_targets, children) VALUES (3839, 1816, 1, 'choice', 'Продолжить.', 'end', NULL, NULL, NULL, 'Действие окончено.', NULL, FALSE, NULL, NULL, NULL);
INSERT INTO verses (id, location_id, display_number) VALUES (1817, 76, 932);
INSERT INTO options (id, verse_id, position, type, text, target_type, target_verse_dn, target_location_dn, requirement, result, hidden, once, condition_group, conditional_targets, children) VALUES (3840, 1817, 0, 'condition', 'Нажмите сюда, если хотите увидеть решение.', 'verse', 932, NULL, NULL, 'Отправьтесь к Янтарным берегам (135) и поищите янтарное яйцо.', NULL, FALSE, NULL, NULL, NULL);
INSERT INTO options (id, verse_id, position, type, text, target_type, target_verse_dn, target_location_dn, requirement, result, hidden, once, condition_group, conditional_targets, children) VALUES (3841, 1817, 1, 'choice', 'Продолжить.', 'end', NULL, NULL, NULL, 'Действие окончено.', NULL, FALSE, NULL, NULL, NULL);
INSERT INTO verses (id, location_id, display_number) VALUES (1818, 76, 933);
INSERT INTO options (id, verse_id, position, type, text, target_type, target_verse_dn, target_location_dn, requirement, result, hidden, once, condition_group, conditional_targets, children) VALUES (3842, 1818, 0, 'condition', 'Нажмите сюда, если хотите увидеть решение.', 'verse', 933, NULL, NULL, 'Вернитесь в Жеремье (132 либо 132-Б).', NULL, FALSE, NULL, NULL, NULL);
INSERT INTO options (id, verse_id, position, type, text, target_type, target_verse_dn, target_location_dn, requirement, result, hidden, once, condition_group, conditional_targets, children) VALUES (3843, 1818, 1, 'choice', 'Продолжить.', 'end', NULL, NULL, NULL, 'Действие окончено.', NULL, FALSE, NULL, NULL, NULL);
INSERT INTO verses (id, location_id, display_number) VALUES (1819, 76, 934);
INSERT INTO options (id, verse_id, position, type, text, target_type, target_verse_dn, target_location_dn, requirement, result, hidden, once, condition_group, conditional_targets, children) VALUES (3844, 1819, 0, 'condition', 'Если у вас есть часть 1 достижения «Запретная земля».', 'verse', 1143, NULL, NULL, NULL, NULL, FALSE, NULL, NULL, NULL);
INSERT INTO options (id, verse_id, position, type, text, target_type, target_verse_dn, target_location_dn, requirement, result, hidden, once, condition_group, conditional_targets, children) VALUES (3845, 1819, 1, 'choice', 'Продолжить.', 'end', NULL, NULL, NULL, 'Уберите с поля фигурку янтарной царицы Венеды.   Исследование окончено.', NULL, FALSE, NULL, NULL, NULL);
INSERT INTO verses (id, location_id, display_number) VALUES (1820, 76, 935);
INSERT INTO options (id, verse_id, position, type, text, target_type, target_verse_dn, target_location_dn, requirement, result, hidden, once, condition_group, conditional_targets, children) VALUES (3846, 1820, 0, 'condition', 'Если у вас есть часть 1 достижения «Запретная земля».', 'end', NULL, NULL, NULL, 'Переместите всех членов команды в локацию 166.  Исследование окончено.', NULL, FALSE, NULL, NULL, NULL);
INSERT INTO options (id, verse_id, position, type, text, target_type, target_verse_dn, target_location_dn, requirement, result, hidden, once, condition_group, conditional_targets, children) VALUES (3847, 1820, 1, 'choice', 'Продолжить.', 'end', NULL, NULL, NULL, 'Уберите с поля фигурку янтарной царицы Венеды.   Исследование окончено.', NULL, FALSE, NULL, NULL, NULL);
INSERT INTO verses (id, location_id, display_number) VALUES (1821, 76, 936);
INSERT INTO options (id, verse_id, position, type, text, target_type, target_verse_dn, target_location_dn, requirement, result, hidden, once, condition_group, conditional_targets, children) VALUES (3848, 1821, 0, 'choice', 'Продолжить.', 'end', NULL, NULL, NULL, 'Действие окончено.', NULL, FALSE, NULL, NULL, NULL);
INSERT INTO verses (id, location_id, display_number) VALUES (1822, 76, 937);
INSERT INTO options (id, verse_id, position, type, text, target_type, target_verse_dn, target_location_dn, requirement, result, hidden, once, condition_group, conditional_targets, children) VALUES (3849, 1822, 0, 'choice', 'Продолжить.', 'verse', 928, NULL, NULL, NULL, NULL, FALSE, NULL, NULL, NULL);
INSERT INTO verses (id, location_id, display_number) VALUES (1823, 76, 938);
INSERT INTO options (id, verse_id, position, type, text, target_type, target_verse_dn, target_location_dn, requirement, result, hidden, once, condition_group, conditional_targets, children) VALUES (3850, 1823, 0, 'condition', 'Если развязка @GreenOutcome@.', 'verse', 725, NULL, NULL, 'Получите часть 5 достижения «Бюрократия».', NULL, FALSE, NULL, NULL, NULL);
INSERT INTO options (id, verse_id, position, type, text, target_type, target_verse_dn, target_location_dn, requirement, result, hidden, once, condition_group, conditional_targets, children) VALUES (3851, 1823, 1, 'condition', 'В противном случае.', 'verse', 744, NULL, NULL, 'Получите часть 5 достижения «Бюрократия».', NULL, FALSE, NULL, NULL, NULL);
INSERT INTO verses (id, location_id, display_number) VALUES (1824, 76, 939);
INSERT INTO options (id, verse_id, position, type, text, target_type, target_verse_dn, target_location_dn, requirement, result, hidden, once, condition_group, conditional_targets, children) VALUES (3852, 1824, 0, 'condition', 'Если развязка @GreenOutcome@.', 'verse', 764, NULL, NULL, NULL, NULL, FALSE, NULL, NULL, NULL);
INSERT INTO options (id, verse_id, position, type, text, target_type, target_verse_dn, target_location_dn, requirement, result, hidden, once, condition_group, conditional_targets, children) VALUES (3853, 1824, 1, 'condition', 'В противном случае.', 'verse', 767, NULL, NULL, NULL, NULL, FALSE, NULL, NULL, NULL);
INSERT INTO verses (id, location_id, display_number) VALUES (1825, 76, 940);
INSERT INTO options (id, verse_id, position, type, text, target_type, target_verse_dn, target_location_dn, requirement, result, hidden, once, condition_group, conditional_targets, children) VALUES (3854, 1825, 0, 'choice', 'Продолжить.', 'verse', 974, NULL, NULL, 'o Уберите из игры секретную карту 160.  o Поместите фигурку янтарной царицы Венеды в локацию 141-Б.  o Переместите всех персонажей в локацию 141-Б.  o Получите секретную карту 174, но пока не применяйте её эффекты.', NULL, FALSE, NULL, NULL, NULL);
INSERT INTO verses (id, location_id, display_number) VALUES (1826, 76, 941);
INSERT INTO options (id, verse_id, position, type, text, target_type, target_verse_dn, target_location_dn, requirement, result, hidden, once, condition_group, conditional_targets, children) VALUES (3855, 1826, 0, 'choice', 'Продолжить.', 'end', NULL, NULL, NULL, 'Верните карту секрета 20 в колоду секретов.  Получите часть 2 достижения «Следопыт».  Исследование окончено.', NULL, FALSE, NULL, NULL, NULL);
INSERT INTO verses (id, location_id, display_number) VALUES (1827, 76, 942);
INSERT INTO options (id, verse_id, position, type, text, target_type, target_verse_dn, target_location_dn, requirement, result, hidden, once, condition_group, conditional_targets, children) VALUES (3856, 1827, 0, 'condition', 'Нажмите сюда, если хотите увидеть решение.', 'verse', 942, NULL, NULL, 'Отправьтесь в Сердце чащ (141) и выследите янтарное отродье возле горных источников.   Отправьтесь к Берёзовым кручам (140) и обыщите дубраву.   Отправьтесь в Перунгород (137) и осмотрите тёмные овраги.   Наконец, отправьтесь к Бесплодной вершине (136), присоединитесь к торжествам и помогите янтарному отродью получить власть над остальными созданиями.', NULL, FALSE, NULL, NULL, NULL);
INSERT INTO options (id, verse_id, position, type, text, target_type, target_verse_dn, target_location_dn, requirement, result, hidden, once, condition_group, conditional_targets, children) VALUES (3857, 1827, 1, 'choice', 'Продолжить.', 'end', NULL, NULL, NULL, 'Действие окончено.', NULL, FALSE, NULL, NULL, NULL);
INSERT INTO verses (id, location_id, display_number) VALUES (1828, 76, 943);
INSERT INTO options (id, verse_id, position, type, text, target_type, target_verse_dn, target_location_dn, requirement, result, hidden, once, condition_group, conditional_targets, children) VALUES (3858, 1828, 0, 'condition', 'Нажмите сюда, если хотите увидеть решение.', 'verse', 943, NULL, NULL, 'В Арконе (138) проникните во дворец и либо убедите семью князя Аскольда перейти на вашу сторону, либо устройте пожар.  У Берёзовых круч (140) сходите на разбитый корабль разбойников Перунгорода и согласитесь помочь им, затем поднимите морскую цепь в Перунгороде (137) и помогите им выиграть сражение.  На Берёзовых кручах (140) помогите укротителю избушек, а после того как выполните его задание, заберите избушки для Союза Чернолесья.  На Бескрайних нивах (134) убедите местных жителей примкнуть к Союзу.', NULL, FALSE, NULL, NULL, NULL);
INSERT INTO options (id, verse_id, position, type, text, target_type, target_verse_dn, target_location_dn, requirement, result, hidden, once, condition_group, conditional_targets, children) VALUES (3859, 1828, 1, 'choice', 'Продолжить.', 'end', NULL, NULL, NULL, 'Действие окончено.', NULL, FALSE, NULL, NULL, NULL);
INSERT INTO verses (id, location_id, display_number) VALUES (1829, 76, 944);
INSERT INTO options (id, verse_id, position, type, text, target_type, target_verse_dn, target_location_dn, requirement, result, hidden, once, condition_group, conditional_targets, children) VALUES (3860, 1829, 0, 'condition', 'Нажмите сюда, если хотите увидеть решение.', 'verse', 944, NULL, NULL, 'Вернитесь в Чёрный круг (128) и идите в лагерь Валески.', NULL, FALSE, NULL, NULL, NULL);
INSERT INTO options (id, verse_id, position, type, text, target_type, target_verse_dn, target_location_dn, requirement, result, hidden, once, condition_group, conditional_targets, children) VALUES (3861, 1829, 1, 'choice', 'Продолжить.', 'end', NULL, NULL, NULL, 'Действие окончено.', NULL, FALSE, NULL, NULL, NULL);
INSERT INTO verses (id, location_id, display_number) VALUES (1830, 76, 945);
INSERT INTO options (id, verse_id, position, type, text, target_type, target_verse_dn, target_location_dn, requirement, result, hidden, once, condition_group, conditional_targets, children) VALUES (3862, 1830, 0, 'choice', 'Продолжить.', 'end', NULL, NULL, NULL, 'Исследование окончено.', NULL, FALSE, NULL, NULL, NULL);
INSERT INTO verses (id, location_id, display_number) VALUES (1831, 76, 946);
INSERT INTO options (id, verse_id, position, type, text, target_type, target_verse_dn, target_location_dn, requirement, result, hidden, once, condition_group, conditional_targets, children) VALUES (3863, 1831, 0, 'choice', 'Приготовиться к бою с Венедой.', 'verse', 675, NULL, NULL, NULL, NULL, FALSE, NULL, NULL, NULL);
INSERT INTO options (id, verse_id, position, type, text, target_type, target_verse_dn, target_location_dn, requirement, result, hidden, once, condition_group, conditional_targets, children) VALUES (3864, 1831, 1, 'choice', 'Попытаться договориться с ней.', 'verse', 680, NULL, NULL, NULL, NULL, FALSE, NULL, NULL, NULL);
INSERT INTO options (id, verse_id, position, type, text, target_type, target_verse_dn, target_location_dn, requirement, result, hidden, once, condition_group, conditional_targets, children) VALUES (3865, 1831, 2, 'choice', 'Повернуть назад ради собственного блага.', 'end', NULL, NULL, NULL, 'Если вы проходите главу 9Б, переместите всех членов команды в локацию 131. В противном случае переместите всех членов команды в локацию 132.  Исследование окончено.', NULL, FALSE, NULL, NULL, NULL);
INSERT INTO verses (id, location_id, display_number) VALUES (1832, 76, 947);
INSERT INTO options (id, verse_id, position, type, text, target_type, target_verse_dn, target_location_dn, requirement, result, hidden, once, condition_group, conditional_targets, children) VALUES (3866, 1832, 0, 'choice', 'Продолжить.', 'end', NULL, NULL, NULL, 'Действие окончено.', NULL, FALSE, NULL, NULL, NULL);
INSERT INTO verses (id, location_id, display_number) VALUES (1833, 76, 948);
INSERT INTO options (id, verse_id, position, type, text, target_type, target_verse_dn, target_location_dn, requirement, result, hidden, once, condition_group, conditional_targets, children) VALUES (3867, 1833, 0, 'choice', 'Продолжить.', 'end', NULL, NULL, NULL, 'Действие окончено.', NULL, FALSE, NULL, NULL, NULL);
INSERT INTO verses (id, location_id, display_number) VALUES (1834, 76, 949);
INSERT INTO options (id, verse_id, position, type, text, target_type, target_verse_dn, target_location_dn, requirement, result, hidden, once, condition_group, conditional_targets, children) VALUES (3868, 1834, 0, 'choice', 'Продолжить.', 'end', NULL, NULL, NULL, 'Исследование окончено.', NULL, FALSE, NULL, NULL, NULL);
INSERT INTO verses (id, location_id, display_number) VALUES (1835, 76, 950);
INSERT INTO options (id, verse_id, position, type, text, target_type, target_verse_dn, target_location_dn, requirement, result, hidden, once, condition_group, conditional_targets, children) VALUES (3869, 1835, 0, 'choice', 'Продолжить.', 'end', NULL, NULL, NULL, 'Получите часть 1 достижения «Грехи владыки».  Исследование окончено.', NULL, FALSE, NULL, NULL, NULL);
INSERT INTO verses (id, location_id, display_number) VALUES (1836, 76, 951);
INSERT INTO options (id, verse_id, position, type, text, target_type, target_verse_dn, target_location_dn, requirement, result, hidden, once, condition_group, conditional_targets, children) VALUES (3870, 1836, 0, 'choice', 'Дружина сдаётся: попробовать обсудить условия. Рольф не прислушается к вам, но его люди, возможно, послушают. Варегард перед вами в долгу, и у вас есть шанс договориться о безопасном отступлении для оставшейся части дружины.', 'verse', 703, NULL, NULL, NULL, NULL, FALSE, NULL, NULL, NULL);
INSERT INTO options (id, verse_id, position, type, text, target_type, target_verse_dn, target_location_dn, requirement, result, hidden, once, condition_group, conditional_targets, children) VALUES (3871, 1836, 1, 'choice', 'Пусть венедцы сами разбираются с дружиной. Большинство воинов погибнут в бою, а остальные попадут в плен. История Железной дружины закончится здесь и сейчас, но они сами сделали этот выбор.', 'verse', 728, NULL, NULL, NULL, NULL, FALSE, NULL, NULL, NULL);
INSERT INTO verses (id, location_id, display_number) VALUES (1837, 76, 952);
INSERT INTO options (id, verse_id, position, type, text, target_type, target_verse_dn, target_location_dn, requirement, result, hidden, once, condition_group, conditional_targets, children) VALUES (3872, 1837, 0, 'condition', 'Если вы проходите главу 9Б, часть 6.', 'verse', 953, NULL, NULL, NULL, NULL, FALSE, NULL, NULL, NULL);
INSERT INTO options (id, verse_id, position, type, text, target_type, target_verse_dn, target_location_dn, requirement, result, hidden, once, condition_group, conditional_targets, children) VALUES (3873, 1837, 1, 'condition', 'Если все персонажи находятся в локациях 135, 140, 141-Б или 132.', 'verse', 974, NULL, NULL, 'Переместите всех персонажей в локацию 141-Б. Все персонажи присоединяются к этому исследованию.', NULL, FALSE, NULL, NULL, NULL);
INSERT INTO options (id, verse_id, position, type, text, target_type, target_verse_dn, target_location_dn, requirement, result, hidden, once, condition_group, conditional_targets, children) VALUES (3874, 1837, 2, 'condition', 'Если кто-либо из персонажей находится в другой локации.', 'end', NULL, NULL, NULL, 'Ещё не все были готовы бросить вызов янтарной царице. Вы понимали: нападение на Венеду необходимо досконально спланировать, придётся пока отложить задуманное.  Прежде чем попытаться приблизиться к царице, убедитесь, что все персонажи находятся в локациях вокруг Сердца чащ.  Переместите всех персонажей из локации 141-Б в любую связанную локацию.  Исследование окончено.', NULL, FALSE, NULL, NULL, NULL);
INSERT INTO verses (id, location_id, display_number) VALUES (1838, 76, 953);
INSERT INTO options (id, verse_id, position, type, text, target_type, target_verse_dn, target_location_dn, requirement, result, hidden, once, condition_group, conditional_targets, children) VALUES (3875, 1838, 0, 'choice', 'Продолжить.', 'verse', 959, NULL, NULL, 'Переместите всех персонажей в локацию 137. Все персонажи присоединяются к этому исследованию.', NULL, FALSE, NULL, NULL, NULL);
INSERT INTO verses (id, location_id, display_number) VALUES (1839, 76, 954);
INSERT INTO options (id, verse_id, position, type, text, target_type, target_verse_dn, target_location_dn, requirement, result, hidden, once, condition_group, conditional_targets, children) VALUES (3876, 1839, 0, 'choice', 'Если «Уроков вдохновения» столько же или больше, чем «Уроков хитрости».', 'verse', 956, NULL, NULL, NULL, NULL, FALSE, NULL, NULL, NULL);
INSERT INTO options (id, verse_id, position, type, text, target_type, target_verse_dn, target_location_dn, requirement, result, hidden, once, condition_group, conditional_targets, children) VALUES (3877, 1839, 1, 'choice', 'Если «Уроков хитрости» больше, чем «Уроков вдохновения».', 'verse', 958, NULL, NULL, NULL, NULL, FALSE, NULL, NULL, NULL);
INSERT INTO verses (id, location_id, display_number) VALUES (1840, 76, 955);
INSERT INTO options (id, verse_id, position, type, text, target_type, target_verse_dn, target_location_dn, requirement, result, hidden, once, condition_group, conditional_targets, children) VALUES (3878, 1840, 0, 'choice', 'Продолжить.', 'end', NULL, NULL, NULL, 'Каждый член команды теряет 1 @Health@.   Получите часть 5 достижения «Изолют».   Получите часть 4 достижения «Реалист».   Видение окончено.', NULL, FALSE, NULL, NULL, NULL);
INSERT INTO verses (id, location_id, display_number) VALUES (1841, 76, 956);
INSERT INTO options (id, verse_id, position, type, text, target_type, target_verse_dn, target_location_dn, requirement, result, hidden, once, condition_group, conditional_targets, children) VALUES (3879, 1841, 0, 'choice', 'Продолжить.', 'verse', 961, NULL, NULL, NULL, NULL, FALSE, NULL, NULL, NULL);
INSERT INTO verses (id, location_id, display_number) VALUES (1842, 76, 957);
INSERT INTO options (id, verse_id, position, type, text, target_type, target_verse_dn, target_location_dn, requirement, result, hidden, once, condition_group, conditional_targets, children) VALUES (3880, 1842, 0, 'choice', 'Продолжить.', 'end', NULL, NULL, NULL, 'Получите часть 5 достижения «Изолют».  Видение окончено.', NULL, FALSE, NULL, NULL, NULL);
INSERT INTO verses (id, location_id, display_number) VALUES (1843, 76, 958);
INSERT INTO options (id, verse_id, position, type, text, target_type, target_verse_dn, target_location_dn, requirement, result, hidden, once, condition_group, conditional_targets, children) VALUES (3881, 1843, 0, 'choice', 'Продолжить.', 'verse', 961, NULL, NULL, NULL, NULL, FALSE, NULL, NULL, NULL);
INSERT INTO verses (id, location_id, display_number) VALUES (1844, 76, 959);
INSERT INTO options (id, verse_id, position, type, text, target_type, target_verse_dn, target_location_dn, requirement, result, hidden, once, condition_group, conditional_targets, children) VALUES (3882, 1844, 0, 'choice', 'Бросить ей вызов.', 'verse', 977, NULL, NULL, NULL, NULL, FALSE, NULL, NULL, NULL);
INSERT INTO options (id, verse_id, position, type, text, target_type, target_verse_dn, target_location_dn, requirement, result, hidden, once, condition_group, conditional_targets, children) VALUES (3883, 1844, 1, 'choice', 'Попробовать договориться.', 'verse', 978, NULL, NULL, NULL, NULL, FALSE, NULL, NULL, NULL);
INSERT INTO verses (id, location_id, display_number) VALUES (1845, 76, 960);
INSERT INTO options (id, verse_id, position, type, text, target_type, target_verse_dn, target_location_dn, requirement, result, hidden, once, condition_group, conditional_targets, children) VALUES (3884, 1845, 0, 'choice', 'Продолжить.', 'verse', 1099, NULL, NULL, 'Уберите из игры фигурку Изолют Золотой Маски и секретную карту 307.', NULL, FALSE, NULL, NULL, NULL);
INSERT INTO verses (id, location_id, display_number) VALUES (1846, 76, 961);
INSERT INTO options (id, verse_id, position, type, text, target_type, target_verse_dn, target_location_dn, requirement, result, hidden, once, condition_group, conditional_targets, children) VALUES (3885, 1846, 0, 'choice', 'Продолжить.', 'end', NULL, NULL, NULL, 'Исследование окончено.', NULL, FALSE, NULL, NULL, NULL);
INSERT INTO verses (id, location_id, display_number) VALUES (1847, 76, 962);
INSERT INTO options (id, verse_id, position, type, text, target_type, target_verse_dn, target_location_dn, requirement, result, hidden, once, condition_group, conditional_targets, children) VALUES (3886, 1847, 0, 'condition', 'Если у вас нет части 3 достижения «Следопыт» или вы не проходите главу 8А, часть 1.', 'end', NULL, NULL, NULL, 'Здесь больше нечего делать.  Исследование окончено.', NULL, FALSE, NULL, NULL, NULL);
INSERT INTO options (id, verse_id, position, type, text, target_type, target_verse_dn, target_location_dn, requirement, result, hidden, once, condition_group, conditional_targets, children) VALUES (3887, 1847, 1, 'choice', 'Продолжить.', 'end', NULL, NULL, NULL, 'Исследование окончено.', NULL, FALSE, NULL, NULL, NULL);
INSERT INTO verses (id, location_id, display_number) VALUES (1848, 76, 963);
INSERT INTO options (id, verse_id, position, type, text, target_type, target_verse_dn, target_location_dn, requirement, result, hidden, once, condition_group, conditional_targets, children) VALUES (3888, 1848, 0, 'choice', 'Продолжить.', 'end', NULL, NULL, NULL, 'Исследование окончено.', NULL, FALSE, NULL, NULL, NULL);
INSERT INTO verses (id, location_id, display_number) VALUES (1849, 76, 964);
INSERT INTO options (id, verse_id, position, type, text, target_type, target_verse_dn, target_location_dn, requirement, result, hidden, once, condition_group, conditional_targets, children) VALUES (3889, 1849, 0, 'choice', 'Продолжить.', 'end', NULL, NULL, NULL, 'Получите 1 @Terror@.   Получите часть 4 достижения «Изолют».   Видение окончено.', NULL, FALSE, NULL, NULL, NULL);
INSERT INTO verses (id, location_id, display_number) VALUES (1850, 76, 965);
INSERT INTO options (id, verse_id, position, type, text, target_type, target_verse_dn, target_location_dn, requirement, result, hidden, once, condition_group, conditional_targets, children) VALUES (3890, 1850, 0, 'choice', 'Пусть Изолют делает что хочет. Если что-то пойдёт не так, придётся её спасать.', 'verse', 955, NULL, NULL, NULL, NULL, FALSE, NULL, NULL, NULL);
INSERT INTO options (id, verse_id, position, type, text, target_type, target_verse_dn, target_location_dn, requirement, result, hidden, once, condition_group, conditional_targets, children) VALUES (3891, 1850, 1, 'choice', 'Убить их прежде, чем они причинят кому-нибудь вред.', 'verse', 957, NULL, NULL, NULL, NULL, FALSE, NULL, NULL, NULL);
INSERT INTO verses (id, location_id, display_number) VALUES (1851, 76, 966);
INSERT INTO options (id, verse_id, position, type, text, target_type, target_verse_dn, target_location_dn, requirement, result, hidden, once, condition_group, conditional_targets, children) VALUES (3892, 1851, 0, 'choice', 'Продолжить.', 'verse', 970, NULL, NULL, NULL, NULL, FALSE, NULL, NULL, NULL);
INSERT INTO verses (id, location_id, display_number) VALUES (1852, 76, 967);
INSERT INTO options (id, verse_id, position, type, text, target_type, target_verse_dn, target_location_dn, requirement, result, hidden, once, condition_group, conditional_targets, children) VALUES (3893, 1852, 0, 'choice', 'Продолжить.', 'cross_location', 0, 151, NULL, NULL, NULL, FALSE, NULL, NULL, NULL);
INSERT INTO verses (id, location_id, display_number) VALUES (1853, 76, 968);
INSERT INTO options (id, verse_id, position, type, text, target_type, target_verse_dn, target_location_dn, requirement, result, hidden, once, condition_group, conditional_targets, children) VALUES (3894, 1853, 0, 'choice', 'Продолжить.', 'end', NULL, NULL, NULL, 'Получите 3 еды.  Получите часть 4 достижения «Изолют».  Получите часть 3 достижения «Реалист».  Видение окончено.', NULL, FALSE, NULL, NULL, NULL);
INSERT INTO verses (id, location_id, display_number) VALUES (1854, 76, 969);
INSERT INTO options (id, verse_id, position, type, text, target_type, target_verse_dn, target_location_dn, requirement, result, hidden, once, condition_group, conditional_targets, children) VALUES (3895, 1854, 0, 'choice', 'Продолжить.', 'verse', 1006, NULL, NULL, NULL, NULL, FALSE, NULL, NULL, NULL);
INSERT INTO verses (id, location_id, display_number) VALUES (1855, 76, 970);
INSERT INTO options (id, verse_id, position, type, text, target_type, target_verse_dn, target_location_dn, requirement, result, hidden, once, condition_group, conditional_targets, children) VALUES (3896, 1855, 0, 'choice', 'Приказать выжившим вернуться в лагерь в Лотиане и восстановить его. Имя Железной дружины будет стёрто из истории, но её воины продолжат своё дело под новыми знамёнами.', 'verse', 771, NULL, NULL, 'Получите часть 11 достижения «Личные дела».', NULL, FALSE, NULL, NULL, NULL);
INSERT INTO options (id, verse_id, position, type, text, target_type, target_verse_dn, target_location_dn, requirement, result, hidden, once, condition_group, conditional_targets, children) VALUES (3897, 1855, 1, 'choice', 'Распустить дружину, поделить её казну и приказать выжившим отправляться восвояси. Запятнанная история Железной дружины закончится здесь и сейчас. Пусть здешние дружинники и те, кто остался в Лотиане, идут куда захотят. Они вправе искать любого будущего, как и вы.', 'cross_location', 359, 999, NULL, 'Получите часть 12 достижения «Личные дела».', NULL, FALSE, NULL, NULL, NULL);
INSERT INTO options (id, verse_id, position, type, text, target_type, target_verse_dn, target_location_dn, requirement, result, hidden, once, condition_group, conditional_targets, children) VALUES (3898, 1855, 2, 'choice', 'Пусть венедцы оставят дружинников в плену и заставят их восстанавливать Венедию. Справедливое решение, но, оставив ваших бывших соратников в плену на чужбине, вы положите конец вашей связи с Железной дружиной.', 'cross_location', 348, 999, NULL, NULL, NULL, FALSE, NULL, NULL, NULL);
INSERT INTO verses (id, location_id, display_number) VALUES (1856, 76, 971);
INSERT INTO options (id, verse_id, position, type, text, target_type, target_verse_dn, target_location_dn, requirement, result, hidden, once, condition_group, conditional_targets, children) VALUES (3899, 1856, 0, 'choice', 'Сказать им, что у вас есть оружие, которого боится Венеда, и показать янтарное яйцо. Это будет ложь во спасение.', 'verse', 973, NULL, NULL, NULL, NULL, FALSE, NULL, NULL, NULL);
INSERT INTO options (id, verse_id, position, type, text, target_type, target_verse_dn, target_location_dn, requirement, result, hidden, once, condition_group, conditional_targets, children) VALUES (3900, 1856, 1, 'choice', 'Сказать, что существо из яйца уже вылупилось, но стало вашим союзником.', 'verse', 976, NULL, 'Нужна часть 8 достижения «Путь Венедии».', NULL, NULL, FALSE, NULL, NULL, NULL);
INSERT INTO options (id, verse_id, position, type, text, target_type, target_verse_dn, target_location_dn, requirement, result, hidden, once, condition_group, conditional_targets, children) VALUES (3901, 1856, 2, 'choice', 'Сказать, что у вас нет яйца, но вам известно слабое место Венеды.', 'verse', 976, NULL, 'Нужна часть 1 или 2 достижения «Тайны янтарной царицы».', NULL, NULL, FALSE, NULL, NULL, NULL);
INSERT INTO options (id, verse_id, position, type, text, target_type, target_verse_dn, target_location_dn, requirement, result, hidden, once, condition_group, conditional_targets, children) VALUES (3902, 1856, 3, 'choice', 'Сказать, что у вас нет яйца, но произнести пламенную речь.', 'verse', 976, NULL, 'Нужно хотя бы 4 очка @Empathy@.', NULL, NULL, FALSE, NULL, NULL, NULL);
INSERT INTO options (id, verse_id, position, type, text, target_type, target_verse_dn, target_location_dn, requirement, result, hidden, once, condition_group, conditional_targets, children) VALUES (3903, 1856, 4, 'choice', 'Сказать, что у вас нет яйца, но они сумеют одержать победу без него.', 'verse', 982, NULL, NULL, NULL, NULL, FALSE, NULL, NULL, NULL);
INSERT INTO verses (id, location_id, display_number) VALUES (1857, 76, 972);
INSERT INTO options (id, verse_id, position, type, text, target_type, target_verse_dn, target_location_dn, requirement, result, hidden, once, condition_group, conditional_targets, children) VALUES (3904, 1857, 0, 'condition', 'Если у вас нет части 4 достижения «Тайны янтарной царицы».', 'end', NULL, NULL, NULL, 'Продолжайте встречу.', NULL, FALSE, NULL, NULL, NULL);
INSERT INTO options (id, verse_id, position, type, text, target_type, target_verse_dn, target_location_dn, requirement, result, hidden, once, condition_group, conditional_targets, children) VALUES (3905, 1857, 1, 'condition', 'В противном случае.', 'verse', 1252, NULL, NULL, NULL, NULL, FALSE, NULL, NULL, NULL);
INSERT INTO verses (id, location_id, display_number) VALUES (1858, 76, 973);
INSERT INTO options (id, verse_id, position, type, text, target_type, target_verse_dn, target_location_dn, requirement, result, hidden, once, condition_group, conditional_targets, children) VALUES (3906, 1858, 0, 'choice', 'Продолжить.', 'verse', 992, NULL, NULL, 'Получите часть 8 достижения «Бессердечность».', NULL, FALSE, NULL, NULL, NULL);
INSERT INTO verses (id, location_id, display_number) VALUES (1859, 76, 974);
INSERT INTO options (id, verse_id, position, type, text, target_type, target_verse_dn, target_location_dn, requirement, result, hidden, once, condition_group, conditional_targets, children) VALUES (3907, 1859, 0, 'condition', 'Если у вас есть часть 8 достижения «Планы и интриги».', 'verse', 993, NULL, NULL, NULL, NULL, FALSE, NULL, NULL, NULL);
INSERT INTO options (id, verse_id, position, type, text, target_type, target_verse_dn, target_location_dn, requirement, result, hidden, once, condition_group, conditional_targets, children) VALUES (3908, 1859, 1, 'choice', 'Бросить ей вызов.', 'verse', 977, NULL, NULL, NULL, NULL, FALSE, NULL, NULL, NULL);
INSERT INTO options (id, verse_id, position, type, text, target_type, target_verse_dn, target_location_dn, requirement, result, hidden, once, condition_group, conditional_targets, children) VALUES (3909, 1859, 2, 'choice', 'Попробовать договориться.', 'verse', 978, NULL, NULL, NULL, NULL, FALSE, NULL, NULL, NULL);
INSERT INTO verses (id, location_id, display_number) VALUES (1860, 76, 975);
INSERT INTO options (id, verse_id, position, type, text, target_type, target_verse_dn, target_location_dn, requirement, result, hidden, once, condition_group, conditional_targets, children) VALUES (3910, 1860, 0, 'choice', '1—2.', 'verse', 975, NULL, NULL, 'Вас преследуют! Бегите! Но куда?   Каждый член команды получает 1 @Terror@.  Бросьте кубик ещё раз.', NULL, FALSE, NULL, NULL, NULL);
INSERT INTO options (id, verse_id, position, type, text, target_type, target_verse_dn, target_location_dn, requirement, result, hidden, once, condition_group, conditional_targets, children) VALUES (3911, 1860, 1, 'choice', '3—6.', 'end', NULL, NULL, NULL, 'Вы медленно вернулись по своим следам. Снаружи вы наконец смогли дышать.   Каждый член команды теряет 1 @Energy@.  Исследование окончено.', NULL, FALSE, NULL, NULL, NULL);
INSERT INTO options (id, verse_id, position, type, text, target_type, target_verse_dn, target_location_dn, requirement, result, hidden, once, condition_group, conditional_targets, children) VALUES (3912, 1860, 2, 'choice', '≥7.', 'verse', 901, NULL, NULL, 'Силу искаженья можно укротить. Вы вобрали в себя магию и вернулись на развилку.  Каждый член команды получает 1 магию.', NULL, FALSE, NULL, NULL, NULL);
INSERT INTO verses (id, location_id, display_number) VALUES (1861, 76, 976);
INSERT INTO options (id, verse_id, position, type, text, target_type, target_verse_dn, target_location_dn, requirement, result, hidden, once, condition_group, conditional_targets, children) VALUES (3913, 1861, 0, 'choice', 'Продолжить.', 'verse', 992, NULL, NULL, NULL, NULL, FALSE, NULL, NULL, NULL);
INSERT INTO verses (id, location_id, display_number) VALUES (1862, 76, 977);
INSERT INTO options (id, verse_id, position, type, text, target_type, target_verse_dn, target_location_dn, requirement, result, hidden, once, condition_group, conditional_targets, children) VALUES (3914, 1862, 0, 'choice', 'Если вы победили.', 'verse', 834, NULL, NULL, NULL, NULL, FALSE, NULL, NULL, NULL);
INSERT INTO options (id, verse_id, position, type, text, target_type, target_verse_dn, target_location_dn, requirement, result, hidden, once, condition_group, conditional_targets, children) VALUES (3915, 1862, 1, 'choice', 'В противном случае.', 'verse', 999, NULL, NULL, NULL, NULL, FALSE, NULL, NULL, NULL);
INSERT INTO verses (id, location_id, display_number) VALUES (1863, 76, 978);
INSERT INTO options (id, verse_id, position, type, text, target_type, target_verse_dn, target_location_dn, requirement, result, hidden, once, condition_group, conditional_targets, children) VALUES (3916, 1863, 0, 'choice', 'Если развязка @GreenOutcome@.', 'verse', 838, NULL, NULL, NULL, NULL, FALSE, NULL, NULL, NULL);
INSERT INTO options (id, verse_id, position, type, text, target_type, target_verse_dn, target_location_dn, requirement, result, hidden, once, condition_group, conditional_targets, children) VALUES (3917, 1863, 1, 'choice', 'В противном случае.', 'verse', 999, NULL, NULL, NULL, NULL, FALSE, NULL, NULL, NULL);
INSERT INTO verses (id, location_id, display_number) VALUES (1864, 76, 979);
INSERT INTO options (id, verse_id, position, type, text, target_type, target_verse_dn, target_location_dn, requirement, result, hidden, once, condition_group, conditional_targets, children) VALUES (3918, 1864, 0, 'choice', 'Убедить Изолют, что невежливо идти туда без приглашения.', 'verse', 964, NULL, NULL, NULL, NULL, FALSE, NULL, NULL, NULL);
INSERT INTO options (id, verse_id, position, type, text, target_type, target_verse_dn, target_location_dn, requirement, result, hidden, once, condition_group, conditional_targets, children) VALUES (3919, 1864, 1, 'choice', 'Пойти на «праздник» вместе с Изолют.', 'verse', 968, NULL, NULL, NULL, NULL, FALSE, NULL, NULL, NULL);
INSERT INTO verses (id, location_id, display_number) VALUES (1865, 76, 980);
INSERT INTO options (id, verse_id, position, type, text, target_type, target_verse_dn, target_location_dn, requirement, result, hidden, once, condition_group, conditional_targets, children) VALUES (3920, 1865, 0, 'condition', 'Если вы проходите главу 8А, часть 3—5, либо главу 9 или 10.', 'end', NULL, NULL, NULL, 'Союз Чернолесья больше не нуждается в помощи.  Исследование окончено.', NULL, FALSE, NULL, NULL, NULL);
INSERT INTO options (id, verse_id, position, type, text, target_type, target_verse_dn, target_location_dn, requirement, result, hidden, once, condition_group, conditional_targets, children) VALUES (3921, 1865, 1, 'condition', 'Если вы проходите главу 8А, часть 2.', 'verse', 983, NULL, NULL, NULL, NULL, FALSE, NULL, NULL, NULL);
INSERT INTO options (id, verse_id, position, type, text, target_type, target_verse_dn, target_location_dn, requirement, result, hidden, once, condition_group, conditional_targets, children) VALUES (3922, 1865, 2, 'choice', 'Завершить миссию, вернуться к Валеске и выступить против янтарной царицы.', 'verse', 983, NULL, NULL, NULL, NULL, FALSE, NULL, NULL, NULL);
INSERT INTO options (id, verse_id, position, type, text, target_type, target_verse_dn, target_location_dn, requirement, result, hidden, once, condition_group, conditional_targets, children) VALUES (3923, 1865, 3, 'choice', 'Продолжить выполнять миссию.', 'end', NULL, NULL, 'Только если у вас нет части 5 достижения «Наглость».', 'Исследование окончено.', NULL, FALSE, NULL, NULL, NULL);
INSERT INTO verses (id, location_id, display_number) VALUES (1866, 76, 981);
INSERT INTO verses (id, location_id, display_number) VALUES (1867, 76, 982);
INSERT INTO options (id, verse_id, position, type, text, target_type, target_verse_dn, target_location_dn, requirement, result, hidden, once, condition_group, conditional_targets, children) VALUES (3924, 1867, 0, 'choice', 'Продолжить.', 'verse', 992, NULL, NULL, 'Получите часть 1 достижения «Угнетатель».', NULL, FALSE, NULL, NULL, NULL);
INSERT INTO verses (id, location_id, display_number) VALUES (1868, 76, 983);
INSERT INTO options (id, verse_id, position, type, text, target_type, target_verse_dn, target_location_dn, requirement, result, hidden, once, condition_group, conditional_targets, children) VALUES (3925, 1868, 0, 'choice', 'Продолжить.', 'verse', 984, NULL, NULL, NULL, NULL, FALSE, NULL, NULL, NULL);
INSERT INTO verses (id, location_id, display_number) VALUES (1869, 76, 984);
INSERT INTO options (id, verse_id, position, type, text, target_type, target_verse_dn, target_location_dn, requirement, result, hidden, once, condition_group, conditional_targets, children) VALUES (3926, 1869, 0, 'choice', 'Немедленно вернуться в лагерь Союза Чернолесья. Вы готовы вступить в решающее противостояние.', 'verse', 738, NULL, NULL, 'Переместите всех персонажей в локацию 128, не применяя её @Thunder@ эффект.', NULL, FALSE, NULL, NULL, NULL);
INSERT INTO options (id, verse_id, position, type, text, target_type, target_verse_dn, target_location_dn, requirement, result, hidden, once, condition_group, conditional_targets, children) VALUES (3927, 1869, 1, 'choice', 'Задержаться в этой местности. Вам ещё есть чем заняться.', 'end', NULL, NULL, NULL, 'Исследование окончено.', NULL, FALSE, NULL, NULL, NULL);
INSERT INTO verses (id, location_id, display_number) VALUES (1870, 76, 985);
INSERT INTO options (id, verse_id, position, type, text, target_type, target_verse_dn, target_location_dn, requirement, result, hidden, once, condition_group, conditional_targets, children) VALUES (3928, 1870, 0, 'choice', '0—1.', 'end', NULL, NULL, NULL, 'Если вы в бою и у вас есть карта секрета 7 или 31, получите 1 магию или @Cube2@.   Если вы в дипломатии и у вас есть карта секрета 9, получите 1 магию или @ArrowUp@.  Продолжайте встречу.', NULL, FALSE, NULL, NULL, NULL);
INSERT INTO options (id, verse_id, position, type, text, target_type, target_verse_dn, target_location_dn, requirement, result, hidden, once, condition_group, conditional_targets, children) VALUES (3929, 1870, 1, 'choice', '2.', 'verse', 986, NULL, NULL, NULL, NULL, FALSE, NULL, NULL, NULL);
INSERT INTO options (id, verse_id, position, type, text, target_type, target_verse_dn, target_location_dn, requirement, result, hidden, once, condition_group, conditional_targets, children) VALUES (3930, 1870, 2, 'choice', '3.', 'end', NULL, NULL, NULL, 'Если вы в бою и у вас есть карта секрета 7 или 31, получите 1 магию или @Cube2@.   Если вы в дипломатии и у вас есть карта секрета 9, получите 1 магию или @ArrowUp@.  Продолжайте встречу.', NULL, FALSE, NULL, NULL, NULL);
INSERT INTO options (id, verse_id, position, type, text, target_type, target_verse_dn, target_location_dn, requirement, result, hidden, once, condition_group, conditional_targets, children) VALUES (3931, 1870, 3, 'choice', '≥4.', 'verse', 986, NULL, NULL, NULL, NULL, FALSE, NULL, NULL, NULL);
INSERT INTO verses (id, location_id, display_number) VALUES (1871, 76, 986);
INSERT INTO options (id, verse_id, position, type, text, target_type, target_verse_dn, target_location_dn, requirement, result, hidden, once, condition_group, conditional_targets, children) VALUES (3932, 1871, 0, 'condition', 'Если на карте Венеды нет кубика.', 'verse', 988, NULL, NULL, NULL, NULL, FALSE, NULL, NULL, NULL);
INSERT INTO options (id, verse_id, position, type, text, target_type, target_verse_dn, target_location_dn, requirement, result, hidden, once, condition_group, conditional_targets, children) VALUES (3933, 1871, 1, 'condition', 'Если кубик на карте Венеды установлен на 1.', 'verse', 991, NULL, NULL, NULL, NULL, FALSE, NULL, NULL, NULL);
INSERT INTO options (id, verse_id, position, type, text, target_type, target_verse_dn, target_location_dn, requirement, result, hidden, once, condition_group, conditional_targets, children) VALUES (3934, 1871, 2, 'condition', 'Если кубик на карте Венеды установлен на 2.', 'verse', 996, NULL, NULL, NULL, NULL, FALSE, NULL, NULL, NULL);
INSERT INTO options (id, verse_id, position, type, text, target_type, target_verse_dn, target_location_dn, requirement, result, hidden, once, condition_group, conditional_targets, children) VALUES (3935, 1871, 3, 'condition', 'Если кубик на карте Венеды установлен на 3.', 'verse', 972, NULL, NULL, NULL, NULL, FALSE, NULL, NULL, NULL);
INSERT INTO options (id, verse_id, position, type, text, target_type, target_verse_dn, target_location_dn, requirement, result, hidden, once, condition_group, conditional_targets, children) VALUES (3936, 1871, 4, 'choice', 'Продолжить.', 'end', NULL, NULL, NULL, 'Продолжайте встречу.', NULL, FALSE, NULL, NULL, NULL);
INSERT INTO verses (id, location_id, display_number) VALUES (1872, 76, 987);
INSERT INTO options (id, verse_id, position, type, text, target_type, target_verse_dn, target_location_dn, requirement, result, hidden, once, condition_group, conditional_targets, children) VALUES (3937, 1872, 0, 'choice', 'Продолжить.', 'end', NULL, NULL, NULL, 'Исследование окончено.', NULL, FALSE, NULL, NULL, NULL);
INSERT INTO verses (id, location_id, display_number) VALUES (1873, 76, 988);
INSERT INTO options (id, verse_id, position, type, text, target_type, target_verse_dn, target_location_dn, requirement, result, hidden, once, condition_group, conditional_targets, children) VALUES (3938, 1873, 0, 'condition', 'Если у вас нет части 1 достижения «Тайны янтарной царицы».', 'end', NULL, NULL, NULL, 'Продолжайте встречу.', NULL, FALSE, NULL, NULL, NULL);
INSERT INTO options (id, verse_id, position, type, text, target_type, target_verse_dn, target_location_dn, requirement, result, hidden, once, condition_group, conditional_targets, children) VALUES (3939, 1873, 1, 'condition', 'В противном случае.', 'verse', 1253, NULL, NULL, NULL, NULL, FALSE, NULL, NULL, NULL);
INSERT INTO verses (id, location_id, display_number) VALUES (1874, 76, 989);
INSERT INTO options (id, verse_id, position, type, text, target_type, target_verse_dn, target_location_dn, requirement, result, hidden, once, condition_group, conditional_targets, children) VALUES (3940, 1874, 0, 'condition', 'Если у вас есть часть 5 достижения «Конец пути» или если в этой локации есть @LightTT@.', 'end', NULL, NULL, NULL, 'Мастерская сейчас пуста.  Исследование окончено.', NULL, FALSE, NULL, NULL, NULL);
INSERT INTO options (id, verse_id, position, type, text, target_type, target_verse_dn, target_location_dn, requirement, result, hidden, once, condition_group, conditional_targets, children) VALUES (3941, 1874, 1, 'choice', 'Продолжить.', 'end', NULL, NULL, NULL, 'Получите 1 еду, 1 золото и одноразовый предмет «Дивосвеча».  Поместите 2 @LightTT@ в эту локацию.  Исследование окончено.', NULL, FALSE, NULL, NULL, NULL);
INSERT INTO verses (id, location_id, display_number) VALUES (1875, 76, 990);
INSERT INTO options (id, verse_id, position, type, text, target_type, target_verse_dn, target_location_dn, requirement, result, hidden, once, condition_group, conditional_targets, children) VALUES (3942, 1875, 0, 'condition', 'Если вы проходите главу 9Б.', 'verse', 953, NULL, NULL, NULL, NULL, FALSE, NULL, NULL, NULL);
INSERT INTO options (id, verse_id, position, type, text, target_type, target_verse_dn, target_location_dn, requirement, result, hidden, once, condition_group, conditional_targets, children) VALUES (3943, 1875, 1, 'condition', 'В противном случае.', 'verse', 974, NULL, NULL, 'Переместите всех персонажей в локацию 141-Б.', NULL, FALSE, NULL, NULL, NULL);
INSERT INTO verses (id, location_id, display_number) VALUES (1876, 76, 991);
INSERT INTO options (id, verse_id, position, type, text, target_type, target_verse_dn, target_location_dn, requirement, result, hidden, once, condition_group, conditional_targets, children) VALUES (3944, 1876, 0, 'condition', 'Если у вас нет части 2 достижения «Тайны янтарной царицы».', 'end', NULL, NULL, NULL, 'Если вы в бою, положите секретную карту 163 под низ колоды Венеды. Продолжайте встречу.  Если вы в дипломатии, положите секретную карту 169 под низ колоды Венеды. Продолжайте встречу.', NULL, FALSE, NULL, NULL, NULL);
INSERT INTO options (id, verse_id, position, type, text, target_type, target_verse_dn, target_location_dn, requirement, result, hidden, once, condition_group, conditional_targets, children) VALUES (3945, 1876, 1, 'condition', 'В противном случае.', 'verse', 1254, NULL, NULL, NULL, NULL, FALSE, NULL, NULL, NULL);
INSERT INTO verses (id, location_id, display_number) VALUES (1877, 76, 992);
INSERT INTO options (id, verse_id, position, type, text, target_type, target_verse_dn, target_location_dn, requirement, result, hidden, once, condition_group, conditional_targets, children) VALUES (3946, 1877, 0, 'choice', 'Посоветовать ей собрать под своими знамёнами всех врагов янтарной царицы.', 'verse', 994, NULL, NULL, NULL, NULL, FALSE, NULL, NULL, NULL);
INSERT INTO options (id, verse_id, position, type, text, target_type, target_verse_dn, target_location_dn, requirement, result, hidden, once, condition_group, conditional_targets, children) VALUES (3947, 1877, 1, 'choice', 'Посоветовать лишить Венеду янтарных отродий с помощью связи, которая установилась у вас с недавно вылупившимся существом.', 'verse', 998, NULL, 'Нужна часть 8 достижения «Путь Венедии».', NULL, NULL, FALSE, NULL, NULL, NULL);
INSERT INTO verses (id, location_id, display_number) VALUES (1878, 76, 993);
INSERT INTO options (id, verse_id, position, type, text, target_type, target_verse_dn, target_location_dn, requirement, result, hidden, once, condition_group, conditional_targets, children) VALUES (3948, 1878, 0, 'choice', 'Бросить ей вызов.', 'verse', 977, NULL, NULL, NULL, NULL, FALSE, NULL, NULL, NULL);
INSERT INTO options (id, verse_id, position, type, text, target_type, target_verse_dn, target_location_dn, requirement, result, hidden, once, condition_group, conditional_targets, children) VALUES (3949, 1878, 1, 'choice', 'Попробовать договориться.', 'verse', 978, NULL, NULL, NULL, NULL, FALSE, NULL, NULL, NULL);
INSERT INTO verses (id, location_id, display_number) VALUES (1879, 76, 994);
INSERT INTO options (id, verse_id, position, type, text, target_type, target_verse_dn, target_location_dn, requirement, result, hidden, once, condition_group, conditional_targets, children) VALUES (3950, 1879, 0, 'choice', 'Продолжить.', 'end', NULL, NULL, NULL, 'Получите часть 9 достижения «Топография».  Исследование окончено.', NULL, FALSE, NULL, NULL, NULL);
INSERT INTO verses (id, location_id, display_number) VALUES (1880, 76, 995);
INSERT INTO options (id, verse_id, position, type, text, target_type, target_verse_dn, target_location_dn, requirement, result, hidden, once, condition_group, conditional_targets, children) VALUES (3951, 1880, 0, 'condition', 'Если вы играете за Гердвин и у вас нет части 1 достижения «Конец пути».', 'verse', 997, NULL, NULL, NULL, NULL, FALSE, NULL, NULL, NULL);
INSERT INTO options (id, verse_id, position, type, text, target_type, target_verse_dn, target_location_dn, requirement, result, hidden, once, condition_group, conditional_targets, children) VALUES (3952, 1880, 1, 'condition', 'В противном случае.', 'verse', 1001, NULL, NULL, NULL, NULL, FALSE, NULL, NULL, NULL);
INSERT INTO verses (id, location_id, display_number) VALUES (1881, 76, 996);
INSERT INTO options (id, verse_id, position, type, text, target_type, target_verse_dn, target_location_dn, requirement, result, hidden, once, condition_group, conditional_targets, children) VALUES (3953, 1881, 0, 'condition', 'Если у вас нет части 3 достижения «Тайны янтарной царицы».', 'end', NULL, NULL, NULL, 'Если вы в бою, потеряйте @Cube3@. Продолжайте встречу.  Если вы в дипломатии, то @ArrowDown@@ArrowDown@. Продолжайте встречу.', NULL, FALSE, NULL, NULL, NULL);
INSERT INTO options (id, verse_id, position, type, text, target_type, target_verse_dn, target_location_dn, requirement, result, hidden, once, condition_group, conditional_targets, children) VALUES (3954, 1881, 1, 'condition', 'В противном случае.', 'verse', 1255, NULL, NULL, NULL, NULL, FALSE, NULL, NULL, NULL);
INSERT INTO verses (id, location_id, display_number) VALUES (1882, 76, 997);
INSERT INTO options (id, verse_id, position, type, text, target_type, target_verse_dn, target_location_dn, requirement, result, hidden, once, condition_group, conditional_targets, children) VALUES (3955, 1882, 0, 'choice', 'Продолжить.', 'verse', 1001, NULL, NULL, NULL, NULL, FALSE, NULL, NULL, NULL);
INSERT INTO verses (id, location_id, display_number) VALUES (1883, 76, 998);
INSERT INTO options (id, verse_id, position, type, text, target_type, target_verse_dn, target_location_dn, requirement, result, hidden, once, condition_group, conditional_targets, children) VALUES (3956, 1883, 0, 'choice', 'Продолжить.', 'end', NULL, NULL, NULL, 'Получите часть 9 достижения «Топография».  Исследование окончено.', NULL, FALSE, NULL, NULL, NULL);
INSERT INTO verses (id, location_id, display_number) VALUES (1884, 76, 999);
INSERT INTO options (id, verse_id, position, type, text, target_type, target_verse_dn, target_location_dn, requirement, result, hidden, once, condition_group, conditional_targets, children) VALUES (3957, 1884, 0, 'choice', 'Продолжить.', 'end', NULL, NULL, NULL, 'o Получите одну часть достижения «Время идёт» для текущей главы.  o Каждый персонаж восстанавливает @Health@ и @Energy@ до максимального уровня.  o Каждый персонаж, у которого больше 5 еды, золота или магии, уменьшает свой запас еды, золота и магии до 5.  o Каждый персонаж, у которого меньше 5 магии, повышает запас своей магии до 5.  o Переместите каждого персонажа в любую связанную локацию.  o Поместите 4 @LightTT@ на секретную карту 174.  Исследование окончено.', NULL, FALSE, NULL, NULL, NULL);
INSERT INTO verses (id, location_id, display_number) VALUES (1885, 76, 1000);
INSERT INTO options (id, verse_id, position, type, text, target_type, target_verse_dn, target_location_dn, requirement, result, hidden, once, condition_group, conditional_targets, children) VALUES (3958, 1885, 0, 'choice', 'Перераспределите опыт Элгана.', 'verse', 1011, NULL, 'Нужен Элган; только если в этом исследовании нет других персонажей; потратьте 1 опыт.', NULL, NULL, FALSE, NULL, NULL, NULL);
INSERT INTO options (id, verse_id, position, type, text, target_type, target_verse_dn, target_location_dn, requirement, result, hidden, once, condition_group, conditional_targets, children) VALUES (3959, 1885, 1, 'choice', 'Перераспределите опыт Гердвин.', 'verse', 1012, NULL, 'Нужна Гердвин; только если в этом исследовании нет других персонажей; потратьте 1 опыт.', NULL, NULL, FALSE, NULL, NULL, NULL);
INSERT INTO options (id, verse_id, position, type, text, target_type, target_verse_dn, target_location_dn, requirement, result, hidden, once, condition_group, conditional_targets, children) VALUES (3960, 1885, 2, 'choice', 'Перераспределите опыт Юнис.', 'verse', 1013, NULL, 'Нужна Юнис; только если в этом исследовании нет других персонажей; потратьте 1 опыт.', NULL, NULL, FALSE, NULL, NULL, NULL);
INSERT INTO options (id, verse_id, position, type, text, target_type, target_verse_dn, target_location_dn, requirement, result, hidden, once, condition_group, conditional_targets, children) VALUES (3961, 1885, 3, 'choice', 'Перераспределите опыт Осберта.', 'verse', 1014, NULL, 'Нужен Осберт; только если в этом исследовании нет других персонажей; потратьте 1 опыт.', NULL, NULL, FALSE, NULL, NULL, NULL);
INSERT INTO options (id, verse_id, position, type, text, target_type, target_verse_dn, target_location_dn, requirement, result, hidden, once, condition_group, conditional_targets, children) VALUES (3962, 1885, 4, 'choice', 'Уйти.', 'end', NULL, NULL, NULL, 'Исследование окончено.', NULL, FALSE, NULL, NULL, NULL);
INSERT INTO verses (id, location_id, display_number) VALUES (1886, 76, 1001);
INSERT INTO options (id, verse_id, position, type, text, target_type, target_verse_dn, target_location_dn, requirement, result, hidden, once, condition_group, conditional_targets, children) VALUES (3963, 1886, 0, 'condition', 'Если у вас есть карта секрета 7 или 31.', 'verse', 946, NULL, NULL, NULL, NULL, FALSE, NULL, NULL, NULL);
INSERT INTO options (id, verse_id, position, type, text, target_type, target_verse_dn, target_location_dn, requirement, result, hidden, once, condition_group, conditional_targets, children) VALUES (3964, 1886, 1, 'choice', 'Приготовиться к бою с ней.', 'verse', 675, NULL, NULL, NULL, NULL, FALSE, NULL, NULL, NULL);
INSERT INTO options (id, verse_id, position, type, text, target_type, target_verse_dn, target_location_dn, requirement, result, hidden, once, condition_group, conditional_targets, children) VALUES (3965, 1886, 2, 'choice', 'Попробовать договориться с ней.', 'verse', 680, NULL, NULL, NULL, NULL, FALSE, NULL, NULL, NULL);
INSERT INTO options (id, verse_id, position, type, text, target_type, target_verse_dn, target_location_dn, requirement, result, hidden, once, condition_group, conditional_targets, children) VALUES (3966, 1886, 3, 'choice', 'Уйти ради собственного блага.', 'end', NULL, NULL, NULL, 'Переместите всех членов команды в локацию 131, не применяя её @Thunder@ эффект.  Исследование окончено.', NULL, FALSE, NULL, NULL, NULL);
INSERT INTO verses (id, location_id, display_number) VALUES (1887, 76, 1002);
INSERT INTO options (id, verse_id, position, type, text, target_type, target_verse_dn, target_location_dn, requirement, result, hidden, once, condition_group, conditional_targets, children) VALUES (3967, 1887, 0, 'choice', 'Отказаться от миссии. Они ошиблись. Вы больше не хотите искать единственного истинного Короля и выполнять миссию.', 'verse', 1028, NULL, NULL, NULL, NULL, FALSE, NULL, NULL, NULL);
INSERT INTO options (id, verse_id, position, type, text, target_type, target_verse_dn, target_location_dn, requirement, result, hidden, once, condition_group, conditional_targets, children) VALUES (3968, 1887, 1, 'choice', 'Попросить их отойти в сторону и дать вам пройти.', 'verse', 1029, NULL, NULL, NULL, NULL, FALSE, NULL, NULL, NULL);
INSERT INTO options (id, verse_id, position, type, text, target_type, target_verse_dn, target_location_dn, requirement, result, hidden, once, condition_group, conditional_targets, children) VALUES (3969, 1887, 2, 'choice', 'Согласиться стать их предводителем.', 'verse', 1032, NULL, NULL, NULL, NULL, FALSE, NULL, NULL, NULL);
INSERT INTO verses (id, location_id, display_number) VALUES (1888, 76, 1003);
INSERT INTO options (id, verse_id, position, type, text, target_type, target_verse_dn, target_location_dn, requirement, result, hidden, once, condition_group, conditional_targets, children) VALUES (3970, 1888, 0, 'choice', 'Продолжить.', 'verse', 1015, NULL, NULL, NULL, NULL, FALSE, NULL, NULL, NULL);
INSERT INTO verses (id, location_id, display_number) VALUES (1889, 76, 1004);
INSERT INTO options (id, verse_id, position, type, text, target_type, target_verse_dn, target_location_dn, requirement, result, hidden, once, condition_group, conditional_targets, children) VALUES (3971, 1889, 0, 'choice', 'Смириться с судьбой. Сначала вам было трудно принять её, но теперь вы поняли: только единственный истинный Король способен спасти королевство. Вы выполните эту миссию.', 'verse', 1002, NULL, NULL, 'Замените карту секрета 9 на карту секрета 6.', NULL, FALSE, NULL, NULL, NULL);
INSERT INTO options (id, verse_id, position, type, text, target_type, target_verse_dn, target_location_dn, requirement, result, hidden, once, condition_group, conditional_targets, children) VALUES (3972, 1889, 1, 'choice', 'Отказаться и приказать им пропустить вас.', 'verse', 1029, NULL, NULL, NULL, NULL, FALSE, NULL, NULL, NULL);
INSERT INTO verses (id, location_id, display_number) VALUES (1890, 76, 1005);
INSERT INTO options (id, verse_id, position, type, text, target_type, target_verse_dn, target_location_dn, requirement, result, hidden, once, condition_group, conditional_targets, children) VALUES (3973, 1890, 0, 'choice', 'Продолжить.', 'verse', 1010, NULL, NULL, 'Уберите с поля фигурку янтарной царицы Венеды.  Найдите в колоде событий особое событие Г и замените его на особое событие Ж. Не меняйте порядок остальных карт в колоде.', NULL, FALSE, NULL, NULL, NULL);
INSERT INTO verses (id, location_id, display_number) VALUES (1891, 76, 1006);
INSERT INTO options (id, verse_id, position, type, text, target_type, target_verse_dn, target_location_dn, requirement, result, hidden, once, condition_group, conditional_targets, children) VALUES (3974, 1891, 0, 'choice', 'Продолжить.', 'end', NULL, NULL, NULL, 'Исследование окончено.', NULL, FALSE, NULL, NULL, NULL);
INSERT INTO verses (id, location_id, display_number) VALUES (1892, 76, 1007);
INSERT INTO options (id, verse_id, position, type, text, target_type, target_verse_dn, target_location_dn, requirement, result, hidden, once, condition_group, conditional_targets, children) VALUES (3975, 1892, 0, 'choice', 'Продолжить.', 'verse', 1015, NULL, NULL, NULL, NULL, FALSE, NULL, NULL, NULL);
INSERT INTO verses (id, location_id, display_number) VALUES (1893, 76, 1008);
INSERT INTO options (id, verse_id, position, type, text, target_type, target_verse_dn, target_location_dn, requirement, result, hidden, once, condition_group, conditional_targets, children) VALUES (3976, 1893, 0, 'choice', 'Уйти, по крайней мере пока что. Вы сомневались, стоит ли заключать союз с Капреллидой.', 'end', NULL, NULL, NULL, 'Исследование окончено.', NULL, FALSE, NULL, NULL, NULL);
INSERT INTO options (id, verse_id, position, type, text, target_type, target_verse_dn, target_location_dn, requirement, result, hidden, once, condition_group, conditional_targets, children) VALUES (3977, 1893, 1, 'choice', 'Заключить союз с Капреллидой.', 'verse', 1256, NULL, NULL, NULL, NULL, FALSE, NULL, NULL, NULL);
INSERT INTO verses (id, location_id, display_number) VALUES (1894, 76, 1009);
INSERT INTO options (id, verse_id, position, type, text, target_type, target_verse_dn, target_location_dn, requirement, result, hidden, once, condition_group, conditional_targets, children) VALUES (3978, 1894, 0, 'choice', 'Продолжить.', 'verse', 1010, NULL, NULL, 'Получите часть 7 достижения «Великие деяния».  Найдите в колоде событий особое событие Г и замените его на особое событие Ж. Не меняйте порядок остальных карт в колоде.', NULL, FALSE, NULL, NULL, NULL);
INSERT INTO verses (id, location_id, display_number) VALUES (1895, 76, 1010);
INSERT INTO options (id, verse_id, position, type, text, target_type, target_verse_dn, target_location_dn, requirement, result, hidden, once, condition_group, conditional_targets, children) VALUES (3979, 1895, 0, 'choice', 'Спросить Орлофа, знает ли он, кто ещё противостоит Венеде.', 'verse', 1003, NULL, NULL, 'Получите часть 4 достижения «Тлеющие угольки».', NULL, FALSE, NULL, NULL, NULL);
INSERT INTO options (id, verse_id, position, type, text, target_type, target_verse_dn, target_location_dn, requirement, result, hidden, once, condition_group, conditional_targets, children) VALUES (3980, 1895, 1, 'choice', 'Спросить Орлофа, знает ли он что-нибудь о слабостях Венеды.', 'verse', 1007, NULL, NULL, 'Получите часть 4 достижения «Тлеющие угольки».', NULL, FALSE, NULL, NULL, NULL);
INSERT INTO verses (id, location_id, display_number) VALUES (1896, 76, 1011);
INSERT INTO options (id, verse_id, position, type, text, target_type, target_verse_dn, target_location_dn, requirement, result, hidden, once, condition_group, conditional_targets, children) VALUES (3981, 1896, 0, 'condition', 'Если у вас есть часть 3 достижения «Иные пути».', 'end', NULL, NULL, NULL, 'Вы уже слишком много раз перераспределяли свой опыт. Получите 1 опыт.  Исследование окончено.', NULL, FALSE, NULL, NULL, NULL);
INSERT INTO options (id, verse_id, position, type, text, target_type, target_verse_dn, target_location_dn, requirement, result, hidden, once, condition_group, conditional_targets, children) VALUES (3982, 1896, 1, 'condition', 'Если у вас есть часть 2 достижения «Иные пути».', 'cross_location', 373, 999, NULL, 'Получите часть 3 достижения «Иные пути».', NULL, FALSE, NULL, NULL, NULL);
INSERT INTO options (id, verse_id, position, type, text, target_type, target_verse_dn, target_location_dn, requirement, result, hidden, once, condition_group, conditional_targets, children) VALUES (3983, 1896, 2, 'condition', 'Если у вас есть часть 1 достижения «Иные пути».', 'cross_location', 373, 999, NULL, 'Получите часть 2 достижения «Иные пути».', NULL, FALSE, NULL, NULL, NULL);
INSERT INTO options (id, verse_id, position, type, text, target_type, target_verse_dn, target_location_dn, requirement, result, hidden, once, condition_group, conditional_targets, children) VALUES (3984, 1896, 3, 'condition', 'В противном случае.', 'cross_location', 373, 999, NULL, 'Получите часть 1 достижения «Иные пути».', NULL, FALSE, NULL, NULL, NULL);
INSERT INTO verses (id, location_id, display_number) VALUES (1897, 76, 1012);
INSERT INTO options (id, verse_id, position, type, text, target_type, target_verse_dn, target_location_dn, requirement, result, hidden, once, condition_group, conditional_targets, children) VALUES (3985, 1897, 0, 'condition', 'Если у вас есть часть 6 достижения «Иные пути».', 'end', NULL, NULL, NULL, 'Вы уже слишком много раз перераспределяли свой опыт. Получите 1 опыт.  Исследование окончено.', NULL, FALSE, NULL, NULL, NULL);
INSERT INTO options (id, verse_id, position, type, text, target_type, target_verse_dn, target_location_dn, requirement, result, hidden, once, condition_group, conditional_targets, children) VALUES (3986, 1897, 1, 'condition', 'Если у вас есть часть 5 достижения «Иные пути».', 'cross_location', 373, 999, NULL, 'Получите часть 6 достижения «Иные пути».', NULL, FALSE, NULL, NULL, NULL);
INSERT INTO options (id, verse_id, position, type, text, target_type, target_verse_dn, target_location_dn, requirement, result, hidden, once, condition_group, conditional_targets, children) VALUES (3987, 1897, 2, 'condition', 'Если у вас есть часть 4 достижения «Иные пути».', 'cross_location', 373, 999, NULL, 'Получите часть 5 достижения «Иные пути».', NULL, FALSE, NULL, NULL, NULL);
INSERT INTO options (id, verse_id, position, type, text, target_type, target_verse_dn, target_location_dn, requirement, result, hidden, once, condition_group, conditional_targets, children) VALUES (3988, 1897, 3, 'condition', 'В противном случае.', 'cross_location', 373, 999, NULL, 'Получите часть 4 достижения «Иные пути».', NULL, FALSE, NULL, NULL, NULL);
INSERT INTO verses (id, location_id, display_number) VALUES (1898, 76, 1013);
INSERT INTO options (id, verse_id, position, type, text, target_type, target_verse_dn, target_location_dn, requirement, result, hidden, once, condition_group, conditional_targets, children) VALUES (3989, 1898, 0, 'condition', 'Если у вас есть часть 9 достижения «Иные пути».', 'end', NULL, NULL, NULL, 'Вы уже слишком много раз перераспределяли свой опыт. Получите 1 опыт.  Исследование окончено.', NULL, FALSE, NULL, NULL, NULL);
INSERT INTO options (id, verse_id, position, type, text, target_type, target_verse_dn, target_location_dn, requirement, result, hidden, once, condition_group, conditional_targets, children) VALUES (3990, 1898, 1, 'condition', 'Если у вас есть часть 8 достижения «Иные пути».', 'cross_location', 373, 999, NULL, 'Получите часть 9 достижения «Иные пути».', NULL, FALSE, NULL, NULL, NULL);
INSERT INTO options (id, verse_id, position, type, text, target_type, target_verse_dn, target_location_dn, requirement, result, hidden, once, condition_group, conditional_targets, children) VALUES (3991, 1898, 2, 'condition', 'Если у вас есть часть 7 достижения «Иные пути».', 'cross_location', 373, 999, NULL, 'Получите часть 8 достижения «Иные пути».', NULL, FALSE, NULL, NULL, NULL);
INSERT INTO options (id, verse_id, position, type, text, target_type, target_verse_dn, target_location_dn, requirement, result, hidden, once, condition_group, conditional_targets, children) VALUES (3992, 1898, 3, 'condition', 'В противном случае.', 'cross_location', 373, 999, NULL, 'Получите часть 7 достижения «Иные пути».', NULL, FALSE, NULL, NULL, NULL);
INSERT INTO verses (id, location_id, display_number) VALUES (1899, 76, 1014);
INSERT INTO options (id, verse_id, position, type, text, target_type, target_verse_dn, target_location_dn, requirement, result, hidden, once, condition_group, conditional_targets, children) VALUES (3993, 1899, 0, 'condition', 'Если у вас есть часть 12 достижения «Иные пути».', 'end', NULL, NULL, NULL, 'Вы уже слишком много раз перераспределяли свой опыт. Получите 1 опыт.  Исследование окончено.', NULL, FALSE, NULL, NULL, NULL);
INSERT INTO options (id, verse_id, position, type, text, target_type, target_verse_dn, target_location_dn, requirement, result, hidden, once, condition_group, conditional_targets, children) VALUES (3994, 1899, 1, 'condition', 'Если у вас есть часть 11 достижения «Иные пути».', 'cross_location', 373, 999, NULL, 'Получите часть 12 достижения «Иные пути».', NULL, FALSE, NULL, NULL, NULL);
INSERT INTO options (id, verse_id, position, type, text, target_type, target_verse_dn, target_location_dn, requirement, result, hidden, once, condition_group, conditional_targets, children) VALUES (3995, 1899, 2, 'condition', 'Если у вас есть часть 10 достижения «Иные пути».', 'cross_location', 373, 999, NULL, 'Получите часть 11 достижения «Иные пути».', NULL, FALSE, NULL, NULL, NULL);
INSERT INTO options (id, verse_id, position, type, text, target_type, target_verse_dn, target_location_dn, requirement, result, hidden, once, condition_group, conditional_targets, children) VALUES (3996, 1899, 3, 'condition', 'В противном случае.', 'cross_location', 373, 999, NULL, 'Получите часть 10 достижения «Иные пути».', NULL, FALSE, NULL, NULL, NULL);
INSERT INTO verses (id, location_id, display_number) VALUES (1900, 76, 1015);
INSERT INTO options (id, verse_id, position, type, text, target_type, target_verse_dn, target_location_dn, requirement, result, hidden, once, condition_group, conditional_targets, children) VALUES (3997, 1900, 0, 'condition', 'Если у вас есть часть 3 достижения «Путь Венедии».', 'cross_location', 16, 241, NULL, NULL, NULL, FALSE, NULL, NULL, NULL);
INSERT INTO options (id, verse_id, position, type, text, target_type, target_verse_dn, target_location_dn, requirement, result, hidden, once, condition_group, conditional_targets, children) VALUES (3998, 1900, 1, 'condition', 'В противном случае.', 'end', NULL, NULL, NULL, 'Исследование окончено.', NULL, FALSE, NULL, NULL, NULL);
INSERT INTO verses (id, location_id, display_number) VALUES (1901, 76, 1016);
INSERT INTO options (id, verse_id, position, type, text, target_type, target_verse_dn, target_location_dn, requirement, result, hidden, once, condition_group, conditional_targets, children) VALUES (3999, 1901, 0, 'choice', 'Продолжить.', 'end', NULL, NULL, NULL, 'Получите часть 2 достижения «Засуха».  Исследование окончено.', NULL, FALSE, NULL, NULL, NULL);
INSERT INTO verses (id, location_id, display_number) VALUES (1902, 76, 1017);
INSERT INTO options (id, verse_id, position, type, text, target_type, target_verse_dn, target_location_dn, requirement, result, hidden, once, condition_group, conditional_targets, children) VALUES (4000, 1902, 0, 'condition', 'Если у вас есть часть 8 достижения «Засуха».', 'verse', 1031, NULL, NULL, NULL, NULL, FALSE, NULL, NULL, NULL);
INSERT INTO options (id, verse_id, position, type, text, target_type, target_verse_dn, target_location_dn, requirement, result, hidden, once, condition_group, conditional_targets, children) VALUES (4001, 1902, 1, 'choice', 'Следовать плану. Лучше всего нанести быстрый решительный удар.', 'verse', 1040, NULL, NULL, NULL, NULL, FALSE, NULL, NULL, NULL);
INSERT INTO options (id, verse_id, position, type, text, target_type, target_verse_dn, target_location_dn, requirement, result, hidden, once, condition_group, conditional_targets, children) VALUES (4002, 1902, 2, 'choice', 'Сосредоточиться на обороне. Вам нужно попытаться поговорить с королём краха.', 'verse', 1045, NULL, NULL, NULL, NULL, FALSE, NULL, NULL, NULL);
INSERT INTO verses (id, location_id, display_number) VALUES (1903, 76, 1018);
INSERT INTO options (id, verse_id, position, type, text, target_type, target_verse_dn, target_location_dn, requirement, result, hidden, once, condition_group, conditional_targets, children) VALUES (4003, 1903, 0, 'choice', 'Продолжить.', 'verse', 1041, NULL, NULL, NULL, NULL, FALSE, NULL, NULL, NULL);
INSERT INTO verses (id, location_id, display_number) VALUES (1904, 76, 1019);
INSERT INTO options (id, verse_id, position, type, text, target_type, target_verse_dn, target_location_dn, requirement, result, hidden, once, condition_group, conditional_targets, children) VALUES (4004, 1904, 0, 'choice', 'Продолжить.', 'end', NULL, NULL, NULL, 'Каждый член команды теряет 2 @Terror@. Получите 4 магии.   Уберите с поля фигурку Нония, владыки глубин, и верните секретную карту 189 в секретную колоду.  Получите часть 4 достижения «Засуха».  Исследование окончено.', NULL, FALSE, NULL, NULL, NULL);
INSERT INTO verses (id, location_id, display_number) VALUES (1905, 76, 1020);
INSERT INTO options (id, verse_id, position, type, text, target_type, target_verse_dn, target_location_dn, requirement, result, hidden, once, condition_group, conditional_targets, children) VALUES (4005, 1905, 0, 'condition', 'Если вы проходите главу 9А, часть 2.', 'verse', 1025, NULL, NULL, NULL, NULL, FALSE, NULL, NULL, NULL);
INSERT INTO options (id, verse_id, position, type, text, target_type, target_verse_dn, target_location_dn, requirement, result, hidden, once, condition_group, conditional_targets, children) VALUES (4006, 1905, 1, 'condition', 'Если вы проходите главу 9А, часть 5.', 'verse', 739, NULL, NULL, NULL, NULL, FALSE, NULL, NULL, NULL);
INSERT INTO options (id, verse_id, position, type, text, target_type, target_verse_dn, target_location_dn, requirement, result, hidden, once, condition_group, conditional_targets, children) VALUES (4007, 1905, 2, 'choice', '1.', 'end', NULL, NULL, NULL, 'Ноний, владыка глубин, вызвал ужасную бурю, и вы заблудились.  Выберите связанную локацию и переместите туда всех членов команды. Каждый член команды тратит 1 магию или теряет 1 @Energy@.  Исследование окончено.', NULL, FALSE, NULL, NULL, NULL);
INSERT INTO options (id, verse_id, position, type, text, target_type, target_verse_dn, target_location_dn, requirement, result, hidden, once, condition_group, conditional_targets, children) VALUES (4008, 1905, 3, 'choice', '2, 4.', 'cross_location', 203, 999, NULL, 'Ноний вскинул посох и приготовился атаковать.', NULL, FALSE, NULL, NULL, NULL);
INSERT INTO options (id, verse_id, position, type, text, target_type, target_verse_dn, target_location_dn, requirement, result, hidden, once, condition_group, conditional_targets, children) VALUES (4009, 1905, 4, 'choice', '3, 5.', 'cross_location', 205, 999, NULL, 'Ноний издалека окликнул вас и потребовал объяснить, как вы посмели вторгнуться в земли фоморов.', NULL, FALSE, NULL, NULL, NULL);
INSERT INTO options (id, verse_id, position, type, text, target_type, target_verse_dn, target_location_dn, requirement, result, hidden, once, condition_group, conditional_targets, children) VALUES (4010, 1905, 5, 'choice', '≥6.', 'verse', 1257, NULL, NULL, NULL, NULL, FALSE, NULL, NULL, NULL);
INSERT INTO verses (id, location_id, display_number) VALUES (1906, 76, 1021);
INSERT INTO options (id, verse_id, position, type, text, target_type, target_verse_dn, target_location_dn, requirement, result, hidden, once, condition_group, conditional_targets, children) VALUES (4011, 1906, 0, 'choice', 'Продолжить.', 'end', NULL, NULL, NULL, 'Получите часть 3 достижения «Грехи владыки».  Исследование окончено.', NULL, FALSE, NULL, NULL, NULL);
INSERT INTO verses (id, location_id, display_number) VALUES (1907, 76, 1022);
INSERT INTO options (id, verse_id, position, type, text, target_type, target_verse_dn, target_location_dn, requirement, result, hidden, once, condition_group, conditional_targets, children) VALUES (4012, 1907, 0, 'condition', 'Если вы играете за Юнис.', 'verse', 1054, NULL, NULL, NULL, NULL, FALSE, NULL, NULL, NULL);
INSERT INTO options (id, verse_id, position, type, text, target_type, target_verse_dn, target_location_dn, requirement, result, hidden, once, condition_group, conditional_targets, children) VALUES (4013, 1907, 1, 'choice', 'Продолжить.', 'verse', 1034, NULL, NULL, NULL, NULL, FALSE, NULL, NULL, NULL);
INSERT INTO verses (id, location_id, display_number) VALUES (1908, 76, 1023);
INSERT INTO options (id, verse_id, position, type, text, target_type, target_verse_dn, target_location_dn, requirement, result, hidden, once, condition_group, conditional_targets, children) VALUES (4014, 1908, 0, 'choice', 'Присоединиться к спору.', 'verse', 1072, NULL, NULL, NULL, NULL, FALSE, NULL, NULL, NULL);
INSERT INTO options (id, verse_id, position, type, text, target_type, target_verse_dn, target_location_dn, requirement, result, hidden, once, condition_group, conditional_targets, children) VALUES (4015, 1908, 1, 'choice', 'Напасть на Нония, пока он отвлёкся. Капреллида никогда вам этого не простит.', 'verse', 1041, NULL, NULL, 'Сбросьте карту секрета 23.   Получите часть 6 достижения «Бессердечность».', NULL, FALSE, NULL, NULL, NULL);
INSERT INTO verses (id, location_id, display_number) VALUES (1909, 76, 1024);
INSERT INTO options (id, verse_id, position, type, text, target_type, target_verse_dn, target_location_dn, requirement, result, hidden, once, condition_group, conditional_targets, children) VALUES (4016, 1909, 0, 'choice', 'Продолжить.', 'end', NULL, NULL, NULL, 'Исследование окончено.', NULL, FALSE, NULL, NULL, NULL);
INSERT INTO verses (id, location_id, display_number) VALUES (1910, 76, 1025);
INSERT INTO options (id, verse_id, position, type, text, target_type, target_verse_dn, target_location_dn, requirement, result, hidden, once, condition_group, conditional_targets, children) VALUES (4017, 1910, 0, 'choice', 'Приготовиться к бою с Нонием.', 'verse', 1035, NULL, NULL, NULL, NULL, FALSE, NULL, NULL, NULL);
INSERT INTO options (id, verse_id, position, type, text, target_type, target_verse_dn, target_location_dn, requirement, result, hidden, once, condition_group, conditional_targets, children) VALUES (4018, 1910, 1, 'choice', 'Попробовать с ним договориться.', 'verse', 1030, NULL, NULL, NULL, NULL, FALSE, NULL, NULL, NULL);
INSERT INTO verses (id, location_id, display_number) VALUES (1911, 76, 1026);
INSERT INTO options (id, verse_id, position, type, text, target_type, target_verse_dn, target_location_dn, requirement, result, hidden, once, condition_group, conditional_targets, children) VALUES (4019, 1911, 0, 'choice', 'Продолжить.', 'end', NULL, NULL, NULL, 'Поздравляем! Элган сделал окончательный выбор в своей личной истории. Вы ознакомитесь с её развязкой, когда завершите игру.  o Получите часть 5 достижения «Конец пути».  o Элган получает 3 опыта.  o Элган получает секретную карту 109 (карта боя «Свеча единения») и секретную карту 114 (карта дипломатии «Свеча единения») и замешивает их в соответствующие колоды.  Исследование окончено.', NULL, FALSE, NULL, NULL, NULL);
INSERT INTO verses (id, location_id, display_number) VALUES (1912, 76, 1027);
INSERT INTO options (id, verse_id, position, type, text, target_type, target_verse_dn, target_location_dn, requirement, result, hidden, once, condition_group, conditional_targets, children) VALUES (4020, 1912, 0, 'condition', 'Если вы играете за Юнис.', 'verse', 856, NULL, NULL, 'Получите часть 3 достижения «Засуха».', NULL, FALSE, NULL, NULL, NULL);
INSERT INTO options (id, verse_id, position, type, text, target_type, target_verse_dn, target_location_dn, requirement, result, hidden, once, condition_group, conditional_targets, children) VALUES (4021, 1912, 1, 'choice', 'Продолжить.', 'end', NULL, NULL, NULL, 'Получите часть 3 достижения «Засуха».  Исследование окончено', NULL, FALSE, NULL, NULL, NULL);
INSERT INTO verses (id, location_id, display_number) VALUES (1913, 76, 1028);
INSERT INTO options (id, verse_id, position, type, text, target_type, target_verse_dn, target_location_dn, requirement, result, hidden, once, condition_group, conditional_targets, children) VALUES (4022, 1913, 0, 'choice', 'Продолжить.', 'verse', 1004, NULL, NULL, 'Замените карту секрета 6 на карту секрета 9.', NULL, FALSE, NULL, NULL, NULL);
INSERT INTO verses (id, location_id, display_number) VALUES (1914, 76, 1029);
INSERT INTO options (id, verse_id, position, type, text, target_type, target_verse_dn, target_location_dn, requirement, result, hidden, once, condition_group, conditional_targets, children) VALUES (4023, 1914, 0, 'choice', 'Продолжить.', 'verse', 1036, NULL, NULL, NULL, NULL, FALSE, NULL, NULL, NULL);
INSERT INTO verses (id, location_id, display_number) VALUES (1915, 76, 1030);
INSERT INTO options (id, verse_id, position, type, text, target_type, target_verse_dn, target_location_dn, requirement, result, hidden, once, condition_group, conditional_targets, children) VALUES (4024, 1915, 0, 'condition', 'Если развязка @GreenOutcome@.', 'cross_location', 330, 999, NULL, NULL, NULL, FALSE, NULL, NULL, NULL);
INSERT INTO options (id, verse_id, position, type, text, target_type, target_verse_dn, target_location_dn, requirement, result, hidden, once, condition_group, conditional_targets, children) VALUES (4025, 1915, 1, 'condition', 'В противном случае.', 'cross_location', 332, 999, NULL, NULL, NULL, FALSE, NULL, NULL, NULL);
INSERT INTO verses (id, location_id, display_number) VALUES (1916, 76, 1031);
INSERT INTO options (id, verse_id, position, type, text, target_type, target_verse_dn, target_location_dn, requirement, result, hidden, once, condition_group, conditional_targets, children) VALUES (4026, 1916, 0, 'choice', 'Следовать плану. Мы пришли, чтобы поговорить, не стоит без причин прибегать к насилию.', 'verse', 1045, NULL, NULL, NULL, NULL, FALSE, NULL, NULL, NULL);
INSERT INTO options (id, verse_id, position, type, text, target_type, target_verse_dn, target_location_dn, requirement, result, hidden, once, condition_group, conditional_targets, children) VALUES (4027, 1916, 1, 'choice', 'Когда Ноний будет разговаривать с Капреллидой, вы нанесёте ему удар. Прекрасная возможность.', 'verse', 1040, NULL, NULL, NULL, NULL, FALSE, NULL, NULL, NULL);
INSERT INTO verses (id, location_id, display_number) VALUES (1917, 76, 1032);
INSERT INTO options (id, verse_id, position, type, text, target_type, target_verse_dn, target_location_dn, requirement, result, hidden, once, condition_group, conditional_targets, children) VALUES (4028, 1917, 0, 'choice', 'Продолжить.', 'verse', 1036, NULL, NULL, NULL, NULL, FALSE, NULL, NULL, NULL);
INSERT INTO verses (id, location_id, display_number) VALUES (1918, 76, 1033);
INSERT INTO options (id, verse_id, position, type, text, target_type, target_verse_dn, target_location_dn, requirement, result, hidden, once, condition_group, conditional_targets, children) VALUES (4029, 1918, 0, 'choice', 'Привести искателей Короля на высокий причал из чёрного железа.', 'verse', 1089, NULL, NULL, NULL, NULL, FALSE, NULL, NULL, NULL);
INSERT INTO options (id, verse_id, position, type, text, target_type, target_verse_dn, target_location_dn, requirement, result, hidden, once, condition_group, conditional_targets, children) VALUES (4030, 1918, 1, 'choice', 'Попробовать оторваться от них на извилистой Тропе рабов.', 'verse', 1063, NULL, NULL, NULL, NULL, FALSE, NULL, NULL, NULL);
INSERT INTO verses (id, location_id, display_number) VALUES (1919, 76, 1034);
INSERT INTO options (id, verse_id, position, type, text, target_type, target_verse_dn, target_location_dn, requirement, result, hidden, once, condition_group, conditional_targets, children) VALUES (4031, 1919, 0, 'choice', 'Продолжить.', 'end', NULL, NULL, NULL, 'Исследование окончено.', NULL, FALSE, NULL, NULL, NULL);
INSERT INTO verses (id, location_id, display_number) VALUES (1920, 76, 1035);
INSERT INTO options (id, verse_id, position, type, text, target_type, target_verse_dn, target_location_dn, requirement, result, hidden, once, condition_group, conditional_targets, children) VALUES (4032, 1920, 0, 'condition', 'Если вы победили.', 'cross_location', 330, 999, NULL, NULL, NULL, FALSE, NULL, NULL, NULL);
INSERT INTO options (id, verse_id, position, type, text, target_type, target_verse_dn, target_location_dn, requirement, result, hidden, once, condition_group, conditional_targets, children) VALUES (4033, 1920, 1, 'condition', 'В противном случае.', 'cross_location', 332, 999, NULL, NULL, NULL, FALSE, NULL, NULL, NULL);
INSERT INTO verses (id, location_id, display_number) VALUES (1921, 76, 1036);
INSERT INTO options (id, verse_id, position, type, text, target_type, target_verse_dn, target_location_dn, requirement, result, hidden, once, condition_group, conditional_targets, children) VALUES (4034, 1921, 0, 'choice', 'Бежать в Долину Свечной рощи.', 'verse', 1037, NULL, NULL, NULL, NULL, FALSE, NULL, NULL, NULL);
INSERT INTO options (id, verse_id, position, type, text, target_type, target_verse_dn, target_location_dn, requirement, result, hidden, once, condition_group, conditional_targets, children) VALUES (4035, 1921, 1, 'choice', 'Бежать к Надлесью.', 'verse', 997, NULL, NULL, NULL, NULL, FALSE, NULL, NULL, NULL);
INSERT INTO options (id, verse_id, position, type, text, target_type, target_verse_dn, target_location_dn, requirement, result, hidden, once, condition_group, conditional_targets, children) VALUES (4036, 1921, 2, 'choice', 'Бежать к Камнезубым холмам.', 'verse', 1021, NULL, NULL, NULL, NULL, FALSE, NULL, NULL, NULL);
INSERT INTO options (id, verse_id, position, type, text, target_type, target_verse_dn, target_location_dn, requirement, result, hidden, once, condition_group, conditional_targets, children) VALUES (4037, 1921, 3, 'choice', 'Бежать к Заплуталому лесу.', 'verse', 1069, NULL, NULL, NULL, NULL, FALSE, NULL, NULL, NULL);
INSERT INTO options (id, verse_id, position, type, text, target_type, target_verse_dn, target_location_dn, requirement, result, hidden, once, condition_group, conditional_targets, children) VALUES (4038, 1921, 4, 'choice', 'Бежать к Чёрному кругу.', 'verse', 1044, NULL, NULL, NULL, NULL, FALSE, NULL, NULL, NULL);
INSERT INTO options (id, verse_id, position, type, text, target_type, target_verse_dn, target_location_dn, requirement, result, hidden, once, condition_group, conditional_targets, children) VALUES (4039, 1921, 5, 'choice', 'Бежать к Блуждающим камням.', 'verse', 1079, NULL, NULL, NULL, NULL, FALSE, NULL, NULL, NULL);
INSERT INTO options (id, verse_id, position, type, text, target_type, target_verse_dn, target_location_dn, requirement, result, hidden, once, condition_group, conditional_targets, children) VALUES (4040, 1921, 6, 'choice', 'Бежать к Тропе рабов.', 'verse', 1033, NULL, NULL, NULL, NULL, FALSE, NULL, NULL, NULL);
INSERT INTO options (id, verse_id, position, type, text, target_type, target_verse_dn, target_location_dn, requirement, result, hidden, once, condition_group, conditional_targets, children) VALUES (4041, 1921, 7, 'choice', 'Бежать к Северной пристани.', 'verse', 1089, NULL, NULL, NULL, NULL, FALSE, NULL, NULL, NULL);
INSERT INTO options (id, verse_id, position, type, text, target_type, target_verse_dn, target_location_dn, requirement, result, hidden, once, condition_group, conditional_targets, children) VALUES (4042, 1921, 8, 'choice', 'Бежать к Висячей тропе.', 'verse', 1038, NULL, NULL, NULL, NULL, FALSE, NULL, NULL, NULL);
INSERT INTO options (id, verse_id, position, type, text, target_type, target_verse_dn, target_location_dn, requirement, result, hidden, once, condition_group, conditional_targets, children) VALUES (4043, 1921, 9, 'choice', 'Бежать к перевалу Короля.', 'verse', 994, NULL, NULL, NULL, NULL, FALSE, NULL, NULL, NULL);
INSERT INTO verses (id, location_id, display_number) VALUES (1922, 76, 1037);
INSERT INTO options (id, verse_id, position, type, text, target_type, target_verse_dn, target_location_dn, requirement, result, hidden, once, condition_group, conditional_targets, children) VALUES (4044, 1922, 0, 'choice', 'Продолжить.', 'verse', 1058, NULL, NULL, NULL, NULL, FALSE, NULL, NULL, NULL);
INSERT INTO verses (id, location_id, display_number) VALUES (1923, 76, 1038);
INSERT INTO options (id, verse_id, position, type, text, target_type, target_verse_dn, target_location_dn, requirement, result, hidden, once, condition_group, conditional_targets, children) VALUES (4045, 1923, 0, 'choice', 'Попросить его коснуться чёрного железа.', 'verse', 1056, NULL, NULL, NULL, NULL, FALSE, NULL, NULL, NULL);
INSERT INTO options (id, verse_id, position, type, text, target_type, target_verse_dn, target_location_dn, requirement, result, hidden, once, condition_group, conditional_targets, children) VALUES (4046, 1923, 1, 'choice', 'Как можно быстрее бежать по платформам, чтобы уйти от погони.', 'verse', 1064, NULL, NULL, NULL, NULL, FALSE, NULL, NULL, NULL);
INSERT INTO verses (id, location_id, display_number) VALUES (1924, 76, 1039);
INSERT INTO options (id, verse_id, position, type, text, target_type, target_verse_dn, target_location_dn, requirement, result, hidden, once, condition_group, conditional_targets, children) VALUES (4047, 1924, 0, 'choice', 'Продолжить.', 'verse', 1058, NULL, NULL, NULL, NULL, FALSE, NULL, NULL, NULL);
INSERT INTO verses (id, location_id, display_number) VALUES (1925, 76, 1040);
INSERT INTO options (id, verse_id, position, type, text, target_type, target_verse_dn, target_location_dn, requirement, result, hidden, once, condition_group, conditional_targets, children) VALUES (4048, 1925, 0, 'choice', 'Продолжить.', 'verse', 1047, NULL, NULL, NULL, NULL, FALSE, NULL, NULL, NULL);
INSERT INTO verses (id, location_id, display_number) VALUES (1926, 76, 1041);
INSERT INTO options (id, verse_id, position, type, text, target_type, target_verse_dn, target_location_dn, requirement, result, hidden, once, condition_group, conditional_targets, children) VALUES (4049, 1926, 0, 'condition', 'Если вы победили.', 'verse', 1080, NULL, NULL, NULL, NULL, FALSE, NULL, NULL, NULL);
INSERT INTO options (id, verse_id, position, type, text, target_type, target_verse_dn, target_location_dn, requirement, result, hidden, once, condition_group, conditional_targets, children) VALUES (4050, 1926, 1, 'condition', 'В противном случае.', 'verse', 1098, NULL, NULL, NULL, NULL, FALSE, NULL, NULL, NULL);
INSERT INTO verses (id, location_id, display_number) VALUES (1927, 76, 1042);
INSERT INTO options (id, verse_id, position, type, text, target_type, target_verse_dn, target_location_dn, requirement, result, hidden, once, condition_group, conditional_targets, children) VALUES (4051, 1927, 0, 'choice', 'Сразиться с безумным фомором.', 'cross_location', 115, 999, NULL, NULL, NULL, FALSE, NULL, NULL, NULL);
INSERT INTO options (id, verse_id, position, type, text, target_type, target_verse_dn, target_location_dn, requirement, result, hidden, once, condition_group, conditional_targets, children) VALUES (4052, 1927, 1, 'choice', 'Убедить его, что он обознался.', 'cross_location', 121, 999, NULL, NULL, NULL, FALSE, NULL, NULL, NULL);
INSERT INTO verses (id, location_id, display_number) VALUES (1928, 76, 1043);
INSERT INTO options (id, verse_id, position, type, text, target_type, target_verse_dn, target_location_dn, requirement, result, hidden, once, condition_group, conditional_targets, children) VALUES (4053, 1928, 0, 'choice', 'Продолжить.', 'end', NULL, NULL, NULL, 'Если у вас нет части 3 достижения «Поворот судьбы», каждый член команды получает 4 @Health@ и 2 @Terror@. Получите часть 3 достижения «Поворот судьбы».  Исследование окончено.', NULL, FALSE, NULL, NULL, NULL);
INSERT INTO verses (id, location_id, display_number) VALUES (1929, 76, 1044);
INSERT INTO options (id, verse_id, position, type, text, target_type, target_verse_dn, target_location_dn, requirement, result, hidden, once, condition_group, conditional_targets, children) VALUES (4054, 1929, 0, 'choice', 'Бросить ей вызов.', 'verse', 914, NULL, NULL, NULL, NULL, FALSE, NULL, NULL, NULL);
INSERT INTO options (id, verse_id, position, type, text, target_type, target_verse_dn, target_location_dn, requirement, result, hidden, once, condition_group, conditional_targets, children) VALUES (4055, 1929, 1, 'choice', 'Попытаться договориться.', 'verse', 915, NULL, NULL, NULL, NULL, FALSE, NULL, NULL, NULL);
INSERT INTO options (id, verse_id, position, type, text, target_type, target_verse_dn, target_location_dn, requirement, result, hidden, once, condition_group, conditional_targets, children) VALUES (4056, 1929, 2, 'choice', 'Привлечь её внимание.', 'verse', 1046, NULL, 'Нужна часть 4 достижения «Запретная земля».', NULL, NULL, FALSE, NULL, NULL, NULL);
INSERT INTO options (id, verse_id, position, type, text, target_type, target_verse_dn, target_location_dn, requirement, result, hidden, once, condition_group, conditional_targets, children) VALUES (4057, 1929, 3, 'choice', 'Убежать.', 'end', NULL, NULL, NULL, 'Переместите всех членов команды в локацию 166.  Исследование окончено.', NULL, FALSE, NULL, NULL, NULL);
INSERT INTO verses (id, location_id, display_number) VALUES (1930, 76, 1045);
INSERT INTO options (id, verse_id, position, type, text, target_type, target_verse_dn, target_location_dn, requirement, result, hidden, once, condition_group, conditional_targets, children) VALUES (4058, 1930, 0, 'condition', 'Если у вас есть часть 8 достижения «Засуха».', 'verse', 1053, NULL, NULL, NULL, NULL, FALSE, NULL, NULL, NULL);
INSERT INTO options (id, verse_id, position, type, text, target_type, target_verse_dn, target_location_dn, requirement, result, hidden, once, condition_group, conditional_targets, children) VALUES (4059, 1930, 1, 'condition', 'В противном случае.', 'verse', 1258, NULL, NULL, NULL, NULL, FALSE, NULL, NULL, NULL);
INSERT INTO verses (id, location_id, display_number) VALUES (1931, 76, 1046);
INSERT INTO options (id, verse_id, position, type, text, target_type, target_verse_dn, target_location_dn, requirement, result, hidden, once, condition_group, conditional_targets, children) VALUES (4060, 1931, 0, 'choice', 'Отвести её к Колыбели.', 'verse', 1059, NULL, NULL, NULL, NULL, FALSE, NULL, NULL, NULL);
INSERT INTO options (id, verse_id, position, type, text, target_type, target_verse_dn, target_location_dn, requirement, result, hidden, once, condition_group, conditional_targets, children) VALUES (4061, 1931, 1, 'choice', 'Отвести её к другому королю краха.', 'verse', 1068, NULL, NULL, NULL, NULL, FALSE, NULL, NULL, NULL);
INSERT INTO options (id, verse_id, position, type, text, target_type, target_verse_dn, target_location_dn, requirement, result, hidden, once, condition_group, conditional_targets, children) VALUES (4062, 1931, 2, 'choice', 'Убежать.', 'end', NULL, NULL, NULL, 'Исследование окончено.', NULL, FALSE, NULL, NULL, NULL);
INSERT INTO verses (id, location_id, display_number) VALUES (1932, 76, 1047);
INSERT INTO options (id, verse_id, position, type, text, target_type, target_verse_dn, target_location_dn, requirement, result, hidden, once, condition_group, conditional_targets, children) VALUES (4063, 1932, 0, 'condition', 'Если у вас есть часть 8 достижения «Засуха».', 'verse', 1055, NULL, NULL, NULL, NULL, FALSE, NULL, NULL, NULL);
INSERT INTO options (id, verse_id, position, type, text, target_type, target_verse_dn, target_location_dn, requirement, result, hidden, once, condition_group, conditional_targets, children) VALUES (4064, 1932, 1, 'condition', 'В противном случае.', 'verse', 1066, NULL, NULL, NULL, NULL, FALSE, NULL, NULL, NULL);
INSERT INTO verses (id, location_id, display_number) VALUES (1933, 76, 1048);
INSERT INTO options (id, verse_id, position, type, text, target_type, target_verse_dn, target_location_dn, requirement, result, hidden, once, condition_group, conditional_targets, children) VALUES (4065, 1933, 0, 'condition', 'Если локация 162 не открыта.', 'verse', 1049, NULL, NULL, NULL, NULL, FALSE, NULL, NULL, NULL);
INSERT INTO options (id, verse_id, position, type, text, target_type, target_verse_dn, target_location_dn, requirement, result, hidden, once, condition_group, conditional_targets, children) VALUES (4066, 1933, 1, 'condition', 'В противном случае.', 'verse', 1050, NULL, NULL, NULL, NULL, FALSE, NULL, NULL, NULL);
INSERT INTO verses (id, location_id, display_number) VALUES (1934, 76, 1049);
INSERT INTO options (id, verse_id, position, type, text, target_type, target_verse_dn, target_location_dn, requirement, result, hidden, once, condition_group, conditional_targets, children) VALUES (4067, 1934, 0, 'choice', 'Продолжить.', 'verse', 1050, NULL, NULL, 'Приложите локацию 162  слева к локации 158-Б («Павший шпиль») стороной вверх. Она не соединяется указателями направления с другими локациями.  Поместите фигурку Нония, владыки глубин, в локацию 162 («Аква-Монс»).  Получите секретную карту 189.', NULL, FALSE, NULL, NULL, NULL);
INSERT INTO verses (id, location_id, display_number) VALUES (1935, 76, 1050);
INSERT INTO options (id, verse_id, position, type, text, target_type, target_verse_dn, target_location_dn, requirement, result, hidden, once, condition_group, conditional_targets, children) VALUES (4068, 1935, 0, 'choice', 'Продолжить.', 'end', NULL, NULL, NULL, 'Исследование окончено.', NULL, FALSE, NULL, NULL, NULL);
INSERT INTO verses (id, location_id, display_number) VALUES (1936, 76, 1051);
INSERT INTO options (id, verse_id, position, type, text, target_type, target_verse_dn, target_location_dn, requirement, result, hidden, once, condition_group, conditional_targets, children) VALUES (4069, 1936, 0, 'choice', 'Продолжить.', 'end', NULL, NULL, NULL, 'Получите часть 7 достижения «Засуха».  Исследование окончено.', NULL, FALSE, NULL, NULL, NULL);
INSERT INTO verses (id, location_id, display_number) VALUES (1937, 76, 1052);
INSERT INTO options (id, verse_id, position, type, text, target_type, target_verse_dn, target_location_dn, requirement, result, hidden, once, condition_group, conditional_targets, children) VALUES (4070, 1937, 0, 'choice', 'Продолжить.', 'verse', 1060, NULL, NULL, 'Получите 4 магии.', NULL, FALSE, NULL, NULL, NULL);
INSERT INTO verses (id, location_id, display_number) VALUES (1938, 76, 1053);
INSERT INTO options (id, verse_id, position, type, text, target_type, target_verse_dn, target_location_dn, requirement, result, hidden, once, condition_group, conditional_targets, children) VALUES (4071, 1938, 0, 'choice', 'Продолжить.', 'verse', 1047, NULL, NULL, NULL, NULL, FALSE, NULL, NULL, NULL);
INSERT INTO verses (id, location_id, display_number) VALUES (1939, 76, 1054);
INSERT INTO options (id, verse_id, position, type, text, target_type, target_verse_dn, target_location_dn, requirement, result, hidden, once, condition_group, conditional_targets, children) VALUES (4072, 1939, 0, 'choice', 'Продолжить.', 'verse', 1034, NULL, NULL, NULL, NULL, FALSE, NULL, NULL, NULL);
INSERT INTO verses (id, location_id, display_number) VALUES (1940, 76, 1055);
INSERT INTO options (id, verse_id, position, type, text, target_type, target_verse_dn, target_location_dn, requirement, result, hidden, once, condition_group, conditional_targets, children) VALUES (4073, 1940, 0, 'condition', 'Если вы играете за Юнис.', 'verse', 1095, NULL, NULL, NULL, NULL, FALSE, NULL, NULL, NULL);
INSERT INTO options (id, verse_id, position, type, text, target_type, target_verse_dn, target_location_dn, requirement, result, hidden, once, condition_group, conditional_targets, children) VALUES (4074, 1940, 1, 'condition', 'В противном случае.', 'verse', 1090, NULL, NULL, NULL, NULL, FALSE, NULL, NULL, NULL);
INSERT INTO verses (id, location_id, display_number) VALUES (1941, 76, 1056);
INSERT INTO options (id, verse_id, position, type, text, target_type, target_verse_dn, target_location_dn, requirement, result, hidden, once, condition_group, conditional_targets, children) VALUES (4075, 1941, 0, 'choice', 'Продолжить.', 'verse', 1097, NULL, NULL, 'Получите часть 10 достижения «Бессердечность».', NULL, FALSE, NULL, NULL, NULL);
INSERT INTO verses (id, location_id, display_number) VALUES (1942, 76, 1057);
INSERT INTO options (id, verse_id, position, type, text, target_type, target_verse_dn, target_location_dn, requirement, result, hidden, once, condition_group, conditional_targets, children) VALUES (4076, 1942, 0, 'choice', 'Продолжить.', 'verse', 1060, NULL, NULL, NULL, NULL, FALSE, NULL, NULL, NULL);
INSERT INTO verses (id, location_id, display_number) VALUES (1943, 76, 1058);
INSERT INTO options (id, verse_id, position, type, text, target_type, target_verse_dn, target_location_dn, requirement, result, hidden, once, condition_group, conditional_targets, children) VALUES (4077, 1943, 0, 'choice', 'Продолжить.', 'verse', 1067, NULL, NULL, 'o Приложите локацию 167 («Окостенелый лес») слева к локации 166 (@Wyrdness@ стороной вверх).  o Приложите локацию 168 («Сокрушённая колоннада») сверху к локации 166 (@Wyrdness@ стороной вверх).  o Приложите локацию 169 («Пепельная равнина») справа к локации 166 (@Wyrdness@ стороной вверх).  o Поместите фигурку янтарной царицы Венеды в локацию 167.  o Поместите фигурку Клаудина Непосвящённого в локацию 168.  o Поместите фигурку Нония, владыки глубин, в локацию 169.', NULL, FALSE, NULL, NULL, NULL);
INSERT INTO verses (id, location_id, display_number) VALUES (1944, 76, 1059);
INSERT INTO options (id, verse_id, position, type, text, target_type, target_verse_dn, target_location_dn, requirement, result, hidden, once, condition_group, conditional_targets, children) VALUES (4078, 1944, 0, 'choice', 'Продолжить.', 'end', NULL, NULL, NULL, 'Переместите всех членов команды в локацию 166.  Исследование окончено.', NULL, FALSE, NULL, NULL, NULL);
INSERT INTO verses (id, location_id, display_number) VALUES (1945, 76, 1060);
INSERT INTO options (id, verse_id, position, type, text, target_type, target_verse_dn, target_location_dn, requirement, result, hidden, once, condition_group, conditional_targets, children) VALUES (4079, 1945, 0, 'choice', 'Продолжить.', 'end', NULL, NULL, NULL, 'Исследование окончено.', NULL, FALSE, NULL, NULL, NULL);
INSERT INTO verses (id, location_id, display_number) VALUES (1946, 76, 1061);
INSERT INTO options (id, verse_id, position, type, text, target_type, target_verse_dn, target_location_dn, requirement, result, hidden, once, condition_group, conditional_targets, children) VALUES (4080, 1946, 0, 'condition', 'Если развязка @GreenOutcome@.', 'verse', 1085, NULL, NULL, NULL, NULL, FALSE, NULL, NULL, NULL);
INSERT INTO options (id, verse_id, position, type, text, target_type, target_verse_dn, target_location_dn, requirement, result, hidden, once, condition_group, conditional_targets, children) VALUES (4081, 1946, 1, 'condition', 'В противном случае.', 'verse', 1144, NULL, NULL, NULL, NULL, FALSE, NULL, NULL, NULL);
INSERT INTO verses (id, location_id, display_number) VALUES (1947, 76, 1062);
INSERT INTO options (id, verse_id, position, type, text, target_type, target_verse_dn, target_location_dn, requirement, result, hidden, once, condition_group, conditional_targets, children) VALUES (4082, 1947, 0, 'choice', 'Продолжить.', 'end', NULL, NULL, NULL, 'Получите часть 5 достижения «Засуха».  Исследование окончено.', NULL, FALSE, NULL, NULL, NULL);
INSERT INTO verses (id, location_id, display_number) VALUES (1948, 76, 1063);
INSERT INTO options (id, verse_id, position, type, text, target_type, target_verse_dn, target_location_dn, requirement, result, hidden, once, condition_group, conditional_targets, children) VALUES (4083, 1948, 0, 'choice', 'Продолжить.', 'verse', 1036, NULL, NULL, 'o Каждый персонаж теряет 3 @Energy@ (–1 за каждое очко своей @Aggression@).  o Каждый персонаж получает 2 @Terror@ (–1 за каждое очко своей @Courage@).  o Каждый персонаж сбрасывает 1 предмет.', NULL, FALSE, NULL, NULL, NULL);
INSERT INTO verses (id, location_id, display_number) VALUES (1949, 76, 1064);
INSERT INTO options (id, verse_id, position, type, text, target_type, target_verse_dn, target_location_dn, requirement, result, hidden, once, condition_group, conditional_targets, children) VALUES (4084, 1949, 0, 'choice', 'Продолжить.', 'verse', 1135, NULL, NULL, NULL, NULL, FALSE, NULL, NULL, NULL);
INSERT INTO verses (id, location_id, display_number) VALUES (1950, 76, 1065);
INSERT INTO options (id, verse_id, position, type, text, target_type, target_verse_dn, target_location_dn, requirement, result, hidden, once, condition_group, conditional_targets, children) VALUES (4085, 1950, 0, 'choice', 'Продолжить.', 'verse', 1006, NULL, NULL, NULL, NULL, FALSE, NULL, NULL, NULL);
INSERT INTO verses (id, location_id, display_number) VALUES (1951, 76, 1066);
INSERT INTO options (id, verse_id, position, type, text, target_type, target_verse_dn, target_location_dn, requirement, result, hidden, once, condition_group, conditional_targets, children) VALUES (4086, 1951, 0, 'condition', 'Если вы играете за Юнис.', 'verse', 1095, NULL, NULL, NULL, NULL, FALSE, NULL, NULL, NULL);
INSERT INTO options (id, verse_id, position, type, text, target_type, target_verse_dn, target_location_dn, requirement, result, hidden, once, condition_group, conditional_targets, children) VALUES (4087, 1951, 1, 'condition', 'В противном случае.', 'verse', 1090, NULL, NULL, NULL, NULL, FALSE, NULL, NULL, NULL);
INSERT INTO verses (id, location_id, display_number) VALUES (1952, 76, 1067);
INSERT INTO options (id, verse_id, position, type, text, target_type, target_verse_dn, target_location_dn, requirement, result, hidden, once, condition_group, conditional_targets, children) VALUES (4088, 1952, 0, 'condition', 'Нажмите сюда, если хотите увидеть подсказку.', 'verse', 1067, NULL, NULL, 'Подсказка: в локациях королей краха можно найти ответы, но вам нужно перевернуть их на @Clear@ сторону и прийти туда, когда в них пусто.', NULL, FALSE, NULL, NULL, NULL);
INSERT INTO options (id, verse_id, position, type, text, target_type, target_verse_dn, target_location_dn, requirement, result, hidden, once, condition_group, conditional_targets, children) VALUES (4089, 1952, 1, 'choice', 'Продолжить.', 'end', NULL, NULL, NULL, 'Исследование окончено.', NULL, FALSE, NULL, NULL, NULL);
INSERT INTO verses (id, location_id, display_number) VALUES (1953, 76, 1068);
INSERT INTO options (id, verse_id, position, type, text, target_type, target_verse_dn, target_location_dn, requirement, result, hidden, once, condition_group, conditional_targets, children) VALUES (4090, 1953, 0, 'choice', 'Отвести её к Клаудину.', 'verse', 1078, NULL, 'Только если фигурка Клаудина Непосвящённого на поле.', 'Переместите янтарную царицу Венеду в локацию к Клаудину Непосвящённому.', NULL, FALSE, NULL, NULL, NULL);
INSERT INTO options (id, verse_id, position, type, text, target_type, target_verse_dn, target_location_dn, requirement, result, hidden, once, condition_group, conditional_targets, children) VALUES (4091, 1953, 1, 'choice', 'Отвести её к Нонию.', 'verse', 1118, NULL, 'Только если фигурка Нония, владыки глубин, на поле.', 'Переместите янтарную царицу Венеду в локацию к Нонию, владыке глубин.', NULL, FALSE, NULL, NULL, NULL);
INSERT INTO options (id, verse_id, position, type, text, target_type, target_verse_dn, target_location_dn, requirement, result, hidden, once, condition_group, conditional_targets, children) VALUES (4092, 1953, 2, 'choice', 'Сделать что-то другое.', 'verse', 1046, NULL, NULL, NULL, NULL, FALSE, NULL, NULL, NULL);
INSERT INTO verses (id, location_id, display_number) VALUES (1954, 76, 1069);
INSERT INTO options (id, verse_id, position, type, text, target_type, target_verse_dn, target_location_dn, requirement, result, hidden, once, condition_group, conditional_targets, children) VALUES (4093, 1954, 0, 'choice', 'Привести искателей Короля к самому большому лесному зверю, которого сумеете найти.', 'verse', 1071, NULL, NULL, NULL, NULL, FALSE, NULL, NULL, NULL);
INSERT INTO options (id, verse_id, position, type, text, target_type, target_verse_dn, target_location_dn, requirement, result, hidden, once, condition_group, conditional_targets, children) VALUES (4094, 1954, 1, 'choice', 'Заставить их бегать кругами по запутанным волшебным тропам Заплуталого леса.', 'verse', 1076, NULL, NULL, NULL, NULL, FALSE, NULL, NULL, NULL);
INSERT INTO verses (id, location_id, display_number) VALUES (1955, 76, 1070);
INSERT INTO options (id, verse_id, position, type, text, target_type, target_verse_dn, target_location_dn, requirement, result, hidden, once, condition_group, conditional_targets, children) VALUES (4095, 1955, 0, 'choice', 'Продолжить.', 'end', NULL, NULL, NULL, 'Уберите с поля фигурки Клаудина Непосвящённого и янтарной царицы Венеды.  Получите часть 6 достижения «Запретная земля». Поместите по 1 красному маркеру в локации 168 и 167.  Исследование окончено.', NULL, FALSE, NULL, NULL, NULL);
INSERT INTO verses (id, location_id, display_number) VALUES (1956, 76, 1071);
INSERT INTO options (id, verse_id, position, type, text, target_type, target_verse_dn, target_location_dn, requirement, result, hidden, once, condition_group, conditional_targets, children) VALUES (4096, 1956, 0, 'choice', 'Продолжить.', 'verse', 1036, NULL, NULL, 'o Получите часть 10 достижения «Бессердечность».  o Каждый персонаж теряет 3 @Energy@ (–1 за каждое очко своей @Aggression@).  o Каждый персонаж получает 2 @Terror@ (–1 за каждое очко своей @Courage@).  o Каждый персонаж сбрасывает 1 предмет.', NULL, FALSE, NULL, NULL, NULL);
INSERT INTO verses (id, location_id, display_number) VALUES (1957, 76, 1072);
INSERT INTO options (id, verse_id, position, type, text, target_type, target_verse_dn, target_location_dn, requirement, result, hidden, once, condition_group, conditional_targets, children) VALUES (4097, 1957, 0, 'condition', 'Если развязка @GreenOutcome@.', 'verse', 1082, NULL, NULL, NULL, NULL, FALSE, NULL, NULL, NULL);
INSERT INTO options (id, verse_id, position, type, text, target_type, target_verse_dn, target_location_dn, requirement, result, hidden, once, condition_group, conditional_targets, children) VALUES (4098, 1957, 1, 'condition', 'В противном случае.', 'verse', 1098, NULL, NULL, NULL, NULL, FALSE, NULL, NULL, NULL);
INSERT INTO verses (id, location_id, display_number) VALUES (1958, 76, 1073);
INSERT INTO options (id, verse_id, position, type, text, target_type, target_verse_dn, target_location_dn, requirement, result, hidden, once, condition_group, conditional_targets, children) VALUES (4099, 1958, 0, 'choice', 'Продолжить.', 'end', NULL, NULL, NULL, 'Уберите с поля фигурки Нония, владыки глубин, и янтарной царицы Венеды.   Получите часть 8 достижения «Запретная земля».   Поместите по 1 красному маркеру в локации 169 и 167.  Исследование окончено.', NULL, FALSE, NULL, NULL, NULL);
INSERT INTO verses (id, location_id, display_number) VALUES (1959, 76, 1074);
INSERT INTO options (id, verse_id, position, type, text, target_type, target_verse_dn, target_location_dn, requirement, result, hidden, once, condition_group, conditional_targets, children) VALUES (4100, 1959, 0, 'choice', 'Продолжить.', 'end', NULL, NULL, NULL, 'Исследование окончено.', NULL, FALSE, NULL, NULL, NULL);
INSERT INTO verses (id, location_id, display_number) VALUES (1960, 76, 1075);
INSERT INTO options (id, verse_id, position, type, text, target_type, target_verse_dn, target_location_dn, requirement, result, hidden, once, condition_group, conditional_targets, children) VALUES (4101, 1960, 0, 'choice', 'Продолжить.', 'end', NULL, NULL, NULL, 'Поздравляем! Элган сделал окончательный выбор в своей личной истории. Вы ознакомитесь с её развязкой, когда завершите игру.  o Получите часть 6 достижения «Конец пути».  o Элган получает 3 опыта.  o Элган получает секретную карту 109 (карта боя «Свеча единения») и секретную карту 114 (карта дипломатии «Свеча единения») и замешивает их в соответствующие колоды.  Исследование окончено.', NULL, FALSE, NULL, NULL, NULL);
INSERT INTO verses (id, location_id, display_number) VALUES (1961, 76, 1076);
INSERT INTO options (id, verse_id, position, type, text, target_type, target_verse_dn, target_location_dn, requirement, result, hidden, once, condition_group, conditional_targets, children) VALUES (4102, 1961, 0, 'choice', 'Продолжить.', 'verse', 1097, NULL, NULL, NULL, NULL, FALSE, NULL, NULL, NULL);
INSERT INTO verses (id, location_id, display_number) VALUES (1962, 76, 1077);
INSERT INTO options (id, verse_id, position, type, text, target_type, target_verse_dn, target_location_dn, requirement, result, hidden, once, condition_group, conditional_targets, children) VALUES (4103, 1962, 0, 'condition', 'Если вы победили.', 'verse', 1037, NULL, NULL, NULL, NULL, FALSE, NULL, NULL, NULL);
INSERT INTO options (id, verse_id, position, type, text, target_type, target_verse_dn, target_location_dn, requirement, result, hidden, once, condition_group, conditional_targets, children) VALUES (4104, 1962, 1, 'condition', 'В противном случае.', 'verse', 1039, NULL, NULL, NULL, NULL, FALSE, NULL, NULL, NULL);
INSERT INTO verses (id, location_id, display_number) VALUES (1963, 76, 1078);
INSERT INTO options (id, verse_id, position, type, text, target_type, target_verse_dn, target_location_dn, requirement, result, hidden, once, condition_group, conditional_targets, children) VALUES (4105, 1963, 0, 'choice', 'Продолжить.', 'end', NULL, NULL, NULL, 'Уберите с поля фигурки Клаудина Непосвящённого и янтарной царицы Венеды.   Получите часть 7 достижения «Запретная земля».  Поместите по 1 красному маркеру в локации 167 и 168.  Исследование окончено.', NULL, FALSE, NULL, NULL, NULL);
INSERT INTO verses (id, location_id, display_number) VALUES (1964, 76, 1079);
INSERT INTO options (id, verse_id, position, type, text, target_type, target_verse_dn, target_location_dn, requirement, result, hidden, once, condition_group, conditional_targets, children) VALUES (4106, 1964, 0, 'choice', 'Попробовать оторваться от погони в каменном лабиринте.', 'verse', 1081, NULL, NULL, NULL, NULL, FALSE, NULL, NULL, NULL);
INSERT INTO options (id, verse_id, position, type, text, target_type, target_verse_dn, target_location_dn, requirement, result, hidden, once, condition_group, conditional_targets, children) VALUES (4107, 1964, 1, 'choice', 'Привести погоню к гигантскому улью.', 'verse', 1084, NULL, NULL, NULL, NULL, FALSE, NULL, NULL, NULL);
INSERT INTO verses (id, location_id, display_number) VALUES (1965, 76, 1080);
INSERT INTO options (id, verse_id, position, type, text, target_type, target_verse_dn, target_location_dn, requirement, result, hidden, once, condition_group, conditional_targets, children) VALUES (4108, 1965, 0, 'condition', 'Если у вас есть часть 1 достижения «Засуха».', 'verse', 1065, NULL, NULL, NULL, NULL, FALSE, NULL, NULL, NULL);
INSERT INTO options (id, verse_id, position, type, text, target_type, target_verse_dn, target_location_dn, requirement, result, hidden, once, condition_group, conditional_targets, children) VALUES (4109, 1965, 1, 'condition', 'Если Изолют Золотая Маска на поле.', 'cross_location', 352, 999, NULL, 'Найдите секретную карту 176 в колоде событий, колоде случайных событий или области активных событий и уберите её из игры, затем перемешайте колоду случайных событий.', NULL, FALSE, NULL, NULL, NULL);
INSERT INTO options (id, verse_id, position, type, text, target_type, target_verse_dn, target_location_dn, requirement, result, hidden, once, condition_group, conditional_targets, children) VALUES (4110, 1965, 2, 'condition', 'В противном случае.', 'verse', 1099, NULL, NULL, 'Найдите секретную карту 176 в колоде событий, колоде случайных событий или области активных событий и уберите её из игры, затем перемешайте колоду случайных событий.', NULL, FALSE, NULL, NULL, NULL);
INSERT INTO verses (id, location_id, display_number) VALUES (1966, 76, 1081);
INSERT INTO options (id, verse_id, position, type, text, target_type, target_verse_dn, target_location_dn, requirement, result, hidden, once, condition_group, conditional_targets, children) VALUES (4111, 1966, 0, 'choice', 'Продолжить.', 'verse', 1097, NULL, NULL, NULL, NULL, FALSE, NULL, NULL, NULL);
INSERT INTO verses (id, location_id, display_number) VALUES (1967, 76, 1082);
INSERT INTO options (id, verse_id, position, type, text, target_type, target_verse_dn, target_location_dn, requirement, result, hidden, once, condition_group, conditional_targets, children) VALUES (4112, 1967, 0, 'condition', 'Если у вас есть карта секрета 23.', 'verse', 1088, NULL, NULL, NULL, NULL, FALSE, NULL, NULL, NULL);
INSERT INTO options (id, verse_id, position, type, text, target_type, target_verse_dn, target_location_dn, requirement, result, hidden, once, condition_group, conditional_targets, children) VALUES (4113, 1967, 1, 'condition', 'В противном случае.', 'verse', 1259, NULL, NULL, NULL, NULL, FALSE, NULL, NULL, NULL);
INSERT INTO verses (id, location_id, display_number) VALUES (1968, 76, 1083);
INSERT INTO options (id, verse_id, position, type, text, target_type, target_verse_dn, target_location_dn, requirement, result, hidden, once, condition_group, conditional_targets, children) VALUES (4114, 1968, 0, 'choice', 'Продолжить.', 'verse', 1152, NULL, NULL, 'Получите часть 10 достижения «Будущее Авалона».', NULL, FALSE, NULL, NULL, NULL);
INSERT INTO verses (id, location_id, display_number) VALUES (1969, 76, 1084);
INSERT INTO options (id, verse_id, position, type, text, target_type, target_verse_dn, target_location_dn, requirement, result, hidden, once, condition_group, conditional_targets, children) VALUES (4115, 1969, 0, 'choice', 'Продолжить.', 'verse', 1036, NULL, NULL, 'o Получите часть 10 достижения «Бессердечность».  o Каждый персонаж теряет 3 @Energy@ (–1 за каждое очко своей @Aggression@).  o Каждый персонаж получает 2 @Terror@ (–1 за каждое очко своей @Courage@).  o Каждый персонаж сбрасывает 1 предмет.', NULL, FALSE, NULL, NULL, NULL);
INSERT INTO verses (id, location_id, display_number) VALUES (1970, 76, 1085);
INSERT INTO options (id, verse_id, position, type, text, target_type, target_verse_dn, target_location_dn, requirement, result, hidden, once, condition_group, conditional_targets, children) VALUES (4116, 1970, 0, 'choice', 'Продолжить.', 'verse', 1058, NULL, NULL, NULL, NULL, FALSE, NULL, NULL, NULL);
INSERT INTO verses (id, location_id, display_number) VALUES (1971, 76, 1086);
INSERT INTO options (id, verse_id, position, type, text, target_type, target_verse_dn, target_location_dn, requirement, result, hidden, once, condition_group, conditional_targets, children) VALUES (4117, 1971, 0, 'choice', '0—8.', 'end', NULL, NULL, NULL, 'До сих пор вы сосредоточивались на миссии и быстро двигались вперёд, почти не отвлекаясь по пути. Вряд ли кто‑либо смог бы добраться до этих проклятых земель быстрее вас. Но противный голосок у вас в голове зудел, что вы пренебрегли множеством возможностей.   Самое время сделать паузу! Либо сохраните игру и пока что прервитесь, либо продолжайте партию.   Исследование окончено.', NULL, FALSE, NULL, NULL, NULL);
INSERT INTO options (id, verse_id, position, type, text, target_type, target_verse_dn, target_location_dn, requirement, result, hidden, once, condition_group, conditional_targets, children) VALUES (4118, 1971, 1, 'choice', '9—22.', 'end', NULL, NULL, NULL, 'Вы шли к цели долгой и запутанной тропой. На пути вас то и дело подстерегали неприятные неожиданности. Но вы добрались сюда, а обширные познания об Авалоне и тайны, которые вы разгадали по дороге, наверняка ещё сослужат вам добрую службу.  Самое время сделать паузу! Либо сохраните игру и пока что прервитесь, либо продолжайте партию.   Исследование окончено.</i', NULL, FALSE, NULL, NULL, NULL);
INSERT INTO options (id, verse_id, position, type, text, target_type, target_verse_dn, target_location_dn, requirement, result, hidden, once, condition_group, conditional_targets, children) VALUES (4119, 1971, 2, 'choice', '≥23.', 'verse', 1111, NULL, NULL, 'Колыбель наконец лежала перед вами, но вы шли сюда слишком долго. Может быть, вы не сразу выходили победителем в схватке с опасностями Авалона, а может, отвлекались на пустяки. В любом случае вы чувствовали, что не слишком преуспели.', NULL, FALSE, NULL, NULL, NULL);
INSERT INTO verses (id, location_id, display_number) VALUES (1972, 76, 1087);
INSERT INTO options (id, verse_id, position, type, text, target_type, target_verse_dn, target_location_dn, requirement, result, hidden, once, condition_group, conditional_targets, children) VALUES (4120, 1972, 0, 'choice', 'Бросить ему вызов.', 'cross_location', 301, 999, NULL, NULL, NULL, FALSE, NULL, NULL, NULL);
INSERT INTO options (id, verse_id, position, type, text, target_type, target_verse_dn, target_location_dn, requirement, result, hidden, once, condition_group, conditional_targets, children) VALUES (4121, 1972, 1, 'choice', 'Попытаться договориться.', 'cross_location', 302, 999, NULL, NULL, NULL, FALSE, NULL, NULL, NULL);
INSERT INTO options (id, verse_id, position, type, text, target_type, target_verse_dn, target_location_dn, requirement, result, hidden, once, condition_group, conditional_targets, children) VALUES (4122, 1972, 2, 'choice', 'Привлечь его внимание.', 'verse', 1101, NULL, 'Нужна часть 3 достижения «Запретная земля».', NULL, NULL, FALSE, NULL, NULL, NULL);
INSERT INTO options (id, verse_id, position, type, text, target_type, target_verse_dn, target_location_dn, requirement, result, hidden, once, condition_group, conditional_targets, children) VALUES (4123, 1972, 3, 'choice', 'Убежать.', 'end', NULL, NULL, NULL, 'Переместите всех членов команды в локацию 166.  Исследование окончено.', NULL, FALSE, NULL, NULL, NULL);
INSERT INTO verses (id, location_id, display_number) VALUES (1973, 76, 1088);
INSERT INTO options (id, verse_id, position, type, text, target_type, target_verse_dn, target_location_dn, requirement, result, hidden, once, condition_group, conditional_targets, children) VALUES (4124, 1973, 0, 'condition', 'Если Изолют Золотая Маска на поле.', 'cross_location', 352, 999, NULL, 'Получите часть 6 достижения «Будущее Авалона».', NULL, FALSE, NULL, NULL, NULL);
INSERT INTO options (id, verse_id, position, type, text, target_type, target_verse_dn, target_location_dn, requirement, result, hidden, once, condition_group, conditional_targets, children) VALUES (4125, 1973, 1, 'condition', 'В противном случае.', 'verse', 1099, NULL, NULL, 'Получите часть 6 достижения «Будущее Авалона».', NULL, FALSE, NULL, NULL, NULL);
INSERT INTO verses (id, location_id, display_number) VALUES (1974, 76, 1089);
INSERT INTO options (id, verse_id, position, type, text, target_type, target_verse_dn, target_location_dn, requirement, result, hidden, once, condition_group, conditional_targets, children) VALUES (4126, 1974, 0, 'choice', 'Продолжить.', 'verse', 1097, NULL, NULL, 'Получите часть 10 достижения «Бессердечность».', NULL, FALSE, NULL, NULL, NULL);
INSERT INTO verses (id, location_id, display_number) VALUES (1975, 76, 1090);
INSERT INTO options (id, verse_id, position, type, text, target_type, target_verse_dn, target_location_dn, requirement, result, hidden, once, condition_group, conditional_targets, children) VALUES (4127, 1975, 0, 'choice', 'Продолжить.', 'end', NULL, NULL, NULL, 'Исследование окончено.', NULL, FALSE, NULL, NULL, NULL);
INSERT INTO verses (id, location_id, display_number) VALUES (1976, 76, 1091);
INSERT INTO verses (id, location_id, display_number) VALUES (1977, 76, 1092);
INSERT INTO options (id, verse_id, position, type, text, target_type, target_verse_dn, target_location_dn, requirement, result, hidden, once, condition_group, conditional_targets, children) VALUES (4128, 1977, 0, 'choice', 'Продолжить.', 'end', NULL, NULL, NULL, 'Исследование окончено.', NULL, FALSE, NULL, NULL, NULL);
INSERT INTO verses (id, location_id, display_number) VALUES (1978, 76, 1093);
INSERT INTO options (id, verse_id, position, type, text, target_type, target_verse_dn, target_location_dn, requirement, result, hidden, once, condition_group, conditional_targets, children) VALUES (4129, 1978, 0, 'choice', 'Продолжить.', 'end', NULL, NULL, NULL, 'Каждый персонаж получает 1 опыт.  Уберите из игры фигурку Чёрной козы пустошей и секретную карту 305.  Вы можете получить 1 еду (но точно ли хотите этого?).  Затем исследуйте локацию 111.', NULL, FALSE, NULL, NULL, NULL);
INSERT INTO verses (id, location_id, display_number) VALUES (1979, 76, 1094);
INSERT INTO options (id, verse_id, position, type, text, target_type, target_verse_dn, target_location_dn, requirement, result, hidden, once, condition_group, conditional_targets, children) VALUES (4130, 1979, 0, 'choice', 'Продолжить.', 'verse', 1086, NULL, NULL, 'Каждый персонаж получает 2 опыта.   Важно: вы последний раз получаете бонус в виде опыта в этой кампании. Используйте оставшийся опыт, прежде чем перейти к последним испытаниям в игре.', NULL, FALSE, NULL, NULL, NULL);
INSERT INTO verses (id, location_id, display_number) VALUES (1980, 76, 1095);
INSERT INTO options (id, verse_id, position, type, text, target_type, target_verse_dn, target_location_dn, requirement, result, hidden, once, condition_group, conditional_targets, children) VALUES (4131, 1980, 0, 'choice', 'Продолжить.', 'verse', 1090, NULL, NULL, 'Получите часть 6 достижения «Засуха».', NULL, FALSE, NULL, NULL, NULL);
INSERT INTO verses (id, location_id, display_number) VALUES (1981, 76, 1096);
INSERT INTO options (id, verse_id, position, type, text, target_type, target_verse_dn, target_location_dn, requirement, result, hidden, once, condition_group, conditional_targets, children) VALUES (4132, 1981, 0, 'condition', 'Если у вас есть часть 3 достижения «Запретная земля».', 'end', NULL, NULL, NULL, 'Здесь больше ничего не удастся найти.  Исследование окончено.', NULL, FALSE, NULL, NULL, NULL);
INSERT INTO options (id, verse_id, position, type, text, target_type, target_verse_dn, target_location_dn, requirement, result, hidden, once, condition_group, conditional_targets, children) VALUES (4133, 1981, 1, 'choice', 'Продолжить.', 'end', NULL, NULL, NULL, 'Каждый персонаж теряет 1 @Terror@.   Получите часть 3 достижения «Запретная земля».   Исследование окончено.', NULL, FALSE, NULL, NULL, NULL);
INSERT INTO verses (id, location_id, display_number) VALUES (1982, 76, 1097);
INSERT INTO options (id, verse_id, position, type, text, target_type, target_verse_dn, target_location_dn, requirement, result, hidden, once, condition_group, conditional_targets, children) VALUES (4134, 1982, 0, 'choice', 'Продолжить.', 'verse', 1112, NULL, NULL, 'Каждый персонаж теряет 4 @Energy@ (–1 за каждое очко своей @Aggression@). Каждый персонаж получает 3 @Terror@ (–1 за каждое очко своей @Courage@).', NULL, FALSE, NULL, NULL, NULL);
INSERT INTO verses (id, location_id, display_number) VALUES (1983, 76, 1098);
INSERT INTO options (id, verse_id, position, type, text, target_type, target_verse_dn, target_location_dn, requirement, result, hidden, once, condition_group, conditional_targets, children) VALUES (4135, 1983, 0, 'choice', 'Продолжить.', 'end', NULL, NULL, NULL, 'o Получите одну часть достижения «Время идёт» для текущей главы.  o Каждый персонаж восстанавливает @Health@ и @Energy@ до максимального уровня.  o Каждый персонаж, у которого больше 5 еды, золота или магии, уменьшает свой запас еды, золота и магии до 5.  o Каждый персонаж, у которого меньше 5 магии, повышает запас своей магии до 5.  o Переместите всех персонажей в локацию 158-Б.  Исследование окончено.', NULL, FALSE, NULL, NULL, NULL);
INSERT INTO verses (id, location_id, display_number) VALUES (1984, 76, 1099);
INSERT INTO options (id, verse_id, position, type, text, target_type, target_verse_dn, target_location_dn, requirement, result, hidden, once, condition_group, conditional_targets, children) VALUES (4136, 1984, 0, 'choice', 'Продолжить.', 'verse', 1129, NULL, NULL, NULL, NULL, FALSE, NULL, NULL, NULL);
INSERT INTO verses (id, location_id, display_number) VALUES (1985, 76, 1100);
INSERT INTO options (id, verse_id, position, type, text, target_type, target_verse_dn, target_location_dn, requirement, result, hidden, once, condition_group, conditional_targets, children) VALUES (4137, 1985, 0, 'condition', 'Если вы выбрали эпический режим.', 'end', NULL, NULL, NULL, 'Игра окончена.', NULL, FALSE, NULL, NULL, NULL);
INSERT INTO options (id, verse_id, position, type, text, target_type, target_verse_dn, target_location_dn, requirement, result, hidden, once, condition_group, conditional_targets, children) VALUES (4138, 1985, 1, 'condition', 'В противном случае.', 'end', NULL, NULL, NULL, 'Прошло немало времени, но наконец вы сумели подняться на ноги и поковыляли вперёд.  Возьмите фигурку путеводного камня и поместите её в ячейку путеводного камня, которая расположена ближе всего к любым персонажам.   Каждый персонаж получает 2 @Health@ и 2 @Energy@.  Получите две части достижения «Время идёт» для текущей главы.  Продолжайте игру.', NULL, FALSE, NULL, NULL, NULL);
INSERT INTO verses (id, location_id, display_number) VALUES (1986, 76, 1101);
INSERT INTO options (id, verse_id, position, type, text, target_type, target_verse_dn, target_location_dn, requirement, result, hidden, once, condition_group, conditional_targets, children) VALUES (4139, 1986, 0, 'choice', 'Отвести его к Колыбели.', 'verse', 1108, NULL, NULL, NULL, NULL, FALSE, NULL, NULL, NULL);
INSERT INTO options (id, verse_id, position, type, text, target_type, target_verse_dn, target_location_dn, requirement, result, hidden, once, condition_group, conditional_targets, children) VALUES (4140, 1986, 1, 'choice', 'Отвести его к другому королю или королеве краха.', 'verse', 1113, NULL, NULL, NULL, NULL, FALSE, NULL, NULL, NULL);
INSERT INTO options (id, verse_id, position, type, text, target_type, target_verse_dn, target_location_dn, requirement, result, hidden, once, condition_group, conditional_targets, children) VALUES (4141, 1986, 2, 'choice', 'Убежать.', 'end', NULL, NULL, NULL, 'Исследование окончено.', NULL, FALSE, NULL, NULL, NULL);
INSERT INTO verses (id, location_id, display_number) VALUES (1987, 76, 1102);
INSERT INTO options (id, verse_id, position, type, text, target_type, target_verse_dn, target_location_dn, requirement, result, hidden, once, condition_group, conditional_targets, children) VALUES (4142, 1987, 0, 'condition', 'Если у вас есть хотя бы три части достижения «Угнетатель».', 'verse', 1105, NULL, NULL, NULL, NULL, FALSE, NULL, NULL, NULL);
INSERT INTO options (id, verse_id, position, type, text, target_type, target_verse_dn, target_location_dn, requirement, result, hidden, once, condition_group, conditional_targets, children) VALUES (4143, 1987, 1, 'condition', 'Если у вас есть хотя бы четыре части достижения «Кто не рискует».', 'verse', 1121, NULL, NULL, NULL, NULL, FALSE, NULL, NULL, NULL);
INSERT INTO options (id, verse_id, position, type, text, target_type, target_verse_dn, target_location_dn, requirement, result, hidden, once, condition_group, conditional_targets, children) VALUES (4144, 1987, 2, 'condition', 'В противном случае.', 'verse', 1127, NULL, NULL, NULL, NULL, FALSE, NULL, NULL, NULL);
INSERT INTO verses (id, location_id, display_number) VALUES (1988, 76, 1103);
INSERT INTO options (id, verse_id, position, type, text, target_type, target_verse_dn, target_location_dn, requirement, result, hidden, once, condition_group, conditional_targets, children) VALUES (4145, 1988, 0, 'condition', 'Если у вас есть часть 4 достижения «Запретная земля».', 'end', NULL, NULL, NULL, 'Здесь больше ничего не удастся найти.  Исследование окончено.', NULL, FALSE, NULL, NULL, NULL);
INSERT INTO options (id, verse_id, position, type, text, target_type, target_verse_dn, target_location_dn, requirement, result, hidden, once, condition_group, conditional_targets, children) VALUES (4146, 1988, 1, 'choice', 'Продолжить.', 'end', NULL, NULL, NULL, 'Каждый персонаж теряет 1 @Terror@.   Получите часть 4 достижения «Запретная земля».  Исследование окончено.', NULL, FALSE, NULL, NULL, NULL);
INSERT INTO verses (id, location_id, display_number) VALUES (1989, 76, 1104);
INSERT INTO options (id, verse_id, position, type, text, target_type, target_verse_dn, target_location_dn, requirement, result, hidden, once, condition_group, conditional_targets, children) VALUES (4147, 1989, 0, 'choice', 'Продолжить.', 'verse', 1134, NULL, NULL, 'Каждый персонаж теряет 1 @Health@.', NULL, FALSE, NULL, NULL, NULL);
INSERT INTO verses (id, location_id, display_number) VALUES (1990, 76, 1105);
INSERT INTO options (id, verse_id, position, type, text, target_type, target_verse_dn, target_location_dn, requirement, result, hidden, once, condition_group, conditional_targets, children) VALUES (4148, 1990, 0, 'choice', 'Продолжить.', 'verse', 1127, NULL, NULL, 'Каждый персонаж теряет 4 @Health@ (–1 за каждое очко своей @Empathy@) и получает 1 @Terror@.', NULL, FALSE, NULL, NULL, NULL);
INSERT INTO verses (id, location_id, display_number) VALUES (1991, 76, 1106);
INSERT INTO options (id, verse_id, position, type, text, target_type, target_verse_dn, target_location_dn, requirement, result, hidden, once, condition_group, conditional_targets, children) VALUES (4149, 1991, 0, 'choice', 'Бросить ему вызов.', 'cross_location', 203, 999, NULL, NULL, NULL, FALSE, NULL, NULL, NULL);
INSERT INTO options (id, verse_id, position, type, text, target_type, target_verse_dn, target_location_dn, requirement, result, hidden, once, condition_group, conditional_targets, children) VALUES (4150, 1991, 1, 'choice', 'Попытаться договориться.', 'cross_location', 205, 999, NULL, NULL, NULL, FALSE, NULL, NULL, NULL);
INSERT INTO options (id, verse_id, position, type, text, target_type, target_verse_dn, target_location_dn, requirement, result, hidden, once, condition_group, conditional_targets, children) VALUES (4151, 1991, 2, 'choice', 'Привлечь его внимание.', 'verse', 1128, NULL, 'Нужна часть 5 достижения «Запретная земля».', NULL, NULL, FALSE, NULL, NULL, NULL);
INSERT INTO options (id, verse_id, position, type, text, target_type, target_verse_dn, target_location_dn, requirement, result, hidden, once, condition_group, conditional_targets, children) VALUES (4152, 1991, 3, 'choice', 'Убежать.', 'end', NULL, NULL, NULL, 'Переместите всех членов команды в локацию 166.  Исследование окончено.', NULL, FALSE, NULL, NULL, NULL);
INSERT INTO verses (id, location_id, display_number) VALUES (1992, 76, 1107);
INSERT INTO options (id, verse_id, position, type, text, target_type, target_verse_dn, target_location_dn, requirement, result, hidden, once, condition_group, conditional_targets, children) VALUES (4153, 1992, 0, 'choice', 'Продолжить.', 'verse', 1102, NULL, NULL, 'Каждый персонаж теряет столько @Health@, сколько у него очков @Aggression@, и сбрасывает 1 предмет.', NULL, FALSE, NULL, NULL, NULL);
INSERT INTO verses (id, location_id, display_number) VALUES (1993, 76, 1108);
INSERT INTO options (id, verse_id, position, type, text, target_type, target_verse_dn, target_location_dn, requirement, result, hidden, once, condition_group, conditional_targets, children) VALUES (4154, 1993, 0, 'choice', 'Продолжить.', 'end', NULL, NULL, NULL, 'Переместите всех членов команды в локацию 166.  Исследование окончено.', NULL, FALSE, NULL, NULL, NULL);
INSERT INTO verses (id, location_id, display_number) VALUES (1994, 76, 1109);
INSERT INTO options (id, verse_id, position, type, text, target_type, target_verse_dn, target_location_dn, requirement, result, hidden, once, condition_group, conditional_targets, children) VALUES (4155, 1994, 0, 'choice', 'Продолжить.', 'end', NULL, NULL, NULL, 'Уберите с поля фигурки Нония, владыки глубин, и Клаудина Непосвящённого.   Получите часть 8 достижения «Запретная земля».  Поместите по 1 красному маркеру в локации 169 и 168.  Исследование окончено.', NULL, FALSE, NULL, NULL, NULL);
INSERT INTO verses (id, location_id, display_number) VALUES (1995, 76, 1110);
INSERT INTO options (id, verse_id, position, type, text, target_type, target_verse_dn, target_location_dn, requirement, result, hidden, once, condition_group, conditional_targets, children) VALUES (4156, 1995, 0, 'choice', 'Продолжить.', 'end', NULL, NULL, NULL, 'Каждый персонаж получает 1 опыт.  Получите 1 золото и 2 магии.  Уберите из игры фигурку Чёрной козы пустошей и секретную карту 305.  Затем исследуйте локацию 111.', NULL, FALSE, NULL, NULL, NULL);
INSERT INTO verses (id, location_id, display_number) VALUES (1996, 76, 1111);
INSERT INTO options (id, verse_id, position, type, text, target_type, target_verse_dn, target_location_dn, requirement, result, hidden, once, condition_group, conditional_targets, children) VALUES (4157, 1996, 0, 'choice', 'Продолжить.', 'end', NULL, NULL, NULL, 'Получите часть 8 достижения «Будущее Авалона».  Самое время сделать паузу! Либо сохраните игру и пока что прервитесь, либо продолжайте партию.  Исследование окончено.', NULL, FALSE, NULL, NULL, NULL);
INSERT INTO verses (id, location_id, display_number) VALUES (1997, 76, 1112);
INSERT INTO options (id, verse_id, position, type, text, target_type, target_verse_dn, target_location_dn, requirement, result, hidden, once, condition_group, conditional_targets, children) VALUES (4158, 1997, 0, 'choice', 'Продолжить.', 'end', NULL, NULL, NULL, 'Исследование окончено.', NULL, FALSE, NULL, NULL, NULL);
INSERT INTO verses (id, location_id, display_number) VALUES (1998, 76, 1113);
INSERT INTO options (id, verse_id, position, type, text, target_type, target_verse_dn, target_location_dn, requirement, result, hidden, once, condition_group, conditional_targets, children) VALUES (4159, 1998, 0, 'choice', 'Отвести его к Венеде.', 'verse', 1070, NULL, 'Только если фигурка янтарной царицы Венеды на поле.', 'Переместите Клаудина Непосвящённого в локацию к янтарной царице Венеде.', NULL, FALSE, NULL, NULL, NULL);
INSERT INTO options (id, verse_id, position, type, text, target_type, target_verse_dn, target_location_dn, requirement, result, hidden, once, condition_group, conditional_targets, children) VALUES (4160, 1998, 1, 'choice', 'Отвести его к Нонию.', 'verse', 1123, NULL, 'Только если фигурка Нония, владыки глубин, на поле.', 'Переместите Клаудина Непосвящённого в локацию к Нонию, владыке глубин.', NULL, FALSE, NULL, NULL, NULL);
INSERT INTO options (id, verse_id, position, type, text, target_type, target_verse_dn, target_location_dn, requirement, result, hidden, once, condition_group, conditional_targets, children) VALUES (4161, 1998, 2, 'choice', 'Сделать что-то другое.', 'verse', 1101, NULL, NULL, NULL, NULL, FALSE, NULL, NULL, NULL);
INSERT INTO verses (id, location_id, display_number) VALUES (1999, 76, 1114);
INSERT INTO options (id, verse_id, position, type, text, target_type, target_verse_dn, target_location_dn, requirement, result, hidden, once, condition_group, conditional_targets, children) VALUES (4162, 1999, 0, 'condition', 'Если у вас есть часть 5 достижения «Запретная земля».', 'end', NULL, NULL, NULL, 'Здесь больше нечего смотреть.  Исследование окончено.', NULL, FALSE, NULL, NULL, NULL);
INSERT INTO options (id, verse_id, position, type, text, target_type, target_verse_dn, target_location_dn, requirement, result, hidden, once, condition_group, conditional_targets, children) VALUES (4163, 1999, 1, 'choice', 'Продолжить.', 'end', NULL, NULL, NULL, 'Каждый персонаж теряет 1 @Terror@.   Получите часть 5 достижения «Запретная земля».  Исследование окончено.', NULL, FALSE, NULL, NULL, NULL);
INSERT INTO verses (id, location_id, display_number) VALUES (2000, 76, 1115);
INSERT INTO options (id, verse_id, position, type, text, target_type, target_verse_dn, target_location_dn, requirement, result, hidden, once, condition_group, conditional_targets, children) VALUES (4164, 2000, 0, 'condition', 'Если у любого персонажа @Practicality@ выше, чем @Spirituality@.', 'verse', 1102, NULL, NULL, NULL, NULL, FALSE, NULL, NULL, NULL);
INSERT INTO options (id, verse_id, position, type, text, target_type, target_verse_dn, target_location_dn, requirement, result, hidden, once, condition_group, conditional_targets, children) VALUES (4165, 2000, 1, 'condition', 'В противном случае.', 'verse', 1203, NULL, NULL, NULL, NULL, FALSE, NULL, NULL, NULL);
INSERT INTO verses (id, location_id, display_number) VALUES (2001, 76, 1116);
INSERT INTO verses (id, location_id, display_number) VALUES (2002, 76, 1117);
INSERT INTO verses (id, location_id, display_number) VALUES (2003, 76, 1118);
INSERT INTO options (id, verse_id, position, type, text, target_type, target_verse_dn, target_location_dn, requirement, result, hidden, once, condition_group, conditional_targets, children) VALUES (4166, 2003, 0, 'choice', 'Продолжить.', 'end', NULL, NULL, NULL, 'Уберите с поля фигурки янтарной царицы Венеды и Нония, владыки глубин.   Получите часть 7 достижения «Запретная земля».   Поместите по 1 красному маркеру в локации 167 и 169.  Исследование окончено.', NULL, FALSE, NULL, NULL, NULL);
INSERT INTO verses (id, location_id, display_number) VALUES (2004, 76, 1119);
INSERT INTO options (id, verse_id, position, type, text, target_type, target_verse_dn, target_location_dn, requirement, result, hidden, once, condition_group, conditional_targets, children) VALUES (4167, 2004, 0, 'choice', 'Продолжить.', 'verse', 1134, NULL, NULL, 'Каждый персонаж получает 1 @Terror@.', NULL, FALSE, NULL, NULL, NULL);
INSERT INTO verses (id, location_id, display_number) VALUES (2005, 76, 1120);
INSERT INTO options (id, verse_id, position, type, text, target_type, target_verse_dn, target_location_dn, requirement, result, hidden, once, condition_group, conditional_targets, children) VALUES (4168, 2005, 0, 'condition', 'Если у вас есть карта секрета 6.', 'verse', 1002, NULL, NULL, NULL, NULL, FALSE, NULL, NULL, NULL);
INSERT INTO options (id, verse_id, position, type, text, target_type, target_verse_dn, target_location_dn, requirement, result, hidden, once, condition_group, conditional_targets, children) VALUES (4169, 2005, 1, 'condition', 'Если у вас есть карта секрета 9.', 'verse', 1004, NULL, NULL, NULL, NULL, FALSE, NULL, NULL, NULL);
INSERT INTO verses (id, location_id, display_number) VALUES (2006, 76, 1121);
INSERT INTO options (id, verse_id, position, type, text, target_type, target_verse_dn, target_location_dn, requirement, result, hidden, once, condition_group, conditional_targets, children) VALUES (4170, 2006, 0, 'condition', 'Если у любого персонажа @Caution@ выше, чем @Courage@.', 'verse', 1127, NULL, NULL, NULL, NULL, FALSE, NULL, NULL, NULL);
INSERT INTO options (id, verse_id, position, type, text, target_type, target_verse_dn, target_location_dn, requirement, result, hidden, once, condition_group, conditional_targets, children) VALUES (4171, 2006, 1, 'condition', 'В противном случае.', 'verse', 1201, NULL, NULL, NULL, NULL, FALSE, NULL, NULL, NULL);
INSERT INTO verses (id, location_id, display_number) VALUES (2007, 76, 1122);
INSERT INTO options (id, verse_id, position, type, text, target_type, target_verse_dn, target_location_dn, requirement, result, hidden, once, condition_group, conditional_targets, children) VALUES (4172, 2007, 0, 'condition', 'Если у любого персонажа @Caution@ выше, чем @Empathy@.', 'verse', 1102, NULL, NULL, NULL, NULL, FALSE, NULL, NULL, NULL);
INSERT INTO options (id, verse_id, position, type, text, target_type, target_verse_dn, target_location_dn, requirement, result, hidden, once, condition_group, conditional_targets, children) VALUES (4173, 2007, 1, 'condition', 'В противном случае.', 'verse', 1202, NULL, NULL, NULL, NULL, FALSE, NULL, NULL, NULL);
INSERT INTO verses (id, location_id, display_number) VALUES (2008, 76, 1123);
INSERT INTO options (id, verse_id, position, type, text, target_type, target_verse_dn, target_location_dn, requirement, result, hidden, once, condition_group, conditional_targets, children) VALUES (4174, 2008, 0, 'choice', 'Продолжить.', 'end', NULL, NULL, NULL, 'Уберите с поля фигурки Клаудина Непосвящённого и Нония, владыки глубин.   Получите часть 6 достижения «Запретная земля».   Поместите по 1 красному маркеру в локации 168 и 169.  Исследование окончено.', NULL, FALSE, NULL, NULL, NULL);
INSERT INTO verses (id, location_id, display_number) VALUES (2009, 76, 1124);
INSERT INTO options (id, verse_id, position, type, text, target_type, target_verse_dn, target_location_dn, requirement, result, hidden, once, condition_group, conditional_targets, children) VALUES (4175, 2009, 0, 'condition', 'Если у вас есть секретная карта 304 («Кендрик, учёный-призрак»).', 'verse', 828, NULL, NULL, NULL, NULL, FALSE, NULL, NULL, NULL);
INSERT INTO options (id, verse_id, position, type, text, target_type, target_verse_dn, target_location_dn, requirement, result, hidden, once, condition_group, conditional_targets, children) VALUES (4176, 2009, 1, 'condition', 'Если у вас есть секретная карта 308 («Свечной голем»).', 'verse', 849, NULL, NULL, NULL, NULL, FALSE, NULL, NULL, NULL);
INSERT INTO options (id, verse_id, position, type, text, target_type, target_verse_dn, target_location_dn, requirement, result, hidden, once, condition_group, conditional_targets, children) VALUES (4177, 2009, 2, 'choice', 'Продолжить.', 'verse', 1149, NULL, NULL, 'Уберите со стола все фигурки и маркеры.  Сбросьте все карты локаций и стражей.', NULL, FALSE, NULL, NULL, NULL);
INSERT INTO verses (id, location_id, display_number) VALUES (2010, 76, 1125);
INSERT INTO options (id, verse_id, position, type, text, target_type, target_verse_dn, target_location_dn, requirement, result, hidden, once, condition_group, conditional_targets, children) VALUES (4178, 2010, 0, 'condition', 'Если вы победили.', 'verse', 1143, NULL, NULL, NULL, NULL, FALSE, NULL, NULL, NULL);
INSERT INTO options (id, verse_id, position, type, text, target_type, target_verse_dn, target_location_dn, requirement, result, hidden, once, condition_group, conditional_targets, children) VALUES (4179, 2010, 1, 'condition', 'В противном случае.', 'end', NULL, NULL, NULL, 'Переместите всех членов команды в локацию 166.  Исследование окончено.', NULL, FALSE, NULL, NULL, NULL);
INSERT INTO verses (id, location_id, display_number) VALUES (2011, 76, 1126);
INSERT INTO options (id, verse_id, position, type, text, target_type, target_verse_dn, target_location_dn, requirement, result, hidden, once, condition_group, conditional_targets, children) VALUES (4180, 2011, 0, 'choice', 'Продолжить.', 'end', NULL, NULL, NULL, 'Каждый персонаж получает 1 @Terror@.  Получите 1 магию и часть 7 достижения «Страхи и напасти».  Видение окончено.', NULL, FALSE, NULL, NULL, NULL);
INSERT INTO verses (id, location_id, display_number) VALUES (2012, 76, 1127);
INSERT INTO options (id, verse_id, position, type, text, target_type, target_verse_dn, target_location_dn, requirement, result, hidden, once, condition_group, conditional_targets, children) VALUES (4181, 2012, 0, 'condition', 'Если у вас есть хотя бы восемь частей достижения «Сквозь искажень-стекло».', 'verse', 1139, NULL, NULL, NULL, NULL, FALSE, NULL, NULL, NULL);
INSERT INTO options (id, verse_id, position, type, text, target_type, target_verse_dn, target_location_dn, requirement, result, hidden, once, condition_group, conditional_targets, children) VALUES (4182, 2012, 1, 'condition', 'Если у вас есть хотя бы четыре части достижения «Наглость».', 'verse', 1104, NULL, NULL, NULL, NULL, FALSE, NULL, NULL, NULL);
INSERT INTO options (id, verse_id, position, type, text, target_type, target_verse_dn, target_location_dn, requirement, result, hidden, once, condition_group, conditional_targets, children) VALUES (4183, 2012, 2, 'condition', 'Если у вас есть хотя бы три части достижения «Дипломат».', 'verse', 1119, NULL, NULL, NULL, NULL, FALSE, NULL, NULL, NULL);
INSERT INTO options (id, verse_id, position, type, text, target_type, target_verse_dn, target_location_dn, requirement, result, hidden, once, condition_group, conditional_targets, children) VALUES (4184, 2012, 3, 'condition', 'В противном случае.', 'verse', 1134, NULL, NULL, 'Каждый персонаж теряет 2 @Health@ и получает 1 @Terror@.', NULL, FALSE, NULL, NULL, NULL);
INSERT INTO verses (id, location_id, display_number) VALUES (2013, 76, 1128);
INSERT INTO options (id, verse_id, position, type, text, target_type, target_verse_dn, target_location_dn, requirement, result, hidden, once, condition_group, conditional_targets, children) VALUES (4185, 2013, 0, 'choice', 'Отвести его к Колыбели.', 'verse', 1130, NULL, NULL, NULL, NULL, FALSE, NULL, NULL, NULL);
INSERT INTO options (id, verse_id, position, type, text, target_type, target_verse_dn, target_location_dn, requirement, result, hidden, once, condition_group, conditional_targets, children) VALUES (4186, 2013, 1, 'choice', 'Отвести его к другому королю или королеве краха.', 'verse', 1136, NULL, NULL, NULL, NULL, FALSE, NULL, NULL, NULL);
INSERT INTO options (id, verse_id, position, type, text, target_type, target_verse_dn, target_location_dn, requirement, result, hidden, once, condition_group, conditional_targets, children) VALUES (4187, 2013, 2, 'choice', 'Убежать.', 'end', NULL, NULL, NULL, 'Исследование окончено.', NULL, FALSE, NULL, NULL, NULL);
INSERT INTO verses (id, location_id, display_number) VALUES (2014, 76, 1129);
INSERT INTO options (id, verse_id, position, type, text, target_type, target_verse_dn, target_location_dn, requirement, result, hidden, once, condition_group, conditional_targets, children) VALUES (4188, 2014, 0, 'choice', 'Покинуть этот край и направиться к перевалу Короля прямо сейчас. Здесь больше нечего было делать, а вы хотели скорее пуститься в новое странствие.', 'verse', 886, NULL, NULL, NULL, NULL, FALSE, NULL, NULL, NULL);
INSERT INTO options (id, verse_id, position, type, text, target_type, target_verse_dn, target_location_dn, requirement, result, hidden, once, condition_group, conditional_targets, children) VALUES (4189, 2014, 1, 'choice', 'Остаться здесь ещё ненадолго. Вы сами доберётесь до перевала Короля, когда уладите все свои дела здесь.', 'verse', 963, NULL, 'Если вы проходите главу 8А.', NULL, NULL, FALSE, NULL, NULL, NULL);
INSERT INTO options (id, verse_id, position, type, text, target_type, target_verse_dn, target_location_dn, requirement, result, hidden, once, condition_group, conditional_targets, children) VALUES (4190, 2014, 2, 'choice', 'Остаться здесь ещё ненадолго. Вы сами доберётесь до перевала Короля, когда уладите все свои дела здесь.', 'verse', 1092, NULL, NULL, 'Если вы проходите главу 8Б.', NULL, FALSE, NULL, NULL, NULL);
INSERT INTO verses (id, location_id, display_number) VALUES (2015, 76, 1130);
INSERT INTO options (id, verse_id, position, type, text, target_type, target_verse_dn, target_location_dn, requirement, result, hidden, once, condition_group, conditional_targets, children) VALUES (4191, 2015, 0, 'choice', 'Продолжить.', 'end', NULL, NULL, NULL, 'Переместите всех членов команды в локацию 166.  Исследование окончено.', NULL, FALSE, NULL, NULL, NULL);
INSERT INTO verses (id, location_id, display_number) VALUES (2016, 76, 1131);
INSERT INTO verses (id, location_id, display_number) VALUES (2017, 76, 1132);
INSERT INTO options (id, verse_id, position, type, text, target_type, target_verse_dn, target_location_dn, requirement, result, hidden, once, condition_group, conditional_targets, children) VALUES (4192, 2017, 0, 'condition', 'Если развязка @GreenOutcome@.', 'verse', 1143, NULL, NULL, NULL, NULL, FALSE, NULL, NULL, NULL);
INSERT INTO options (id, verse_id, position, type, text, target_type, target_verse_dn, target_location_dn, requirement, result, hidden, once, condition_group, conditional_targets, children) VALUES (4193, 2017, 1, 'condition', 'В противном случае.', 'end', NULL, NULL, NULL, 'Переместите всех членов команды в локацию 166.  Исследование окончено.', NULL, FALSE, NULL, NULL, NULL);
INSERT INTO verses (id, location_id, display_number) VALUES (2018, 76, 1133);
INSERT INTO options (id, verse_id, position, type, text, target_type, target_verse_dn, target_location_dn, requirement, result, hidden, once, condition_group, conditional_targets, children) VALUES (4194, 2018, 0, 'choice', 'Продолжить.', 'end', NULL, NULL, NULL, 'Один персонаж получает столько магии, сколько у него очков @Spirituality@.  Каждый персонаж теряет 2 @Terror@.  Получите одну часть достижения «Тающий воск».   Уберите из игры фигурку Свечного голема и секретную карту 308.  Исследование окончено.', NULL, FALSE, NULL, NULL, NULL);
INSERT INTO verses (id, location_id, display_number) VALUES (2019, 76, 1134);
INSERT INTO options (id, verse_id, position, type, text, target_type, target_verse_dn, target_location_dn, requirement, result, hidden, once, condition_group, conditional_targets, children) VALUES (4195, 2019, 0, 'choice', 'Активировать этот путеводный камень.', 'verse', 1094, NULL, 'Потратьте 1 магию за персонажа и 1 золото или еду за персонажа. Вы можете использовать одноразовый предмет «Тайный ритуал».', NULL, NULL, FALSE, NULL, NULL, NULL);
INSERT INTO options (id, verse_id, position, type, text, target_type, target_verse_dn, target_location_dn, requirement, result, hidden, once, condition_group, conditional_targets, children) VALUES (4196, 2019, 1, 'choice', 'Сделать кровавое подношение.', 'verse', 1094, NULL, NULL, 'Каждый персонаж теряет 3 @Health@ и получает 2 @Terror@.', NULL, FALSE, NULL, NULL, NULL);
INSERT INTO verses (id, location_id, display_number) VALUES (2020, 76, 1135);
INSERT INTO options (id, verse_id, position, type, text, target_type, target_verse_dn, target_location_dn, requirement, result, hidden, once, condition_group, conditional_targets, children) VALUES (4197, 2020, 0, 'choice', 'Продолжить.', 'verse', 1036, NULL, NULL, 'Каждый персонаж теряет 1 @Energy@ и 1 @Health@.  Каждый персонаж получает 2 @Terror@ (–1 за каждое очко своей @Courage@.).  Каждый персонаж сбрасывает 1 предмет.', NULL, FALSE, NULL, NULL, NULL);
INSERT INTO verses (id, location_id, display_number) VALUES (2021, 76, 1136);
INSERT INTO options (id, verse_id, position, type, text, target_type, target_verse_dn, target_location_dn, requirement, result, hidden, once, condition_group, conditional_targets, children) VALUES (4198, 2021, 0, 'choice', 'Отвести его к Венеде.', 'verse', 1073, NULL, 'Только если фигурка янтарной царицы Венеды на поле.', 'Переместите Нония, владыку глубин, в локацию с янтарной царицей Венедой.', NULL, FALSE, NULL, NULL, NULL);
INSERT INTO options (id, verse_id, position, type, text, target_type, target_verse_dn, target_location_dn, requirement, result, hidden, once, condition_group, conditional_targets, children) VALUES (4199, 2021, 1, 'choice', 'Отвести его к Клаудину.', 'verse', 1109, NULL, 'Только если фигурка Клаудина Непосвящённого на поле.', 'Переместите Нония, владыку глубин, в локацию с Клаудином Непосвящённым.', NULL, FALSE, NULL, NULL, NULL);
INSERT INTO options (id, verse_id, position, type, text, target_type, target_verse_dn, target_location_dn, requirement, result, hidden, once, condition_group, conditional_targets, children) VALUES (4200, 2021, 2, 'choice', 'Сделать что-то другое.', 'verse', 1128, NULL, NULL, NULL, NULL, FALSE, NULL, NULL, NULL);
INSERT INTO verses (id, location_id, display_number) VALUES (2022, 76, 1137);
INSERT INTO options (id, verse_id, position, type, text, target_type, target_verse_dn, target_location_dn, requirement, result, hidden, once, condition_group, conditional_targets, children) VALUES (4201, 2022, 0, 'condition', 'Если вы победили.', 'verse', 1146, NULL, NULL, NULL, NULL, FALSE, NULL, NULL, NULL);
INSERT INTO options (id, verse_id, position, type, text, target_type, target_verse_dn, target_location_dn, requirement, result, hidden, once, condition_group, conditional_targets, children) VALUES (4202, 2022, 1, 'condition', 'В противном случае.', 'end', NULL, NULL, NULL, 'Переместите всех членов команды в локацию 166.  Исследование окончено.', NULL, FALSE, NULL, NULL, NULL);
INSERT INTO verses (id, location_id, display_number) VALUES (2023, 76, 1138);
INSERT INTO options (id, verse_id, position, type, text, target_type, target_verse_dn, target_location_dn, requirement, result, hidden, once, condition_group, conditional_targets, children) VALUES (4203, 2023, 0, 'choice', 'Занять его сторону. В некоторых доводах предтеч зияли очевидные просчёты.', 'verse', 1061, NULL, NULL, 'Получите часть 1 достижения «Запретная земля».', NULL, FALSE, NULL, NULL, NULL);
INSERT INTO options (id, verse_id, position, type, text, target_type, target_verse_dn, target_location_dn, requirement, result, hidden, once, condition_group, conditional_targets, children) VALUES (4204, 2023, 1, 'choice', 'Не вмешиваться. Это дело предтеч.', 'verse', 1144, NULL, NULL, 'Получите часть 1 достижения «Запретная земля».', NULL, FALSE, NULL, NULL, NULL);
INSERT INTO verses (id, location_id, display_number) VALUES (2024, 76, 1139);
INSERT INTO options (id, verse_id, position, type, text, target_type, target_verse_dn, target_location_dn, requirement, result, hidden, once, condition_group, conditional_targets, children) VALUES (4205, 2024, 0, 'choice', 'Продолжить.', 'verse', 1134, NULL, NULL, NULL, NULL, FALSE, NULL, NULL, NULL);
INSERT INTO verses (id, location_id, display_number) VALUES (2025, 76, 1140);
INSERT INTO options (id, verse_id, position, type, text, target_type, target_verse_dn, target_location_dn, requirement, result, hidden, once, condition_group, conditional_targets, children) VALUES (4206, 2025, 0, 'choice', 'Продолжить.', 'end', NULL, NULL, NULL, 'Получите часть 4 достижения «Поворот судьбы».  Исследование окончено.', NULL, FALSE, NULL, NULL, NULL);
INSERT INTO verses (id, location_id, display_number) VALUES (2026, 76, 1141);
INSERT INTO options (id, verse_id, position, type, text, target_type, target_verse_dn, target_location_dn, requirement, result, hidden, once, condition_group, conditional_targets, children) VALUES (4207, 2026, 0, 'condition', 'Если развязка @GreenOutcome@.', 'verse', 1146, NULL, NULL, NULL, NULL, FALSE, NULL, NULL, NULL);
INSERT INTO options (id, verse_id, position, type, text, target_type, target_verse_dn, target_location_dn, requirement, result, hidden, once, condition_group, conditional_targets, children) VALUES (4208, 2026, 1, 'condition', 'В противном случае.', 'end', NULL, NULL, NULL, 'Переместите всех членов команды в локацию 166.  Исследование окончено.', NULL, FALSE, NULL, NULL, NULL);
INSERT INTO verses (id, location_id, display_number) VALUES (2027, 76, 1142);
INSERT INTO options (id, verse_id, position, type, text, target_type, target_verse_dn, target_location_dn, requirement, result, hidden, once, condition_group, conditional_targets, children) VALUES (4209, 2027, 0, 'choice', 'Продолжить.', 'end', NULL, NULL, NULL, 'Исследование окончено.', NULL, FALSE, NULL, NULL, NULL);
INSERT INTO verses (id, location_id, display_number) VALUES (2028, 76, 1143);
INSERT INTO options (id, verse_id, position, type, text, target_type, target_verse_dn, target_location_dn, requirement, result, hidden, once, condition_group, conditional_targets, children) VALUES (4210, 2028, 0, 'choice', 'Продолжить.', 'end', NULL, NULL, NULL, 'Получите часть 7 достижения «Запретная земля».  Исследование окончено.', NULL, FALSE, NULL, NULL, NULL);
INSERT INTO verses (id, location_id, display_number) VALUES (2029, 76, 1144);
INSERT INTO options (id, verse_id, position, type, text, target_type, target_verse_dn, target_location_dn, requirement, result, hidden, once, condition_group, conditional_targets, children) VALUES (4211, 2029, 0, 'choice', 'Продолжить.', 'verse', 1077, NULL, NULL, 'Получите одну часть достижения «Долг».', NULL, FALSE, NULL, NULL, NULL);
INSERT INTO verses (id, location_id, display_number) VALUES (2030, 76, 1145);
INSERT INTO options (id, verse_id, position, type, text, target_type, target_verse_dn, target_location_dn, requirement, result, hidden, once, condition_group, conditional_targets, children) VALUES (4212, 2030, 0, 'condition', 'Если развязка @GreenOutcome@.', 'verse', 1147, NULL, NULL, NULL, NULL, FALSE, NULL, NULL, NULL);
INSERT INTO options (id, verse_id, position, type, text, target_type, target_verse_dn, target_location_dn, requirement, result, hidden, once, condition_group, conditional_targets, children) VALUES (4213, 2030, 1, 'condition', 'В противном случае.', 'end', NULL, NULL, NULL, 'Переместите всех членов команды в локацию 166.  Исследование окончено.', NULL, FALSE, NULL, NULL, NULL);
INSERT INTO verses (id, location_id, display_number) VALUES (2031, 76, 1146);
INSERT INTO options (id, verse_id, position, type, text, target_type, target_verse_dn, target_location_dn, requirement, result, hidden, once, condition_group, conditional_targets, children) VALUES (4214, 2031, 0, 'choice', 'Продолжить.', 'end', NULL, NULL, NULL, 'Получите часть 6 достижения «Запретная земля».  Исследование окончено.', NULL, FALSE, NULL, NULL, NULL);
INSERT INTO verses (id, location_id, display_number) VALUES (2032, 76, 1147);
INSERT INTO options (id, verse_id, position, type, text, target_type, target_verse_dn, target_location_dn, requirement, result, hidden, once, condition_group, conditional_targets, children) VALUES (4215, 2032, 0, 'choice', 'Продолжить.', 'end', NULL, NULL, NULL, 'Получите часть 8 достижения «Запретная земля».  Исследование окончено.', NULL, FALSE, NULL, NULL, NULL);
INSERT INTO verses (id, location_id, display_number) VALUES (2033, 76, 1148);
INSERT INTO options (id, verse_id, position, type, text, target_type, target_verse_dn, target_location_dn, requirement, result, hidden, once, condition_group, conditional_targets, children) VALUES (4216, 2033, 0, 'condition', 'Если вы победили.', 'verse', 1147, NULL, NULL, NULL, NULL, FALSE, NULL, NULL, NULL);
INSERT INTO options (id, verse_id, position, type, text, target_type, target_verse_dn, target_location_dn, requirement, result, hidden, once, condition_group, conditional_targets, children) VALUES (4217, 2033, 1, 'condition', 'В противном случае.', 'end', NULL, NULL, NULL, 'Переместите всех членов команды в локацию 166.  Исследование окончено.', NULL, FALSE, NULL, NULL, NULL);
INSERT INTO verses (id, location_id, display_number) VALUES (2034, 76, 1149);
INSERT INTO options (id, verse_id, position, type, text, target_type, target_verse_dn, target_location_dn, requirement, result, hidden, once, condition_group, conditional_targets, children) VALUES (4218, 2034, 0, 'choice', 'Продолжить.', 'verse', 1102, NULL, NULL, 'Каждый персонаж получает 1 @Terror@ и теряет 2 @Health@.', NULL, FALSE, NULL, NULL, NULL);
INSERT INTO options (id, verse_id, position, type, text, target_type, target_verse_dn, target_location_dn, requirement, result, hidden, once, condition_group, conditional_targets, children) VALUES (4219, 2034, 1, 'condition', 'Если у вас есть хотя бы три части достижения «Бессердечность».', 'verse', 1107, NULL, NULL, NULL, NULL, FALSE, NULL, NULL, NULL);
INSERT INTO options (id, verse_id, position, type, text, target_type, target_verse_dn, target_location_dn, requirement, result, hidden, once, condition_group, conditional_targets, children) VALUES (4220, 2034, 2, 'condition', 'Если у вас есть хотя бы две части достижения «Песни Авалона».', 'verse', 1115, NULL, NULL, NULL, NULL, FALSE, NULL, NULL, NULL);
INSERT INTO options (id, verse_id, position, type, text, target_type, target_verse_dn, target_location_dn, requirement, result, hidden, once, condition_group, conditional_targets, children) VALUES (4221, 2034, 3, 'condition', 'Если у вас есть хотя бы две части достижения «Спутники».', 'verse', 1122, NULL, NULL, NULL, NULL, FALSE, NULL, NULL, NULL);
INSERT INTO verses (id, location_id, display_number) VALUES (2035, 76, 1150);
INSERT INTO options (id, verse_id, position, type, text, target_type, target_verse_dn, target_location_dn, requirement, result, hidden, once, condition_group, conditional_targets, children) VALUES (4222, 2035, 0, 'choice', 'Продолжить.', 'verse', 1152, NULL, NULL, NULL, NULL, FALSE, NULL, NULL, NULL);
INSERT INTO verses (id, location_id, display_number) VALUES (2036, 76, 1151);
INSERT INTO options (id, verse_id, position, type, text, target_type, target_verse_dn, target_location_dn, requirement, result, hidden, once, condition_group, conditional_targets, children) VALUES (4223, 2036, 0, 'choice', 'Продолжить.', 'verse', 1152, NULL, NULL, 'Получите часть 9 достижения «Будущее Авалона».', NULL, FALSE, NULL, NULL, NULL);
INSERT INTO verses (id, location_id, display_number) VALUES (2037, 76, 1152);
INSERT INTO options (id, verse_id, position, type, text, target_type, target_verse_dn, target_location_dn, requirement, result, hidden, once, condition_group, conditional_targets, children) VALUES (4224, 2037, 0, 'condition', 'Если у вас есть часть 8 достижения «Будущее Авалона».', 'verse', 1165, NULL, NULL, NULL, NULL, FALSE, NULL, NULL, NULL);
INSERT INTO options (id, verse_id, position, type, text, target_type, target_verse_dn, target_location_dn, requirement, result, hidden, once, condition_group, conditional_targets, children) VALUES (4225, 2037, 1, 'condition', 'Если у вас есть часть 9 достижения «Будущее Авалона».', 'verse', 1159, NULL, NULL, NULL, NULL, FALSE, NULL, NULL, NULL);
INSERT INTO options (id, verse_id, position, type, text, target_type, target_verse_dn, target_location_dn, requirement, result, hidden, once, condition_group, conditional_targets, children) VALUES (4226, 2037, 2, 'condition', 'В противном случае.', 'verse', 1154, NULL, NULL, NULL, NULL, FALSE, NULL, NULL, NULL);
INSERT INTO verses (id, location_id, display_number) VALUES (2038, 76, 1153);
INSERT INTO options (id, verse_id, position, type, text, target_type, target_verse_dn, target_location_dn, requirement, result, hidden, once, condition_group, conditional_targets, children) VALUES (4227, 2038, 0, 'choice', 'Продолжить.', 'verse', 1177, NULL, NULL, NULL, NULL, FALSE, NULL, NULL, NULL);
INSERT INTO verses (id, location_id, display_number) VALUES (2039, 76, 1154);
INSERT INTO options (id, verse_id, position, type, text, target_type, target_verse_dn, target_location_dn, requirement, result, hidden, once, condition_group, conditional_targets, children) VALUES (4228, 2039, 0, 'choice', 'Погрузиться в Багровую колыбель. Возможно, вы исчезнете навсегда. Или возродитесь в ином виде. Кто знает?', 'verse', 1155, NULL, 'Нужны хотя бы три части достижения «Поворот судьбы» и карта секрета 4.', NULL, NULL, FALSE, NULL, NULL, NULL);
INSERT INTO options (id, verse_id, position, type, text, target_type, target_verse_dn, target_location_dn, requirement, result, hidden, once, condition_group, conditional_targets, children) VALUES (4229, 2039, 1, 'choice', 'Вернуться на Западный Авалон.', 'verse', 1161, NULL, NULL, NULL, NULL, FALSE, NULL, NULL, NULL);
INSERT INTO options (id, verse_id, position, type, text, target_type, target_verse_dn, target_location_dn, requirement, result, hidden, once, condition_group, conditional_targets, children) VALUES (4230, 2039, 2, 'choice', 'Идти дальше, к Восточному Авалону.', 'verse', 1162, NULL, NULL, NULL, NULL, FALSE, NULL, NULL, NULL);
INSERT INTO options (id, verse_id, position, type, text, target_type, target_verse_dn, target_location_dn, requirement, result, hidden, once, condition_group, conditional_targets, children) VALUES (4231, 2039, 3, 'choice', 'Остаться с королём-предтечей в Туатане.', 'verse', 1163, NULL, NULL, NULL, NULL, FALSE, NULL, NULL, NULL);
INSERT INTO verses (id, location_id, display_number) VALUES (2040, 76, 1155);
INSERT INTO options (id, verse_id, position, type, text, target_type, target_verse_dn, target_location_dn, requirement, result, hidden, once, condition_group, conditional_targets, children) VALUES (4232, 2040, 0, 'choice', 'Продолжить.', 'verse', 1156, NULL, NULL, NULL, NULL, FALSE, NULL, NULL, NULL);
INSERT INTO verses (id, location_id, display_number) VALUES (2041, 76, 1156);
INSERT INTO options (id, verse_id, position, type, text, target_type, target_verse_dn, target_location_dn, requirement, result, hidden, once, condition_group, conditional_targets, children) VALUES (4233, 2041, 0, 'condition', 'Если Гердвин не в игре.', 'verse', 1157, NULL, NULL, NULL, NULL, FALSE, NULL, NULL, NULL);
INSERT INTO options (id, verse_id, position, type, text, target_type, target_verse_dn, target_location_dn, requirement, result, hidden, once, condition_group, conditional_targets, children) VALUES (4234, 2041, 1, 'choice', 'Продолжить.', 'verse', 1157, NULL, NULL, NULL, NULL, FALSE, NULL, NULL, NULL);
INSERT INTO verses (id, location_id, display_number) VALUES (2042, 76, 1157);
INSERT INTO options (id, verse_id, position, type, text, target_type, target_verse_dn, target_location_dn, requirement, result, hidden, once, condition_group, conditional_targets, children) VALUES (4235, 2042, 0, 'condition', 'Если Осберт не в игре.', 'verse', 1158, NULL, NULL, NULL, NULL, FALSE, NULL, NULL, NULL);
INSERT INTO options (id, verse_id, position, type, text, target_type, target_verse_dn, target_location_dn, requirement, result, hidden, once, condition_group, conditional_targets, children) VALUES (4236, 2042, 1, 'choice', 'Продолжить.', 'verse', 1158, NULL, NULL, NULL, NULL, FALSE, NULL, NULL, NULL);
INSERT INTO verses (id, location_id, display_number) VALUES (2043, 76, 1158);
INSERT INTO options (id, verse_id, position, type, text, target_type, target_verse_dn, target_location_dn, requirement, result, hidden, once, condition_group, conditional_targets, children) VALUES (4237, 2043, 0, 'condition', 'Если Элган не в игре.', 'verse', 1160, NULL, NULL, NULL, NULL, FALSE, NULL, NULL, NULL);
INSERT INTO options (id, verse_id, position, type, text, target_type, target_verse_dn, target_location_dn, requirement, result, hidden, once, condition_group, conditional_targets, children) VALUES (4238, 2043, 1, 'choice', 'Продолжить.', 'verse', 1160, NULL, NULL, NULL, NULL, FALSE, NULL, NULL, NULL);
INSERT INTO verses (id, location_id, display_number) VALUES (2044, 76, 1159);
INSERT INTO options (id, verse_id, position, type, text, target_type, target_verse_dn, target_location_dn, requirement, result, hidden, once, condition_group, conditional_targets, children) VALUES (4239, 2044, 0, 'choice', 'Вернуться на Западный Авалон.', 'verse', 1161, NULL, NULL, NULL, NULL, FALSE, NULL, NULL, NULL);
INSERT INTO options (id, verse_id, position, type, text, target_type, target_verse_dn, target_location_dn, requirement, result, hidden, once, condition_group, conditional_targets, children) VALUES (4240, 2044, 1, 'choice', 'Идти дальше, к Восточному Авалону.', 'verse', 1162, NULL, NULL, NULL, NULL, FALSE, NULL, NULL, NULL);
INSERT INTO options (id, verse_id, position, type, text, target_type, target_verse_dn, target_location_dn, requirement, result, hidden, once, condition_group, conditional_targets, children) VALUES (4241, 2044, 2, 'choice', 'Остаться с королём-предтечей в Туатане, чтобы искупить свои поступки.', 'verse', 1163, NULL, NULL, NULL, NULL, FALSE, NULL, NULL, NULL);
INSERT INTO verses (id, location_id, display_number) VALUES (2045, 76, 1160);
INSERT INTO options (id, verse_id, position, type, text, target_type, target_verse_dn, target_location_dn, requirement, result, hidden, once, condition_group, conditional_targets, children) VALUES (4242, 2045, 0, 'condition', 'Если Юнис не в игре.', 'verse', 1189, NULL, NULL, NULL, NULL, FALSE, NULL, NULL, NULL);
INSERT INTO options (id, verse_id, position, type, text, target_type, target_verse_dn, target_location_dn, requirement, result, hidden, once, condition_group, conditional_targets, children) VALUES (4243, 2045, 1, 'choice', 'Продолжить.', 'verse', 1189, NULL, NULL, NULL, NULL, FALSE, NULL, NULL, NULL);
INSERT INTO verses (id, location_id, display_number) VALUES (2046, 76, 1161);
INSERT INTO options (id, verse_id, position, type, text, target_type, target_verse_dn, target_location_dn, requirement, result, hidden, once, condition_group, conditional_targets, children) VALUES (4244, 2046, 0, 'choice', 'Продолжить.', 'verse', 1165, NULL, NULL, NULL, NULL, FALSE, NULL, NULL, NULL);
INSERT INTO verses (id, location_id, display_number) VALUES (2047, 76, 1162);
INSERT INTO options (id, verse_id, position, type, text, target_type, target_verse_dn, target_location_dn, requirement, result, hidden, once, condition_group, conditional_targets, children) VALUES (4245, 2047, 0, 'choice', 'Остаться и дождаться Короля былого и грядущего. Он оказался в другом времени, но он придёт. Вы знали, что Артур Пендрагон причалит к этим берегам, и неважно когда: через год, пять, десять лет или спустя тысячелетие. И здесь вы будете ждать его, пока не сделаете последний вздох.', 'verse', 1165, NULL, NULL, 'Получите часть 10 достижения «Будущее Авалона».', NULL, FALSE, NULL, NULL, NULL);
INSERT INTO options (id, verse_id, position, type, text, target_type, target_verse_dn, target_location_dn, requirement, result, hidden, once, condition_group, conditional_targets, children) VALUES (4246, 2047, 1, 'choice', 'Вернуться на Западный Авалон. Все мечты Запада оказались бессмысленны. Здесь не найти короля, кроме туатанского.', 'verse', 1161, NULL, NULL, NULL, NULL, FALSE, NULL, NULL, NULL);
INSERT INTO options (id, verse_id, position, type, text, target_type, target_verse_dn, target_location_dn, requirement, result, hidden, once, condition_group, conditional_targets, children) VALUES (4247, 2047, 2, 'choice', 'Вернуться к Багровой колыбели и погрузиться в неё. Возможно, вы исчезнете навсегда. Или возродитесь в ином виде. Кто знает?', 'verse', 1155, NULL, 'Только если у вас нет части 9 достижения «Будущее Авалона». Нужны хотя бы три части достижения «Поворот судьбы» и карта секрета 4.', NULL, NULL, FALSE, NULL, NULL, NULL);
INSERT INTO verses (id, location_id, display_number) VALUES (2048, 76, 1163);
INSERT INTO options (id, verse_id, position, type, text, target_type, target_verse_dn, target_location_dn, requirement, result, hidden, once, condition_group, conditional_targets, children) VALUES (4248, 2048, 0, 'condition', 'Если у вас есть часть 9 достижения «Будущее Авалона».', 'verse', 1164, NULL, NULL, NULL, NULL, FALSE, NULL, NULL, NULL);
INSERT INTO options (id, verse_id, position, type, text, target_type, target_verse_dn, target_location_dn, requirement, result, hidden, once, condition_group, conditional_targets, children) VALUES (4249, 2048, 1, 'choice', 'Продолжить.', 'verse', 1165, NULL, NULL, 'Получите часть 10 достижения «Будущее Авалона».', NULL, FALSE, NULL, NULL, NULL);
INSERT INTO verses (id, location_id, display_number) VALUES (2049, 76, 1164);
INSERT INTO options (id, verse_id, position, type, text, target_type, target_verse_dn, target_location_dn, requirement, result, hidden, once, condition_group, conditional_targets, children) VALUES (4250, 2049, 0, 'choice', 'Продолжить.', 'verse', 1165, NULL, NULL, 'Получите часть 10 достижения «Будущее Авалона».', NULL, FALSE, NULL, NULL, NULL);
INSERT INTO verses (id, location_id, display_number) VALUES (2050, 76, 1165);
INSERT INTO options (id, verse_id, position, type, text, target_type, target_verse_dn, target_location_dn, requirement, result, hidden, once, condition_group, conditional_targets, children) VALUES (4251, 2050, 0, 'condition', 'Если у вас есть часть 1 достижения «Будущее Авалона».', 'verse', 1166, NULL, NULL, NULL, NULL, FALSE, NULL, NULL, NULL);
INSERT INTO options (id, verse_id, position, type, text, target_type, target_verse_dn, target_location_dn, requirement, result, hidden, once, condition_group, conditional_targets, children) VALUES (4252, 2050, 1, 'condition', 'Если у вас есть часть 2 достижения «Будущее Авалона».', 'verse', 1167, NULL, NULL, NULL, NULL, FALSE, NULL, NULL, NULL);
INSERT INTO options (id, verse_id, position, type, text, target_type, target_verse_dn, target_location_dn, requirement, result, hidden, once, condition_group, conditional_targets, children) VALUES (4253, 2050, 2, 'condition', 'Если у вас есть часть 3 достижения «Будущее Авалона».', 'verse', 1168, NULL, NULL, NULL, NULL, FALSE, NULL, NULL, NULL);
INSERT INTO verses (id, location_id, display_number) VALUES (2051, 76, 1166);
INSERT INTO options (id, verse_id, position, type, text, target_type, target_verse_dn, target_location_dn, requirement, result, hidden, once, condition_group, conditional_targets, children) VALUES (4254, 2051, 0, 'condition', 'Если у вас есть часть 4 достижения «Будущее Авалона».', 'verse', 1169, NULL, NULL, NULL, NULL, FALSE, NULL, NULL, NULL);
INSERT INTO options (id, verse_id, position, type, text, target_type, target_verse_dn, target_location_dn, requirement, result, hidden, once, condition_group, conditional_targets, children) VALUES (4255, 2051, 1, 'condition', 'Если у вас есть часть 5 достижения «Будущее Авалона».', 'verse', 1171, NULL, NULL, NULL, NULL, FALSE, NULL, NULL, NULL);
INSERT INTO options (id, verse_id, position, type, text, target_type, target_verse_dn, target_location_dn, requirement, result, hidden, once, condition_group, conditional_targets, children) VALUES (4256, 2051, 2, 'condition', 'В противном случае.', 'verse', 1172, NULL, NULL, NULL, NULL, FALSE, NULL, NULL, NULL);
INSERT INTO verses (id, location_id, display_number) VALUES (2052, 76, 1167);
INSERT INTO options (id, verse_id, position, type, text, target_type, target_verse_dn, target_location_dn, requirement, result, hidden, once, condition_group, conditional_targets, children) VALUES (4257, 2052, 0, 'condition', 'Если у вас есть часть 4 достижения «Будущее Авалона».', 'verse', 1169, NULL, NULL, NULL, NULL, FALSE, NULL, NULL, NULL);
INSERT INTO options (id, verse_id, position, type, text, target_type, target_verse_dn, target_location_dn, requirement, result, hidden, once, condition_group, conditional_targets, children) VALUES (4258, 2052, 1, 'condition', 'Если у вас есть часть 5 достижения «Будущее Авалона».', 'verse', 1171, NULL, NULL, NULL, NULL, FALSE, NULL, NULL, NULL);
INSERT INTO options (id, verse_id, position, type, text, target_type, target_verse_dn, target_location_dn, requirement, result, hidden, once, condition_group, conditional_targets, children) VALUES (4259, 2052, 2, 'condition', 'В противном случае.', 'verse', 1172, NULL, NULL, NULL, NULL, FALSE, NULL, NULL, NULL);
INSERT INTO verses (id, location_id, display_number) VALUES (2053, 76, 1168);
INSERT INTO options (id, verse_id, position, type, text, target_type, target_verse_dn, target_location_dn, requirement, result, hidden, once, condition_group, conditional_targets, children) VALUES (4260, 2053, 0, 'condition', 'Если у вас есть часть 4 достижения «Будущее Авалона».', 'verse', 1169, NULL, NULL, NULL, NULL, FALSE, NULL, NULL, NULL);
INSERT INTO options (id, verse_id, position, type, text, target_type, target_verse_dn, target_location_dn, requirement, result, hidden, once, condition_group, conditional_targets, children) VALUES (4261, 2053, 1, 'condition', 'Если у вас есть часть 5 достижения «Будущее Авалона».', 'verse', 1171, NULL, NULL, NULL, NULL, FALSE, NULL, NULL, NULL);
INSERT INTO options (id, verse_id, position, type, text, target_type, target_verse_dn, target_location_dn, requirement, result, hidden, once, condition_group, conditional_targets, children) VALUES (4262, 2053, 2, 'condition', 'В противном случае.', 'verse', 1172, NULL, NULL, NULL, NULL, FALSE, NULL, NULL, NULL);
INSERT INTO verses (id, location_id, display_number) VALUES (2054, 76, 1169);
INSERT INTO options (id, verse_id, position, type, text, target_type, target_verse_dn, target_location_dn, requirement, result, hidden, once, condition_group, conditional_targets, children) VALUES (4263, 2054, 0, 'condition', 'Если у вас есть часть 5 достижения «Будущее Авалона».', 'verse', 1171, NULL, NULL, NULL, NULL, FALSE, NULL, NULL, NULL);
INSERT INTO options (id, verse_id, position, type, text, target_type, target_verse_dn, target_location_dn, requirement, result, hidden, once, condition_group, conditional_targets, children) VALUES (4264, 2054, 1, 'condition', 'В противном случае.', 'verse', 1172, NULL, NULL, NULL, NULL, FALSE, NULL, NULL, NULL);
INSERT INTO verses (id, location_id, display_number) VALUES (2055, 76, 1170);
INSERT INTO options (id, verse_id, position, type, text, target_type, target_verse_dn, target_location_dn, requirement, result, hidden, once, condition_group, conditional_targets, children) VALUES (4265, 2055, 0, 'choice', 'Продолжить.', 'verse', 1189, NULL, NULL, NULL, NULL, FALSE, NULL, NULL, NULL);
INSERT INTO verses (id, location_id, display_number) VALUES (2056, 76, 1171);
INSERT INTO options (id, verse_id, position, type, text, target_type, target_verse_dn, target_location_dn, requirement, result, hidden, once, condition_group, conditional_targets, children) VALUES (4266, 2056, 0, 'choice', 'Продолжить.', 'verse', 1173, NULL, NULL, NULL, NULL, FALSE, NULL, NULL, NULL);
INSERT INTO verses (id, location_id, display_number) VALUES (2057, 76, 1172);
INSERT INTO options (id, verse_id, position, type, text, target_type, target_verse_dn, target_location_dn, requirement, result, hidden, once, condition_group, conditional_targets, children) VALUES (4267, 2057, 0, 'choice', 'Продолжить.', 'verse', 1173, NULL, NULL, NULL, NULL, FALSE, NULL, NULL, NULL);
INSERT INTO verses (id, location_id, display_number) VALUES (2058, 76, 1173);
INSERT INTO options (id, verse_id, position, type, text, target_type, target_verse_dn, target_location_dn, requirement, result, hidden, once, condition_group, conditional_targets, children) VALUES (4268, 2058, 0, 'condition', 'Если у вас есть часть 6 достижения «Будущее Авалона».', 'verse', 1174, NULL, NULL, NULL, NULL, FALSE, NULL, NULL, NULL);
INSERT INTO options (id, verse_id, position, type, text, target_type, target_verse_dn, target_location_dn, requirement, result, hidden, once, condition_group, conditional_targets, children) VALUES (4269, 2058, 1, 'choice', 'Продолжить.', 'verse', 1175, NULL, NULL, NULL, NULL, FALSE, NULL, NULL, NULL);
INSERT INTO verses (id, location_id, display_number) VALUES (2059, 76, 1174);
INSERT INTO options (id, verse_id, position, type, text, target_type, target_verse_dn, target_location_dn, requirement, result, hidden, once, condition_group, conditional_targets, children) VALUES (4270, 2059, 0, 'choice', 'Продолжить.', 'verse', 1175, NULL, NULL, NULL, NULL, FALSE, NULL, NULL, NULL);
INSERT INTO verses (id, location_id, display_number) VALUES (2060, 76, 1175);
INSERT INTO options (id, verse_id, position, type, text, target_type, target_verse_dn, target_location_dn, requirement, result, hidden, once, condition_group, conditional_targets, children) VALUES (4271, 2060, 0, 'condition', 'Если у вас есть часть 7 достижения «Будущее Авалона».', 'verse', 1176, NULL, NULL, NULL, NULL, FALSE, NULL, NULL, NULL);
INSERT INTO options (id, verse_id, position, type, text, target_type, target_verse_dn, target_location_dn, requirement, result, hidden, once, condition_group, conditional_targets, children) VALUES (4272, 2060, 1, 'choice', 'Продолжить.', 'verse', 1177, NULL, NULL, NULL, NULL, FALSE, NULL, NULL, NULL);
INSERT INTO verses (id, location_id, display_number) VALUES (2061, 76, 1176);
INSERT INTO options (id, verse_id, position, type, text, target_type, target_verse_dn, target_location_dn, requirement, result, hidden, once, condition_group, conditional_targets, children) VALUES (4273, 2061, 0, 'condition', 'Если у вас есть часть 11 достижения «Будущее Авалона».', 'verse', 1153, NULL, NULL, NULL, NULL, FALSE, NULL, NULL, NULL);
INSERT INTO options (id, verse_id, position, type, text, target_type, target_verse_dn, target_location_dn, requirement, result, hidden, once, condition_group, conditional_targets, children) VALUES (4274, 2061, 1, 'condition', 'В противном случае.', 'verse', 1177, NULL, NULL, NULL, NULL, FALSE, NULL, NULL, NULL);
INSERT INTO verses (id, location_id, display_number) VALUES (2062, 76, 1177);
INSERT INTO options (id, verse_id, position, type, text, target_type, target_verse_dn, target_location_dn, requirement, result, hidden, once, condition_group, conditional_targets, children) VALUES (4275, 2062, 0, 'condition', 'Если у вас есть часть 10 достижения «Будущее Авалона».', 'verse', 1170, NULL, NULL, NULL, NULL, FALSE, NULL, NULL, NULL);
INSERT INTO options (id, verse_id, position, type, text, target_type, target_verse_dn, target_location_dn, requirement, result, hidden, once, condition_group, conditional_targets, children) VALUES (4276, 2062, 1, 'condition', 'Если вы играете за Гердвин и у вас нет части 1 достижения «Эпилоги».', 'verse', 1178, NULL, NULL, NULL, NULL, FALSE, NULL, NULL, NULL);
INSERT INTO options (id, verse_id, position, type, text, target_type, target_verse_dn, target_location_dn, requirement, result, hidden, once, condition_group, conditional_targets, children) VALUES (4277, 2062, 2, 'condition', 'Если вы играете за Осберта и у вас нет части 2 достижения «Эпилоги».', 'verse', 1180, NULL, NULL, NULL, NULL, FALSE, NULL, NULL, NULL);
INSERT INTO options (id, verse_id, position, type, text, target_type, target_verse_dn, target_location_dn, requirement, result, hidden, once, condition_group, conditional_targets, children) VALUES (4278, 2062, 3, 'condition', 'Если вы играете за Элгана и у вас нет части 3 достижения «Эпилоги».', 'verse', 1182, NULL, NULL, NULL, NULL, FALSE, NULL, NULL, NULL);
INSERT INTO options (id, verse_id, position, type, text, target_type, target_verse_dn, target_location_dn, requirement, result, hidden, once, condition_group, conditional_targets, children) VALUES (4279, 2062, 4, 'condition', 'Если вы играете за Юнис.', 'verse', 1184, NULL, NULL, NULL, NULL, FALSE, NULL, NULL, NULL);
INSERT INTO options (id, verse_id, position, type, text, target_type, target_verse_dn, target_location_dn, requirement, result, hidden, once, condition_group, conditional_targets, children) VALUES (4280, 2062, 5, 'condition', 'В противном случае.', 'verse', 1189, NULL, NULL, NULL, NULL, FALSE, NULL, NULL, NULL);
INSERT INTO verses (id, location_id, display_number) VALUES (2063, 76, 1178);
INSERT INTO options (id, verse_id, position, type, text, target_type, target_verse_dn, target_location_dn, requirement, result, hidden, once, condition_group, conditional_targets, children) VALUES (4281, 2063, 0, 'condition', 'Если у вас нет ни части 1, ни части 2 достижения «Конец пути».', 'verse', 1191, NULL, NULL, NULL, NULL, FALSE, NULL, NULL, NULL);
INSERT INTO options (id, verse_id, position, type, text, target_type, target_verse_dn, target_location_dn, requirement, result, hidden, once, condition_group, conditional_targets, children) VALUES (4282, 2063, 1, 'condition', 'Если Гердвин в искажённой форме.', 'verse', 1196, NULL, NULL, NULL, NULL, FALSE, NULL, NULL, NULL);
INSERT INTO options (id, verse_id, position, type, text, target_type, target_verse_dn, target_location_dn, requirement, result, hidden, once, condition_group, conditional_targets, children) VALUES (4283, 2063, 2, 'condition', 'Если у вас есть часть 1 достижения «Конец пути».', 'verse', 1179, NULL, NULL, NULL, NULL, FALSE, NULL, NULL, NULL);
INSERT INTO options (id, verse_id, position, type, text, target_type, target_verse_dn, target_location_dn, requirement, result, hidden, once, condition_group, conditional_targets, children) VALUES (4284, 2063, 3, 'choice', 'Продолжить.', 'verse', 1177, NULL, NULL, 'Получите часть 1 достижения «Эпилоги».', NULL, FALSE, NULL, NULL, NULL);
INSERT INTO verses (id, location_id, display_number) VALUES (2064, 76, 1179);
INSERT INTO options (id, verse_id, position, type, text, target_type, target_verse_dn, target_location_dn, requirement, result, hidden, once, condition_group, conditional_targets, children) VALUES (4285, 2064, 0, 'choice', 'Продолжить.', 'verse', 1177, NULL, NULL, 'Получите часть 1 достижения «Эпилоги».', NULL, FALSE, NULL, NULL, NULL);
INSERT INTO verses (id, location_id, display_number) VALUES (2065, 76, 1180);
INSERT INTO options (id, verse_id, position, type, text, target_type, target_verse_dn, target_location_dn, requirement, result, hidden, once, condition_group, conditional_targets, children) VALUES (4286, 2065, 0, 'condition', 'Если у вас нет ни части 3, ни части 4 достижения «Конец пути».', 'verse', 1192, NULL, NULL, NULL, NULL, FALSE, NULL, NULL, NULL);
INSERT INTO options (id, verse_id, position, type, text, target_type, target_verse_dn, target_location_dn, requirement, result, hidden, once, condition_group, conditional_targets, children) VALUES (4287, 2065, 1, 'condition', 'Если Осберт в искажённой форме.', 'verse', 1197, NULL, NULL, NULL, NULL, FALSE, NULL, NULL, NULL);
INSERT INTO options (id, verse_id, position, type, text, target_type, target_verse_dn, target_location_dn, requirement, result, hidden, once, condition_group, conditional_targets, children) VALUES (4288, 2065, 2, 'condition', 'Если у вас есть часть 4 достижения «Конец пути».', 'verse', 1181, NULL, NULL, NULL, NULL, FALSE, NULL, NULL, NULL);
INSERT INTO options (id, verse_id, position, type, text, target_type, target_verse_dn, target_location_dn, requirement, result, hidden, once, condition_group, conditional_targets, children) VALUES (4289, 2065, 3, 'choice', 'Продолжить.', 'verse', 1177, NULL, NULL, 'Получите часть 2 достижения «Эпилоги».', NULL, FALSE, NULL, NULL, NULL);
INSERT INTO verses (id, location_id, display_number) VALUES (2066, 76, 1181);
INSERT INTO options (id, verse_id, position, type, text, target_type, target_verse_dn, target_location_dn, requirement, result, hidden, once, condition_group, conditional_targets, children) VALUES (4290, 2066, 0, 'choice', 'Продолжить.', 'verse', 1177, NULL, NULL, 'Получите часть 2 достижения «Эпилоги».', NULL, FALSE, NULL, NULL, NULL);
INSERT INTO verses (id, location_id, display_number) VALUES (2067, 76, 1182);
INSERT INTO options (id, verse_id, position, type, text, target_type, target_verse_dn, target_location_dn, requirement, result, hidden, once, condition_group, conditional_targets, children) VALUES (4291, 2067, 0, 'condition', 'Если у вас нет ни части 5, ни части 6 достижения «Конец пути».', 'verse', 1193, NULL, NULL, NULL, NULL, FALSE, NULL, NULL, NULL);
INSERT INTO options (id, verse_id, position, type, text, target_type, target_verse_dn, target_location_dn, requirement, result, hidden, once, condition_group, conditional_targets, children) VALUES (4292, 2067, 1, 'condition', 'Если Элган в искажённой форме.', 'verse', 1198, NULL, NULL, NULL, NULL, FALSE, NULL, NULL, NULL);
INSERT INTO options (id, verse_id, position, type, text, target_type, target_verse_dn, target_location_dn, requirement, result, hidden, once, condition_group, conditional_targets, children) VALUES (4293, 2067, 2, 'condition', 'Если у вас есть часть 6 достижения «Конец пути».', 'verse', 1183, NULL, NULL, NULL, NULL, FALSE, NULL, NULL, NULL);
INSERT INTO options (id, verse_id, position, type, text, target_type, target_verse_dn, target_location_dn, requirement, result, hidden, once, condition_group, conditional_targets, children) VALUES (4294, 2067, 3, 'choice', 'Продолжить.', 'verse', 1177, NULL, NULL, 'Получите часть 3 достижения «Эпилоги».', NULL, FALSE, NULL, NULL, NULL);
INSERT INTO verses (id, location_id, display_number) VALUES (2068, 76, 1183);
INSERT INTO options (id, verse_id, position, type, text, target_type, target_verse_dn, target_location_dn, requirement, result, hidden, once, condition_group, conditional_targets, children) VALUES (4295, 2068, 0, 'choice', 'Продолжить.', 'verse', 1177, NULL, NULL, 'Получите часть 3 достижения «Эпилоги».', NULL, FALSE, NULL, NULL, NULL);
INSERT INTO verses (id, location_id, display_number) VALUES (2069, 76, 1184);
INSERT INTO options (id, verse_id, position, type, text, target_type, target_verse_dn, target_location_dn, requirement, result, hidden, once, condition_group, conditional_targets, children) VALUES (4296, 2069, 0, 'condition', 'Если у вас нет ни части 7, ни части 8 достижения «Конец пути».', 'verse', 1194, NULL, NULL, NULL, NULL, FALSE, NULL, NULL, NULL);
INSERT INTO options (id, verse_id, position, type, text, target_type, target_verse_dn, target_location_dn, requirement, result, hidden, once, condition_group, conditional_targets, children) VALUES (4297, 2069, 1, 'condition', 'Если Юнис в искажённой форме.', 'verse', 1199, NULL, NULL, NULL, NULL, FALSE, NULL, NULL, NULL);
INSERT INTO options (id, verse_id, position, type, text, target_type, target_verse_dn, target_location_dn, requirement, result, hidden, once, condition_group, conditional_targets, children) VALUES (4298, 2069, 2, 'condition', 'Если у вас есть часть 7 достижения «Конец пути».', 'verse', 1185, NULL, NULL, NULL, NULL, FALSE, NULL, NULL, NULL);
INSERT INTO options (id, verse_id, position, type, text, target_type, target_verse_dn, target_location_dn, requirement, result, hidden, once, condition_group, conditional_targets, children) VALUES (4299, 2069, 3, 'choice', 'Продолжить.', 'verse', 1189, NULL, NULL, NULL, NULL, FALSE, NULL, NULL, NULL);
INSERT INTO verses (id, location_id, display_number) VALUES (2070, 76, 1185);
INSERT INTO options (id, verse_id, position, type, text, target_type, target_verse_dn, target_location_dn, requirement, result, hidden, once, condition_group, conditional_targets, children) VALUES (4300, 2070, 0, 'choice', 'Продолжить.', 'verse', 1189, NULL, NULL, NULL, NULL, FALSE, NULL, NULL, NULL);
INSERT INTO verses (id, location_id, display_number) VALUES (2071, 76, 1186);
INSERT INTO options (id, verse_id, position, type, text, target_type, target_verse_dn, target_location_dn, requirement, result, hidden, once, condition_group, conditional_targets, children) VALUES (4301, 2071, 0, 'condition', 'Если количество частей достижения «Долг» больше, чем достижения «Возмещение».', 'verse', 1188, NULL, NULL, NULL, NULL, FALSE, NULL, NULL, NULL);
INSERT INTO options (id, verse_id, position, type, text, target_type, target_verse_dn, target_location_dn, requirement, result, hidden, once, condition_group, conditional_targets, children) VALUES (4302, 2071, 1, 'condition', 'В противном случае.', 'verse', 1195, NULL, NULL, NULL, NULL, FALSE, NULL, NULL, NULL);
INSERT INTO verses (id, location_id, display_number) VALUES (2072, 76, 1187);
INSERT INTO options (id, verse_id, position, type, text, target_type, target_verse_dn, target_location_dn, requirement, result, hidden, once, condition_group, conditional_targets, children) VALUES (4303, 2072, 0, 'choice', 'Продолжить.', 'verse', 1186, NULL, NULL, NULL, NULL, FALSE, NULL, NULL, NULL);
INSERT INTO verses (id, location_id, display_number) VALUES (2073, 76, 1188);
INSERT INTO options (id, verse_id, position, type, text, target_type, target_verse_dn, target_location_dn, requirement, result, hidden, once, condition_group, conditional_targets, children) VALUES (4304, 2073, 0, 'choice', 'Продолжить.', 'verse', 1195, NULL, NULL, NULL, NULL, FALSE, NULL, NULL, NULL);
INSERT INTO verses (id, location_id, display_number) VALUES (2074, 76, 1189);
INSERT INTO options (id, verse_id, position, type, text, target_type, target_verse_dn, target_location_dn, requirement, result, hidden, once, condition_group, conditional_targets, children) VALUES (4305, 2074, 0, 'condition', 'Если у вас есть часть 8 достижения «Будущее Авалона».', 'verse', 1200, NULL, NULL, NULL, NULL, FALSE, NULL, NULL, NULL);
INSERT INTO options (id, verse_id, position, type, text, target_type, target_verse_dn, target_location_dn, requirement, result, hidden, once, condition_group, conditional_targets, children) VALUES (4306, 2074, 1, 'condition', 'Если у вас есть часть 9 достижения «Будущее Авалона».', 'verse', 1187, NULL, NULL, NULL, NULL, FALSE, NULL, NULL, NULL);
INSERT INTO options (id, verse_id, position, type, text, target_type, target_verse_dn, target_location_dn, requirement, result, hidden, once, condition_group, conditional_targets, children) VALUES (4307, 2074, 2, 'choice', 'Продолжить.', 'verse', 1186, NULL, NULL, NULL, NULL, FALSE, NULL, NULL, NULL);
INSERT INTO verses (id, location_id, display_number) VALUES (2075, 76, 1190);
INSERT INTO options (id, verse_id, position, type, text, target_type, target_verse_dn, target_location_dn, requirement, result, hidden, once, condition_group, conditional_targets, children) VALUES (4308, 2075, 0, 'choice', 'Продолжить.', 'end', NULL, NULL, NULL, 'Конец.', NULL, FALSE, NULL, NULL, NULL);
INSERT INTO verses (id, location_id, display_number) VALUES (2076, 76, 1191);
INSERT INTO options (id, verse_id, position, type, text, target_type, target_verse_dn, target_location_dn, requirement, result, hidden, once, condition_group, conditional_targets, children) VALUES (4309, 2076, 0, 'choice', 'Продолжить.', 'verse', 1177, NULL, NULL, 'Получите часть 1 достижения «Эпилоги».', NULL, FALSE, NULL, NULL, NULL);
INSERT INTO verses (id, location_id, display_number) VALUES (2077, 76, 1192);
INSERT INTO options (id, verse_id, position, type, text, target_type, target_verse_dn, target_location_dn, requirement, result, hidden, once, condition_group, conditional_targets, children) VALUES (4310, 2077, 0, 'choice', 'Продолжить.', 'verse', 1177, NULL, NULL, 'Получите часть 2 достижения «Эпилоги».', NULL, FALSE, NULL, NULL, NULL);
INSERT INTO verses (id, location_id, display_number) VALUES (2078, 76, 1193);
INSERT INTO options (id, verse_id, position, type, text, target_type, target_verse_dn, target_location_dn, requirement, result, hidden, once, condition_group, conditional_targets, children) VALUES (4311, 2078, 0, 'choice', 'Продолжить.', 'verse', 1177, NULL, NULL, 'Получите часть 3 достижения «Эпилоги».', NULL, FALSE, NULL, NULL, NULL);
INSERT INTO verses (id, location_id, display_number) VALUES (2079, 76, 1194);
INSERT INTO options (id, verse_id, position, type, text, target_type, target_verse_dn, target_location_dn, requirement, result, hidden, once, condition_group, conditional_targets, children) VALUES (4312, 2079, 0, 'choice', 'Продолжить.', 'verse', 1189, NULL, NULL, NULL, NULL, FALSE, NULL, NULL, NULL);
INSERT INTO verses (id, location_id, display_number) VALUES (2080, 76, 1195);
INSERT INTO options (id, verse_id, position, type, text, target_type, target_verse_dn, target_location_dn, requirement, result, hidden, once, condition_group, conditional_targets, children) VALUES (4313, 2080, 0, 'choice', 'Продолжить.', 'verse', 1200, NULL, NULL, NULL, NULL, FALSE, NULL, NULL, NULL);
INSERT INTO verses (id, location_id, display_number) VALUES (2081, 76, 1196);
INSERT INTO options (id, verse_id, position, type, text, target_type, target_verse_dn, target_location_dn, requirement, result, hidden, once, condition_group, conditional_targets, children) VALUES (4314, 2081, 0, 'choice', 'Продолжить.', 'verse', 1177, NULL, NULL, 'Получите часть 1 достижения «Эпилоги».', NULL, FALSE, NULL, NULL, NULL);
INSERT INTO verses (id, location_id, display_number) VALUES (2082, 76, 1197);
INSERT INTO options (id, verse_id, position, type, text, target_type, target_verse_dn, target_location_dn, requirement, result, hidden, once, condition_group, conditional_targets, children) VALUES (4315, 2082, 0, 'choice', 'Продолжить.', 'verse', 1177, NULL, NULL, 'Получите часть 2 достижения «Эпилоги».', NULL, FALSE, NULL, NULL, NULL);
INSERT INTO verses (id, location_id, display_number) VALUES (2083, 76, 1198);
INSERT INTO options (id, verse_id, position, type, text, target_type, target_verse_dn, target_location_dn, requirement, result, hidden, once, condition_group, conditional_targets, children) VALUES (4316, 2083, 0, 'choice', 'Продолжить.', 'verse', 1177, NULL, NULL, 'Получите часть 3 достижения «Эпилоги».', NULL, FALSE, NULL, NULL, NULL);
INSERT INTO verses (id, location_id, display_number) VALUES (2084, 76, 1199);
INSERT INTO options (id, verse_id, position, type, text, target_type, target_verse_dn, target_location_dn, requirement, result, hidden, once, condition_group, conditional_targets, children) VALUES (4317, 2084, 0, 'choice', 'Продолжить.', 'verse', 1189, NULL, NULL, NULL, NULL, FALSE, NULL, NULL, NULL);
INSERT INTO verses (id, location_id, display_number) VALUES (2085, 76, 1200);
INSERT INTO options (id, verse_id, position, type, text, target_type, target_verse_dn, target_location_dn, requirement, result, hidden, once, condition_group, conditional_targets, children) VALUES (4318, 2085, 0, 'choice', 'Продолжить.', 'verse', 1190, NULL, NULL, NULL, NULL, FALSE, NULL, NULL, NULL);
INSERT INTO verses (id, location_id, display_number) VALUES (2086, 76, 1201);
INSERT INTO options (id, verse_id, position, type, text, target_type, target_verse_dn, target_location_dn, requirement, result, hidden, once, condition_group, conditional_targets, children) VALUES (4319, 2086, 0, 'choice', 'Продолжить.', 'verse', 1127, NULL, NULL, 'Каждый персонаж теряет 3 @Health@ (–1 за каждое очко своей @Practicality@) и получает 3 @Terror@ (–1 за каждое очко своей @Courage@).', NULL, FALSE, NULL, NULL, NULL);
INSERT INTO verses (id, location_id, display_number) VALUES (2087, 76, 1202);
INSERT INTO options (id, verse_id, position, type, text, target_type, target_verse_dn, target_location_dn, requirement, result, hidden, once, condition_group, conditional_targets, children) VALUES (4320, 2087, 0, 'choice', 'Продолжить.', 'verse', 1102, NULL, NULL, 'Каждый персонаж теряет 1 @Health@ и получает 1 @Terror@.   Каждый персонаж сбрасывает 1 предмет.', NULL, FALSE, NULL, NULL, NULL);
INSERT INTO verses (id, location_id, display_number) VALUES (2088, 76, 1203);
INSERT INTO options (id, verse_id, position, type, text, target_type, target_verse_dn, target_location_dn, requirement, result, hidden, once, condition_group, conditional_targets, children) VALUES (4321, 2088, 0, 'choice', 'Продолжить.', 'verse', 1102, NULL, NULL, 'Каждый персонаж получает 2 @Terror@.', NULL, FALSE, NULL, NULL, NULL);
INSERT INTO verses (id, location_id, display_number) VALUES (2089, 76, 1204);
INSERT INTO options (id, verse_id, position, type, text, target_type, target_verse_dn, target_location_dn, requirement, result, hidden, once, condition_group, conditional_targets, children) VALUES (4322, 2089, 0, 'choice', 'Продолжить.', 'end', NULL, NULL, NULL, 'Исследование окончено.', NULL, FALSE, NULL, NULL, NULL);
INSERT INTO verses (id, location_id, display_number) VALUES (2090, 76, 1205);
INSERT INTO options (id, verse_id, position, type, text, target_type, target_verse_dn, target_location_dn, requirement, result, hidden, once, condition_group, conditional_targets, children) VALUES (4323, 2090, 0, 'choice', 'Продолжить.', 'cross_location', 425, 999, NULL, NULL, NULL, FALSE, NULL, NULL, NULL);
INSERT INTO verses (id, location_id, display_number) VALUES (2091, 76, 1206);
INSERT INTO options (id, verse_id, position, type, text, target_type, target_verse_dn, target_location_dn, requirement, result, hidden, once, condition_group, conditional_targets, children) VALUES (4324, 2091, 0, 'choice', 'Продолжить.', 'cross_location', 417, 999, NULL, NULL, NULL, FALSE, NULL, NULL, NULL);
INSERT INTO verses (id, location_id, display_number) VALUES (2092, 76, 1207);
INSERT INTO options (id, verse_id, position, type, text, target_type, target_verse_dn, target_location_dn, requirement, result, hidden, once, condition_group, conditional_targets, children) VALUES (4325, 2092, 0, 'choice', 'Продолжить.', 'cross_location', 420, 999, NULL, NULL, NULL, FALSE, NULL, NULL, NULL);
INSERT INTO verses (id, location_id, display_number) VALUES (2093, 76, 1208);
INSERT INTO options (id, verse_id, position, type, text, target_type, target_verse_dn, target_location_dn, requirement, result, hidden, once, condition_group, conditional_targets, children) VALUES (4326, 2093, 0, 'choice', 'Продолжить.', 'end', NULL, NULL, NULL, 'Получите 1 магию за персонажа.  Исследование окончено.', NULL, FALSE, NULL, NULL, NULL);
INSERT INTO verses (id, location_id, display_number) VALUES (2094, 76, 1209);
INSERT INTO options (id, verse_id, position, type, text, target_type, target_verse_dn, target_location_dn, requirement, result, hidden, once, condition_group, conditional_targets, children) VALUES (4327, 2094, 0, 'choice', 'Продолжить.', 'end', NULL, NULL, NULL, 'Исследование окончено.', NULL, FALSE, NULL, NULL, NULL);
INSERT INTO verses (id, location_id, display_number) VALUES (2095, 76, 1210);
INSERT INTO options (id, verse_id, position, type, text, target_type, target_verse_dn, target_location_dn, requirement, result, hidden, once, condition_group, conditional_targets, children) VALUES (4328, 2095, 0, 'choice', 'Обнажить оружие и подойти к нему.', 'cross_location', 203, 999, NULL, NULL, NULL, FALSE, NULL, NULL, NULL);
INSERT INTO options (id, verse_id, position, type, text, target_type, target_verse_dn, target_location_dn, requirement, result, hidden, once, condition_group, conditional_targets, children) VALUES (4329, 2095, 1, 'choice', 'Попробовать с ним договориться.', 'cross_location', 205, 999, NULL, NULL, NULL, FALSE, NULL, NULL, NULL);
INSERT INTO verses (id, location_id, display_number) VALUES (2096, 76, 1211);
INSERT INTO options (id, verse_id, position, type, text, target_type, target_verse_dn, target_location_dn, requirement, result, hidden, once, condition_group, conditional_targets, children) VALUES (4330, 2096, 0, 'choice', 'Продолжить.', 'cross_location', 161, 999, NULL, NULL, NULL, FALSE, NULL, NULL, NULL);
INSERT INTO verses (id, location_id, display_number) VALUES (2097, 76, 1212);
INSERT INTO options (id, verse_id, position, type, text, target_type, target_verse_dn, target_location_dn, requirement, result, hidden, once, condition_group, conditional_targets, children) VALUES (4331, 2097, 0, 'choice', 'Продолжить.', 'end', NULL, NULL, NULL, 'Если у вас нет части 7 достижения «Диковинки», получите 1 магию и часть 7 достижения «Диковинки».  Исследование окончено.', NULL, FALSE, NULL, NULL, NULL);
INSERT INTO verses (id, location_id, display_number) VALUES (2098, 76, 1213);
INSERT INTO options (id, verse_id, position, type, text, target_type, target_verse_dn, target_location_dn, requirement, result, hidden, once, condition_group, conditional_targets, children) VALUES (4332, 2098, 0, 'choice', 'Продолжить.', 'cross_location', 178, 999, NULL, NULL, NULL, FALSE, NULL, NULL, NULL);
INSERT INTO verses (id, location_id, display_number) VALUES (2099, 76, 1214);
INSERT INTO options (id, verse_id, position, type, text, target_type, target_verse_dn, target_location_dn, requirement, result, hidden, once, condition_group, conditional_targets, children) VALUES (4333, 2099, 0, 'choice', 'Продолжить.', 'end', NULL, NULL, NULL, 'Каждый персонаж @Draw@.   Продолжайте встречу.', NULL, FALSE, NULL, NULL, NULL);
INSERT INTO verses (id, location_id, display_number) VALUES (2100, 76, 1215);
INSERT INTO options (id, verse_id, position, type, text, target_type, target_verse_dn, target_location_dn, requirement, result, hidden, once, condition_group, conditional_targets, children) VALUES (4334, 2100, 0, 'choice', 'Продолжить.', 'end', NULL, NULL, NULL, 'Исследование окончено.', NULL, FALSE, NULL, NULL, NULL);
INSERT INTO verses (id, location_id, display_number) VALUES (2101, 76, 1216);
INSERT INTO options (id, verse_id, position, type, text, target_type, target_verse_dn, target_location_dn, requirement, result, hidden, once, condition_group, conditional_targets, children) VALUES (4335, 2101, 0, 'choice', 'Продолжить.', 'end', NULL, NULL, NULL, 'Каждый член команды теряет 1 @Terror@.  Продолжайте встречу.', NULL, FALSE, NULL, NULL, NULL);
INSERT INTO verses (id, location_id, display_number) VALUES (2102, 76, 1217);
INSERT INTO options (id, verse_id, position, type, text, target_type, target_verse_dn, target_location_dn, requirement, result, hidden, once, condition_group, conditional_targets, children) VALUES (4336, 2102, 0, 'choice', 'Продолжить.', 'end', NULL, NULL, NULL, 'Получите 1 предмет Б.   Получите часть 2 достижения «Трофеи искаженья».  Найдите карту встречи «Обезображенный» (фиолетовая, сложность 1) и проведите её. Вне зависимости от её итога исследование окончено.', NULL, FALSE, NULL, NULL, NULL);
INSERT INTO verses (id, location_id, display_number) VALUES (2103, 76, 1218);
INSERT INTO options (id, verse_id, position, type, text, target_type, target_verse_dn, target_location_dn, requirement, result, hidden, once, condition_group, conditional_targets, children) VALUES (4337, 2103, 0, 'choice', 'Продолжить.', 'cross_location', 227, 999, NULL, NULL, NULL, FALSE, NULL, NULL, NULL);
INSERT INTO verses (id, location_id, display_number) VALUES (2104, 76, 1219);
INSERT INTO options (id, verse_id, position, type, text, target_type, target_verse_dn, target_location_dn, requirement, result, hidden, once, condition_group, conditional_targets, children) VALUES (4338, 2104, 0, 'choice', 'Продолжить.', 'end', NULL, NULL, NULL, 'Продолжайте встречу.', NULL, FALSE, NULL, NULL, NULL);
INSERT INTO verses (id, location_id, display_number) VALUES (2105, 76, 1220);
INSERT INTO options (id, verse_id, position, type, text, target_type, target_verse_dn, target_location_dn, requirement, result, hidden, once, condition_group, conditional_targets, children) VALUES (4339, 2105, 0, 'choice', 'Продолжить.', 'end', NULL, NULL, NULL, 'Замените карту погоды «Град» (секретная карта 181 или 187) независимо от того, где она находится, на карту погоды «Заморозки» (секретная карта 180 или 186 соответственно).  Продолжайте встречу.', NULL, FALSE, NULL, NULL, NULL);
INSERT INTO verses (id, location_id, display_number) VALUES (2106, 76, 1221);
INSERT INTO options (id, verse_id, position, type, text, target_type, target_verse_dn, target_location_dn, requirement, result, hidden, once, condition_group, conditional_targets, children) VALUES (4340, 2106, 0, 'choice', 'Продолжить.', 'cross_location', 237, 999, NULL, 'Получите часть 5 достижения «Слухи и сплетни».', NULL, FALSE, NULL, NULL, NULL);
INSERT INTO verses (id, location_id, display_number) VALUES (2107, 76, 1222);
INSERT INTO options (id, verse_id, position, type, text, target_type, target_verse_dn, target_location_dn, requirement, result, hidden, once, condition_group, conditional_targets, children) VALUES (4341, 2107, 0, 'choice', 'Продолжить.', 'cross_location', 265, 999, NULL, NULL, NULL, FALSE, NULL, NULL, NULL);
INSERT INTO verses (id, location_id, display_number) VALUES (2108, 76, 1223);
INSERT INTO options (id, verse_id, position, type, text, target_type, target_verse_dn, target_location_dn, requirement, result, hidden, once, condition_group, conditional_targets, children) VALUES (4342, 2108, 0, 'condition', 'Если у вас есть карта секрета 6.', 'cross_location', 206, 999, NULL, NULL, NULL, FALSE, NULL, NULL, NULL);
INSERT INTO options (id, verse_id, position, type, text, target_type, target_verse_dn, target_location_dn, requirement, result, hidden, once, condition_group, conditional_targets, children) VALUES (4343, 2108, 1, 'condition', 'В противном случае.', 'end', NULL, NULL, NULL, 'Призраки бросились к вам и принялись требовать, чтобы вы отперли башню.  Найдите секретную карту встречи 200 «Мстительные призраки» (синяя) и проведите её. Вне зависимости от её итога получите часть 3 достижения «Дипломат».   Исследование окончено.', NULL, FALSE, NULL, NULL, NULL);
INSERT INTO verses (id, location_id, display_number) VALUES (2109, 76, 1224);
INSERT INTO options (id, verse_id, position, type, text, target_type, target_verse_dn, target_location_dn, requirement, result, hidden, once, condition_group, conditional_targets, children) VALUES (4344, 2109, 0, 'condition', 'Если Клаудин сбегает.', 'cross_location', 304, 999, NULL, NULL, NULL, FALSE, NULL, NULL, NULL);
INSERT INTO options (id, verse_id, position, type, text, target_type, target_verse_dn, target_location_dn, requirement, result, hidden, once, condition_group, conditional_targets, children) VALUES (4345, 2109, 1, 'condition', 'Если вы победили.', 'cross_location', 303, 999, NULL, NULL, NULL, FALSE, NULL, NULL, NULL);
INSERT INTO options (id, verse_id, position, type, text, target_type, target_verse_dn, target_location_dn, requirement, result, hidden, once, condition_group, conditional_targets, children) VALUES (4346, 2109, 2, 'condition', 'В противном случае.', 'end', NULL, NULL, NULL, 'Каждый член команды теряет 1 золото и 1 @Energy@.  Переместите всех членов команды в связанную локацию с наименьшим номером.   Исследование окончено.', NULL, FALSE, NULL, NULL, NULL);
INSERT INTO verses (id, location_id, display_number) VALUES (2110, 76, 1225);
INSERT INTO options (id, verse_id, position, type, text, target_type, target_verse_dn, target_location_dn, requirement, result, hidden, once, condition_group, conditional_targets, children) VALUES (4347, 2110, 0, 'condition', 'Если развязка @GreenOutcome@.', 'cross_location', 309, 999, NULL, NULL, NULL, FALSE, NULL, NULL, NULL);
INSERT INTO options (id, verse_id, position, type, text, target_type, target_verse_dn, target_location_dn, requirement, result, hidden, once, condition_group, conditional_targets, children) VALUES (4348, 2110, 1, 'condition', 'Если развязка @GrayOutcome@.', 'cross_location', 310, 999, NULL, NULL, NULL, FALSE, NULL, NULL, NULL);
INSERT INTO options (id, verse_id, position, type, text, target_type, target_verse_dn, target_location_dn, requirement, result, hidden, once, condition_group, conditional_targets, children) VALUES (4349, 2110, 2, 'condition', 'В противном случае.', 'end', NULL, NULL, NULL, 'Каждый член команды теряет 1 золото и 1 @Energy@.  Переместите всех членов команды в связанную локацию с наименьшим номером.   Исследование окончено.', NULL, FALSE, NULL, NULL, NULL);
INSERT INTO verses (id, location_id, display_number) VALUES (2111, 76, 1226);
INSERT INTO options (id, verse_id, position, type, text, target_type, target_verse_dn, target_location_dn, requirement, result, hidden, once, condition_group, conditional_targets, children) VALUES (4350, 2111, 0, 'choice', 'Продолжить.', 'end', NULL, NULL, NULL, 'Исследование окончено.', NULL, FALSE, NULL, NULL, NULL);
INSERT INTO verses (id, location_id, display_number) VALUES (2112, 76, 1227);
INSERT INTO options (id, verse_id, position, type, text, target_type, target_verse_dn, target_location_dn, requirement, result, hidden, once, condition_group, conditional_targets, children) VALUES (4351, 2112, 0, 'choice', 'Продолжить.', 'cross_location', 320, 999, NULL, NULL, NULL, FALSE, NULL, NULL, NULL);
INSERT INTO verses (id, location_id, display_number) VALUES (2113, 76, 1228);
INSERT INTO options (id, verse_id, position, type, text, target_type, target_verse_dn, target_location_dn, requirement, result, hidden, once, condition_group, conditional_targets, children) VALUES (4352, 2113, 0, 'choice', 'Попытаться убедить их, что вы переродились не до конца.', 'cross_location', 441, 999, NULL, 'Добавьте значение вашей @Empathy@ и проверьте итоговый результат.', NULL, FALSE, NULL, NULL, NULL);
INSERT INTO options (id, verse_id, position, type, text, target_type, target_verse_dn, target_location_dn, requirement, result, hidden, once, condition_group, conditional_targets, children) VALUES (4353, 2113, 1, 'choice', 'Сражаться!', 'cross_location', 442, 999, NULL, 'Добавьте значение вашей @Practicality@ и проверьте итоговый результат.', NULL, FALSE, NULL, NULL, NULL);
INSERT INTO verses (id, location_id, display_number) VALUES (2114, 76, 1229);
INSERT INTO options (id, verse_id, position, type, text, target_type, target_verse_dn, target_location_dn, requirement, result, hidden, once, condition_group, conditional_targets, children) VALUES (4354, 2114, 0, 'choice', 'Продолжить.', 'end', NULL, NULL, NULL, 'Каждый член команды теряет 1 @Health@.   Исследование окончено.', NULL, FALSE, NULL, NULL, NULL);
INSERT INTO verses (id, location_id, display_number) VALUES (2115, 76, 1230);
INSERT INTO options (id, verse_id, position, type, text, target_type, target_verse_dn, target_location_dn, requirement, result, hidden, once, condition_group, conditional_targets, children) VALUES (4355, 2115, 0, 'choice', 'Продолжить.', 'end', NULL, NULL, NULL, 'Каждый член команды получает 1 @Terror@.   Исследование окончено.', NULL, FALSE, NULL, NULL, NULL);
INSERT INTO verses (id, location_id, display_number) VALUES (2116, 76, 1231);
INSERT INTO options (id, verse_id, position, type, text, target_type, target_verse_dn, target_location_dn, requirement, result, hidden, once, condition_group, conditional_targets, children) VALUES (4356, 2116, 0, 'choice', 'Подойти к призрачной фигуре.', 'cross_location', 512, 999, NULL, NULL, NULL, FALSE, NULL, NULL, NULL);
INSERT INTO options (id, verse_id, position, type, text, target_type, target_verse_dn, target_location_dn, requirement, result, hidden, once, condition_group, conditional_targets, children) VALUES (4357, 2116, 1, 'choice', 'Углубиться дальше в город.', 'cross_location', 581, 999, 'Только если вы проходите главу 3—4.', NULL, NULL, FALSE, NULL, NULL, NULL);
INSERT INTO options (id, verse_id, position, type, text, target_type, target_verse_dn, target_location_dn, requirement, result, hidden, once, condition_group, conditional_targets, children) VALUES (4358, 2116, 2, 'choice', 'Покинуть город.', 'end', NULL, NULL, NULL, 'Исследование окончено.', NULL, FALSE, NULL, NULL, NULL);
INSERT INTO verses (id, location_id, display_number) VALUES (2117, 76, 1232);
INSERT INTO options (id, verse_id, position, type, text, target_type, target_verse_dn, target_location_dn, requirement, result, hidden, once, condition_group, conditional_targets, children) VALUES (4359, 2117, 0, 'choice', 'Спросить, как найти крупное янтарное яйцо.', 'cross_location', 505, 999, 'Нужно особое событие Е.', NULL, NULL, FALSE, NULL, NULL, NULL);
INSERT INTO options (id, verse_id, position, type, text, target_type, target_verse_dn, target_location_dn, requirement, result, hidden, once, condition_group, conditional_targets, children) VALUES (4360, 2117, 1, 'choice', 'Уйти.', 'end', NULL, NULL, NULL, 'Уберите кубик из этой локации.   Исследование окончено.', NULL, FALSE, NULL, NULL, NULL);
INSERT INTO verses (id, location_id, display_number) VALUES (2118, 76, 1233);
INSERT INTO options (id, verse_id, position, type, text, target_type, target_verse_dn, target_location_dn, requirement, result, hidden, once, condition_group, conditional_targets, children) VALUES (4361, 2118, 0, 'choice', 'Продолжить.', 'cross_location', 522, 999, NULL, NULL, NULL, FALSE, NULL, NULL, NULL);
INSERT INTO verses (id, location_id, display_number) VALUES (2119, 76, 1234);
INSERT INTO options (id, verse_id, position, type, text, target_type, target_verse_dn, target_location_dn, requirement, result, hidden, once, condition_group, conditional_targets, children) VALUES (4362, 2119, 0, 'choice', 'Продолжить.', 'cross_location', 522, 999, NULL, NULL, NULL, FALSE, NULL, NULL, NULL);
INSERT INTO verses (id, location_id, display_number) VALUES (2120, 76, 1235);
INSERT INTO options (id, verse_id, position, type, text, target_type, target_verse_dn, target_location_dn, requirement, result, hidden, once, condition_group, conditional_targets, children) VALUES (4363, 2120, 0, 'choice', 'Продолжить.', 'cross_location', 546, 999, NULL, NULL, NULL, FALSE, NULL, NULL, NULL);
INSERT INTO verses (id, location_id, display_number) VALUES (2121, 76, 1236);
INSERT INTO options (id, verse_id, position, type, text, target_type, target_verse_dn, target_location_dn, requirement, result, hidden, once, condition_group, conditional_targets, children) VALUES (4364, 2121, 0, 'choice', 'Продолжить.', 'verse', 640, NULL, NULL, NULL, NULL, FALSE, NULL, NULL, NULL);
INSERT INTO verses (id, location_id, display_number) VALUES (2122, 76, 1237);
INSERT INTO options (id, verse_id, position, type, text, target_type, target_verse_dn, target_location_dn, requirement, result, hidden, once, condition_group, conditional_targets, children) VALUES (4365, 2122, 0, 'choice', 'Помочь восстановить дорогу.', 'verse', 602, NULL, 'Потратьте в общей сложности 5 @Energy@, золота и/или еды.', 'Уберите 1 @DarkTT@ из этой локации.', NULL, FALSE, NULL, NULL, NULL);
INSERT INTO options (id, verse_id, position, type, text, target_type, target_verse_dn, target_location_dn, requirement, result, hidden, once, condition_group, conditional_targets, children) VALUES (4366, 2122, 1, 'choice', 'Уйти.', 'end', NULL, NULL, NULL, 'Переместите всех членов команды обратно в локацию, из которой вы пришли.', NULL, FALSE, NULL, NULL, NULL);
INSERT INTO verses (id, location_id, display_number) VALUES (2123, 76, 1238);
INSERT INTO options (id, verse_id, position, type, text, target_type, target_verse_dn, target_location_dn, requirement, result, hidden, once, condition_group, conditional_targets, children) VALUES (4367, 2123, 0, 'choice', 'Продолжить.', 'end', NULL, NULL, NULL, 'Уберите с поля фигурку янтарной царицы Венеды и верните секретную карту 160 в секретную колоду.  Исследование окончено.', NULL, FALSE, NULL, NULL, NULL);
INSERT INTO verses (id, location_id, display_number) VALUES (2124, 76, 1239);
INSERT INTO options (id, verse_id, position, type, text, target_type, target_verse_dn, target_location_dn, requirement, result, hidden, once, condition_group, conditional_targets, children) VALUES (4368, 2124, 0, 'choice', 'Продолжить.', 'end', NULL, NULL, NULL, 'Уберите фигурку янтарной царицы Венеды с поля и верните секретную карту 160 в секретную колоду.  Исследование окончено.', NULL, FALSE, NULL, NULL, NULL);
INSERT INTO verses (id, location_id, display_number) VALUES (2125, 76, 1240);
INSERT INTO options (id, verse_id, position, type, text, target_type, target_verse_dn, target_location_dn, requirement, result, hidden, once, condition_group, conditional_targets, children) VALUES (4369, 2125, 0, 'choice', 'Ровно 1 за члена команды или меньше.', 'end', NULL, NULL, NULL, 'Во время битвы вы наблюдали за Нонием, стараясь разгадать его слабые стороны, и примечали, куда его поражали предтечи.   Поместите 1 красный маркер на карту секрета 50.', NULL, FALSE, NULL, NULL, NULL);
INSERT INTO options (id, verse_id, position, type, text, target_type, target_verse_dn, target_location_dn, requirement, result, hidden, once, condition_group, conditional_targets, children) VALUES (4370, 2125, 1, 'choice', 'Больше чем 1 за члена команды.', 'verse', 694, NULL, NULL, NULL, NULL, FALSE, NULL, NULL, NULL);
INSERT INTO verses (id, location_id, display_number) VALUES (2126, 76, 1241);
INSERT INTO options (id, verse_id, position, type, text, target_type, target_verse_dn, target_location_dn, requirement, result, hidden, once, condition_group, conditional_targets, children) VALUES (4371, 2126, 0, 'choice', 'Продолжить.', 'verse', 743, NULL, NULL, NULL, NULL, FALSE, NULL, NULL, NULL);
INSERT INTO verses (id, location_id, display_number) VALUES (2127, 76, 1242);
INSERT INTO options (id, verse_id, position, type, text, target_type, target_verse_dn, target_location_dn, requirement, result, hidden, once, condition_group, conditional_targets, children) VALUES (4372, 2127, 0, 'condition', 'Если развязка @GreenOutcome@.', 'verse', 737, NULL, NULL, NULL, NULL, FALSE, NULL, NULL, NULL);
INSERT INTO options (id, verse_id, position, type, text, target_type, target_verse_dn, target_location_dn, requirement, result, hidden, once, condition_group, conditional_targets, children) VALUES (4373, 2127, 1, 'condition', 'В противном случае.', 'end', NULL, NULL, NULL, 'Исследование окончено.', NULL, FALSE, NULL, NULL, NULL);
INSERT INTO verses (id, location_id, display_number) VALUES (2128, 76, 1243);
INSERT INTO options (id, verse_id, position, type, text, target_type, target_verse_dn, target_location_dn, requirement, result, hidden, once, condition_group, conditional_targets, children) VALUES (4374, 2128, 0, 'choice', 'Продолжить.', 'verse', 806, NULL, NULL, 'Переместите вашего персонажа в одну из следующих локаций: 132 (либо 132-Б), 135 или 140. Не применяйте @Thunder@ эффекты в этих локациях.  Важно: отряды Валески не смогут сдерживать янтарную царицу вечно. Когда @LightTT@ на секретной карте 174 закончатся, сопротивление Валески будет сломлено, и вам придётся сражаться.', NULL, FALSE, NULL, NULL, NULL);
INSERT INTO verses (id, location_id, display_number) VALUES (2129, 76, 1244);
INSERT INTO options (id, verse_id, position, type, text, target_type, target_verse_dn, target_location_dn, requirement, result, hidden, once, condition_group, conditional_targets, children) VALUES (4375, 2129, 0, 'choice', 'Продолжить.', 'end', NULL, NULL, NULL, 'Исследование окончено.', NULL, FALSE, NULL, NULL, NULL);
INSERT INTO verses (id, location_id, display_number) VALUES (2130, 76, 1245);
INSERT INTO options (id, verse_id, position, type, text, target_type, target_verse_dn, target_location_dn, requirement, result, hidden, once, condition_group, conditional_targets, children) VALUES (4376, 2130, 0, 'choice', 'Продолжить.', 'end', NULL, NULL, NULL, 'Исследование окончено.', NULL, FALSE, NULL, NULL, NULL);
INSERT INTO verses (id, location_id, display_number) VALUES (2131, 76, 1246);
INSERT INTO options (id, verse_id, position, type, text, target_type, target_verse_dn, target_location_dn, requirement, result, hidden, once, condition_group, conditional_targets, children) VALUES (4377, 2131, 0, 'condition', 'Если вы победили.', 'verse', 788, NULL, NULL, 'Получите часть 7 достижения «Бессердечность».', NULL, FALSE, NULL, NULL, NULL);
INSERT INTO options (id, verse_id, position, type, text, target_type, target_verse_dn, target_location_dn, requirement, result, hidden, once, condition_group, conditional_targets, children) VALUES (4378, 2131, 1, 'condition', 'В противном случае.', 'end', NULL, NULL, NULL, 'Вас прогнали из усадьбы.  Новая зацепка: вернитесь в усадьбу и найдите другой способ защитить свои притязания.  Исследование окончено.', NULL, FALSE, NULL, NULL, NULL);
INSERT INTO verses (id, location_id, display_number) VALUES (2132, 76, 1247);
INSERT INTO options (id, verse_id, position, type, text, target_type, target_verse_dn, target_location_dn, requirement, result, hidden, once, condition_group, conditional_targets, children) VALUES (4379, 2132, 0, 'choice', 'Продолжить.', 'verse', 795, NULL, NULL, 'Каждый персонаж получает 1 опыт.', NULL, FALSE, NULL, NULL, NULL);
INSERT INTO verses (id, location_id, display_number) VALUES (2133, 76, 1248);
INSERT INTO options (id, verse_id, position, type, text, target_type, target_verse_dn, target_location_dn, requirement, result, hidden, once, condition_group, conditional_targets, children) VALUES (4380, 2133, 0, 'choice', '1—2.', 'verse', 1248, NULL, NULL, 'Вы гребли изо всех сил и потеряли часть вещей, которые ушли прямо на дно.  Сбросьте 1 случайный предмет.', NULL, FALSE, NULL, NULL, NULL);
INSERT INTO options (id, verse_id, position, type, text, target_type, target_verse_dn, target_location_dn, requirement, result, hidden, once, condition_group, conditional_targets, children) VALUES (4381, 2133, 1, 'choice', '3—4.', 'verse', 1248, NULL, NULL, 'На вас посыпался град стрел. Многие из них достигли своей цели.  Потеряйте 3 @Health@ (–1, если у вас есть предмет с ключевым словом «броня»).', NULL, FALSE, NULL, NULL, NULL);
INSERT INTO options (id, verse_id, position, type, text, target_type, target_verse_dn, target_location_dn, requirement, result, hidden, once, condition_group, conditional_targets, children) VALUES (4382, 2133, 2, 'choice', '5.', 'verse', 1248, NULL, NULL, 'Одна стрела немного задела вас.  Потеряйте 1 @Health@ (–1, если у вас есть предмет с ключевым словом «броня»).', NULL, FALSE, NULL, NULL, NULL);
INSERT INTO options (id, verse_id, position, type, text, target_type, target_verse_dn, target_location_dn, requirement, result, hidden, once, condition_group, conditional_targets, children) VALUES (4383, 2133, 3, 'choice', '6.', 'verse', 1248, NULL, NULL, 'В воду вокруг посыпался град стрел, но вас не задело.   Ничего не произошло.', NULL, FALSE, NULL, NULL, NULL);
INSERT INTO options (id, verse_id, position, type, text, target_type, target_verse_dn, target_location_dn, requirement, result, hidden, once, condition_group, conditional_targets, children) VALUES (4384, 2133, 4, 'choice', 'Если все персонажи бросили кубик.', 'verse', 871, NULL, NULL, NULL, NULL, FALSE, NULL, NULL, NULL);
INSERT INTO verses (id, location_id, display_number) VALUES (2134, 76, 1249);
INSERT INTO options (id, verse_id, position, type, text, target_type, target_verse_dn, target_location_dn, requirement, result, hidden, once, condition_group, conditional_targets, children) VALUES (4385, 2134, 0, 'choice', 'Продолжить.', 'end', NULL, NULL, NULL, 'Исследование окончено.', NULL, FALSE, NULL, NULL, NULL);
INSERT INTO verses (id, location_id, display_number) VALUES (2135, 76, 1250);
INSERT INTO options (id, verse_id, position, type, text, target_type, target_verse_dn, target_location_dn, requirement, result, hidden, once, condition_group, conditional_targets, children) VALUES (4386, 2135, 0, 'choice', 'Если Венеда сбежала.', 'verse', 924, NULL, NULL, NULL, NULL, FALSE, NULL, NULL, NULL);
INSERT INTO options (id, verse_id, position, type, text, target_type, target_verse_dn, target_location_dn, requirement, result, hidden, once, condition_group, conditional_targets, children) VALUES (4387, 2135, 1, 'choice', 'Если вы победили.', 'verse', 923, NULL, NULL, NULL, NULL, FALSE, NULL, NULL, NULL);
INSERT INTO options (id, verse_id, position, type, text, target_type, target_verse_dn, target_location_dn, requirement, result, hidden, once, condition_group, conditional_targets, children) VALUES (4388, 2135, 2, 'choice', 'В противном случае.', 'end', NULL, NULL, NULL, 'Каждый член команды теряет 1 золото и 1 @Energy@.   Переместите всех членов команды в связанную локацию с наименьшим номером.  Исследование окончено.', NULL, FALSE, NULL, NULL, NULL);
INSERT INTO verses (id, location_id, display_number) VALUES (2136, 76, 1251);
INSERT INTO options (id, verse_id, position, type, text, target_type, target_verse_dn, target_location_dn, requirement, result, hidden, once, condition_group, conditional_targets, children) VALUES (4389, 2136, 0, 'choice', 'Если развязка @GreenOutcome@.', 'verse', 934, NULL, NULL, NULL, NULL, FALSE, NULL, NULL, NULL);
INSERT INTO options (id, verse_id, position, type, text, target_type, target_verse_dn, target_location_dn, requirement, result, hidden, once, condition_group, conditional_targets, children) VALUES (4390, 2136, 1, 'choice', 'Если развязка @GrayOutcome@.', 'verse', 935, NULL, NULL, NULL, NULL, FALSE, NULL, NULL, NULL);
INSERT INTO options (id, verse_id, position, type, text, target_type, target_verse_dn, target_location_dn, requirement, result, hidden, once, condition_group, conditional_targets, children) VALUES (4391, 2136, 2, 'choice', 'В противном случае.', 'end', NULL, NULL, NULL, 'Каждый член команды теряет 1 золото и 1 @Energy@.   Ппереместите всех членов команды в связанную локацию с наименьшим номером.  Исследование окончено.', NULL, FALSE, NULL, NULL, NULL);
INSERT INTO verses (id, location_id, display_number) VALUES (2137, 76, 1252);
INSERT INTO options (id, verse_id, position, type, text, target_type, target_verse_dn, target_location_dn, requirement, result, hidden, once, condition_group, conditional_targets, children) VALUES (4392, 2137, 0, 'choice', 'Продолжить.', 'end', NULL, NULL, NULL, 'Продолжайте встречу.', NULL, FALSE, NULL, NULL, NULL);
INSERT INTO verses (id, location_id, display_number) VALUES (2138, 76, 1253);
INSERT INTO options (id, verse_id, position, type, text, target_type, target_verse_dn, target_location_dn, requirement, result, hidden, once, condition_group, conditional_targets, children) VALUES (4393, 2138, 0, 'choice', 'Продолжить.', 'end', NULL, NULL, NULL, 'Каждый персонаж @Draw@.  Продолжайте встречу.', NULL, FALSE, NULL, NULL, NULL);
INSERT INTO verses (id, location_id, display_number) VALUES (2139, 76, 1254);
INSERT INTO options (id, verse_id, position, type, text, target_type, target_verse_dn, target_location_dn, requirement, result, hidden, once, condition_group, conditional_targets, children) VALUES (4394, 2139, 0, 'choice', 'Продолжить.', 'end', NULL, NULL, NULL, 'Продолжайте встречу.', NULL, FALSE, NULL, NULL, NULL);
INSERT INTO verses (id, location_id, display_number) VALUES (2140, 76, 1255);
INSERT INTO options (id, verse_id, position, type, text, target_type, target_verse_dn, target_location_dn, requirement, result, hidden, once, condition_group, conditional_targets, children) VALUES (4395, 2140, 0, 'choice', 'Продолжить.', 'end', NULL, NULL, NULL, 'Продолжайте встречу.', NULL, FALSE, NULL, NULL, NULL);
INSERT INTO verses (id, location_id, display_number) VALUES (2141, 76, 1256);
INSERT INTO options (id, verse_id, position, type, text, target_type, target_verse_dn, target_location_dn, requirement, result, hidden, once, condition_group, conditional_targets, children) VALUES (4396, 2141, 0, 'condition', 'Если вы играете за Юнис.', 'verse', 1054, NULL, NULL, 'Получите часть 8 достижения «Засуха».', NULL, FALSE, NULL, NULL, NULL);
INSERT INTO options (id, verse_id, position, type, text, target_type, target_verse_dn, target_location_dn, requirement, result, hidden, once, condition_group, conditional_targets, children) VALUES (4397, 2141, 1, 'choice', 'Продолжить.', 'verse', 1034, NULL, NULL, 'Получите часть 8 достижения «Засуха».', NULL, FALSE, NULL, NULL, NULL);
INSERT INTO verses (id, location_id, display_number) VALUES (2142, 76, 1257);
INSERT INTO options (id, verse_id, position, type, text, target_type, target_verse_dn, target_location_dn, requirement, result, hidden, once, condition_group, conditional_targets, children) VALUES (4398, 2142, 0, 'choice', 'Обнажить оружие и подойти к нему.', 'cross_location', 203, 999, NULL, NULL, NULL, FALSE, NULL, NULL, NULL);
INSERT INTO options (id, verse_id, position, type, text, target_type, target_verse_dn, target_location_dn, requirement, result, hidden, once, condition_group, conditional_targets, children) VALUES (4399, 2142, 1, 'choice', 'Попробовать с ним договориться.', 'cross_location', 205, 999, NULL, NULL, NULL, FALSE, NULL, NULL, NULL);
INSERT INTO verses (id, location_id, display_number) VALUES (2143, 76, 1258);
INSERT INTO options (id, verse_id, position, type, text, target_type, target_verse_dn, target_location_dn, requirement, result, hidden, once, condition_group, conditional_targets, children) VALUES (4400, 2143, 0, 'choice', 'Продолжить.', 'verse', 1047, NULL, NULL, NULL, NULL, FALSE, NULL, NULL, NULL);
INSERT INTO verses (id, location_id, display_number) VALUES (2144, 76, 1259);
INSERT INTO options (id, verse_id, position, type, text, target_type, target_verse_dn, target_location_dn, requirement, result, hidden, once, condition_group, conditional_targets, children) VALUES (4401, 2144, 0, 'condition', 'Если у вас есть часть 1 достижения «Засуха».', 'verse', 1065, NULL, NULL, NULL, NULL, FALSE, NULL, NULL, NULL);
INSERT INTO options (id, verse_id, position, type, text, target_type, target_verse_dn, target_location_dn, requirement, result, hidden, once, condition_group, conditional_targets, children) VALUES (4402, 2144, 1, 'condition', 'Если Изолют Золотая Маска на поле.', 'cross_location', 352, 999, NULL, 'Найдите секретную карту 176 в колоде событий, колоде случайных событий или области активных событий и уберите её из игры, затем перемешайте колоду случайных событий.', NULL, FALSE, NULL, NULL, NULL);
INSERT INTO options (id, verse_id, position, type, text, target_type, target_verse_dn, target_location_dn, requirement, result, hidden, once, condition_group, conditional_targets, children) VALUES (4403, 2144, 2, 'condition', 'В противном случае.', 'verse', 1099, NULL, NULL, 'Найдите секретную карту 176 в колоде событий, колоде случайных событий или области активных событий и уберите её из игры, затем перемешайте колоду случайных событий.', NULL, FALSE, NULL, NULL, NULL);
INSERT INTO verses (id, location_id, display_number) VALUES (2145, 76, 1260);
INSERT INTO options (id, verse_id, position, type, text, target_type, target_verse_dn, target_location_dn, requirement, result, hidden, once, condition_group, conditional_targets, children) VALUES (4404, 2145, 0, 'condition', 'Если вы победили.', 'cross_location', 574, 999, NULL, NULL, NULL, FALSE, NULL, NULL, NULL);
INSERT INTO options (id, verse_id, position, type, text, target_type, target_verse_dn, target_location_dn, requirement, result, hidden, once, condition_group, conditional_targets, children) VALUES (4405, 2145, 1, 'condition', 'В противном случае.', 'end', NULL, NULL, NULL, 'Исследование окончено.', NULL, FALSE, NULL, NULL, NULL);
INSERT INTO verses (id, location_id, display_number) VALUES (2146, 76, 1261);
INSERT INTO options (id, verse_id, position, type, text, target_type, target_verse_dn, target_location_dn, requirement, result, hidden, once, condition_group, conditional_targets, children) VALUES (4406, 2146, 0, 'condition', 'Если вы победили.', 'cross_location', 550, 999, NULL, NULL, NULL, FALSE, NULL, NULL, NULL);
INSERT INTO options (id, verse_id, position, type, text, target_type, target_verse_dn, target_location_dn, requirement, result, hidden, once, condition_group, conditional_targets, children) VALUES (4407, 2146, 1, 'condition', 'В противном случае.', 'end', NULL, NULL, NULL, 'Исследование окончено.', NULL, FALSE, NULL, NULL, NULL);
INSERT INTO verses (id, location_id, display_number) VALUES (2147, 76, 1262);
INSERT INTO options (id, verse_id, position, type, text, target_type, target_verse_dn, target_location_dn, requirement, result, hidden, once, condition_group, conditional_targets, children) VALUES (4408, 2147, 0, 'condition', 'Если развязка @GreenOutcome@.', 'cross_location', 550, 999, NULL, NULL, NULL, FALSE, NULL, NULL, NULL);
INSERT INTO options (id, verse_id, position, type, text, target_type, target_verse_dn, target_location_dn, requirement, result, hidden, once, condition_group, conditional_targets, children) VALUES (4409, 2147, 1, 'condition', 'В противном случае.', 'end', NULL, NULL, NULL, 'Исследование окончено.', NULL, FALSE, NULL, NULL, NULL);
INSERT INTO verses (id, location_id, display_number) VALUES (2148, 76, 1263);
INSERT INTO options (id, verse_id, position, type, text, target_type, target_verse_dn, target_location_dn, requirement, result, hidden, once, condition_group, conditional_targets, children) VALUES (4410, 2148, 0, 'choice', 'Подобраться к Клаудину поближе.', 'cross_location', 585, 999, NULL, NULL, NULL, FALSE, NULL, NULL, NULL);
INSERT INTO options (id, verse_id, position, type, text, target_type, target_verse_dn, target_location_dn, requirement, result, hidden, once, condition_group, conditional_targets, children) VALUES (4411, 2148, 1, 'choice', 'Потихоньку уйти восвояси.', 'cross_location', 587, 999, NULL, NULL, NULL, FALSE, NULL, NULL, NULL);

INSERT INTO locations (id, campaign_id, display_number, name) VALUES (77, 1, 1101, '150 Тропа рабов');
INSERT INTO verses (id, location_id, display_number) VALUES (2149, 77, 0);
INSERT INTO options (id, verse_id, position, type, text, target_type, target_verse_dn, target_location_dn, requirement, result, hidden, once, condition_group, conditional_targets, children) VALUES (4412, 2149, 0, 'choice', 'Помочь Килану спуститься к причалу.', 'verse', 1, NULL, NULL, NULL, NULL, FALSE, NULL, NULL, NULL);
INSERT INTO options (id, verse_id, position, type, text, target_type, target_verse_dn, target_location_dn, requirement, result, hidden, once, condition_group, conditional_targets, children) VALUES (4413, 2149, 1, 'choice', 'Бежать к причалу в одиночку.', 'verse', 2, NULL, NULL, NULL, NULL, FALSE, NULL, NULL, NULL);
INSERT INTO options (id, verse_id, position, type, text, target_type, target_verse_dn, target_location_dn, requirement, result, hidden, once, condition_group, conditional_targets, children) VALUES (4414, 2149, 2, 'choice', 'Сказать Килану, что корабль слишком далеко, нужен другой план.', 'verse', 3, NULL, NULL, NULL, NULL, FALSE, NULL, NULL, NULL);
INSERT INTO verses (id, location_id, display_number) VALUES (2150, 77, 1);
INSERT INTO options (id, verse_id, position, type, text, target_type, target_verse_dn, target_location_dn, requirement, result, hidden, once, condition_group, conditional_targets, children) VALUES (4415, 2150, 0, 'choice', 'Продолжить.', 'verse', 3, NULL, NULL, 'Получите часть 1 достижения «Брошенные»: отметьте ячейку под номером 1 рядом с этим названием на листе достижений.', NULL, FALSE, NULL, NULL, NULL);
INSERT INTO verses (id, location_id, display_number) VALUES (2151, 77, 2);
INSERT INTO options (id, verse_id, position, type, text, target_type, target_verse_dn, target_location_dn, requirement, result, hidden, once, condition_group, conditional_targets, children) VALUES (4416, 2151, 0, 'choice', 'Продолжить.', 'verse', 3, NULL, NULL, 'Получите 1 @Terror@ (переместите маркер по шкале @Terror@ с 0 на 1).', NULL, FALSE, NULL, NULL, NULL);
INSERT INTO verses (id, location_id, display_number) VALUES (2152, 77, 3);
INSERT INTO options (id, verse_id, position, type, text, target_type, target_verse_dn, target_location_dn, requirement, result, hidden, once, condition_group, conditional_targets, children) VALUES (4417, 2152, 0, 'choice', 'Продолжить.', 'end', NULL, NULL, NULL, 'Исследование окончено. Эта фраза значит, что нужно закрыть журнал исследований и вернуться к игре.  См. часть 6 обучающего буклета.', NULL, FALSE, NULL, NULL, NULL);

INSERT INTO locations (id, campaign_id, display_number, name) VALUES (78, 1, 1102, '110 Перевал Короля');
INSERT INTO verses (id, location_id, display_number) VALUES (2153, 78, 0);
INSERT INTO options (id, verse_id, position, type, text, target_type, target_verse_dn, target_location_dn, requirement, result, hidden, once, condition_group, conditional_targets, children) VALUES (4418, 2153, 0, 'choice', '1 @Energy@ Послушать, что рассказывают другие путники.', 'verse', 1, NULL, NULL, NULL, NULL, FALSE, NULL, NULL, NULL);
INSERT INTO options (id, verse_id, position, type, text, target_type, target_verse_dn, target_location_dn, requirement, result, hidden, once, condition_group, conditional_targets, children) VALUES (4419, 2153, 1, 'choice', '1 @Energy@ Поискать лекарство.', 'verse', 3, NULL, 'Потратьте 1 золото или 1 магию.', NULL, NULL, FALSE, NULL, NULL, NULL);
INSERT INTO verses (id, location_id, display_number) VALUES (2154, 78, 1);
INSERT INTO options (id, verse_id, position, type, text, target_type, target_verse_dn, target_location_dn, requirement, result, hidden, once, condition_group, conditional_targets, children) VALUES (4420, 2154, 0, 'choice', 'Продолжить.', 'verse', 3, NULL, 'Потратьте 1 золото или 1 магию.', NULL, NULL, FALSE, NULL, NULL, NULL);
INSERT INTO verses (id, location_id, display_number) VALUES (2155, 78, 2);
INSERT INTO options (id, verse_id, position, type, text, target_type, target_verse_dn, target_location_dn, requirement, result, hidden, once, condition_group, conditional_targets, children) VALUES (4421, 2155, 0, 'choice', 'Продолжить.', 'end', NULL, NULL, NULL, 'У Гердвин 0 @Energy@. Она не может выполнять действия и заканчивает день измождённой. Вскоре вы узнаете, что это значит.  Исследование окончено. См. часть 11 обучающего буклета.', NULL, FALSE, NULL, NULL, NULL);
INSERT INTO verses (id, location_id, display_number) VALUES (2156, 78, 3);
INSERT INTO options (id, verse_id, position, type, text, target_type, target_verse_dn, target_location_dn, requirement, result, hidden, once, condition_group, conditional_targets, children) VALUES (4422, 2156, 0, 'choice', 'Продолжить.', 'verse', 2, NULL, NULL, 'Получите часть 2 достижения «Брошенные»: отметьте ячейку под номером 2 рядом с этим названием на листе достижений.  Уберите путеводный камень из правого нижнего угла локации 150.', NULL, FALSE, NULL, NULL, NULL);

INSERT INTO locations (id, campaign_id, display_number, name) VALUES (79, 1, 1103, 'Обучающая книга секретов');
INSERT INTO verses (id, location_id, display_number) VALUES (2157, 79, 626);
INSERT INTO options (id, verse_id, position, type, text, target_type, target_verse_dn, target_location_dn, requirement, result, hidden, once, condition_group, conditional_targets, children) VALUES (4423, 2157, 0, 'choice', 'Продолжить.', 'verse', 627, NULL, 'Если у вас есть часть 2 достижения «Брошенные».', NULL, NULL, FALSE, NULL, NULL, NULL);
INSERT INTO options (id, verse_id, position, type, text, target_type, target_verse_dn, target_location_dn, requirement, result, hidden, once, condition_group, conditional_targets, children) VALUES (4424, 2157, 1, 'choice', 'Продолжить.', 'verse', 628, NULL, NULL, NULL, NULL, FALSE, NULL, NULL, NULL);
INSERT INTO verses (id, location_id, display_number) VALUES (2158, 79, 627);
INSERT INTO options (id, verse_id, position, type, text, target_type, target_verse_dn, target_location_dn, requirement, result, hidden, once, condition_group, conditional_targets, children) VALUES (4425, 2158, 0, 'choice', 'Продолжить.', 'verse', 629, NULL, 'Если у вас есть часть 1 достижения «Брошенные».', NULL, NULL, FALSE, NULL, NULL, NULL);
INSERT INTO options (id, verse_id, position, type, text, target_type, target_verse_dn, target_location_dn, requirement, result, hidden, once, condition_group, conditional_targets, children) VALUES (4426, 2158, 1, 'choice', 'Продолжить.', 'verse', 630, NULL, NULL, NULL, NULL, FALSE, NULL, NULL, NULL);
INSERT INTO verses (id, location_id, display_number) VALUES (2159, 79, 628);
INSERT INTO options (id, verse_id, position, type, text, target_type, target_verse_dn, target_location_dn, requirement, result, hidden, once, condition_group, conditional_targets, children) VALUES (4427, 2159, 0, 'choice', 'Продолжить.', 'verse', 627, NULL, NULL, 'Теперь отметьте часть 2 достижения «Брошенные» на листе достижений.', NULL, FALSE, NULL, NULL, NULL);
INSERT INTO verses (id, location_id, display_number) VALUES (2160, 79, 629);
INSERT INTO options (id, verse_id, position, type, text, target_type, target_verse_dn, target_location_dn, requirement, result, hidden, once, condition_group, conditional_targets, children) VALUES (4428, 2160, 0, 'choice', 'Продолжить.', 'verse', 631, NULL, NULL, NULL, NULL, FALSE, NULL, NULL, NULL);
INSERT INTO verses (id, location_id, display_number) VALUES (2161, 79, 630);
INSERT INTO options (id, verse_id, position, type, text, target_type, target_verse_dn, target_location_dn, requirement, result, hidden, once, condition_group, conditional_targets, children) VALUES (4429, 2161, 0, 'choice', 'Продолжить.', 'verse', 631, NULL, NULL, NULL, NULL, FALSE, NULL, NULL, NULL);
INSERT INTO verses (id, location_id, display_number) VALUES (2162, 79, 631);
INSERT INTO options (id, verse_id, position, type, text, target_type, target_verse_dn, target_location_dn, requirement, result, hidden, once, condition_group, conditional_targets, children) VALUES (4430, 2162, 0, 'choice', 'Продолжить.', 'end', NULL, NULL, NULL, 'Исследование окончено.  См. часть 14 обучающего буклета.', NULL, FALSE, NULL, NULL, NULL);

INSERT INTO locations (id, campaign_id, display_number, name) VALUES (80, 1, 1201, 'Часть 1. Элган');
INSERT INTO verses (id, location_id, display_number) VALUES (2163, 80, 1);
INSERT INTO options (id, verse_id, position, type, text, target_type, target_verse_dn, target_location_dn, requirement, result, hidden, once, condition_group, conditional_targets, children) VALUES (4431, 2163, 0, 'choice', 'Воспоминание окончено.', 'end', NULL, NULL, NULL, NULL, NULL, FALSE, NULL, NULL, NULL);
INSERT INTO verses (id, location_id, display_number) VALUES (2164, 80, 2);
INSERT INTO options (id, verse_id, position, type, text, target_type, target_verse_dn, target_location_dn, requirement, result, hidden, once, condition_group, conditional_targets, children) VALUES (4432, 2164, 0, 'choice', 'Воспоминание окончено.', 'end', NULL, NULL, NULL, NULL, NULL, FALSE, NULL, NULL, NULL);
INSERT INTO verses (id, location_id, display_number) VALUES (2165, 80, 3);
INSERT INTO options (id, verse_id, position, type, text, target_type, target_verse_dn, target_location_dn, requirement, result, hidden, once, condition_group, conditional_targets, children) VALUES (4433, 2165, 0, 'choice', 'Воспоминание окончено.', 'end', NULL, NULL, NULL, NULL, NULL, FALSE, NULL, NULL, NULL);
INSERT INTO verses (id, location_id, display_number) VALUES (2166, 80, 4);
INSERT INTO options (id, verse_id, position, type, text, target_type, target_verse_dn, target_location_dn, requirement, result, hidden, once, condition_group, conditional_targets, children) VALUES (4434, 2166, 0, 'choice', 'Воспоминание окончено.', 'end', NULL, NULL, NULL, NULL, NULL, FALSE, NULL, NULL, NULL);
INSERT INTO verses (id, location_id, display_number) VALUES (2167, 80, 5);
INSERT INTO options (id, verse_id, position, type, text, target_type, target_verse_dn, target_location_dn, requirement, result, hidden, once, condition_group, conditional_targets, children) VALUES (4435, 2167, 0, 'choice', 'Воспоминание окончено.', 'end', NULL, NULL, NULL, NULL, NULL, FALSE, NULL, NULL, NULL);
INSERT INTO verses (id, location_id, display_number) VALUES (2168, 80, 6);
INSERT INTO options (id, verse_id, position, type, text, target_type, target_verse_dn, target_location_dn, requirement, result, hidden, once, condition_group, conditional_targets, children) VALUES (4436, 2168, 0, 'choice', 'Воспоминание окончено.', 'end', NULL, NULL, NULL, NULL, NULL, FALSE, NULL, NULL, NULL);
INSERT INTO verses (id, location_id, display_number) VALUES (2169, 80, 7);
INSERT INTO options (id, verse_id, position, type, text, target_type, target_verse_dn, target_location_dn, requirement, result, hidden, once, condition_group, conditional_targets, children) VALUES (4437, 2169, 0, 'choice', 'Воспоминание окончено.', 'end', NULL, NULL, NULL, NULL, NULL, FALSE, NULL, NULL, NULL);
INSERT INTO verses (id, location_id, display_number) VALUES (2170, 80, 8);
INSERT INTO options (id, verse_id, position, type, text, target_type, target_verse_dn, target_location_dn, requirement, result, hidden, once, condition_group, conditional_targets, children) VALUES (4438, 2170, 0, 'choice', 'Воспоминание окончено.', 'end', NULL, NULL, NULL, NULL, NULL, FALSE, NULL, NULL, NULL);
INSERT INTO verses (id, location_id, display_number) VALUES (2171, 80, 9);
INSERT INTO options (id, verse_id, position, type, text, target_type, target_verse_dn, target_location_dn, requirement, result, hidden, once, condition_group, conditional_targets, children) VALUES (4439, 2171, 0, 'choice', 'Воспоминание окончено.', 'end', NULL, NULL, NULL, NULL, NULL, FALSE, NULL, NULL, NULL);
INSERT INTO verses (id, location_id, display_number) VALUES (2172, 80, 10);
INSERT INTO options (id, verse_id, position, type, text, target_type, target_verse_dn, target_location_dn, requirement, result, hidden, once, condition_group, conditional_targets, children) VALUES (4440, 2172, 0, 'choice', 'Воспоминание окончено.', 'end', NULL, NULL, NULL, 'Элган получает секретную карту 313. Это его улучшенное свойство.', NULL, FALSE, NULL, NULL, NULL);

INSERT INTO locations (id, campaign_id, display_number, name) VALUES (81, 1, 1202, 'Часть 2. Гердвин');
INSERT INTO verses (id, location_id, display_number) VALUES (2173, 81, 1);
INSERT INTO options (id, verse_id, position, type, text, target_type, target_verse_dn, target_location_dn, requirement, result, hidden, once, condition_group, conditional_targets, children) VALUES (4441, 2173, 0, 'choice', 'Воспоминание окончено.', 'end', NULL, NULL, NULL, NULL, NULL, FALSE, NULL, NULL, NULL);
INSERT INTO verses (id, location_id, display_number) VALUES (2174, 81, 2);
INSERT INTO options (id, verse_id, position, type, text, target_type, target_verse_dn, target_location_dn, requirement, result, hidden, once, condition_group, conditional_targets, children) VALUES (4442, 2174, 0, 'choice', 'Воспоминание окончено.', 'end', NULL, NULL, NULL, NULL, NULL, FALSE, NULL, NULL, NULL);
INSERT INTO verses (id, location_id, display_number) VALUES (2175, 81, 3);
INSERT INTO options (id, verse_id, position, type, text, target_type, target_verse_dn, target_location_dn, requirement, result, hidden, once, condition_group, conditional_targets, children) VALUES (4443, 2175, 0, 'choice', 'Воспоминание окончено.', 'end', NULL, NULL, NULL, NULL, NULL, FALSE, NULL, NULL, NULL);
INSERT INTO verses (id, location_id, display_number) VALUES (2176, 81, 4);
INSERT INTO options (id, verse_id, position, type, text, target_type, target_verse_dn, target_location_dn, requirement, result, hidden, once, condition_group, conditional_targets, children) VALUES (4444, 2176, 0, 'choice', 'Воспоминание окончено.', 'end', NULL, NULL, NULL, NULL, NULL, FALSE, NULL, NULL, NULL);
INSERT INTO verses (id, location_id, display_number) VALUES (2177, 81, 5);
INSERT INTO options (id, verse_id, position, type, text, target_type, target_verse_dn, target_location_dn, requirement, result, hidden, once, condition_group, conditional_targets, children) VALUES (4445, 2177, 0, 'choice', 'Воспоминание окончено.', 'end', NULL, NULL, NULL, NULL, NULL, FALSE, NULL, NULL, NULL);
INSERT INTO verses (id, location_id, display_number) VALUES (2178, 81, 6);
INSERT INTO options (id, verse_id, position, type, text, target_type, target_verse_dn, target_location_dn, requirement, result, hidden, once, condition_group, conditional_targets, children) VALUES (4446, 2178, 0, 'choice', 'Воспоминание окончено.', 'end', NULL, NULL, NULL, NULL, NULL, FALSE, NULL, NULL, NULL);
INSERT INTO verses (id, location_id, display_number) VALUES (2179, 81, 7);
INSERT INTO options (id, verse_id, position, type, text, target_type, target_verse_dn, target_location_dn, requirement, result, hidden, once, condition_group, conditional_targets, children) VALUES (4447, 2179, 0, 'choice', 'Воспоминание окончено.', 'end', NULL, NULL, NULL, NULL, NULL, FALSE, NULL, NULL, NULL);
INSERT INTO verses (id, location_id, display_number) VALUES (2180, 81, 8);
INSERT INTO options (id, verse_id, position, type, text, target_type, target_verse_dn, target_location_dn, requirement, result, hidden, once, condition_group, conditional_targets, children) VALUES (4448, 2180, 0, 'choice', 'Воспоминание окончено.', 'end', NULL, NULL, NULL, NULL, NULL, FALSE, NULL, NULL, NULL);
INSERT INTO verses (id, location_id, display_number) VALUES (2181, 81, 9);
INSERT INTO options (id, verse_id, position, type, text, target_type, target_verse_dn, target_location_dn, requirement, result, hidden, once, condition_group, conditional_targets, children) VALUES (4449, 2181, 0, 'choice', 'Воспоминание окончено.', 'end', NULL, NULL, NULL, NULL, NULL, FALSE, NULL, NULL, NULL);
INSERT INTO verses (id, location_id, display_number) VALUES (2182, 81, 10);
INSERT INTO options (id, verse_id, position, type, text, target_type, target_verse_dn, target_location_dn, requirement, result, hidden, once, condition_group, conditional_targets, children) VALUES (4450, 2182, 0, 'choice', 'Воспоминание окончено.', 'end', NULL, NULL, NULL, 'Гердвин получает секретную карту 317. Это её улучшенное свойство.', NULL, FALSE, NULL, NULL, NULL);

INSERT INTO locations (id, campaign_id, display_number, name) VALUES (82, 1, 1203, 'Часть 3. Юнис');
INSERT INTO verses (id, location_id, display_number) VALUES (2183, 82, 1);
INSERT INTO options (id, verse_id, position, type, text, target_type, target_verse_dn, target_location_dn, requirement, result, hidden, once, condition_group, conditional_targets, children) VALUES (4451, 2183, 0, 'choice', 'Воспоминание окончено.', 'end', NULL, NULL, NULL, NULL, NULL, FALSE, NULL, NULL, NULL);
INSERT INTO verses (id, location_id, display_number) VALUES (2184, 82, 2);
INSERT INTO options (id, verse_id, position, type, text, target_type, target_verse_dn, target_location_dn, requirement, result, hidden, once, condition_group, conditional_targets, children) VALUES (4452, 2184, 0, 'choice', 'Воспоминание окончено.', 'end', NULL, NULL, NULL, NULL, NULL, FALSE, NULL, NULL, NULL);
INSERT INTO verses (id, location_id, display_number) VALUES (2185, 82, 3);
INSERT INTO options (id, verse_id, position, type, text, target_type, target_verse_dn, target_location_dn, requirement, result, hidden, once, condition_group, conditional_targets, children) VALUES (4453, 2185, 0, 'choice', 'Воспоминание окончено.', 'end', NULL, NULL, NULL, NULL, NULL, FALSE, NULL, NULL, NULL);
INSERT INTO verses (id, location_id, display_number) VALUES (2186, 82, 4);
INSERT INTO options (id, verse_id, position, type, text, target_type, target_verse_dn, target_location_dn, requirement, result, hidden, once, condition_group, conditional_targets, children) VALUES (4454, 2186, 0, 'choice', 'Воспоминание окончено.', 'end', NULL, NULL, NULL, NULL, NULL, FALSE, NULL, NULL, NULL);
INSERT INTO verses (id, location_id, display_number) VALUES (2187, 82, 5);
INSERT INTO options (id, verse_id, position, type, text, target_type, target_verse_dn, target_location_dn, requirement, result, hidden, once, condition_group, conditional_targets, children) VALUES (4455, 2187, 0, 'choice', 'Воспоминание окончено.', 'end', NULL, NULL, NULL, NULL, NULL, FALSE, NULL, NULL, NULL);
INSERT INTO verses (id, location_id, display_number) VALUES (2188, 82, 6);
INSERT INTO options (id, verse_id, position, type, text, target_type, target_verse_dn, target_location_dn, requirement, result, hidden, once, condition_group, conditional_targets, children) VALUES (4456, 2188, 0, 'choice', 'Воспоминание окончено.', 'end', NULL, NULL, NULL, NULL, NULL, FALSE, NULL, NULL, NULL);
INSERT INTO verses (id, location_id, display_number) VALUES (2189, 82, 7);
INSERT INTO options (id, verse_id, position, type, text, target_type, target_verse_dn, target_location_dn, requirement, result, hidden, once, condition_group, conditional_targets, children) VALUES (4457, 2189, 0, 'choice', 'Воспоминание окончено.', 'end', NULL, NULL, NULL, NULL, NULL, FALSE, NULL, NULL, NULL);
INSERT INTO verses (id, location_id, display_number) VALUES (2190, 82, 8);
INSERT INTO options (id, verse_id, position, type, text, target_type, target_verse_dn, target_location_dn, requirement, result, hidden, once, condition_group, conditional_targets, children) VALUES (4458, 2190, 0, 'choice', 'Воспоминание окончено.', 'end', NULL, NULL, NULL, NULL, NULL, FALSE, NULL, NULL, NULL);
INSERT INTO verses (id, location_id, display_number) VALUES (2191, 82, 9);
INSERT INTO options (id, verse_id, position, type, text, target_type, target_verse_dn, target_location_dn, requirement, result, hidden, once, condition_group, conditional_targets, children) VALUES (4459, 2191, 0, 'choice', 'Воспоминание окончено.', 'end', NULL, NULL, NULL, NULL, NULL, FALSE, NULL, NULL, NULL);
INSERT INTO verses (id, location_id, display_number) VALUES (2192, 82, 10);
INSERT INTO options (id, verse_id, position, type, text, target_type, target_verse_dn, target_location_dn, requirement, result, hidden, once, condition_group, conditional_targets, children) VALUES (4460, 2192, 0, 'choice', 'Воспоминание окончено.', 'end', NULL, NULL, NULL, 'Юнис получает секретную карту 321. Это её улучшенное свойство.', NULL, FALSE, NULL, NULL, NULL);

INSERT INTO locations (id, campaign_id, display_number, name) VALUES (83, 1, 1204, 'Часть 4. Осберт');
INSERT INTO verses (id, location_id, display_number) VALUES (2193, 83, 1);
INSERT INTO options (id, verse_id, position, type, text, target_type, target_verse_dn, target_location_dn, requirement, result, hidden, once, condition_group, conditional_targets, children) VALUES (4461, 2193, 0, 'choice', 'Воспоминание окончено.', 'end', NULL, NULL, NULL, NULL, NULL, FALSE, NULL, NULL, NULL);
INSERT INTO verses (id, location_id, display_number) VALUES (2194, 83, 2);
INSERT INTO options (id, verse_id, position, type, text, target_type, target_verse_dn, target_location_dn, requirement, result, hidden, once, condition_group, conditional_targets, children) VALUES (4462, 2194, 0, 'choice', 'Воспоминание окончено.', 'end', NULL, NULL, NULL, NULL, NULL, FALSE, NULL, NULL, NULL);
INSERT INTO verses (id, location_id, display_number) VALUES (2195, 83, 3);
INSERT INTO options (id, verse_id, position, type, text, target_type, target_verse_dn, target_location_dn, requirement, result, hidden, once, condition_group, conditional_targets, children) VALUES (4463, 2195, 0, 'choice', 'Воспоминание окончено.', 'end', NULL, NULL, NULL, NULL, NULL, FALSE, NULL, NULL, NULL);
INSERT INTO verses (id, location_id, display_number) VALUES (2196, 83, 4);
INSERT INTO options (id, verse_id, position, type, text, target_type, target_verse_dn, target_location_dn, requirement, result, hidden, once, condition_group, conditional_targets, children) VALUES (4464, 2196, 0, 'choice', 'Воспоминание окончено.', 'end', NULL, NULL, NULL, NULL, NULL, FALSE, NULL, NULL, NULL);
INSERT INTO verses (id, location_id, display_number) VALUES (2197, 83, 5);
INSERT INTO options (id, verse_id, position, type, text, target_type, target_verse_dn, target_location_dn, requirement, result, hidden, once, condition_group, conditional_targets, children) VALUES (4465, 2197, 0, 'choice', 'Воспоминание окончено.', 'end', NULL, NULL, NULL, NULL, NULL, FALSE, NULL, NULL, NULL);
INSERT INTO verses (id, location_id, display_number) VALUES (2198, 83, 6);
INSERT INTO options (id, verse_id, position, type, text, target_type, target_verse_dn, target_location_dn, requirement, result, hidden, once, condition_group, conditional_targets, children) VALUES (4466, 2198, 0, 'choice', 'Воспоминание окончено.', 'end', NULL, NULL, NULL, NULL, NULL, FALSE, NULL, NULL, NULL);
INSERT INTO verses (id, location_id, display_number) VALUES (2199, 83, 7);
INSERT INTO options (id, verse_id, position, type, text, target_type, target_verse_dn, target_location_dn, requirement, result, hidden, once, condition_group, conditional_targets, children) VALUES (4467, 2199, 0, 'choice', 'Воспоминание окончено.', 'end', NULL, NULL, NULL, NULL, NULL, FALSE, NULL, NULL, NULL);
INSERT INTO verses (id, location_id, display_number) VALUES (2200, 83, 8);
INSERT INTO options (id, verse_id, position, type, text, target_type, target_verse_dn, target_location_dn, requirement, result, hidden, once, condition_group, conditional_targets, children) VALUES (4468, 2200, 0, 'choice', 'Воспоминание окончено.', 'end', NULL, NULL, NULL, NULL, NULL, FALSE, NULL, NULL, NULL);
INSERT INTO verses (id, location_id, display_number) VALUES (2201, 83, 9);
INSERT INTO options (id, verse_id, position, type, text, target_type, target_verse_dn, target_location_dn, requirement, result, hidden, once, condition_group, conditional_targets, children) VALUES (4469, 2201, 0, 'choice', 'Воспоминание окончено.', 'end', NULL, NULL, NULL, NULL, NULL, FALSE, NULL, NULL, NULL);
INSERT INTO verses (id, location_id, display_number) VALUES (2202, 83, 10);
INSERT INTO options (id, verse_id, position, type, text, target_type, target_verse_dn, target_location_dn, requirement, result, hidden, once, condition_group, conditional_targets, children) VALUES (4470, 2202, 0, 'choice', 'Воспоминание окончено.', 'end', NULL, NULL, NULL, 'Осберт получает секретную карту 325. Это его улучшенное свойство.', NULL, FALSE, NULL, NULL, NULL);

SELECT setval('campaigns_id_seq', 1);
SELECT setval('locations_id_seq', 83);
SELECT setval('verses_id_seq', 2202);
SELECT setval('options_id_seq', 4470);
